genres,occupation,avg_rating,num_ratings
Musical|Romance,11,3.96,90
Crime|Drama,6,4.03,449
Animation|Comedy,0,4.03,419
Adventure|Animation|Children's|Comedy|Fantasy,1,2.39,36
Adventure|Animation|Children's|Comedy|Fantasy,11,2.75,8
Sci-Fi,9,3.05,22
Action|Adventure,4,3.69,1364
Crime|Film-Noir,11,4.27,30
Adventure|Comedy|Drama,10,4.1,20
Crime|Film-Noir,19,4.5,14
Comedy|War,1,3.93,246
Action|Crime,10,3.36,95
Crime|Drama|Thriller,5,3.87,76
Action|Adventure|Comedy|Romance,1,3.84,463
Action|Adventure|Drama,0,3.22,233
Adventure|Drama|Romance|Sci-Fi,18,3.47,15
Action|Drama|Romance|Thriller,17,3.06,68
Documentary|Musical,1,3.15,13
Animation|Mystery,19,4.5,2
Comedy|Crime|Mystery|Thriller,0,3.62,143
Comedy|Mystery,2,3.35,74
Children's|Comedy|Fantasy,20,2.57,77
Adventure|Sci-Fi|Thriller,9,3.5,2
Comedy|Crime|Drama,18,3.73,11
Comedy|Fantasy|Romance|Sci-Fi,8,3.0,4
Animation|Children's|Comedy|Romance,11,1.67,3
Crime|Drama|Mystery|Thriller,5,3.42,12
Action|Adventure|Sci-Fi|Thriller,3,3.42,184
Drama,9,3.86,1178
Crime|Horror|Mystery|Thriller,19,3.54,13
Crime|Drama,2,3.84,642
Comedy|Drama,18,3.82,406
Documentary,12,3.9,314
Adventure|Drama|Romance,0,2.55,69
Children's|Comedy,1,2.94,720
Crime|Film-Noir,0,4.26,114
Crime|Film-Noir,16,4.69,45
Animation|Musical,13,3.0,9
Animation,15,4.5,16
Action|Crime,1,2.84,178
Action|Crime,4,3.23,464
Adventure|Children's|Drama|Romance,14,3.5,2
Action|Comedy|Sci-Fi|Thriller,15,2.96,25
Adventure|Drama|Romance|Sci-Fi,0,3.54,114
Crime|Drama|Thriller,18,3.85,53
Adventure|Animation|Film-Noir,7,3.58,171
Animation|Mystery,12,4.2,5
Action|Adventure|Romance|Thriller,4,2.9,198
Action|Comedy|Crime|Drama,6,3.61,147
Action|Comedy|Drama,7,3.61,191
Comedy|Fantasy|Romance,13,3.92,13
Action|Adventure|Crime|Drama,15,3.55,40
Comedy|Fantasy|Romance|Sci-Fi,0,2.99,122
Fantasy|Sci-Fi,16,3.27,33
Comedy|Drama|Thriller,3,3.86,7
Crime|Horror|Mystery|Thriller,5,3.74,19
Comedy,8,3.46,297
Horror,9,3.09,159
Drama|Mystery|Romance,3,3.41,17
Comedy|Fantasy,13,4.0,33
Adventure|Comedy|Drama,1,4.01,159
Crime|Drama|Romance,1,3.55,51
Animation|Children's|Comedy,7,3.89,714
Film-Noir|Mystery|Thriller,1,3.98,185
Comedy|War,15,3.91,78
Adventure|Drama,14,3.28,85
Crime|Film-Noir|Thriller,16,3.84,57
Action|Adventure|Comedy|Horror|Sci-Fi,2,3.83,54
Action|Drama|Thriller,5,3.22,37
Action|Adventure|Fantasy,16,3.2,88
Action|Adventure|Fantasy,6,3.21,53
Sci-Fi|Thriller,11,3.03,59
Adventure|Fantasy,1,2.86,50
Adventure|Children's|Drama|Musical,11,4.44,43
Comedy|Crime|Drama|Mystery,0,3.11,87
Animation|Children's|Fantasy|Musical,16,3.67,24
Film-Noir,5,4.13,16
Comedy|Romance|War,4,4.07,323
Action|Crime|Mystery|Thriller,11,2.83,6
Action|Adventure|Children's|Sci-Fi,6,1.88,8
Action|Adventure|Horror|Thriller,9,3.67,6
Children's|Fantasy|Musical,4,3.15,27
Action|Adventure|Sci-Fi|War,14,3.02,65
Fantasy|Sci-Fi,4,3.58,85
Comedy,13,3.59,1328
Action|Comedy,4,2.81,652
Comedy|Horror,10,3.45,273
Action|War,0,2.97,472
Sci-Fi,18,3.73,60
Action|Comedy|Western,20,3.63,166
Adventure|Comedy|Drama,20,3.93,111
Action|Western,12,4.33,76
Adventure|Thriller,15,3.88,26
Adventure|Children's|Comedy|Fantasy,10,3.28,72
Western,18,3.99,107
Sci-Fi|Thriller,15,3.29,107
Western,3,3.86,183
Adventure|Children's|Drama,8,2.71,7
Adventure|Children's|Fantasy,8,2.89,18
Adventure|Fantasy,5,3.11,19
Adventure|Drama|Romance,13,2.87,15
Action|Adventure|Crime,2,2.75,79
Adventure|Comedy|Romance,20,2.82,17
Action|Comedy|Musical|Sci-Fi,5,2.89,9
Adventure|Drama|Western,15,3.94,47
Crime|Drama|Sci-Fi,17,3.61,171
Action|Adventure|Animation|Children's|Fantasy,5,2.5,4
Animation|Children's|Fantasy|War,19,2.6,5
Drama|Romance|Sci-Fi,1,3.6,10
Mystery|Sci-Fi|Thriller,1,3.38,71
Action|Adventure|Crime|Drama,16,3.55,56
Adventure|Children's|Drama,13,3.63,8
Adventure|Crime|Sci-Fi|Thriller,0,3.32,50
Adventure|Animation|Children's|Comedy|Musical,9,4.0,10
Crime|Drama|Mystery|Thriller,2,3.26,34
Drama|Romance,3,3.69,1026
Horror,7,3.05,2206
Animation|Children's|Comedy,8,3.88,17
Comedy|Sci-Fi,4,3.61,1144
Mystery|Thriller,7,3.87,721
Film-Noir|Thriller,0,4.25,259
Action|Adventure|Sci-Fi,10,3.48,416
Adventure|Thriller,8,5.0,1
Romance,6,3.52,102
Drama|Mystery|Sci-Fi|Thriller,2,4.14,91
Documentary,8,4.33,6
Horror|Mystery,4,2.53,17
Action|Sci-Fi|Thriller,12,3.75,1159
Action|Sci-Fi|Thriller,14,3.7,725
Horror|Sci-Fi|Thriller,1,2.82,103
Action|Sci-Fi|Thriller,13,3.7,114
Horror|Mystery|Thriller,5,2.95,57
Adventure|Children's|Fantasy,9,3.82,45
Adventure|Children's|Drama|Musical,1,4.39,168
Action|Horror|Sci-Fi,14,3.08,85
Adventure|Drama|Romance,6,2.73,26
Adventure|Drama|Western,7,4.01,168
Crime|Drama|Film-Noir,0,3.61,137
Animation|Comedy,13,3.93,14
Comedy|Romance|War,16,4.19,97
Comedy|Mystery|Romance|Thriller,2,4.15,34
Comedy|Mystery|Romance|Thriller,8,3.0,1
Crime|Drama|Mystery|Thriller,20,3.47,32
Romance,10,3.3,30
Comedy|Horror|Musical|Sci-Fi,11,3.42,24
Children's|Comedy|Mystery,4,2.6,30
Comedy|Drama|War,17,3.79,148
Drama|Horror|Thriller,5,4.5,2
Comedy|Mystery|Romance,6,4.0,3
Drama|Romance|War,2,3.94,356
Comedy|Thriller,16,3.35,89
Adventure|Thriller,11,4.15,20
Comedy|Drama|Western,11,4.23,26
Action|Adventure|Comedy|Romance,11,3.85,122
Adventure,14,3.86,57
Adventure|Drama|Romance|Sci-Fi,7,3.58,106
Adventure|Children's|Comedy,10,3.03,29
Action|Drama|Romance|Thriller,0,3.0,93
Action|Adventure|Crime,0,3.0,253
Horror|Thriller,13,3.69,83
Action|Horror|Thriller,6,3.0,27
Action|Comedy|Drama,10,3.65,26
Action|Crime|Drama|Thriller,8,3.0,3
Adventure|Comedy|Musical,6,2.72,18
Comedy|Crime|Drama,4,4.17,71
Comedy|Drama|Sci-Fi,13,3.0,7
Comedy|Horror|Sci-Fi,1,2.33,6
Drama|Romance,14,3.64,1472
Comedy|Sci-Fi,2,3.59,433
Film-Noir|Thriller,15,4.26,50
Action|Drama|Thriller,12,3.24,82
Action|Adventure|Sci-Fi|Thriller|War,0,2.85,53
Action|Drama|War,2,3.95,495
Action|Adventure|Comedy|Crime,7,3.2,272
Action|Drama|Thriller|War,16,3.0,15
Musical|Romance|War,14,3.31,13
Adventure|Children's|Fantasy,11,3.26,66
Adventure|Drama|Romance|Sci-Fi,11,3.32,19
Action|Crime|Sci-Fi,12,3.3,186
Drama|Musical|War,5,3.46,13
Action|Horror|Thriller,17,3.36,75
Animation|Children's|Fantasy|Musical,0,3.73,80
Drama|Mystery|Romance,12,3.52,21
Adventure|Sci-Fi|Thriller,16,2.9,39
Children's|Musical,10,3.88,26
Animation|Sci-Fi,1,3.82,28
Action|Adventure|Children's|Sci-Fi,17,1.9,21
Children's|Fantasy|Sci-Fi,12,3.61,64
Comedy|Drama,1,3.73,3965
Action|Adventure|Animation,7,4.0,17
Comedy|Romance,10,3.55,1016
Comedy|Drama|War,9,3.93,30
Children's|Comedy,16,2.87,338
Children's|Comedy,10,3.03,615
Musical,17,3.89,195
Children's|Comedy|Drama,2,3.78,91
Adventure|Animation|Sci-Fi|Thriller,7,4.0,24
Comedy|Thriller,6,3.5,58
Adventure|Children's|Fantasy|Sci-Fi,6,3.32,37
Action|Adventure|Fantasy|Sci-Fi,16,3.89,243
Western,14,3.92,259
Action|Crime|Thriller,5,3.47,85
Action|Comedy|Sci-Fi|Thriller,4,2.96,206
Drama|Musical|War,12,3.88,25
Drama|Sci-Fi,19,3.64,103
Adventure|Fantasy|Romance,1,3.43,61
Animation,14,4.64,14
Drama|Fantasy|Romance|Thriller,6,3.82,17
Action|Drama|Sci-Fi|Thriller,8,3.33,3
Action|Adventure|Animation|Children's|Fantasy,8,2.0,1
Crime|Drama|Film-Noir,18,3.36,11
Action|Crime|Mystery|Thriller,1,2.9,30
Adventure|Crime|Sci-Fi|Thriller,17,3.63,40
Action|Crime|Drama,14,4.11,364
Adventure,12,3.72,88
Horror|Romance,16,3.46,85
Action|Horror|Sci-Fi,3,3.09,54
Action|Drama|War,1,3.96,967
Adventure|Children's|Romance,0,3.25,40
Drama|Sci-Fi|Thriller,9,3.11,9
Crime|Drama|Romance,0,3.53,68
Action|Western,7,3.92,215
Children's,10,2.63,27
Action|Adventure|Sci-Fi|Thriller|War,16,3.38,21
Action|Adventure|Romance|Sci-Fi|War,7,3.9,333
Documentary,17,4.05,290
Comedy|Musical|Romance,7,3.34,194
Action|Adventure|Romance|War,9,4.13,16
Action|Drama,18,3.6,112
Adventure|Children's|Comedy|Fantasy,13,3.56,9
Action|Horror|Thriller,12,3.28,53
Comedy|Musical,13,3.56,55
Drama|Mystery|Romance,1,3.15,65
Crime|Drama|Mystery|Thriller,9,4.67,3
Horror|Thriller,15,3.31,133
Comedy|Drama,7,3.71,4234
Thriller,7,3.64,2066
Crime|Film-Noir,8,3.5,2
Comedy|War,5,3.55,58
War,12,4.08,49
Drama|Romance|War,5,3.98,91
Horror|Sci-Fi|Thriller,20,2.98,82
Animation|Children's|Drama|Fantasy,17,3.69,26
Action|Adventure|Fantasy,8,3.47,15
Mystery|Sci-Fi,12,3.66,50
Adventure|Children's|Comedy|Fantasy,14,4.07,72
Animation|Children's|Fantasy|Musical,5,3.27,11
Action|Adventure|Thriller,13,3.5,56
Film-Noir|Romance|Thriller,12,4.04,25
Animation,17,4.65,31
Action|Drama|Sci-Fi|Thriller,2,3.04,28
Comedy|Mystery|Romance|Thriller,0,4.1,59
Adventure|Western,0,3.88,42
Action|Comedy|Fantasy,5,2.93,15
Action|Romance|War,6,4.2,41
Action|Adventure|Drama|Sci-Fi|War,4,4.39,411
Film-Noir|Sci-Fi,8,4.17,6
Comedy|Drama|Sci-Fi,1,2.64,36
Comedy|Horror|Sci-Fi,6,1.0,1
Adventure|Animation|Children's|Comedy|Fantasy,16,2.5,18
Mystery|Thriller,4,3.84,681
Sci-Fi,13,3.47,90
Drama|Sci-Fi|Thriller,16,3.45,74
Crime|Film-Noir,17,4.25,48
War,18,4.0,19
Action|Adventure|Comedy,14,2.98,106
Action|Adventure|Comedy,11,2.66,35
Comedy|Documentary,14,3.76,50
Comedy|Horror|Thriller,6,2.87,15
Action|Mystery|Sci-Fi|Thriller,19,2.44,9
Adventure|Sci-Fi,17,3.12,193
Adventure|Sci-Fi,16,3.13,99
Adventure|Fantasy,18,2.69,13
Action|Romance|Sci-Fi,7,3.22,86
Comedy|Crime|Mystery|Thriller,18,3.25,16
Adventure|Musical,0,3.12,26
Action|Adventure|Comedy|Horror,15,3.8,15
Comedy|Crime|Drama,0,3.96,129
Comedy|Fantasy|Romance,12,3.33,66
Action|Crime|Mystery|Thriller,4,2.53,80
Action|Comedy|Crime|Drama,13,3.54,35
Adventure|War,14,4.57,69
Action|Drama|Western,4,3.08,40
Action|Drama|Mystery|Romance|Thriller,1,4.23,30
Crime|Horror|Mystery|Thriller,0,3.22,115
Horror|Thriller,20,3.16,498
Animation|Comedy,5,4.01,72
Animation|Children's|Comedy|Musical,2,3.49,104
Comedy|Crime|Thriller,3,3.61,33
Children's|Comedy,19,2.61,193
Mystery,17,3.92,72
Mystery,19,3.6,20
Children's|Comedy|Drama,1,3.92,185
Action|Adventure,3,3.7,293
Adventure|Children's|Musical,15,3.57,7
Action|Western,2,4.22,54
Action|Adventure|Romance,12,3.35,57
Action|Adventure|Mystery,12,3.42,116
Comedy|Crime|Fantasy,5,3.22,32
Action|Adventure|Comedy|Crime,16,3.29,108
Adventure|Sci-Fi,11,2.93,42
Action|Crime|Thriller,14,3.59,204
Action|Adventure|Fantasy,7,3.1,178
Action|Children's|Fantasy,1,1.93,59
Drama|Western,11,3.78,36
Action|Adventure|Romance|War,16,4.32,57
Action|Crime|Sci-Fi,20,3.08,122
Musical|Romance,19,3.69,45
Adventure|Comedy|Romance,14,3.16,37
Musical|War,3,4.27,15
Action|Adventure|Animation|Horror|Sci-Fi,16,3.75,28
Comedy|Mystery|Romance|Thriller,17,4.27,37
Crime|Horror|Thriller,3,3.13,8
Action|Adventure|Drama|Sci-Fi|War,9,3.75,24
Comedy|Fantasy|Romance|Sci-Fi,17,3.01,92
Action|Adventure|Horror,8,3.38,8
Crime|Drama|Thriller,16,3.87,203
Animation|Children's|Comedy|Musical,3,3.96,68
Children's|Comedy,7,3.03,810
Action|War,2,2.88,128
Mystery,13,3.85,33
Adventure|Children's|Musical,7,3.53,32
Action|Adventure|Comedy|War,12,2.14,14
Animation|Musical,20,3.91,68
Children's,1,3.19,21
Comedy|Crime|Fantasy,7,3.34,114
Crime|Thriller,14,3.97,432
Action|Romance|Thriller,14,3.33,271
Horror|Sci-Fi|Thriller,17,2.51,163
Children's|Comedy|Musical,5,3.84,43
Animation|Children's|Musical|Romance,12,2.6,20
Action|Horror|Thriller,2,3.48,31
Adventure|Fantasy|Sci-Fi,18,4.07,14
Action|Mystery|Romance|Thriller,5,3.56,18
Drama|Thriller|War,0,3.66,131
Action|Adventure|Drama,9,4.0,18
Action|Drama|Romance,5,3.8,15
Crime|Drama|Film-Noir,6,3.72,43
Comedy|Mystery|Romance|Thriller,9,4.27,11
Film-Noir|Sci-Fi,14,4.25,79
Adventure|War,3,4.31,45
Animation|Children's|Musical,1,3.73,665
Comedy|Drama|Romance,0,3.68,1479
Comedy|Drama|Romance,14,3.67,558
Adventure|Comedy|Drama,13,3.73,30
Adventure|Children's|Musical,16,3.0,12
Animation|Children's|Comedy,6,3.92,293
Adventure|Animation|Children's|Musical,20,3.15,41
Adventure|Thriller,7,3.9,115
Comedy|Mystery|Thriller,9,4.2,10
War,7,3.79,143
Action|Drama,16,3.55,495
Action|Horror|Sci-Fi|Thriller,9,3.12,25
Action|Sci-Fi|Thriller,17,3.81,1423
Animation|Children's|Musical|Romance,10,3.24,25
Drama|Musical,13,3.85,46
Action|Adventure|Drama,15,3.64,39
Action|Drama|Sci-Fi|Thriller,19,2.8,15
Children's|Sci-Fi,13,2.5,4
Action|Adventure|Western,6,2.82,11
Drama|Musical,8,3.33,6
Crime|Film-Noir|Mystery,16,3.7,10
Children's|Drama,13,3.57,21
Drama|Romance|Thriller,16,3.92,64
Action|Adventure|Comedy|Sci-Fi,1,3.8,197
Action|Adventure|Sci-Fi|Thriller,2,3.32,350
Comedy|Romance,1,3.57,4131
Adventure|Drama|Romance,17,2.67,39
Action|Adventure,19,3.53,150
Horror|Sci-Fi,20,3.13,394
Crime|Drama|Romance,18,4.0,6
Action|Adventure|Romance|Sci-Fi|War,16,4.02,115
Action|Romance|Thriller,15,3.37,109
Action|Comedy|Western,18,3.8,46
Film-Noir|Thriller,4,4.26,149
Action|Crime|Mystery,1,3.19,16
Adventure|Fantasy,11,2.92,12
Action|Adventure|Thriller,7,3.43,744
Drama|Film-Noir,0,4.13,90
Mystery|Romance|Thriller,11,3.48,25
Action|Adventure|Animation|Horror|Sci-Fi,7,3.62,58
Animation|Children's|Comedy|Musical|Romance,11,3.94,34
Comedy|Crime|Horror,0,3.13,72
Animation|Comedy|Thriller,12,4.57,67
Fantasy|Sci-Fi,17,3.52,88
Adventure|Drama,1,3.47,147
Comedy|Sci-Fi,6,3.42,306
Romance,7,3.46,239
Animation|Comedy,16,3.88,130
Animation|Children's|Comedy|Musical,0,3.8,302
Comedy|Crime|Thriller,7,3.45,101
Mystery,20,3.74,95
Drama|Romance|War,3,4.02,224
Comedy|Romance|Thriller,14,3.47,115
Adventure|Children's|Fantasy|Sci-Fi,18,3.27,11
Crime|Thriller,2,3.86,345
Adventure|Children's|Drama|Romance,1,3.75,8
Action|Crime|Thriller,3,3.3,81
Adventure|Drama|Romance|Sci-Fi,2,3.44,43
Adventure|Drama|Western,20,3.44,70
Action|Animation|Children's|Sci-Fi|Thriller|War,19,3.5,4
Film-Noir|Romance|Thriller,0,4.29,52
Sci-Fi|War,7,4.38,140
Comedy|Sci-Fi|Western,9,3.08,12
Mystery|Sci-Fi|Thriller,20,3.36,55
Action|Adventure|Western,11,3.0,7
Action|Drama|Mystery|Romance|Thriller,17,4.19,16
Adventure|Children's|Fantasy,19,3.08,62
Children's|Drama|Fantasy|Sci-Fi,17,3.87,182
Action|Drama|Mystery,0,3.14,50
Mystery|Sci-Fi|Thriller,15,3.58,24
Animation|Children's|Comedy,17,3.94,647
Action|Adventure|Animation,0,4.11,37
Drama|Mystery|Romance,20,3.05,37
Sci-Fi,16,3.67,267
Drama|Romance|War,0,3.98,786
Action|Crime,20,2.94,158
Action|Adventure|Comedy|Horror|Sci-Fi,11,4.1,10
Action|Horror|Sci-Fi|Thriller,3,3.78,92
Children's|Drama|Fantasy,1,3.64,11
Action|Horror|Thriller,0,3.04,104
Adventure|Fantasy|Romance,7,3.47,91
Action|Adventure|Romance|Thriller,16,3.27,83
Action|Drama|Romance,16,3.24,33
Crime|Horror|Mystery|Thriller,18,3.73,15
Action|Adventure|Sci-Fi,3,3.55,464
Animation|Comedy,17,4.04,284
Action|Drama|War,16,4.08,581
Mystery,3,3.9,50
Children's|Comedy|Drama,7,3.91,183
Drama|Musical,0,3.63,338
Action|Drama,12,3.64,584
Action|Adventure|Comedy|Crime,14,3.26,163
Action|Sci-Fi|Thriller,10,3.68,381
Adventure|Children's|Fantasy,1,3.33,285
Drama|Film-Noir,17,4.18,39
Action|Crime|Sci-Fi,18,3.18,22
Adventure|Children's|Comedy|Fantasy|Romance,7,3.0,9
Documentary|Drama,0,3.42,26
Adventure|Children's|Comedy|Fantasy,16,3.58,60
Adventure|Drama|Western,5,3.88,32
Drama|Fantasy|Romance|Thriller,7,3.77,39
Adventure|Animation|Children's,16,3.22,9
Adventure|Animation|Children's,17,3.57,7
Action|Horror,8,3.33,3
Comedy|Crime,16,3.65,248
Comedy|Romance,15,3.69,855
Action|Drama|War,10,4.12,284
Adventure|Animation|Children's|Comedy|Fantasy,7,2.54,50
Adventure|Children's,0,3.18,299
Comedy|Mystery|Thriller,10,3.9,10
Action|Crime|Romance,10,4.0,53
Horror|Sci-Fi|Thriller,8,2.6,5
Adventure|Comedy,4,2.96,306
Crime|Drama|Sci-Fi,16,3.54,71
Action|Mystery|Romance|Thriller,15,3.33,15
Sci-Fi|War,8,3.75,4
Sci-Fi|War,9,4.11,9
Drama|Fantasy,12,3.5,14
Documentary|War,14,3.57,7
Film-Noir|Mystery,3,4.48,75
Children's|Comedy|Mystery,2,3.33,6
Action|Adventure|War,17,4.03,37
Children's|Drama|Fantasy|Sci-Fi,18,4.19,16
Comedy|Romance,9,3.69,930
Action|Adventure|Horror,5,3.39,59
Action|Adventure|Comedy|Sci-Fi,5,3.75,51
Action|Adventure|Sci-Fi,12,3.43,1485
Horror|Romance,17,3.63,134
Comedy|Sci-Fi,20,3.43,554
Action|Comedy|Western,5,3.71,83
Comedy|Horror,3,3.35,295
Action|Comedy|Musical,0,3.6,205
Children's|Comedy|Fantasy,10,2.85,82
Comedy|War,7,3.76,298
Drama|Mystery,9,3.49,45
Drama|Horror,20,3.11,196
Action|Adventure|Comedy,15,3.34,50
Action|Horror|Sci-Fi|Thriller,15,3.78,106
Action|Adventure|Fantasy|Sci-Fi,3,3.79,156
Adventure|Children's|Comedy,16,2.22,36
Comedy|Drama|Musical,9,3.8,5
Action|Mystery|Sci-Fi|Thriller,2,2.32,22
Action|Crime|Mystery,2,3.67,12
Adventure|Drama|Western,9,4.14,22
Action|War,13,3.39,31
Action|Adventure|Animation|Horror|Sci-Fi,4,3.41,64
Action|Adventure|Mystery,18,3.05,22
Comedy|Romance|War,3,4.19,62
Drama|Horror,11,2.44,45
Action|Crime|Mystery|Thriller,14,2.88,33
Children's|Musical,7,3.19,21
Action|Adventure|Comedy|Sci-Fi,13,3.67,33
Action|Sci-Fi,17,3.3,1447
Action|Adventure|Sci-Fi,5,3.4,440
Action|Adventure|Animation,17,4.23,26
Romance|Thriller,12,4.19,26
Adventure|Animation|Children's|Musical,9,3.21,14
Adventure|Sci-Fi,8,3.0,10
Action|Adventure|Romance|War,17,4.34,83
Drama|Romance|War|Western,1,3.43,65
Action|Comedy|Romance|Thriller,2,2.65,17
Action|Adventure|Animation|Horror|Sci-Fi,19,3.78,9
Adventure|Musical,13,2.5,4
Action|Adventure|Mystery,14,3.47,106
Drama|Fantasy|Romance|Thriller,4,3.93,57
Adventure|Animation|Sci-Fi,17,3.58,40
Crime|Drama|Romance|Thriller,12,4.08,100
Adventure|Drama|Thriller,11,3.71,7
Action|Comedy|Drama,9,3.7,20
Comedy|Horror|Thriller,15,3.63,16
Adventure|Animation|Children's|Comedy|Musical,12,2.68,25
Fantasy|Sci-Fi,12,3.34,71
Children's|Fantasy|Sci-Fi,5,3.86,21
Action|Adventure|Horror,10,3.57,47
Crime|Drama,0,3.92,1575
Comedy|Drama|War,8,3.14,7
Drama|Western,4,3.49,53
Action|Adventure|Romance|Sci-Fi|War,12,4.13,226
Action|Crime|Romance,11,3.76,51
Comedy|Drama|Musical,14,4.17,52
Action|Romance,10,3.32,31
Action|Adventure|Drama|Thriller,7,3.68,34
Adventure|Comedy,1,3.02,177
Adventure|Fantasy,2,2.78,36
Action|Horror|Sci-Fi,5,3.18,66
Musical|War,9,3.73,11
Adventure|Sci-Fi|Thriller,7,2.58,65
Romance|Thriller,16,3.96,25
Crime|Drama|Romance|Thriller,18,3.95,20
Adventure|Animation|Children's|Sci-Fi,3,3.25,12
Animation|Children's|Fantasy|War,12,2.86,29
Comedy|Crime|Drama,2,3.97,66
Crime|Film-Noir|Mystery|Thriller,18,4.12,26
Action|Romance|War,0,3.86,118
Comedy|Drama|Sci-Fi,17,2.96,26
Animation|Children's|Comedy|Romance,10,2.92,24
Children's|Fantasy|Sci-Fi,2,3.71,42
Comedy,5,3.43,2828
Crime,3,3.76,62
Action|Crime|Drama,16,4.17,308
Drama|Thriller,2,3.76,840
Thriller,2,3.5,839
Adventure|Drama|Romance,14,2.77,31
Animation|Children's|Comedy|Musical,9,3.86,42
Mystery,1,3.67,126
Adventure|Comedy|Drama,18,4.29,21
Animation,20,4.19,37
Drama|Mystery,8,4.0,10
Action|Adventure|Comedy|Horror|Sci-Fi,16,4.0,30
Children's|Comedy|Sci-Fi,17,2.66,62
Western,12,4.06,240
Adventure|Children's|Comedy|Fantasy|Sci-Fi,20,2.81,53
Action|Comedy|Sci-Fi|Thriller,5,2.86,37
Action|Adventure|Drama|Romance,12,3.0,18
Comedy|Musical|Romance,10,3.48,46
Adventure|Children's|Fantasy,6,3.26,125
Action|Adventure|Romance|War,4,4.02,65
Action|Comedy|Musical|Sci-Fi,20,2.5,22
Adventure|Fantasy|Sci-Fi,16,3.9,41
Animation|Sci-Fi,20,4.1,29
Adventure|Children's|Sci-Fi,19,2.69,16
Comedy|Romance|War,11,4.05,43
Animation|Sci-Fi,2,3.88,24
Action|Comedy|Fantasy,17,2.53,36
Action|Sci-Fi|Thriller|Western,2,3.48,29
Action|Drama|Western,20,3.0,12
Comedy|Horror|Musical,12,3.12,59
Comedy|Fantasy,7,3.58,409
Adventure|Children's|Romance,12,3.38,8
Action|Comedy|Western,12,3.87,168
Crime|Drama|Romance,20,3.51,57
Thriller,15,3.64,383
Children's|Comedy|Fantasy,12,3.04,69
Drama|War,2,4.07,712
Action|Adventure|Sci-Fi|Thriller|War,14,3.0,11
Documentary,11,4.17,148
Adventure|Children's|Comedy|Fantasy,3,3.66,38
Comedy|Documentary,15,3.84,25
Comedy|Drama|Musical,5,4.08,26
Action|Drama,14,3.61,534
Western,1,3.8,442
Action|Sci-Fi|Thriller,4,3.68,2001
Action|Drama|Thriller|War,12,3.0,10
Action|Adventure|Drama|Thriller,12,3.55,11
Action|Crime|Mystery,20,2.93,14
Adventure|Drama|Romance|Sci-Fi,15,3.5,24
Comedy|Crime|Mystery|Thriller,17,3.85,79
Children's|Drama|Fantasy,3,3.0,8
Adventure,17,3.66,117
Action|Adventure|Animation|Horror|Sci-Fi,1,3.47,32
Adventure|Children's|Sci-Fi,20,2.55,44
Film-Noir|Romance|Thriller,1,4.26,58
Animation,0,4.52,48
Sci-Fi|War,12,4.44,115
Mystery|Sci-Fi,2,3.95,20
Action|Comedy|Crime|Horror|Thriller,4,3.18,152
Crime|Drama|Film-Noir,15,3.75,24
Adventure|Western,3,3.14,7
Comedy|Horror|Thriller,1,3.11,44
Action|Adventure|Sci-Fi|War,18,3.12,17
Comedy|Horror|Musical,4,3.35,119
Animation|Children's|Comedy|Romance,8,3.0,1
Horror|Thriller,14,3.24,400
Action|Adventure|Horror,18,3.56,36
Crime|Thriller,11,3.91,179
Horror|Sci-Fi|Thriller,15,3.05,21
Action|Comedy|Western,1,3.7,253
Animation|Musical,2,3.58,76
War,13,4.03,34
Comedy|Mystery,15,3.54,24
Thriller,16,3.57,896
Drama|Mystery|Sci-Fi|Thriller,10,3.94,34
Drama|Mystery|Sci-Fi|Thriller,13,4.39,36
Children's|Comedy|Sci-Fi,10,2.58,43
Action|Adventure|Drama|Thriller,1,3.14,14
Drama|Western,15,3.67,15
Action|Crime|Sci-Fi,17,3.27,241
Adventure|Animation|Film-Noir,9,3.54,13
Adventure|Drama|Western,12,4.07,81
Children's|Musical,16,3.57,7
Action|Drama|Sci-Fi|Thriller,13,3.29,7
Comedy|Romance|War,13,4.2,41
Adventure|Animation|Children's|Sci-Fi,5,3.55,11
Action|Adventure|Crime|Drama,12,3.66,86
Action|Adventure|Western,14,2.91,23
Adventure|Crime|Sci-Fi|Thriller,4,3.33,21
Action|Adventure|Horror|Thriller,20,3.32,44
Children's|Drama|Fantasy|Sci-Fi,2,3.91,120
Animation|Children's,8,3.35,40
Crime|Drama,8,3.67,21
Action,6,3.51,383
Action|Adventure|Fantasy|Sci-Fi,17,3.98,590
Horror|Mystery,17,3.4,5
Action|Crime,18,3.03,37
Action|Romance,2,3.0,71
Action|Crime|Thriller,0,3.48,420
Action|Children's|Fantasy,12,2.31,54
Animation|Comedy|Thriller,3,4.11,18
Action|Adventure|Animation|Horror|Sci-Fi,20,3.69,39
Adventure|Musical,4,3.1,20
Adventure|Sci-Fi|Thriller,2,2.85,26
Action|Adventure|Drama,8,3.57,7
Children's|Comedy|Western,2,2.42,12
Crime|Drama|Romance,3,4.0,14
Comedy|Horror|Musical,14,3.12,51
Crime|Drama|Mystery|Thriller,1,3.05,41
Comedy|Romance,20,3.38,2547
Comedy|Drama|Romance,20,3.59,778
Children's|Comedy,18,2.97,106
Sci-Fi,11,3.54,116
Comedy|Mystery|Thriller,6,4.1,20
Action|Adventure|Romance|Sci-Fi|War,18,4.48,27
Drama|Mystery|Thriller,3,3.53,57
Drama|Mystery|Thriller,14,3.39,110
Action|Sci-Fi|Western,2,2.19,43
Comedy|Drama|Musical,15,4.27,33
Drama|Sci-Fi,0,3.72,763
Adventure|Comedy,2,3.12,104
Action|Drama|Romance|Thriller,3,3.07,28
Adventure|Animation|Film-Noir,15,3.78,50
Action|Romance|Sci-Fi,12,3.17,47
Crime|Drama|Film-Noir|Thriller,5,4.0,9
Action|Drama|Fantasy|Romance,20,3.67,43
Children's|Horror,3,2.91,11
Action|Horror,17,3.62,171
Action|Horror|Sci-Fi,11,3.0,28
Crime|Mystery,12,3.2,5
Adventure|Children's|Fantasy|Sci-Fi,20,3.33,51
Comedy|Drama|War,20,3.55,121
Animation|Comedy|Thriller,20,4.19,53
Crime|Horror|Mystery|Thriller,16,3.37,43
Action|Crime|Drama,8,3.47,19
Animation|Comedy,14,3.98,134
Children's|Comedy|Drama,4,3.69,243
Action|Drama|Thriller,7,3.24,176
Romance,17,3.21,96
Comedy|Drama|Western,12,4.27,44
Action|Adventure|Comedy|Crime,3,3.35,69
Drama|Romance|Thriller,2,3.87,67
Action|Crime|Mystery,19,2.33,6
Adventure|Children's,3,3.35,52
Action|Adventure|Thriller,18,3.33,89
Adventure|Fantasy|Sci-Fi,6,3.52,33
Musical|War,20,4.1,31
Drama|Mystery|Romance,2,3.31,32
Film-Noir|Romance|Thriller,17,4.2,25
Action|Adventure|Romance|Thriller,18,3.11,27
Action|Drama|Romance,4,3.4,97
Action|Sci-Fi|Thriller|Western,3,3.25,12
Comedy|Drama|Sci-Fi,8,3.0,1
Action|Adventure|Sci-Fi|War,0,3.07,138
Children's|Drama|Fantasy|Sci-Fi,13,4.48,29
Action|Drama|Mystery,5,3.0,11
Comedy,3,3.54,3916
Drama|Romance,8,3.42,45
Action|Adventure|Romance|Sci-Fi|War,8,3.9,10
Drama|Musical,4,3.6,280
Comedy|Drama|Musical,8,4.33,3
Western,10,3.79,58
Action|Comedy|Sci-Fi|War,12,2.99,77
Action|Sci-Fi|Thriller,3,3.71,344
Action|Thriller|War,10,3.07,14
Action|Adventure|Drama|Romance,2,2.85,13
Adventure|Children's|Drama|Musical,10,4.02,50
Film-Noir|Sci-Fi|Thriller,8,4.0,3
Adventure|Drama|Western,6,4.17,53
Action|Comedy|Romance|Thriller,5,2.5,14
Drama|Thriller|War,3,3.92,26
Action|Horror,7,3.73,282
Action|Adventure|Crime|Thriller,16,2.6,10
Action|Adventure|Crime|Thriller,8,3.0,1
Action|Crime|Mystery|Thriller,17,2.86,49
Comedy|Sci-Fi,9,3.7,87
Animation|Children's|Musical,14,3.78,308
Comedy|Crime|Thriller,16,3.24,51
Children's|Comedy,4,2.91,1426
Adventure|Animation|Children's|Comedy|Fantasy,14,2.8,30
Romance|War,0,3.7,20
Comedy|Fantasy,5,3.56,105
Action|Sci-Fi|War,6,3.61,83
Action|Western,3,3.87,39
Adventure|Children's|Musical,4,3.42,50
Action|Drama|Thriller,17,3.17,117
Action|Adventure|Sci-Fi|Thriller|War,19,2.71,7
Action|Adventure|Comedy,9,3.04,28
Action|Crime|Romance,7,4.05,239
Comedy|Drama|Western,14,4.15,39
Action|Adventure|Fantasy|Sci-Fi,4,3.89,873
Action|Mystery|Sci-Fi|Thriller,6,2.29,14
Musical|Romance|War,10,3.8,5
Action|Adventure|Drama|Thriller,13,4.0,7
Horror|Mystery|Thriller,19,3.27,44
Action|Adventure|Romance|War,13,4.62,37
Children's|Comedy|Musical,13,3.52,27
Action|Comedy|Musical,5,3.7,37
Action|Animation|Children's|Sci-Fi|Thriller|War,0,3.64,22
Children's|Horror,4,3.63,27
Action|Adventure|Horror|Thriller,7,3.22,89
Crime|Drama|Mystery|Thriller,14,3.6,40
Comedy|Sci-Fi,1,3.47,779
Action|Thriller,4,3.49,3920
Action|Drama,17,3.61,813
Action|Comedy|Western,7,3.73,398
Action|Adventure,9,3.73,88
Film-Noir|Thriller,8,4.0,1
Action|Comedy,16,2.81,188
Children's|Comedy|Fantasy,0,3.01,206
Children's|Comedy|Fantasy,2,2.71,49
Crime|Film-Noir,2,4.36,56
Drama|War,11,4.23,348
Comedy|War,4,3.59,278
Drama|Mystery,4,3.88,458
Comedy|Crime|Fantasy,16,3.45,49
Action|Adventure|Fantasy|Sci-Fi,13,3.97,78
Comedy|Musical|Romance,3,3.92,87
Comedy|Musical|Romance,15,3.67,33
Drama|War,8,4.0,35
Drama|Musical|War,16,3.77,26
Adventure|Drama|Western,2,3.53,73
Action|Horror|Thriller,1,3.06,36
Action|Mystery|Romance|Thriller,6,3.5,22
Animation|Children's|Fantasy|Musical,18,3.5,4
Musical|War,16,3.96,25
Action|Drama|Sci-Fi|Thriller,5,3.04,24
Children's|Sci-Fi,10,3.38,8
Mystery|Sci-Fi,17,3.56,63
Action|Adventure|Western,20,3.03,31
Children's|Drama|Fantasy|Sci-Fi,8,3.56,9
Animation|Children's|Comedy|Romance,7,2.91,11
Adventure|Comedy|Sci-Fi,15,3.71,72
Action|Adventure|Sci-Fi,15,3.34,535
Animation|Children's,7,3.54,698
Animation|Children's,16,3.56,324
Adventure|Comedy|Drama,7,4.12,189
Drama|Mystery,16,3.94,268
Drama|Mystery|Sci-Fi|Thriller,0,3.88,199
Action|Romance|Thriller,16,3.18,225
Drama|Romance|War|Western,18,4.33,9
Adventure|Animation|Film-Noir,13,3.15,27
Action|Comedy|Musical|Sci-Fi,8,5.0,1
Animation|Children's|Comedy|Musical|Romance,15,3.84,45
Action|Drama|Fantasy|Romance,4,3.56,62
Animation,7,4.32,37
Crime|Drama|Romance|Thriller,10,3.69,16
Action|Sci-Fi|Thriller|Western,12,3.49,47
Action|Adventure|Horror|Thriller,15,3.17,23
Drama|Film-Noir|Thriller,2,3.33,6
Comedy|Drama|Romance,1,3.69,1203
Action|Comedy,3,2.99,131
Comedy|Horror,8,3.33,18
Comedy|Drama|Romance,13,3.88,173
Mystery|Thriller,3,3.94,266
Adventure|Animation|Sci-Fi|Thriller,12,3.79,53
Film-Noir|Mystery|Thriller,4,4.0,143
Action|Adventure|Comedy,8,3.13,8
Action|Sci-Fi|Western,20,1.95,41
Action|Thriller|War,1,3.0,25
Children's|Comedy|Musical,19,3.83,30
Action|Drama|Romance|Thriller,19,2.63,8
Crime|Drama|Film-Noir|Thriller,11,4.0,16
Action|Animation|Children's|Sci-Fi|Thriller|War,11,3.33,3
Adventure|Fantasy|Romance,8,3.33,9
Action|Adventure|Romance|Thriller,12,3.18,84
Action|Adventure|Children's,6,1.0,2
Comedy|Crime|Horror,9,2.33,3
Action|Adventure|Comedy|Horror,10,4.0,13
Comedy|Romance|War,6,4.1,79
Mystery|Sci-Fi|Thriller,7,3.47,95
Film-Noir|Sci-Fi,3,4.1,42
Comedy|Horror|Thriller,11,3.11,9
Comedy|Drama|Sci-Fi,20,2.36,22
Comedy|Fantasy|Romance|Sci-Fi,19,2.75,16
Mystery|Sci-Fi|Thriller,16,3.37,38
Action|Crime|Drama,17,4.09,513
Crime,6,3.81,52
Horror|Romance,18,3.74,35
Comedy|Drama|Romance,7,3.67,1216
Action|Drama|War,11,4.17,253
Action,20,3.2,551
Drama|Sci-Fi|Thriller,3,3.41,49
Comedy|Horror,13,3.48,94
Action|Comedy|Musical,3,3.67,46
Horror|Sci-Fi,19,3.0,145
Action|Adventure|Comedy,2,3.15,100
Drama|Musical,17,3.47,133
Horror|Mystery,20,2.58,12
Action|Sci-Fi|Thriller,2,3.57,610
Adventure|Drama,20,3.33,109
Comedy|Crime|Drama|Mystery,3,3.57,21
Adventure|Children's|Comedy|Fantasy|Romance,9,1.0,1
Animation|Children's|Comedy|Musical|Romance,13,3.6,15
Action|Animation|Children's|Sci-Fi|Thriller|War,5,3.11,9
Action|Mystery|Thriller,5,3.45,20
Drama|Fantasy|Romance|Thriller,0,3.95,76
Documentary,5,3.97,73
Documentary|War,16,4.31,13
Comedy|Crime|Drama,3,3.89,35
Children's|Comedy|Fantasy,6,2.95,55
Action|Adventure|Horror|Thriller,8,4.67,3
Sci-Fi|Thriller|War,1,3.38,26
Action|Adventure|Sci-Fi|War,15,3.5,24
Adventure|War,6,4.41,74
Animation|Children's|Comedy|Musical,20,3.76,143
Comedy|Horror,6,3.47,317
Action|Drama|War,13,4.06,233
Adventure|Animation|Children's|Musical,3,3.59,22
Action|Comedy|Musical,12,3.94,103
Action,15,3.46,350
Adventure|Children's|Fantasy|Sci-Fi,15,3.29,21
Drama|Mystery|Thriller,0,3.52,210
Drama|War,5,4.02,233
Horror|Sci-Fi,2,3.17,322
Action|Drama|War,8,3.91,22
Action|Comedy,9,2.95,40
Thriller,8,3.29,24
Action|Mystery|Thriller,7,3.46,54
Adventure|Children's|Drama,0,2.85,129
Adventure|Drama|Romance|Sci-Fi,6,3.41,27
Drama|Romance|War|Western,6,4.0,33
Drama|Musical|War,0,3.52,48
Adventure|Children's|Comedy|Fantasy,1,3.84,127
Action|Comedy|Romance|Thriller,10,3.5,2
Comedy|Sci-Fi|Western,7,3.04,117
Adventure|Comedy|Musical,4,2.84,38
Mystery|Sci-Fi|Thriller,8,3.0,3
Adventure|Animation|Children's|Comedy|Musical,20,3.08,26
Children's|Fantasy|Musical,9,3.0,3
Comedy|Drama|Sci-Fi,6,2.65,17
Horror,0,3.05,3861
Mystery|Thriller,18,3.86,83
Film-Noir|Thriller,14,4.17,83
Drama|Romance|War,9,3.98,120
Action|Comedy|Musical,4,3.76,168
Film-Noir|Mystery|Thriller,7,3.86,224
Children's|Comedy,5,3.14,188
Adventure|Children's|Comedy,6,2.65,20
Drama|Romance|Thriller,6,3.98,57
Action|Romance|Sci-Fi,5,3.22,18
Musical|War,18,3.67,3
Action|Adventure|Animation|Horror|Sci-Fi,12,3.62,60
Action|Animation|Children's|Sci-Fi|Thriller|War,15,3.6,5
Adventure|Animation|Children's,0,2.96,23
Animation|Children's|Fantasy|War,20,2.58,19
Adventure|Western,1,3.45,38
Action|Adventure|Children's|Sci-Fi,19,1.78,9
Action|Comedy|War,4,3.05,136
Comedy,17,3.52,7690
Thriller,6,3.74,720
Adventure|Animation|Sci-Fi|Thriller,4,4.05,83
Action|Adventure|Fantasy|Sci-Fi,10,3.98,200
Adventure|Sci-Fi,6,3.35,60
Film-Noir|Thriller,19,4.04,24
Drama|Mystery,19,3.7,71
Adventure|Children's|Drama,7,2.69,81
Action|Crime|Thriller,15,3.45,80
Action|Drama|Thriller,15,3.03,30
Musical,10,3.9,87
Action|Romance|Sci-Fi,13,3.43,7
Action|Adventure|Crime,15,2.95,39
Comedy|Crime|Mystery|Thriller,4,4.06,175
Action|Horror|Thriller,16,3.12,34
Drama|Thriller|War,6,3.86,36
Film-Noir,16,4.52,27
Animation,12,4.45,40
Children's|Comedy|Western,11,2.57,7
Action|Adventure|Animation|Children's|Fantasy,3,4.0,1
Comedy|Drama|Thriller,15,4.4,5
Action|Adventure|Western,0,3.04,72
Action|Romance|War,12,3.76,50
Adventure|Animation|Children's|Comedy|Musical,7,3.29,28
Action|Adventure|Sci-Fi|War,3,3.07,28
Adventure|Comedy|Sci-Fi,0,3.66,290
Musical|Romance,7,3.81,325
Animation|Children's|Comedy|Musical,13,2.9,10
Comedy|Drama|Romance,9,3.71,202
Adventure|Comedy|Drama,12,4.1,115
Mystery|Thriller,14,3.91,367
Comedy|Mystery,0,3.25,186
Drama|War,12,4.15,853
Action|Drama|War,19,3.97,143
Drama|Romance|Thriller,12,3.97,67
Action|Thriller|War,7,3.37,46
Action|Thriller|War,16,3.5,16
Animation|Children's|Comedy|Musical,18,3.77,22
Adventure|Romance|Sci-Fi,9,4.0,5
Action|Drama|Romance|Thriller,1,2.73,71
Adventure|Comedy|Romance,2,2.41,22
Drama|Thriller|War,9,2.83,6
Adventure|Sci-Fi|Thriller,5,2.7,20
Action|Adventure|Drama,10,3.53,34
Children's|Horror,16,3.22,9
Action|Sci-Fi|Thriller|War,7,4.1,201
Children's|Drama|Fantasy,0,2.82,11
Sci-Fi|War,10,4.73,26
Action|Comedy|Crime|Horror|Thriller,11,3.15,13
Action|Comedy|Drama,16,3.58,79
Crime|Drama|Romance,8,3.0,1
Comedy|Crime|Drama,5,3.82,17
Action|Adventure|Crime|Drama,4,3.83,212
Horror|Sci-Fi|Thriller,5,3.22,41
Drama|Mystery|Thriller,10,3.53,43
Sci-Fi|Thriller|War,0,3.31,36
Adventure|Comedy|Sci-Fi,3,3.78,60
Action|Crime|Drama,1,4.08,580
Action|Adventure|Animation,12,4.36,28
Adventure|Fantasy|Sci-Fi,15,3.68,41
Action|Comedy|Western,4,3.66,346
Children's|Comedy|Drama,12,3.78,107
Comedy|Horror,16,3.37,446
Horror,15,3.2,370
Comedy|War,13,4.08,49
Drama|Mystery|Thriller,4,3.35,267
Adventure|Children's|Comedy|Fantasy,2,3.91,76
Comedy|Drama|Musical,10,4.23,13
Action|Comedy|Sci-Fi|War,11,2.52,21
Action|Adventure|Fantasy,0,3.24,280
Action|Adventure|Thriller,14,3.4,350
Action|Crime|Sci-Fi,5,3.27,64
Film-Noir|Sci-Fi|Thriller,4,3.79,132
Action|Sci-Fi|War,19,3.21,33
Comedy|Crime|Mystery|Thriller,5,4.0,27
Crime|Drama|Sci-Fi,12,3.69,104
Action|Mystery|Romance|Thriller,10,3.41,22
Drama|Thriller|War,8,4.0,2
Action|Adventure|Children's,0,1.83,6
Action|Horror,16,3.6,109
Romance|Thriller,4,3.73,63
Crime|Drama|Romance|Thriller,1,3.91,108
Action|Comedy|Drama,2,3.69,105
Action|Comedy|Crime|Horror|Thriller,16,3.26,34
Action|Comedy|War,0,3.2,128
Crime|Film-Noir|Mystery,11,4.14,14
Children's|Fantasy|Musical,17,3.5,12
Action|Horror,19,3.41,34
Mystery|Romance|Thriller,7,3.66,98
Horror,12,3.18,1055
Action|Adventure,1,3.56,783
Children's|Comedy|Drama,5,3.7,30
Crime|Drama|Romance,15,3.5,12
Crime|Film-Noir,15,3.94,18
Adventure|Thriller,13,4.17,18
Drama|Horror,12,3.28,154
Romance|War,12,3.5,6
Western,13,3.84,135
Action|Adventure|Fantasy|Sci-Fi,7,3.92,679
Horror|Mystery|Thriller,11,2.76,33
Action|Romance,5,3.4,45
Action|Adventure|Drama,3,3.16,49
Adventure|Fantasy,12,3.02,43
Adventure|Children's|Comedy,3,3.4,25
Action|Adventure|Comedy|Crime,19,3.14,37
Action|Sci-Fi|Thriller|War,6,4.1,59
Crime|Mystery,3,3.33,3
Comedy|Crime|Drama,17,4.04,67
Crime|Film-Noir|Mystery|Thriller,15,4.2,69
Drama|Romance|Thriller,8,3.4,5
Drama|Musical,10,3.73,41
Fantasy|Sci-Fi,10,3.29,14
Drama|Romance,16,3.61,1293
Animation|Children's|Musical,11,3.79,153
Drama|Western,7,3.76,130
Animation|Children's|Musical,8,3.5,24
Comedy|Drama,8,3.51,94
Action|War,7,3.13,484
Sci-Fi,1,3.51,427
Action|Comedy|Western,10,3.95,40
Action,9,3.72,71
Comedy|War,10,3.15,48
Action|Adventure|Romance,10,3.4,47
Action|Thriller|War,17,3.17,35
Children's|Drama,6,3.8,76
Action|Comedy|Sci-Fi|Thriller,7,3.1,124
Adventure|Fantasy,6,2.63,24
Action|Adventure|Thriller,16,3.39,321
Crime|Drama|Film-Noir|Thriller,14,4.38,16
Comedy|Horror|Musical|Sci-Fi,16,3.38,58
Animation|Children's|Comedy|Musical|Romance,2,3.46,91
Action|Sci-Fi|Thriller|War,18,4.11,18
Comedy|Drama|Thriller,20,3.83,18
Adventure|Children's|Sci-Fi,14,2.85,40
Action|Adventure|Drama|Sci-Fi|War,3,4.21,77
Action|Adventure|Drama|Sci-Fi|War,13,4.17,41
Animation|Comedy|Thriller,17,4.58,71
Comedy|Horror|Musical|Sci-Fi,3,3.52,31
Horror|Thriller,11,3.44,133
Comedy|Drama,16,3.71,1908
Horror|Romance,20,3.27,106
Animation|Children's|Musical,6,3.7,315
Adventure|Animation|Children's|Comedy|Fantasy,15,2.57,7
Drama|Sci-Fi|Thriller,7,3.48,151
Comedy|Mystery,17,3.37,86
Comedy|Mystery,12,3.24,54
Animation|Musical,7,3.52,91
Children's,9,3.5,6
Romance|War,5,3.0,1
Action|Sci-Fi|Western,1,2.1,63
Crime|Film-Noir|Thriller,9,4.0,6
Adventure|Children's|Comedy|Fantasy,6,3.56,41
Action|Adventure|Comedy|Romance,16,3.73,239
Adventure|Children's|Comedy|Fantasy|Sci-Fi,4,2.86,155
Action|Comedy|Sci-Fi|War,17,3.11,92
Action|Thriller,10,3.55,675
Comedy|Musical|Romance,9,3.87,38
Comedy|Musical|Romance,12,3.37,93
Action|Drama|Romance|Thriller,9,3.58,12
Adventure|Animation|Film-Noir,1,3.5,145
Crime|Drama|Mystery,14,3.29,38
Animation|Sci-Fi,6,3.33,12
Adventure|Children's|Sci-Fi,7,2.61,77
Crime|Drama|Romance|Thriller,5,4.07,28
Crime|Drama|Romance|Thriller,13,4.0,12
Action|Comedy|Crime|Horror|Thriller,19,2.95,22
Animation|Sci-Fi,12,4.18,40
Action|Comedy|War,16,3.28,47
Action|Comedy|War,14,3.26,58
Comedy|Drama|Sci-Fi,10,3.0,20
Children's|Fantasy|Sci-Fi,9,4.0,5
Animation|Children's,10,3.2,544
Romance,0,3.42,281
Action|Sci-Fi|War,14,3.66,127
Comedy|Thriller,7,3.18,160
Comedy|Romance|Thriller,13,3.78,27
Adventure|Children's|Fantasy|Sci-Fi,10,2.84,32
Action|Adventure|Romance|Sci-Fi|War,5,4.22,55
Action|Crime|Romance,12,4.05,175
Crime|Drama|Thriller,3,3.83,135
Action|Crime,11,2.87,39
Animation|Children's|Drama|Fantasy,8,3.5,2
Crime|Horror,12,4.0,11
Adventure|Fantasy,20,2.88,33
Drama|Film-Noir,4,4.27,55
Action|Crime|Sci-Fi,0,3.16,312
Action|Crime|Sci-Fi,14,3.08,105
Adventure|Children's|Comedy,9,3.11,19
Documentary|Drama,14,4.25,4
Drama|Sci-Fi,3,3.85,156
Crime|Drama|Sci-Fi,10,4.06,16
Action|Adventure|Children's|Comedy,8,3.0,2
Action|Drama|Fantasy|Romance,0,3.95,86
Action|Adventure|Mystery,5,3.51,45
Action|Horror,2,3.64,92
Crime|Mystery,7,3.7,10
Comedy|Sci-Fi|Western,15,3.31,26
Action|Children's|Fantasy,7,2.26,57
Action|Adventure|Fantasy,13,3.46,13
Crime|Drama|Thriller,15,4.04,97
Film-Noir|Mystery,9,4.0,5
Drama|Romance|Thriller,19,3.69,16
Comedy,7,3.45,11674
Action|Adventure|Sci-Fi,2,3.32,731
Drama|Romance,18,3.41,219
Comedy|Drama,13,3.84,609
Action|Horror|Sci-Fi,16,3.18,94
Adventure|Drama|Romance,11,2.27,11
Action|Comedy,1,2.66,224
Comedy|Drama|Romance,17,3.69,592
Action|Sci-Fi|War,1,3.48,180
Children's|Comedy|Fantasy,9,3.09,23
Comedy|War,14,3.84,149
Adventure|Children's|Fantasy|Sci-Fi,9,3.5,8
Comedy|Mystery,9,3.47,17
Drama|Musical,2,3.42,168
Action|Sci-Fi|Western,4,2.02,130
Western,16,3.71,352
Adventure|Children's|Comedy|Fantasy|Sci-Fi,13,2.7,10
Children's|Drama,14,3.49,47
Adventure|Drama,15,3.44,36
Action|Romance|Sci-Fi,2,3.09,34
Crime|Drama|Sci-Fi,4,3.76,213
Action|Children's,7,1.8,20
Action|Adventure|Romance|Thriller,0,2.96,184
Children's|Musical,4,3.62,73
Children's|Comedy|Western,0,2.98,53
Mystery|Sci-Fi,18,2.33,6
Mystery|Sci-Fi|Thriller,17,3.57,103
Action|Adventure|Drama|Sci-Fi|War,16,4.2,114
Comedy|Crime|Drama,19,4.05,19
Action|Adventure|Horror|Thriller,5,3.41,29
Drama|Romance,6,3.72,1305
Animation|Children's,4,3.49,1519
Action|Adventure|Animation,15,4.15,13
Drama|Thriller,14,3.8,1024
Comedy|Horror,14,3.47,427
Film-Noir|Thriller,11,4.37,65
Drama|Romance|War,15,3.88,178
Adventure|Comedy|Drama,6,4.26,69
Action|Comedy,19,2.67,82
Comedy|Romance|Thriller,1,3.5,186
Drama|Horror,16,3.12,135
Drama|Mystery|Thriller,11,3.32,34
Action|Crime,8,4.0,5
Horror|Sci-Fi|Thriller,6,3.15,71
Action|Comedy|Crime|Drama,3,3.56,149
Adventure|Romance|Sci-Fi,19,3.17,6
Documentary|Drama,17,4.4,5
Mystery|Romance|Thriller,3,3.6,45
Action|Adventure|Crime,3,2.98,48
Adventure|Drama|Western,17,4.01,122
Crime|Drama|Sci-Fi,3,3.33,36
Film-Noir,18,3.4,10
Action|Horror,20,3.59,118
Action|Adventure|Comedy|Horror,4,3.92,83
Action|Adventure|Comedy|Horror,5,3.68,22
Comedy|Sci-Fi|Western,14,3.18,50
Action|Adventure|Drama|Sci-Fi|War,11,4.19,63
Adventure|War,20,4.29,102
Crime|Drama|Mystery,10,2.71,7
Adventure|Comedy|Sci-Fi,12,3.71,209
Drama|Romance,17,3.62,1511
Comedy,20,3.36,7389
Comedy|Romance,18,3.47,367
Documentary,10,3.62,74
Sci-Fi,2,3.76,264
Crime|Film-Noir,3,4.27,33
Adventure|Thriller,17,3.86,57
Drama|Mystery|Thriller,5,3.19,21
Documentary,4,3.94,741
Comedy|Drama|Western,4,3.96,57
Action|Comedy|Sci-Fi|War,10,2.89,44
Horror|Mystery|Thriller,7,2.96,172
Comedy|Western,11,3.44,66
Adventure|Fantasy,0,2.91,88
Adventure|Romance,6,3.32,19
Crime|Drama|Sci-Fi,18,3.65,17
Adventure|Musical,11,3.0,4
Adventure|Children's|Sci-Fi,11,2.17,18
Crime|Horror,3,4.0,6
Action|Adventure|Drama,13,4.19,27
Action|Adventure|Romance|Thriller,8,3.4,5
Comedy|Crime|Horror,3,3.19,16
Action|Sci-Fi|Thriller|War,2,4.25,83
Drama|Horror,10,3.73,56
Action|Comedy|Crime|Drama,19,3.6,60
Animation|Sci-Fi,3,3.83,12
Film-Noir|Sci-Fi,7,4.36,202
Comedy|Drama|Thriller,4,3.72,32
Horror,4,3.01,2937
Comedy|Crime,9,3.65,75
Drama,10,3.82,1756
Comedy|Horror,1,3.3,663
Children's|Comedy,8,2.77,39
Mystery|Thriller,12,4.04,334
Film-Noir|Thriller,6,4.02,63
Adventure|Animation|Sci-Fi|Thriller,2,3.84,32
Action|Adventure|Comedy|War,7,2.35,20
Comedy|Crime|Fantasy,14,3.39,67
Action|Adventure|Comedy|Romance,9,4.02,88
Animation|Children's|Drama|Fantasy,20,3.71,21
Horror|Mystery|Thriller,14,2.94,95
Adventure|Comedy,9,3.65,37
Action|Horror|Thriller,5,3.3,20
Adventure|Musical,12,3.67,12
Drama|Fantasy|Romance|Thriller,5,3.8,5
Action|Sci-Fi|Thriller|War,4,4.15,238
Action|Drama|Sci-Fi|Thriller,16,3.45,40
Action|Comedy|Crime|Horror|Thriller,15,2.89,18
Action|Drama|Romance,8,3.0,3
Comedy|Fantasy|Romance,11,3.3,23
Action|Romance|War,4,3.83,145
Children's|Comedy|Mystery,15,2.5,6
Children's|Fantasy|Musical,2,2.43,14
Animation|Children's|Comedy|Romance,12,3.0,11
Action|Adventure|Sci-Fi,17,3.42,1878
Action|Adventure|Animation,5,4.0,8
Romance,1,3.38,229
Horror|Sci-Fi,17,3.09,702
Drama|Sci-Fi|Thriller,6,3.53,55
Children's|Comedy|Drama,9,3.9,39
Animation|Children's|Comedy,13,3.9,83
Drama|Horror,17,3.16,209
Action|Drama,9,3.64,96
Action|Sci-Fi|Western,8,1.5,2
Adventure,5,3.41,32
Documentary,9,3.77,26
Action|Comedy|Sci-Fi|Thriller,12,3.01,95
Adventure|Romance,2,3.5,22
Adventure|Comedy|Romance,3,3.0,13
Action|Comedy|Romance|Thriller,16,2.94,16
Action|Children's,4,1.69,51
Action|Adventure|Animation|Horror|Sci-Fi,18,3.8,15
Children's|Musical,12,3.44,18
Drama|Fantasy|Romance|Thriller,11,3.73,11
Children's|Musical,8,4.5,2
Action|Drama|Sci-Fi|Thriller,1,3.13,61
Comedy|Fantasy|Romance,16,3.49,51
Action|Romance|War,11,4.06,16
Film-Noir|Sci-Fi,13,4.13,23
Drama,17,3.79,6294
Action|Crime|Drama,11,4.26,178
Comedy|Crime,3,3.68,173
Comedy|Crime|Thriller,4,4.0,146
Action|Drama,0,3.45,1347
Film-Noir|Thriller,9,3.82,22
Thriller,3,3.59,634
Children's|Drama,1,3.5,147
Adventure|Children's|Musical,14,3.62,13
Adventure|Animation|Sci-Fi|Thriller,3,4.23,13
Crime|Film-Noir,20,4.27,88
Action|Adventure|Mystery,7,3.51,219
Adventure|Children's|Comedy|Fantasy|Sci-Fi,8,3.0,1
Action|Adventure|Drama|Romance,1,2.67,33
Action|Crime|Mystery,0,3.1,39
Drama|Western,1,3.94,108
Adventure|Romance,4,2.83,63
Comedy|Crime|Drama|Mystery,12,3.29,28
Documentary|Drama,8,2.0,1
Adventure|Comedy|Romance,11,2.33,9
Action|Drama|Fantasy|Romance,12,3.79,52
Crime|Drama|Romance|Thriller,2,4.02,90
Adventure|Animation|Children's,4,2.62,26
Comedy|Mystery|Romance|Thriller,7,4.32,38
Adventure|Western,14,4.07,14
Comedy|Fantasy|Romance|Sci-Fi,6,3.12,42
Crime|Drama|Mystery|Thriller,4,3.36,109
Action|Adventure|Comedy|Sci-Fi,7,3.82,271
Action|Comedy,0,2.77,623
Animation|Children's|Comedy|Musical,6,3.99,84
Action|Comedy|Western,13,4.09,47
Action|Sci-Fi|War,12,3.58,179
Sci-Fi|Thriller,20,2.9,288
Action|Drama,8,3.52,27
Action|Sci-Fi|Western,11,1.54,13
Adventure|Drama|Romance|Sci-Fi,19,2.86,7
Action|Comedy|Romance|Thriller,15,2.33,3
Animation|Children's|Comedy|Musical|Romance,10,3.62,77
Action|Adventure|Comedy|Crime,10,3.18,66
Action|Animation|Children's|Sci-Fi|Thriller|War,14,4.0,9
Adventure|Fantasy|Romance,10,3.1,10
Drama|Fantasy|Romance|Thriller,12,3.39,23
Action|Drama|Sci-Fi|Thriller,0,3.25,104
Action|Drama|Sci-Fi|Thriller,9,3.75,4
Crime|Drama|Romance|Thriller,7,4.13,140
Children's|Sci-Fi,6,2.9,10
Adventure|Drama|Thriller,12,3.39,18
Comedy|Mystery|Romance|Thriller,12,4.19,26
Animation|Children's|Fantasy|War,10,2.45,20
Adventure|Western,17,3.65,23
Action|Crime|Mystery|Thriller,12,2.81,21
Adventure|Animation|Children's|Comedy|Musical,15,3.33,9
Sci-Fi|Thriller|War,13,3.25,4
Action|Adventure|Sci-Fi|War,4,3.1,183
Adventure|Comedy|Sci-Fi,2,3.72,109
Adventure|Comedy|Sci-Fi,19,3.68,28
Horror,10,3.17,542
Action|Sci-Fi,2,3.31,658
Action|Adventure|Sci-Fi,9,3.68,114
Drama,15,3.85,2500
Comedy|Drama|War,14,3.77,88
Romance,20,3.01,141
Action|Drama|War,15,4.06,324
Adventure|Fantasy|Sci-Fi,3,3.61,28
Action|Adventure|Romance,9,4.18,17
Comedy|Drama|Western,1,4.24,105
Drama|Sci-Fi,5,3.66,127
Adventure|Sci-Fi,15,3.02,41
Action|Romance,14,3.39,98
Action|Horror,18,3.52,42
Children's|Comedy|Musical,7,3.69,176
Adventure|Animation|Film-Noir,5,3.81,43
Drama|Musical|War,17,3.8,25
Action|Adventure|Crime,17,2.95,164
Drama|Romance|Western,7,3.0,3
Action|Mystery|Romance|Thriller,8,5.0,1
Animation|Children's|Fantasy|Musical,15,3.67,12
Adventure|Animation|Children's|Fantasy,4,2.83,12
Crime|Horror,7,3.15,27
Action|Mystery|Thriller,6,3.57,14
Action|Horror,12,3.58,147
Action|Comedy|Crime|Horror|Thriller,10,3.0,17
Action|Drama|Romance,7,3.26,77
Sci-Fi|Thriller|War,12,3.76,17
Children's|Drama|Fantasy|Sci-Fi,14,4.11,109
Mystery|Sci-Fi|Thriller,19,3.58,19
Children's|Fantasy|Sci-Fi,16,3.61,23
Horror|Thriller,18,3.42,196
Crime|Drama,4,4.03,1570
Adventure,3,3.85,61
Animation|Children's|Musical,17,3.67,556
Comedy|Fantasy,9,3.5,54
Adventure|Children's|Romance,6,3.78,9
Sci-Fi,0,3.54,598
Animation|Musical,8,3.0,6
Romance|War,11,2.8,5
Action|Drama|Thriller|War,3,3.17,6
Musical|Romance|War,3,3.77,13
Action|Adventure|Drama,4,2.99,198
Comedy|Thriller,18,2.88,24
Adventure|Children's|Drama,12,2.57,35
Drama|Romance|War|Western,0,3.51,78
Drama|Romance|War|Western,14,3.58,40
Action|Adventure|Crime,8,3.22,9
Adventure,8,3.13,8
Comedy|Crime|Horror,18,3.0,7
Mystery|Romance|Thriller,4,3.48,86
Adventure|Drama|Thriller,14,4.06,18
Action|Comedy|Drama,19,3.39,28
Action|Adventure|Drama,11,3.1,29
Mystery|Sci-Fi|Thriller,4,3.45,152
Action|Adventure|Drama|Sci-Fi|War,17,4.37,271
Adventure|Animation|Children's|Comedy|Musical,14,3.08,24
Animation|Comedy|Thriller,19,4.44,9
Comedy|Horror|Musical,18,3.06,16
Action|Adventure|War,1,3.92,36
Crime|Drama,17,3.97,723
Drama|Thriller,3,3.81,631
Comedy|Sci-Fi,18,3.62,89
Drama,19,3.6,1557
Action|Comedy|Western,0,3.71,407
Adventure|Children's|Fantasy|Sci-Fi,12,3.47,53
Action,5,3.19,366
Animation|Children's|Drama|Fantasy,15,4.35,17
Action|Crime|Thriller,1,3.35,182
Comedy|Crime|Drama|Mystery,13,3.57,14
Comedy|Crime|Drama|Mystery,14,3.58,31
Action|Adventure|Animation|Horror|Sci-Fi,8,3.33,3
Adventure|Musical,15,3.57,7
Comedy|Musical,8,3.43,7
Action|Adventure|Comedy|Horror,2,3.89,35
Action|Adventure|Comedy|Horror,11,3.89,9
Adventure|Animation|Children's,6,3.11,9
Action|Adventure|Crime|Thriller,17,2.81,16
Documentary|War,7,3.95,21
Comedy|Fantasy|Romance,2,3.4,58
Crime|Horror|Thriller,11,2.4,5
Action|Romance|War,20,3.65,48
Action|Adventure|Children's|Sci-Fi,4,1.91,74
Action|Adventure|Sci-Fi|War,2,3.06,54
Action|Adventure|Sci-Fi|War,11,2.76,17
Animation|Comedy|Thriller,4,4.53,93
Comedy|Mystery|Romance|Thriller,18,3.4,5
Action|Adventure|Comedy|Sci-Fi,15,3.73,63
Crime|Horror|Mystery|Thriller,4,3.65,139
Horror,19,3.05,519
Adventure|Children's,13,3.53,32
Action|Adventure|Animation,18,4.0,3
Comedy|Drama|Romance,4,3.68,1229
Musical,1,3.83,380
Adventure|Children's|Romance,20,3.33,15
Mystery|Thriller,1,3.88,644
Action|War,17,3.06,323
Action|Adventure,16,3.64,492
Animation|Children's|Comedy,5,3.87,151
Drama|War,15,4.16,408
Action|Horror|Sci-Fi|Thriller,6,3.83,135
Action|Adventure|Comedy|Crime,20,3.15,136
Comedy|Drama|Musical,2,4.21,68
Musical|Romance|War,11,3.67,3
Action|Romance,3,3.5,50
Adventure|Comedy,8,3.8,10
Action|Romance,9,3.5,22
Action|Adventure|Fantasy,11,3.18,33
Children's|Comedy|Musical,4,3.8,283
Drama|Film-Noir,9,4.0,2
Adventure|Children's|Sci-Fi,10,2.96,25
Action|Mystery|Thriller,15,3.36,14
Action|Sci-Fi|Thriller|Western,8,4.0,2
Comedy|Horror|Thriller,14,3.06,34
Action|Adventure|Horror|Thriller,2,3.36,42
Musical|Romance,15,4.02,63
Action|Adventure|Horror,11,3.29,28
Comedy|Fantasy,10,3.51,103
Adventure|Fantasy|Sci-Fi,1,3.8,96
Horror|Sci-Fi|Thriller,0,2.65,234
Action|Sci-Fi|War,3,3.8,64
Film-Noir|Mystery|Thriller,17,3.83,115
Comedy|Thriller,14,3.35,83
Action|Adventure|Romance|Sci-Fi|War,17,4.17,259
Action|Adventure|Comedy,0,3.16,287
Action|Crime|Romance,19,3.8,45
Action|Mystery|Sci-Fi|Thriller,7,2.47,38
Action|Mystery|Sci-Fi|Thriller,11,3.0,5
Crime|Film-Noir|Mystery|Thriller,14,4.2,157
Comedy|Romance|Sci-Fi,0,3.6,5
Adventure|Drama|Romance|Sci-Fi,16,3.5,40
Adventure|Fantasy,15,3.11,19
Drama|Western,18,3.81,21
Action|Adventure|Thriller,20,3.06,267
Action|Comedy|Musical,11,3.68,38
Children's|Drama|Fantasy,2,3.2,10
Adventure|Children's|Comedy|Musical,12,3.13,8
Adventure|Musical,6,3.5,8
Adventure|Sci-Fi|Thriller,12,2.65,55
Adventure|Fantasy|Romance,6,3.48,29
Children's|Horror,17,3.43,14
Mystery|Sci-Fi,5,3.54,13
Adventure|Drama|Thriller,20,3.85,27
Drama|Fantasy,18,3.25,4
Adventure|Sci-Fi,19,3.13,30
Action|Drama|Romance,19,3.13,8
Comedy|Fantasy|Romance,20,3.19,64
Film-Noir|Mystery,15,4.49,43
Crime|Film-Noir|Mystery|Thriller,10,4.25,40
Action|Romance|War,17,3.84,79
Action|Drama|Mystery,9,2.67,3
Adventure|Comedy|Sci-Fi,6,3.75,87
Horror|Romance,11,3.35,31
Action,14,3.4,682
Children's|Comedy|Drama,17,3.97,140
Adventure|Comedy|Drama,0,4.11,230
Adventure|Children's|Musical,17,3.47,19
Animation|Children's|Comedy,9,3.83,136
Comedy|Romance|Thriller,9,3.61,41
Comedy|Mystery,14,3.14,66
Adventure|Children's|Fantasy|Sci-Fi,2,3.54,37
Comedy|War,20,3.79,206
Drama|Mystery,15,3.86,117
Comedy|Drama|Western,20,4.19,62
Action|Horror|Sci-Fi|Thriller,7,3.96,426
Adventure|Children's|Comedy|Fantasy,5,3.97,34
Action|Crime,14,3.11,146
Musical|Romance|War,2,3.5,16
Adventure|Children's|Comedy|Musical,1,3.5,20
Adventure|Musical,10,2.63,8
Drama|Fantasy|Romance|Thriller,14,3.83,18
Children's|Sci-Fi,0,3.09,33
Action|Crime|Drama|Thriller,18,3.79,14
Film-Noir|Sci-Fi,20,4.18,119
Action|Drama|Mystery,1,2.7,30
Action|Drama|Mystery,17,3.13,39
Comedy,4,3.44,16591
Crime|Drama|Thriller,19,3.97,61
Comedy|Sci-Fi,14,3.57,464
Adventure|Fantasy|Sci-Fi,4,3.57,97
Comedy|Fantasy,11,3.67,75
Adventure|Animation|Sci-Fi|Thriller,16,3.8,15
Action|Drama|Thriller,0,3.09,205
Drama|Mystery,2,3.88,311
Comedy|Crime|Fantasy,3,3.33,27
Adventure|Children's|Comedy|Fantasy|Sci-Fi,2,2.66,38
Action|Comedy|Musical|Sci-Fi,7,2.5,26
Crime|Drama|Film-Noir|Thriller,9,4.0,3
Action|Drama|Fantasy|Romance,17,3.92,75
Adventure|Children's|Sci-Fi,1,2.89,65
Adventure|Sci-Fi|Thriller,20,2.3,37
Adventure|Children's|Sci-Fi,12,2.79,72
Adventure|Animation|Sci-Fi,3,3.67,12
Action|Comedy|Drama,8,3.67,3
Film-Noir|Mystery,18,4.41,17
Action|Adventure|Horror,0,3.34,262
Adventure|Comedy|Sci-Fi,5,3.41,51
Horror,6,3.05,760
Action|Adventure|Horror,1,3.04,137
Musical,16,3.81,121
Action|Adventure|Children's|Fantasy,7,2.0,2
Action|Adventure|Sci-Fi|Thriller|War,17,2.97,32
Action|Sci-Fi|Western,0,2.1,111
Comedy|Drama|Western,3,4.04,24
Drama|Mystery|Sci-Fi|Thriller,8,4.0,4
Western,6,3.81,192
Adventure|Children's|Drama,14,2.65,37
Action|Comedy|Sci-Fi|Thriller,16,3.18,62
Action|Adventure|Drama,17,3.48,114
Horror|Thriller,3,3.47,284
Adventure|Fantasy,8,4.0,2
Adventure|Drama|Romance,9,3.1,10
Action|Animation|Children's|Sci-Fi|Thriller|War,12,3.36,22
Action|Mystery|Thriller,17,3.4,43
Action|Mystery|Thriller,8,2.5,2
Children's|Horror,13,3.5,4
Sci-Fi|War,13,4.25,28
Action|Drama|Romance,20,3.23,43
Comedy|Fantasy|Romance,18,3.46,13
Film-Noir|Mystery,7,4.32,169
Adventure|Comedy|Musical,0,2.57,72
Children's|Comedy|Mystery,1,3.13,15
Animation|Comedy|Thriller,10,4.33,27
Crime|Drama|Mystery,2,3.45,20
Comedy|Romance,12,3.63,2250
Comedy|Drama,3,3.77,1441
Comedy|Drama,15,3.83,966
Animation|Children's|Comedy|Musical,19,3.18,28
Mystery|Thriller,20,3.76,427
Adventure|Comedy|Drama,3,4.07,55
Action|Drama|Thriller,2,3.24,63
Mystery,5,3.81,16
Action|Adventure|Romance|Sci-Fi|War,10,4.05,97
Action|Adventure|Fantasy|Sci-Fi,0,3.87,703
Comedy|Horror|Thriller,4,3.44,135
Adventure|Comedy,3,3.29,68
Adventure|Children's|Drama|Musical,13,4.52,27
Film-Noir|Sci-Fi|Thriller,20,3.66,67
Adventure|Animation|Film-Noir,10,3.93,45
Drama|Fantasy|Romance|Thriller,20,4.0,36
Sci-Fi|War,6,4.6,42
Comedy|Romance|War,0,4.05,268
Children's,11,4.33,3
Action|Drama|Mystery|Romance|Thriller,19,3.0,4
Crime|Film-Noir|Mystery,7,4.04,24
Children's|Fantasy|Musical,8,1.0,1
Comedy|Romance,4,3.48,5740
Comedy|Romance,14,3.49,2252
Crime,11,3.29,34
Comedy|Sci-Fi,3,3.62,247
Adventure,0,3.61,229
Action|War,9,3.43,21
Action|Sci-Fi|War,2,3.51,88
Crime|Film-Noir|Thriller,12,3.97,62
Action|Thriller,3,3.6,778
Action|Adventure|Drama|Thriller,16,3.71,14
Action|Crime|Thriller,6,3.68,108
Comedy|Musical|Romance,4,3.3,229
Film-Noir|Mystery|Thriller,13,4.21,38
Action|Crime|Mystery,11,2.75,4
Crime|Drama|Sci-Fi,7,3.51,187
Musical|War,11,3.36,14
Animation|Children's|Comedy|Musical|Romance,14,3.96,85
Animation,8,5.0,1
Action|Drama|Sci-Fi|Thriller,12,3.14,70
Action|Crime|Drama|Thriller,6,4.32,37
Drama|Romance|Sci-Fi,3,4.75,4
Action|War,5,3.09,115
Action|Sci-Fi|Thriller|Western,6,3.0,27
Action|Adventure|Children's|Sci-Fi,20,1.56,16
Comedy|Horror|Thriller,7,3.01,70
Children's|Fantasy|Musical,15,3.25,4
Comedy|Fantasy|Romance|Sci-Fi,4,3.0,132
Action|Adventure|Sci-Fi|Thriller,7,3.44,848
Comedy|Crime,20,3.59,295
Comedy|Fantasy,0,3.51,494
Mystery|Thriller,17,3.94,491
Comedy|Mystery|Thriller,15,4.21,14
Comedy|Mystery|Thriller,2,4.27,33
Animation,4,4.35,78
Action|Adventure|Sci-Fi|Thriller|War,7,3.37,27
Crime|Drama|Thriller,1,3.85,352
Documentary,14,3.97,239
Adventure|Children's|Comedy,17,2.91,70
Action|Comedy|Sci-Fi|Thriller,13,2.73,15
Action|Adventure|Fantasy,15,3.39,54
Action|Adventure|Romance|War,1,4.31,115
Action|Adventure|Romance|War,10,4.0,8
Adventure|Drama|Western,11,4.1,29
Film-Noir|Romance|Thriller,20,4.44,39
Mystery|Sci-Fi,1,3.53,45
Adventure|Animation|Children's,9,3.0,3
Comedy|Mystery|Romance|Thriller,20,4.02,46
Children's|Drama|Fantasy|Sci-Fi,4,3.87,270
Crime|Drama|Thriller,7,3.89,473
Action|Adventure|Horror,14,3.55,89
Action|Adventure|Sci-Fi,20,3.24,851
Comedy|Sci-Fi,7,3.5,957
Drama|Mystery|Romance,7,3.32,57
Action,19,3.09,173
Comedy|Horror,7,3.36,933
Action|Thriller,17,3.61,2411
Action|Adventure|Comedy,13,3.12,17
Crime|Drama|Thriller,20,3.82,246
Comedy|Drama|Musical,3,4.31,29
Action|Comedy|Sci-Fi|War,19,2.71,24
Animation|Children's|Drama|Fantasy,16,4.0,13
Adventure|Children's|Fantasy,5,3.17,111
Adventure|Animation|Film-Noir,20,3.91,100
Action|Adventure|Crime,19,2.82,34
Action|Adventure|Animation|Horror|Sci-Fi,0,3.42,92
Crime|Drama|Film-Noir,16,3.8,54
Comedy|Crime|Horror,4,3.01,68
Action|Sci-Fi|Thriller|War,0,4.13,220
Adventure|Drama|Thriller,7,3.71,34
Action|Adventure|Animation|Children's|Fantasy,14,2.2,5
Action|Drama|Romance,0,3.43,98
Action|Adventure|Crime|Drama,19,3.55,20
Action|Adventure|War,16,3.61,31
Animation|Comedy|Thriller,1,4.52,56
Animation|Children's,20,3.55,546
Action|Adventure,0,3.61,1264
Comedy|Horror,18,3.32,199
Thriller,18,3.68,265
Action|Western,18,4.0,16
Crime,18,3.41,34
Sci-Fi|Thriller,19,3.09,79
Comedy|War,12,3.57,135
Action|Adventure|Romance|Sci-Fi|War,6,4.15,98
Drama|War,4,4.08,1621
Comedy|Drama|Western,18,4.83,6
Action|Adventure|Comedy|Horror|Sci-Fi,19,3.65,23
Comedy|Thriller,10,3.45,47
Action|Adventure|Comedy|Romance,0,3.78,689
Crime|Thriller,10,3.75,142
Animation|Children's|Drama|Fantasy,7,3.47,34
Adventure|Children's|Drama|Musical,14,4.36,78
Animation|Children's|Musical|Romance,3,3.82,11
Action|Adventure|Children's|Comedy,3,2.25,20
Drama|Mystery|Romance,5,4.14,7
Action|Drama|Fantasy|Romance,9,3.67,9
Film-Noir,15,4.88,8
Comedy|Crime|Horror,7,3.1,31
Action|Comedy|Drama,1,3.4,143
Mystery|Sci-Fi|Thriller,6,3.1,29
Action|Crime|Drama|Thriller,12,3.96,51
Adventure|War,1,4.31,159
Action|Drama|Mystery,8,4.5,2
Action|Adventure|Comedy|Sci-Fi,0,3.66,301
Action|Sci-Fi,0,3.16,1839
Comedy|Fantasy,15,3.67,102
Action|Romance|Thriller,6,3.35,188
Comedy|Mystery|Romance,20,2.71,7
Drama|Sci-Fi|Thriller,5,3.06,32
Action|Thriller,8,3.73,74
Children's|Comedy|Fantasy,1,3.25,92
Crime|Film-Noir|Thriller,0,4.0,145
Adventure|Children's|Comedy|Fantasy|Sci-Fi,1,2.84,88
Action|Comedy|Sci-Fi|Thriller,2,3.02,60
Crime|Film-Noir|Mystery|Thriller,3,4.07,86
Adventure|Children's|Drama,1,2.56,72
Adventure|Romance,8,3.0,4
Drama|Film-Noir,1,4.36,47
Action|Comedy|Musical|Sci-Fi,4,2.63,54
Adventure|Drama|Western,16,3.91,75
Adventure|Children's|Comedy|Fantasy,15,3.95,37
Adventure|Animation|Children's|Sci-Fi,12,3.27,33
Action|Adventure|Crime|Drama,10,3.57,23
Action|Crime|Drama|Thriller,2,3.94,47
Action|Comedy|War,10,3.82,17
Action|Comedy|Crime|Drama,15,3.78,104
Comedy|Drama|Sci-Fi,14,2.67,9
Comedy|Drama|Sci-Fi,9,3.83,6
Drama,18,3.69,1068
Crime|Drama,11,3.92,299
Comedy|Sci-Fi,13,3.64,113
Adventure|Children's,10,3.1,180
Adventure|Drama|Romance,7,2.27,81
Animation|Children's|Musical,12,3.66,412
Drama|Sci-Fi|Thriller,19,3.48,25
Adventure|Children's|Fantasy,7,3.16,391
Action|Adventure|Comedy|War,3,2.6,5
Action|Adventure|Comedy|War,10,2.5,16
Comedy|War,17,3.65,180
Romance|War,16,3.56,9
Action|Adventure|Fantasy|Sci-Fi,9,3.88,52
Adventure|Sci-Fi,14,3.29,65
Action|Drama|Thriller|War,0,2.96,51
Action|Thriller|War,8,3.0,2
Action|Comedy|Crime|Drama,7,3.68,526
Adventure|Romance,7,3.13,38
Drama|Romance|War|Western,5,3.33,9
Adventure|Animation|Film-Noir,4,3.73,256
Action|Comedy|Musical|Sci-Fi,0,2.37,57
Adventure|Comedy|Romance,4,2.61,61
Adventure|Comedy|Romance,18,2.7,10
Action|Drama|Fantasy|Romance,15,3.9,21
Adventure|Sci-Fi|Thriller,4,2.68,79
Adventure|Fantasy|Romance,18,3.44,18
Action|Drama|Sci-Fi|Thriller,4,3.0,126
Children's|Sci-Fi,4,3.0,25
Action|Crime|Drama|Thriller,17,3.87,76
Action|Comedy|Crime|Horror|Thriller,17,3.16,77
Documentary|War,8,4.0,1
Mystery|Sci-Fi|Thriller,5,3.92,13
Action|Adventure|Children's|Sci-Fi,5,2.6,10
Sci-Fi|Thriller|War,6,3.4,10
Comedy|Fantasy|Romance|Sci-Fi,15,2.81,21
Action|Drama|Romance,13,3.92,13
Action|Adventure|Comedy|Sci-Fi,14,3.6,124
Drama|Thriller,18,3.83,235
Comedy|Fantasy,18,3.51,53
Comedy|Drama|Romance,5,3.61,179
Animation|Children's|Comedy,15,3.99,188
Comedy|Crime|Fantasy,15,3.36,25
Comedy|Crime|Fantasy,10,3.47,53
Crime|Thriller,18,3.79,104
Action|Drama,15,3.57,254
Adventure|Children's|Comedy|Fantasy|Sci-Fi,12,2.84,67
Horror|Sci-Fi|Thriller,3,2.71,42
Horror|Mystery|Thriller,2,3.14,95
Action|Comedy|Sci-Fi|Thriller,17,3.04,124
Children's|Comedy|Musical,8,3.5,4
Film-Noir|Sci-Fi|Thriller,3,4.0,22
Drama|Musical|War,2,3.54,28
Action|Adventure|Crime,7,2.95,185
Action|Adventure|Drama,20,3.03,87
Drama|Fantasy|Romance|Thriller,13,3.4,5
Action|Adventure|Comedy|Horror,1,3.88,26
Children's|Sci-Fi,2,1.71,7
Adventure|Drama|Thriller,2,3.8,20
Comedy|Drama|Thriller,19,2.8,5
Action|Comedy|Fantasy,7,2.38,47
Action|Adventure|Drama|Sci-Fi|War,7,4.27,339
Action|Sci-Fi|Thriller|Western,13,3.17,18
Action|Drama|Western,7,2.81,27
Children's|Fantasy|Sci-Fi,17,3.53,73
Action|Romance|Thriller,9,3.57,53
Children's|Comedy,17,3.14,582
Animation|Children's,15,3.66,185
Drama|Mystery|Sci-Fi|Thriller,11,3.71,38
Action|Adventure|Fantasy|Sci-Fi,5,3.93,136
Comedy|Drama|Musical,4,4.29,126
Action|Romance,17,3.47,156
Action|Thriller|War,13,4.0,4
Adventure|Comedy,11,3.1,50
Children's|Comedy|Musical,1,3.76,156
Action|Adventure|Romance|War,14,4.05,43
Crime|Drama|Sci-Fi,1,3.46,127
War,6,3.79,39
Comedy|Musical,12,3.5,148
Action|Drama|Sci-Fi|Thriller,3,3.04,27
Action|Romance|War,15,3.57,21
Action|Comedy|War,5,3.0,33
Crime,8,3.5,2
Comedy|Fantasy|Romance|Sci-Fi,14,3.13,46
Action|Horror,6,3.82,88
Comedy|Mystery|Romance|Thriller,5,3.71,7
Animation|Children's|Comedy|Musical,7,3.82,174
Drama|Thriller,10,3.79,338
Children's|Comedy|Drama,0,4.0,238
Film-Noir|Thriller,2,4.3,121
Action|Western,5,3.93,44
Animation|Children's|Comedy,16,3.95,314
Action|Drama|Thriller,3,3.38,39
Action|Adventure|Mystery,0,3.37,214
Comedy|Drama|Musical,6,4.0,47
Action|Drama|Thriller|War,9,3.25,4
Action|Adventure|Comedy|Romance,13,3.9,52
Film-Noir,4,4.24,63
Action|Adventure|Crime,5,3.19,52
Comedy|Musical,14,3.79,120
Adventure|Comedy|Musical,5,2.44,18
Action|Adventure|Crime|Drama,7,3.53,165
Adventure|Western,11,3.5,10
Comedy|Horror|Musical,7,3.3,97
Action|Adventure|Comedy|Sci-Fi,3,3.87,62
Crime|Drama|Thriller,4,3.9,513
Action|Adventure|Sci-Fi|Thriller,10,3.17,209
Horror|Thriller,5,3.19,272
Adventure|War,9,3.71,14
Action|Crime|Drama,6,4.2,251
Comedy|Crime,19,3.56,73
Comedy|Crime|Thriller,10,3.81,16
Musical,18,3.69,29
Action|Western,14,4.09,79
Film-Noir|Mystery|Thriller,3,3.9,67
Comedy|Romance|Thriller,17,3.72,151
Comedy|Mystery|Thriller,4,4.22,41
Comedy|Drama|Western,7,4.0,92
Comedy|Crime|Fantasy,4,3.04,195
Action|Adventure|Fantasy|Sci-Fi,15,3.91,182
Adventure|Sci-Fi,1,3.2,115
Horror|Mystery|Thriller,16,3.13,67
Action|Adventure|Thriller,1,3.18,428
Action|Adventure|Children's|Comedy,20,2.07,28
Adventure|Comedy|Romance,12,2.79,28
Action|Mystery|Romance|Thriller,3,3.56,18
Film-Noir|Romance|Thriller,8,3.0,1
Crime|Drama|Romance|Thriller,11,3.67,27
Action|Adventure|Mystery|Sci-Fi,1,1.86,42
Action|Crime,13,3.0,24
Adventure|Crime|Sci-Fi|Thriller,14,3.37,27
Adventure|Animation|Children's|Comedy|Musical,6,3.5,16
Animation|Comedy|Thriller,0,4.51,83
Animation|Comedy|Thriller,15,4.52,25
Comedy|Fantasy|Romance|Sci-Fi,5,3.5,22
Crime|Drama|Mystery,9,3.25,4
Mystery|Romance|Thriller,9,3.64,11
Crime|Drama,3,3.98,373
Drama|Thriller,7,3.81,2050
Action|Adventure|Animation,2,4.26,19
Children's|Comedy,2,3.07,355
Drama|Sci-Fi|Thriller,4,3.53,242
Action|Adventure|Children's|Fantasy,19,1.0,2
Children's|Comedy|Drama,10,3.32,81
Film-Noir|Mystery|Thriller,6,4.22,67
Action|Adventure|Romance|Sci-Fi|War,0,4.02,310
Action|Adventure|Comedy,3,3.18,68
Comedy|Crime|Fantasy,11,3.0,14
Action|Comedy|Sci-Fi|Thriller,3,3.26,46
Action|Crime|Sci-Fi,6,3.03,75
Adventure|Drama|Western,14,4.01,77
Children's,17,3.45,22
Children's|Comedy|Western,17,3.0,26
Action|Comedy|Crime|Horror|Thriller,20,2.88,51
Animation|Sci-Fi,5,4.08,13
Action|Comedy|War,7,3.52,101
Action|Adventure|War,13,3.67,9
Action|Adventure|Sci-Fi|War,10,3.13,32
Fantasy|Sci-Fi,5,3.29,21
Musical|Romance,1,4.02,363
Crime|Drama,20,3.82,765
Horror|Sci-Fi,14,3.15,362
Comedy|Horror,2,3.36,467
Crime|Drama|Romance,16,3.52,31
Adventure|Thriller,9,3.91,11
Action|Adventure|Comedy|Horror|Sci-Fi,4,3.8,157
Comedy|Crime|Fantasy,17,3.38,88
Animation|Children's|Drama|Fantasy,9,2.0,3
Adventure|Drama,16,3.76,84
Action|Adventure|Drama|Romance,16,3.0,18
Action|Drama|Thriller,10,2.98,44
Animation|Children's|Comedy|Musical|Romance,3,3.98,66
Mystery|Sci-Fi,13,3.71,7
Drama|Film-Noir|Thriller,17,3.67,3
Fantasy|Sci-Fi,2,3.42,36
Comedy|Romance,7,3.55,4285
Comedy|Romance,17,3.62,2510
Action|Adventure|Horror,16,3.49,109
Action|Sci-Fi,20,3.15,713
Animation|Children's|Musical,15,3.8,181
Animation|Children's|Musical,7,3.79,637
Adventure|Animation|Children's|Comedy|Fantasy,9,3.22,9
Children's|Comedy|Drama,6,3.95,74
Mystery|Thriller,10,4.07,108
Comedy|Mystery,1,3.2,99
Children's,0,2.82,39
Action|Adventure|Romance|Sci-Fi|War,3,4.1,70
Action|Horror|Sci-Fi|Thriller,2,3.91,165
Action|Sci-Fi|Thriller,15,3.7,365
Action|Horror|Thriller,18,3.12,17
Children's|Horror,7,3.44,25
Children's|Musical,14,3.5,10
Romance|Thriller,6,4.0,17
Comedy|Sci-Fi|Western,11,3.39,18
War,8,4.0,2
Adventure|Animation|Children's|Sci-Fi,6,3.43,14
Crime|Drama|Film-Noir,8,3.5,2
Comedy|Fantasy|Romance,15,3.42,24
Action|Adventure|Drama|Sci-Fi|War,20,4.26,153
Adventure|Crime|Sci-Fi|Thriller,15,3.5,12
Action|Adventure|Sci-Fi|War,6,3.29,35
Children's|Fantasy|Sci-Fi,7,3.45,65
Action|Adventure|Comedy|Sci-Fi,4,3.64,350
Comedy|Documentary,13,3.73,15
Action|Adventure|Horror,6,3.42,67
Action|Crime|Drama,5,4.11,147
Horror|Romance,1,3.25,126
Horror|Romance,4,3.51,335
Horror|Romance,0,3.42,253
Comedy|Romance,19,3.4,596
Comedy|Drama|Romance,12,3.69,505
Action|Adventure,6,3.72,375
Thriller,1,3.53,1444
Film-Noir|Mystery|Thriller,18,3.91,23
Adventure|Children's|Fantasy|Sci-Fi,11,3.07,14
Action|Crime,17,3.06,221
Action|Comedy,2,2.79,182
Crime|Film-Noir|Thriller,6,3.7,44
Comedy|Documentary,4,4.12,152
Musical|Romance|War,7,3.78,27
Action|Adventure|Drama|Romance,15,3.0,7
Action|Adventure|Drama,1,3.46,127
Action|Adventure|Fantasy,2,3.18,97
Action|Children's|Fantasy,4,2.47,246
Musical|War,13,4.36,14
Adventure|Sci-Fi|Thriller,11,3.11,9
Animation,11,4.57,7
Action|Sci-Fi|Thriller|War,3,4.18,44
Action|Adventure|Drama|Sci-Fi|War,10,4.21,85
Action|Adventure|Children's|Sci-Fi,15,1.86,7
Horror|Thriller,12,3.29,408
Comedy|Drama,11,3.74,965
Comedy|Sci-Fi,19,3.44,153
Comedy|Romance,5,3.41,758
Mystery,7,3.6,111
Action|Western,17,4.18,119
Comedy|Romance|Thriller,8,4.2,5
Action|Drama|Thriller,11,2.79,19
Action|Drama|Thriller,20,2.76,70
Action|Adventure|Romance|Sci-Fi|War,1,3.81,229
Action|Adventure|Comedy,4,3.13,333
Drama|Musical,11,3.48,40
Drama|Musical,9,3.37,27
Adventure|Comedy,6,3.04,77
Action|Drama|Thriller,4,3.1,190
Action|Adventure|Thriller,9,3.78,65
Action|Drama|Romance|Thriller,4,2.46,80
Film-Noir|Sci-Fi|Thriller,13,3.8,5
Drama|Sci-Fi,10,3.85,126
Action|Horror|Thriller,15,3.33,18
Animation|Children's|Fantasy|Musical,8,3.0,1
Musical|War,17,3.85,26
Adventure|Animation|Children's|Musical,15,2.93,15
Action|Adventure|Romance|Thriller,20,2.56,63
Adventure|Animation|Children's|Sci-Fi,14,3.4,15
Action|Adventure|Western,16,2.73,22
Action|Crime|Mystery|Thriller,10,3.53,15
Crime|Film-Noir|Mystery,0,4.29,41
Drama|Romance|Thriller,15,4.19,31
Comedy|Crime,14,3.62,276
Children's|Comedy,3,3.28,294
Musical,15,3.84,58
Drama|War,1,4.08,1420
Film-Noir|Thriller,17,4.19,118
Romance,16,3.63,98
Action|Adventure|Comedy|War,0,2.3,37
Action|Comedy|Crime|Drama,0,3.55,575
Adventure|Children's|Comedy|Fantasy|Sci-Fi,16,2.94,48
Children's|Drama,0,3.66,216
Adventure|Animation|Film-Noir,8,3.33,3
Action|Adventure|Romance,18,3.31,13
Children's|Drama|Fantasy,11,4.5,2
Action|Adventure|Animation|Horror|Sci-Fi,3,2.88,16
Animation|Children's|Comedy|Musical|Romance,18,3.81,16
Comedy|Sci-Fi|Western,2,3.02,50
Action|Comedy|Drama,4,3.72,223
Comedy|Drama|Thriller,7,3.38,8
Film-Noir|Mystery,20,4.29,131
Crime|Film-Noir|Mystery|Thriller,12,4.17,152
Film-Noir|Sci-Fi,0,4.24,198
Action|Adventure|Children's|Sci-Fi,16,1.63,8
Fantasy|Sci-Fi,14,3.64,36
Horror,20,3.09,1308
Animation|Children's|Comedy,12,4.03,531
Animation|Comedy,2,4.04,207
Comedy|Crime|Thriller,15,4.04,24
Comedy|Drama|Romance,11,3.68,257
Drama|Thriller,5,3.8,342
Romance|War,17,3.67,6
Adventure|Children's|Comedy|Fantasy,4,3.79,199
Adventure|Children's|Drama,4,2.15,97
Action|Comedy|Sci-Fi|War,15,2.69,29
Action|Thriller,11,3.54,483
Action|Romance|Thriller,11,3.27,74
Action|Adventure|Fantasy,1,3.09,128
Action|Children's|Fantasy,17,2.53,66
Drama|Western,6,3.81,31
Animation|Children's|Musical|Romance,9,3.45,11
Action|Crime|Sci-Fi,8,3.33,12
Action|Adventure|Crime,6,3.09,56
Crime|Drama|Film-Noir|Thriller,0,4.08,53
Crime|Drama|Film-Noir|Thriller,2,4.22,23
Action|Sci-Fi|Thriller|War,15,4.16,56
Sci-Fi|War,2,4.46,67
Crime|Drama|Romance|Thriller,3,4.07,55
Adventure|Drama|Thriller,16,3.71,21
Action|Adventure|Crime|Thriller,7,3.06,16
Crime|Horror|Thriller,19,2.43,7
Action|Adventure|Western,2,2.89,18
Action|Crime|Mystery|Thriller,9,2.5,2
Drama|Romance|Thriller,1,3.99,147
Crime|Drama|Mystery,12,3.55,22
Animation|Children's,2,3.4,409
Adventure,7,3.65,229
Animation|Comedy,20,4.04,228
Drama|Sci-Fi|Thriller,20,3.44,87
Action|Thriller,0,3.44,3380
Film-Noir|Mystery|Thriller,9,3.81,16
Drama|Mystery,17,3.72,302
Comedy|Documentary,8,3.5,2
Action|Sci-Fi|Thriller,1,3.49,987
Action|Adventure|Drama|Thriller,3,3.0,8
Action|Thriller|War,9,3.4,5
Action|Adventure|Drama|Thriller,8,4.0,3
Adventure|Romance|Sci-Fi,1,3.12,34
Adventure|Children's|Comedy|Fantasy|Romance,10,2.65,31
Action|Romance|Sci-Fi,4,3.09,64
Adventure|Musical,14,3.5,10
Action|Adventure|Crime|Drama,6,3.64,44
Children's|Drama|Fantasy|Sci-Fi,10,3.55,71
Action|Drama|Mystery,19,4.0,2
Action|Adventure|Sci-Fi|Thriller,1,3.23,560
Animation|Children's|Comedy,20,3.76,433
Musical|Romance,13,4.2,82
Drama,1,3.79,11919
Comedy|Sci-Fi,10,3.72,218
Western,4,3.86,477
Drama|Horror,14,3.17,156
Action|Romance|Thriller,2,3.45,230
Comedy|Horror|Thriller,12,3.16,38
Musical|Romance|War,9,3.88,8
Action|Crime|Thriller,4,3.57,419
Adventure|Romance|Sci-Fi,7,2.98,47
Drama|Romance|War|Western,17,3.53,49
Action|Romance|Sci-Fi,6,3.45,22
Adventure|Drama|Western,18,4.11,19
Action|Comedy|Romance|Thriller,17,2.85,33
Action|Adventure|Children's|Comedy,19,1.67,9
Action|Comedy|Crime,2,4.2,5
Action|Comedy|Crime|Horror|Thriller,7,3.41,95
Action|Adventure|Crime|Thriller,2,2.63,8
Action|Adventure|Drama|Sci-Fi|War,14,4.32,146
Action|Adventure|Sci-Fi|War,17,3.34,113
Mystery|Romance|Thriller,17,3.52,60
Musical|Romance,3,4.22,129
Drama|Romance|War,17,3.94,427
Comedy|Mystery|Thriller,20,4.26,47
Action|Crime,0,3.01,374
Comedy|Mystery,10,3.9,20
Action|Adventure|Mystery,15,3.7,40
Action|Adventure|Fantasy|Sci-Fi,1,3.85,496
Comedy|Documentary,6,3.87,45
Children's|Drama,2,3.55,78
Comedy|Musical|Romance,6,3.55,73
Action|Adventure|Drama,2,3.09,70
Drama|Romance|War|Western,3,3.48,27
Drama|Romance|War|Western,15,3.17,18
Adventure|Drama|Romance,4,2.63,32
Adventure|Drama|Romance,5,2.53,19
Drama|Musical|War,20,3.31,26
Animation|Children's|Comedy|Musical|Romance,6,3.77,77
Drama|Mystery|Romance,6,3.86,21
Adventure|Children's|Sci-Fi,0,2.8,123
Action|Sci-Fi|Thriller|War,11,4.03,40
Action|Crime|Drama|Thriller,14,3.97,58
Adventure|Comedy|Musical,20,2.52,31
Action|Crime|Mystery|Thriller,18,2.75,8
Crime|Drama|Mystery|Thriller,6,3.46,24
Action|Adventure|Sci-Fi,14,3.38,834
Crime|Thriller,3,3.91,258
Action,12,3.49,676
Action|Adventure|Children's|Fantasy,5,3.0,2
Adventure|Children's|Fantasy,0,3.24,551
Comedy|Thriller,17,3.29,97
Comedy|Romance|Thriller,20,3.4,123
Adventure|Thriller,18,3.88,17
Action|Adventure|Comedy|Horror|Sci-Fi,20,3.65,54
Action|Horror|Sci-Fi|Thriller,18,4.08,53
Crime|Drama|Thriller,2,3.97,193
Animation|Children's|Drama|Fantasy,4,3.97,31
Action|Adventure|Drama|Romance,9,3.5,6
Action|Adventure|Drama,5,3.38,37
Comedy|Western,16,3.46,135
Action|Comedy|Romance|Thriller,0,2.71,59
Adventure|Sci-Fi|Thriller,17,2.64,66
Comedy|Crime|Horror,16,2.73,15
Adventure|Animation|Sci-Fi,13,3.25,4
Adventure|Animation|Sci-Fi,9,4.0,4
Action|Adventure|Mystery|Sci-Fi,0,2.23,80
Action|Comedy|War,9,3.63,8
Sci-Fi|Thriller|War,5,3.75,8
Comedy|Horror|Musical,10,3.15,20
Adventure|Comedy|Sci-Fi,1,3.69,194
Musical|Romance,20,4.07,208
Comedy|Romance,8,3.58,99
Comedy|Drama|Romance,3,3.65,410
Action|Romance|Thriller,5,3.46,118
Drama|Thriller,9,3.87,191
Mystery,16,3.74,53
Film-Noir|Thriller,10,4.32,25
Action|Adventure|Romance|Sci-Fi|War,2,3.97,120
Drama|Mystery,20,3.7,377
Documentary,3,3.87,227
Western,20,3.88,340
Comedy|Drama|Musical,13,3.91,11
Action|Thriller|War,2,3.0,15
Action|Adventure|Fantasy,5,3.26,57
Documentary|Drama,9,3.67,3
Animation|Children's|Fantasy|Musical,9,4.4,10
Drama|Thriller|War,1,3.8,88
Action|Drama|Fantasy|Romance,14,3.85,33
Crime|Drama|Thriller,11,3.95,96
Romance|Thriller,10,3.56,16
Animation|Children's|Comedy|Romance,0,3.22,18
Adventure|Animation|Children's|Sci-Fi,4,3.4,53
Film-Noir|Mystery,6,4.26,70
Adventure|Comedy|Musical,17,2.49,35
Adventure|Comedy|Musical,7,2.54,50
Drama|Romance,7,3.61,3121
Action|Adventure|Sci-Fi|Thriller,9,3.69,49
Comedy|Drama,14,3.81,2134
Horror|Romance,2,3.37,107
Adventure,2,3.73,71
Drama|Romance|War,13,4.27,176
Adventure|Animation|Children's|Musical,11,3.5,10
Children's|Comedy|Fantasy,3,3.34,47
Adventure|Drama,3,3.34,47
Action|Drama,5,3.63,288
Drama|Musical,3,3.41,91
Comedy|Musical,2,3.63,191
Action|Crime|Thriller,11,3.44,68
Action|Adventure|Fantasy,4,3.21,286
Action|Crime|Sci-Fi,4,3.16,334
Action|Drama|Romance|Thriller,13,2.86,7
Documentary|Musical,2,2.81,16
Action|Children's,1,1.5,18
Crime|Film-Noir|Thriller,10,4.13,8
Action|Adventure|Thriller,5,3.44,148
Action|Horror|Thriller,8,3.0,4
Comedy|Musical,4,3.48,288
Adventure|Sci-Fi|Thriller,13,2.82,11
Film-Noir|Romance|Thriller,6,4.14,14
Crime|Drama|Film-Noir,17,3.6,75
Children's|Horror,12,3.58,12
Comedy|Crime|Horror,15,2.67,3
Comedy|Sci-Fi|Western,10,3.42,45
Adventure|Animation|Children's,18,3.67,3
Crime|Horror|Thriller,14,2.13,8
Action|Drama|Mystery|Romance|Thriller,15,4.0,7
Adventure|Crime|Sci-Fi|Thriller,16,3.5,14
Adventure|Animation|Children's|Comedy|Musical,1,3.33,40
Animation|Comedy|Thriller,8,4.0,2
Crime|Drama|Mystery,13,3.0,8
Action|Adventure|Sci-Fi|Thriller,17,3.49,819
Action|Adventure|Sci-Fi|Thriller,12,3.43,612
Crime|Drama,18,3.83,165
Action|Sci-Fi,6,3.14,444
Crime|Drama,15,3.83,257
Drama|Thriller,12,3.89,1014
Comedy|Crime|Thriller,0,3.7,145
Children's|Comedy|Drama,3,3.97,66
Children's|Comedy|Drama,16,3.81,85
Drama|Romance|War,16,4.01,353
Film-Noir|Mystery|Thriller,12,4.11,114
Adventure|Thriller,3,3.79,29
Action|Adventure|Comedy,12,3.3,140
Adventure|Children's|Comedy|Fantasy,18,3.67,21
Action|Adventure|Fantasy|Sci-Fi,18,4.01,69
Action|Adventure|Comedy|Crime,15,3.44,52
Action|Romance|Thriller,12,3.46,305
Action|Drama,20,3.3,559
Adventure|Children's|Drama,20,2.35,60
Action|Children's|Fantasy,20,2.31,39
Action|Adventure|Thriller,3,3.51,162
Film-Noir|Mystery|Thriller,11,4.09,55
Action|Comedy|Crime|Drama,20,3.3,199
Action|Crime|Drama|Thriller,3,4.0,24
Action|Adventure|Animation|Children's|Fantasy,12,2.6,5
Action|Adventure|Crime|Drama,5,3.66,35
Adventure|War,4,4.35,142
Comedy|Drama|Sci-Fi,16,3.33,15
Fantasy|Sci-Fi,0,3.38,98
Drama|Mystery|Romance,0,3.29,90
Animation|Children's|Musical,20,3.7,512
Sci-Fi,20,3.76,334
Horror,11,3.05,363
Drama|Romance|War,1,3.99,739
Adventure|Children's|Fantasy,12,3.36,206
Action|Sci-Fi|War,17,3.67,230
Comedy|Romance|Thriller,7,3.56,230
Action|Crime,7,2.93,306
Adventure|Children's|Comedy|Fantasy,9,4.0,16
Action|Comedy|Sci-Fi|Thriller,11,3.0,23
Action|Adventure|Thriller,10,3.64,192
Drama|Film-Noir,18,3.44,9
Action|Crime|Sci-Fi,10,2.77,39
Adventure|Animation|Film-Noir,18,3.45,20
Action|Adventure|Crime,14,3.02,100
Action|Comedy|Musical|Sci-Fi,16,3.06,16
Drama|Fantasy|Romance|Thriller,2,3.87,47
Children's|Musical,11,4.25,4
Animation|Sci-Fi,7,3.73,22
Crime|Horror|Thriller,7,3.0,25
Action|Comedy|Fantasy,11,2.6,5
Film-Noir|Sci-Fi,11,4.38,47
Action|Adventure|Horror|Thriller,19,3.18,11
Musical|Romance,17,3.9,167
Drama|Romance,4,3.57,3669
Action|Adventure|Sci-Fi,16,3.49,821
Drama|Romance,19,3.38,386
Horror|Sci-Fi,18,3.3,158
Adventure,11,3.69,59
Action|Drama|War,17,4.14,1023
Comedy|Mystery|Romance,4,3.17,6
Comedy|Mystery,3,3.38,37
Adventure|Thriller,4,3.77,98
Action|Adventure|Comedy|Horror|Sci-Fi,7,3.88,76
Adventure,6,3.76,63
Comedy|Crime|Fantasy,19,3.33,18
Comedy|Musical,0,3.66,393
Adventure|Sci-Fi,4,3.24,194
Animation|Children's|Drama|Fantasy,11,3.67,3
Action|Thriller|War,0,2.89,54
Drama|Film-Noir,14,4.3,23
Drama|Romance|War|Western,4,3.39,96
Film-Noir|Sci-Fi|Thriller,1,3.68,57
Action|Romance|Sci-Fi,9,3.0,5
Crime|Drama|Film-Noir|Thriller,13,4.11,19
Action|Horror|Thriller,3,2.76,17
Action|Drama|Fantasy|Romance,6,4.0,34
Crime|Drama|Film-Noir,4,3.56,66
Crime|Drama|Romance|Thriller,14,3.78,92
Children's|Sci-Fi,17,2.85,13
Comedy|Romance|War,7,4.23,214
Children's,8,2.0,2
Action|Adventure|Horror|Thriller,14,3.42,50
Children's|Drama|Fantasy|Sci-Fi,5,4.0,40
Comedy|Crime,5,3.61,109
Children's|Comedy|Mystery,8,2.0,1
Documentary,20,4.01,608
Action|Romance|Thriller,3,3.44,151
Children's|Comedy,0,3.08,1248
Mystery|Thriller,11,3.99,136
Film-Noir|Mystery|Thriller,14,3.98,100
Drama|Mystery,3,3.82,168
Action|Drama,11,3.43,221
Drama|Mystery|Sci-Fi|Thriller,19,4.08,25
Action|Sci-Fi|Thriller,6,3.62,431
Adventure|Children's|Comedy|Fantasy|Sci-Fi,7,2.94,95
Crime|Film-Noir|Mystery|Thriller,16,4.11,121
Action|Drama|Romance|Thriller,5,2.76,17
Action|Drama|Romance|Thriller,8,3.25,4
Adventure|Drama,19,3.19,21
Crime|Drama|Sci-Fi,0,3.47,193
Action|Comedy|Romance|Thriller,20,2.68,19
Action|Children's,19,1.14,7
Adventure|Fantasy|Romance,16,3.43,37
Children's|Musical,2,3.43,21
Children's|Horror,6,4.5,4
Children's|Musical,9,3.6,5
Sci-Fi|War,11,4.54,37
Animation|Sci-Fi,10,4.09,11
Action|Comedy|War,17,3.61,95
Animation|Comedy|Thriller,2,4.67,39
Drama|Romance,1,3.61,3328
Adventure|Fantasy|Sci-Fi,8,3.2,5
Mystery,14,3.79,53
Drama|Romance|War,10,4.06,80
Action|Western,11,4.13,32
Adventure|Animation|Children's|Musical,17,3.65,37
Action,8,3.23,57
Comedy|Mystery|Thriller,14,3.91,23
Action|Crime|Romance,0,3.91,349
Action|Adventure|Romance,3,3.41,41
Action|Adventure|Romance,0,3.3,153
Action|Horror|Sci-Fi|Thriller,8,3.36,11
Action|Adventure|Fantasy|Sci-Fi,19,3.66,85
Film-Noir,9,3.8,5
Drama|Romance|Thriller,4,3.72,106
Adventure|Sci-Fi,18,3.07,28
Children's|Drama,8,3.29,7
Adventure|Comedy,12,3.32,117
Action|Comedy|Sci-Fi|Thriller,19,2.9,20
Adventure|Children's|Drama,19,1.92,13
Action|Children's|Fantasy,11,2.67,6
Adventure|Drama|Romance|Sci-Fi,17,3.45,101
Action|Adventure|Thriller,8,3.43,21
Animation|Children's|Musical|Romance,16,3.2,10
Adventure|Children's|Comedy|Fantasy|Romance,3,2.5,2
Adventure|Animation|Film-Noir,14,3.64,86
Drama|Sci-Fi,13,3.97,77
Adventure|Fantasy|Romance,3,3.41,29
Action|Adventure|Romance|Thriller,6,3.11,61
Adventure|Animation|Sci-Fi,19,3.55,11
Crime|Mystery,10,3.33,3
Action|Adventure|Crime|Thriller,6,3.25,4
Comedy|Horror|Thriller,18,3.0,7
Comedy|Horror|Musical|Sci-Fi,1,3.2,102
Action|Adventure|Comedy|Sci-Fi,12,3.78,191
Action|Adventure|Comedy|Sci-Fi,11,3.91,44
Animation|Children's|Comedy,19,3.59,96
Action|Adventure|Sci-Fi,18,3.34,203
Animation|Children's,6,3.54,316
Adventure|Animation|Children's|Comedy|Fantasy,17,2.85,40
Action|War,6,3.07,89
Comedy|Fantasy,6,3.72,127
Horror|Sci-Fi|Thriller,2,2.26,68
Drama|Romance|War,12,3.98,366
Thriller,13,3.83,232
Animation|Musical,6,3.7,46
Action|Crime|Thriller,12,3.63,183
Action|Comedy|Sci-Fi|Thriller,6,3.11,47
Action|Adventure|Drama|Romance,5,3.86,7
Adventure|Children's|Drama|Musical,17,4.17,123
Children's|Comedy|Musical,3,4.04,69
Comedy|Crime|Drama|Mystery,1,2.97,60
Documentary|Musical,0,3.3,33
Action|Adventure|Thriller,15,3.44,140
Animation|Children's|Fantasy|Musical,17,3.74,35
Action|Adventure|Children's|Comedy,7,2.41,49
Romance|Thriller,18,2.5,4
Action|Drama|Sci-Fi|Thriller,6,3.0,31
Action|Drama|Sci-Fi|Thriller,20,2.88,34
Sci-Fi|War,18,4.55,11
Crime|Drama|Film-Noir,12,3.74,42
Comedy|Fantasy|Romance,3,3.62,39
Crime|Horror|Thriller,18,2.5,8
Action|Sci-Fi|Thriller|Western,15,3.41,22
Action|Comedy|War,15,3.5,18
Action|Adventure|War,14,3.61,18
Crime|Horror|Mystery|Thriller,3,3.25,24
Action|Adventure|Sci-Fi|Thriller,4,3.23,1043
Crime|Horror|Mystery|Thriller,11,3.21,19
Crime|Drama,9,3.73,114
Action|Romance|Thriller,20,3.03,208
Sci-Fi,17,3.61,473
Adventure|Animation|Children's|Musical,2,3.0,27
Action,16,3.44,676
Animation|Musical,18,3.18,11
Action|Adventure|Mystery,17,3.41,170
Drama|Mystery|Sci-Fi|Thriller,5,3.83,30
Action|Adventure|Comedy|Romance,6,3.99,203
Children's|Comedy|Sci-Fi,3,2.64,14
Comedy|Musical|Romance,1,3.5,230
Children's|Drama,15,3.79,33
Action|Horror|Thriller,7,3.43,65
Action|Mystery|Thriller,20,3.09,33
Children's|Comedy|Western,4,2.66,32
Sci-Fi|War,15,4.53,51
Action|Comedy|Crime|Drama,16,3.53,193
Action|Comedy|Drama,12,3.53,87
Action|Drama|Western,1,2.4,15
Mystery|Romance|Thriller,2,3.62,60
Horror,18,3.21,644
Children's|Drama,17,3.71,103
Musical|Romance,6,3.93,131
Animation|Musical,16,3.52,58
Adventure|Children's|Fantasy|Sci-Fi,1,3.56,73
Crime|Thriller,13,3.97,69
Adventure|Children's|Comedy,12,3.0,30
Adventure|Children's|Drama|Musical,2,4.51,98
Film-Noir|Sci-Fi|Thriller,2,3.8,49
Action|Comedy|Musical,8,4.0,7
Action|Adventure|Crime,20,2.52,79
Crime|Film-Noir|Thriller,19,4.06,17
Crime|Horror,2,3.5,18
Romance|Thriller,0,3.79,72
Sci-Fi|War,4,4.47,154
Children's|Sci-Fi,20,2.43,7
Adventure|Drama|Thriller,13,4.25,8
Action|Adventure|Western,18,2.43,7
Comedy|Crime|Drama,13,3.39,18
Action|Crime|Mystery|Thriller,19,2.6,5
Action|Comedy|War,13,3.64,11
Crime|Film-Noir|Mystery,1,4.38,37
Crime|Drama|Mystery|Thriller,13,2.67,3
Comedy|Horror|Musical,11,3.28,18
Adventure|Children's|Romance,19,1.5,2
Mystery|Thriller,6,3.94,254
Action|Comedy,14,2.77,212
Action|Comedy|Musical,2,3.63,70
Action,3,3.47,318
Action|Adventure|Romance|Sci-Fi|War,4,4.09,421
Action|Crime|Romance,16,4.0,89
Action|Horror|Sci-Fi|Thriller,14,3.89,180
Action|Romance|Thriller,1,3.13,328
Action|Adventure|Romance|War,15,4.0,32
Children's|Comedy|Musical,6,3.84,70
Action|Adventure|Animation|Horror|Sci-Fi,17,3.64,66
Adventure|Children's|Sci-Fi,4,3.02,172
Action|Mystery|Thriller,11,2.79,14
Comedy|Musical,16,3.68,159
Comedy|Horror|Sci-Fi,14,2.0,3
Comedy|Horror|Musical|Sci-Fi,4,3.26,152
Musical|Romance,9,4.27,83
Drama|Thriller,6,3.94,741
Adventure,18,3.6,25
Animation|Comedy,11,4.0,57
Children's|Comedy,9,3.27,195
Action|Sci-Fi|War,20,3.25,110
Action|Western,16,3.88,66
Adventure|Animation|Sci-Fi|Thriller,17,4.13,46
Adventure|Animation|Children's|Musical,10,3.42,19
Adventure|Thriller,14,4.2,50
Animation|Musical,0,3.49,142
Comedy|War,3,3.89,87
Adventure|Children's|Comedy|Fantasy,12,3.69,93
Horror|Romance,13,3.08,12
Drama|Sci-Fi,14,3.85,296
Horror|Thriller,10,3.1,265
Action|Romance|Thriller,18,3.3,53
Action|Crime|Sci-Fi,1,3.07,159
Adventure|Children's|Comedy|Fantasy|Romance,11,2.0,3
Drama|Fantasy|Romance|Thriller,15,3.93,14
Drama|Western,5,3.59,17
Crime|Drama|Film-Noir,5,3.58,19
Comedy|Crime|Drama,6,3.92,37
Adventure|Comedy|Musical,12,2.65,20
Action|Comedy|Fantasy,1,2.42,19
Action|Adventure|Drama|Sci-Fi|War,1,4.15,247
Action|Adventure|Children's|Sci-Fi,0,1.92,51
Action|Drama|Mystery|Romance|Thriller,11,4.0,11
Crime|Drama|Mystery|Thriller,7,3.58,71
Comedy|Horror|Musical|Sci-Fi,7,3.29,144
Action|Adventure|Horror,15,3.29,45
Action|Sci-Fi,4,3.16,1890
Action|Crime|Drama,13,4.09,110
Animation|Children's,11,3.7,128
Drama|Mystery|Romance,17,3.28,40
Horror,3,3.18,625
Drama|Horror|Thriller,2,3.73,11
Comedy|Mystery|Romance,12,3.0,2
Mystery|Thriller,0,3.81,853
Crime|Film-Noir,6,4.11,36
Action|Western,0,4.19,161
Adventure|Animation|Children's|Musical,8,3.0,2
Children's|Comedy|Fantasy,5,3.25,32
Drama|Mystery|Thriller,6,3.72,79
Adventure|Sci-Fi,2,3.49,86
Action|Romance,8,3.56,9
Animation|Children's|Musical|Romance,17,2.86,21
Adventure|Children's|Comedy|Fantasy|Romance,4,2.08,24
Film-Noir|Sci-Fi|Thriller,0,3.76,98
Documentary|Drama,2,4.2,10
Comedy|Horror|Musical|Sci-Fi,14,3.4,50
Adventure|Fantasy|Sci-Fi,13,3.38,13
Adventure|Musical,1,3.15,26
Comedy|Musical,11,3.61,82
Adventure|Sci-Fi|Thriller,3,2.46,13
Adventure|Sci-Fi|Thriller,6,2.29,17
Mystery|Sci-Fi,7,3.47,57
Drama|Fantasy,8,1.5,2
Documentary|War,1,4.06,17
Action|Sci-Fi|Thriller|Western,7,3.49,94
Action|Sci-Fi|Thriller|Western,16,3.31,39
Action|Adventure|Children's|Sci-Fi,8,5.0,1
Comedy|Drama|War,19,3.42,26
Action|Adventure|War,7,3.69,58
Action|Drama|Western,18,2.67,3
Action|Adventure|Horror,4,3.43,253
Drama,12,3.85,5308
Crime|Drama,13,4.01,157
Adventure|Comedy|Drama,15,4.3,40
Action|Western,13,4.04,24
Children's|Comedy|Fantasy,17,3.24,104
Adventure|Thriller,0,3.78,126
Animation|Musical,9,3.29,14
Adventure|Children's|Fantasy|Sci-Fi,17,3.37,76
Action|Adventure|Romance|Sci-Fi|War,9,3.61,28
Action|Adventure|Comedy,19,2.77,35
Drama|Mystery|Sci-Fi|Thriller,15,4.19,58
Action|Adventure|Comedy|Romance,4,3.91,768
Action|Drama|Thriller|War,20,2.41,17
Action|Thriller|War,3,2.5,10
Action|Comedy|Crime|Drama,4,3.46,574
Drama|Sci-Fi,17,3.89,602
Crime|Film-Noir|Mystery|Thriller,11,4.19,67
Action|Adventure|Fantasy,17,3.36,197
Action|War,18,2.97,61
Children's|Comedy|Sci-Fi,16,2.53,17
Action|Adventure|Comedy|Horror,17,3.61,44
Adventure|Animation|Sci-Fi,20,3.34,29
Animation|Children's|Fantasy|War,6,3.09,11
Adventure|Comedy|Musical,14,2.7,27
Action|Comedy|Fantasy,6,3.2,15
Sci-Fi|Thriller|War,15,3.56,9
Comedy|Drama,4,3.73,5566
Crime,14,3.44,113
Action|Comedy,12,3.04,229
Drama|Western,0,3.71,113
Comedy|Crime|Thriller,9,3.75,8
Drama|Romance|War,20,3.92,398
Adventure|Animation|Sci-Fi|Thriller,0,3.91,56
Animation|Children's,18,3.78,67
Adventure|Animation|Children's|Musical,4,3.1,78
Crime|Film-Noir|Thriller,1,3.94,126
Action|Sci-Fi|Western,7,2.21,96
Comedy|Drama|Western,0,4.19,88
Documentary,16,3.97,335
Drama|Mystery|Sci-Fi|Thriller,20,4.31,100
Comedy|Thriller,19,3.44,25
Action|Crime|Sci-Fi,7,3.19,229
Film-Noir|Sci-Fi|Thriller,11,3.63,16
Action|Drama|Romance|Thriller,14,2.78,49
Action|Horror|Thriller,11,3.3,10
Adventure|Fantasy|Sci-Fi,14,4.0,44
Adventure|Sci-Fi|Thriller,18,2.75,12
Action|Sci-Fi|Thriller|War,13,3.62,21
Action|Comedy|Crime|Drama,10,3.56,73
Comedy|Drama|War,15,3.85,40
Adventure|War,16,4.42,106
Adventure|War,2,4.27,73
Crime|Film-Noir|Mystery,13,4.31,16
Animation|Comedy|Thriller,6,4.58,12
Children's|Drama|Fantasy|Sci-Fi,3,4.18,62
Horror|Thriller,17,3.18,588
Drama|Romance,0,3.6,3666
Drama,20,3.69,7828
Comedy|Drama,0,3.69,5445
Children's|Comedy|Mystery,17,3.21,19
Drama|War,14,4.15,688
Drama|Mystery|Thriller,20,3.51,102
Crime|Film-Noir|Thriller,3,3.9,42
Action|Adventure|Comedy|Romance,7,3.83,632
Action|Comedy|Crime|Drama,17,3.64,386
Comedy|Romance|Sci-Fi,20,3.57,7
Film-Noir|Sci-Fi|Thriller,19,4.2,15
Adventure|Drama|Western,4,3.81,170
Crime|Drama|Sci-Fi,6,3.67,61
Drama|Thriller|War,10,3.89,18
Romance|Thriller,7,4.0,45
Sci-Fi|War,3,4.44,32
Mystery|Sci-Fi,16,3.37,19
Action|Adventure|Mystery|Sci-Fi,18,2.0,6
Crime|Drama|Romance,13,4.11,18
Comedy|Horror|Thriller,2,3.12,34
Adventure|War,10,4.32,31
Comedy|Drama|Sci-Fi,7,2.85,39
Comedy|Fantasy|Romance|Sci-Fi,9,2.75,16
Mystery|Romance|Thriller,5,3.77,13
Action|Adventure|Animation,16,4.33,9
Horror|Romance,12,3.52,119
Action|Adventure|Comedy|War,19,1.8,5
Adventure|Children's|Fantasy|Sci-Fi,13,3.86,14
Drama|Horror,18,3.55,65
Action|Adventure|Comedy|Horror|Sci-Fi,5,3.85,27
Action|Adventure|Comedy|Crime,12,3.01,144
Action|Adventure|Comedy|Crime,17,3.18,221
Action|Comedy|Sci-Fi|War,4,2.98,152
Action|Children's|Fantasy,0,2.57,134
Action|Adventure|Romance|War,6,4.3,44
Adventure|Romance,3,2.86,14
Drama|Romance|War|Western,13,3.0,15
Action|Comedy|Musical,19,3.82,22
Drama|Sci-Fi,9,3.71,45
Animation|Children's|Comedy|Musical|Romance,7,3.78,151
Drama|Thriller|War,2,3.53,36
Film-Noir,20,4.25,84
Action|Mystery|Thriller,12,3.52,23
Romance|Thriller,1,4.09,70
Sci-Fi|War,17,4.23,112
Comedy|Romance|War,17,4.23,171
Drama|Fantasy,17,3.53,17
Adventure|Animation|Children's|Sci-Fi,2,3.5,22
Action|Crime|Drama|Thriller,1,3.85,96
Action|Adventure|Horror|Thriller,10,3.76,49
Action|Sci-Fi,15,3.23,387
Action|Horror|Sci-Fi,17,3.03,217
Action|Sci-Fi|War,11,3.55,40
Comedy|Mystery|Thriller,3,4.22,37
Action|Crime|Romance,3,4.01,78
Drama|Fantasy,0,3.41,41
Action|Mystery|Thriller,2,3.33,18
Action|Horror|Sci-Fi,6,2.86,51
Drama|Film-Noir,20,4.21,63
Animation|Children's|Musical|Romance,11,2.5,6
Drama|Sci-Fi,18,3.79,66
Adventure|Musical,7,3.17,23
Animation|Children's|Fantasy|War,4,2.63,65
Sci-Fi|Thriller|War,7,3.46,26
Children's|Fantasy|Sci-Fi,20,3.8,40
Animation|Children's|Comedy|Romance,20,2.89,9
Crime|Drama,16,3.95,572
Adventure|Children's,7,3.11,177
Horror|Romance,10,3.9,60
Crime|Thriller,0,3.89,964
Romance,9,3.68,41
Adventure|Children's|Romance,11,3.67,3
Animation|Children's|Comedy,18,4.04,70
War,1,3.88,98
Action|Adventure|Comedy|Horror|Sci-Fi,12,3.93,95
Adventure|Children's|Comedy|Fantasy,7,3.74,149
Action|Sci-Fi|Thriller,20,3.49,638
Action|Romance,18,3.63,19
Comedy|Romance|Sci-Fi,8,4.0,1
Drama|Film-Noir,6,4.17,24
Adventure|Children's|Comedy,4,2.48,106
Adventure|Drama|Romance,2,2.29,17
Action|Adventure|Crime,13,3.0,8
Comedy|Mystery,5,2.95,22
Animation|Children's|Fantasy|Musical,2,3.46,37
Crime|Drama|Mystery,20,3.31,32
Crime|Drama|Mystery,17,3.26,35
Drama|Thriller|War,18,3.6,10
Action|Animation|Children's|Sci-Fi|Thriller|War,1,2.83,6
Action|Animation|Children's|Sci-Fi|Thriller|War,20,3.45,11
Action|Adventure|Romance|Thriller,1,2.74,121
Adventure|Animation|Sci-Fi,4,3.55,91
Comedy,0,3.45,15260
Crime|Drama|Thriller,6,4.1,162
Drama|Thriller,0,3.74,2276
Adventure,4,3.36,137
Animation|Children's|Comedy|Musical,4,3.72,356
Sci-Fi|Thriller,2,3.14,202
Comedy|Crime|Fantasy,13,3.38,8
Action|Romance,11,3.45,40
Adventure|Children's|Drama,11,1.75,12
Comedy|Western,6,3.59,88
Action|Adventure|Crime,18,2.92,26
Action|Mystery|Romance|Thriller,19,3.57,14
Musical|War,14,4.2,15
Adventure|Sci-Fi|Thriller,19,2.36,11
Crime|Drama|Film-Noir,7,3.82,109
Action|Adventure|Children's,10,1.2,5
Action|Adventure|Comedy|Horror,18,3.9,10
Crime|Drama|Romance|Thriller,16,4.08,53
Action|Crime|Sci-Fi,19,3.16,38
Animation|Comedy,18,4.15,26
Comedy|Romance|Thriller,19,3.5,28
Adventure|Western,8,3.0,2
Action|Romance|War,7,3.86,111
Film-Noir|Sci-Fi,1,4.21,151
Documentary|Musical,7,3.63,19
Fantasy|Sci-Fi,13,3.44,9
Comedy|Horror|Musical,1,3.39,64
Action|Adventure|Comedy|Sci-Fi,18,3.58,31
Action|Sci-Fi,7,3.27,1530
Action|Crime|Drama,19,3.99,88
Documentary,15,4.02,126
Crime|Drama,10,4.08,156
Animation|Children's|Musical,18,3.81,62
Adventure|Fantasy|Sci-Fi,2,3.84,67
Comedy|Crime,8,4.1,10
Action|Comedy|Musical,10,3.4,30
Comedy|Thriller,12,3.52,83
Western,15,4.11,145
Action|Mystery|Sci-Fi|Thriller,16,2.58,26
Musical|Romance|War,13,4.33,9
Action|Comedy|Sci-Fi|Thriller,1,2.92,108
Comedy|Western,12,3.79,126
Adventure|Romance|Sci-Fi,6,3.6,15
Action|Romance|Sci-Fi,16,3.19,32
Adventure|Comedy|Romance,16,2.81,21
Adventure|Comedy|Romance,17,3.37,38
Comedy|Mystery,11,3.12,26
Adventure|Fantasy|Sci-Fi,17,3.8,105
Adventure|Musical,9,3.6,5
Children's|Horror,9,3.33,3
Action|Comedy|Drama,0,3.61,233
Action|Children's|Fantasy,15,2.3,23
Action|Adventure|Mystery|Sci-Fi,9,3.0,3
Action|Comedy|Crime|Horror|Thriller,6,3.32,25
Action|Adventure|Animation|Children's|Fantasy,10,2.87,23
Action|Drama|Romance,3,3.35,23
Adventure|Animation|Children's|Comedy|Musical,4,3.28,78
Sci-Fi|Thriller|War,4,3.0,13
Drama|Film-Noir|Thriller,9,4.0,1
Comedy|Fantasy|Romance|Sci-Fi,12,2.94,54
Comedy|Drama|Thriller,1,3.29,17
Children's|Fantasy|Sci-Fi,11,3.67,9
Comedy|Crime,0,3.56,643
Comedy|Drama|War,5,3.84,38
Adventure|Children's|Romance,1,3.44,18
Adventure|Thriller,1,3.7,91
Western,9,3.66,38
Comedy|Drama|Western,17,4.11,62
Action|Comedy,11,2.65,51
Action|Sci-Fi|Thriller,5,3.72,322
Action|Comedy|Sci-Fi|Thriller,8,2.6,5
Adventure|Drama|Romance|Sci-Fi,3,3.71,28
Adventure|Drama|Western,10,4.43,14
Action|Children's,2,1.56,16
Adventure|Children's|Comedy|Musical,0,3.18,34
Animation|Sci-Fi,8,3.67,3
Adventure|Fantasy|Romance,14,3.67,36
Romance|Thriller,9,3.8,10
Action|Adventure|Crime|Thriller,1,2.75,8
Action|Adventure|Crime|Drama,8,3.67,6
Action|Adventure|Sci-Fi|War,7,3.22,115
Adventure|Comedy|Sci-Fi,17,3.8,259
Animation|Children's|Comedy|Musical,10,3.64,105
Drama|Thriller,4,3.74,2338
Drama|Sci-Fi|Thriller,14,3.51,70
Action|Adventure|Children's|Fantasy,17,2.33,3
Action|Adventure,5,3.72,253
Comedy|Drama|Western,6,4.26,35
Drama|Sci-Fi,1,3.8,548
Adventure|Sci-Fi,3,3.6,47
Action|Thriller,15,3.57,582
Action|Thriller|War,19,2.67,6
Action|Crime|Thriller,8,3.5,14
Action|Adventure|Drama|Romance,0,2.94,49
Drama|Musical,19,3.32,50
Comedy|Western,5,3.38,73
Adventure|Romance|Sci-Fi,5,2.9,10
Drama|Film-Noir,13,4.56,16
Mystery|Sci-Fi,20,3.29,35
Action|Romance|Sci-Fi,0,3.39,79
Adventure|Comedy|Romance,1,3.08,39
Adventure|Drama|Western,3,3.76,41
Adventure|Fantasy|Sci-Fi,19,3.0,20
Musical|War,1,4.0,55
Adventure|Children's|Sci-Fi,9,3.2,5
Comedy|Romance|War,15,3.82,45
Action|Comedy|Drama,20,3.55,120
Action|Romance|War,10,3.93,14
Action|Sci-Fi|Thriller|Western,0,3.56,80
Action|Adventure|Children's|Sci-Fi,12,1.68,22
Sci-Fi|Thriller|War,17,3.1,29
Action|Drama|Western,8,3.0,1
Action|Adventure|Sci-Fi|Thriller,5,3.43,192
Animation|Children's,1,3.49,631
Adventure|War,0,4.42,173
Drama|War,17,4.12,984
Action|Romance|Thriller,7,3.42,556
Children's|Comedy,14,2.97,350
Action|War,1,2.9,223
Drama|Romance|War,11,4.06,173
Adventure|Animation|Children's|Musical,7,3.41,37
Comedy|Romance|Thriller,0,3.5,308
Action|Drama|Thriller,6,3.33,51
Animation|Comedy,3,4.05,85
Action|Drama,2,3.49,479
Comedy|Crime|Fantasy,1,3.2,86
Adventure|Children's|Comedy|Fantasy|Sci-Fi,19,2.68,19
Adventure|Drama,11,3.2,30
Adventure|Romance,0,3.03,67
Adventure|Romance,1,2.9,29
Documentary|Musical,16,3.08,12
Action|Comedy|Musical|Sci-Fi,12,3.12,34
Crime|Drama|Sci-Fi,13,3.25,16
Action|Comedy|Romance|Thriller,14,2.5,20
Adventure|Children's,15,3.4,40
Action|Adventure|Children's|Comedy,2,2.31,29
Action|Adventure|Romance|Thriller,14,2.95,102
Crime|Mystery,20,2.79,14
Children's|Sci-Fi,12,2.27,11
Action|Comedy|Drama,17,3.64,138
Adventure|Animation|Children's,3,2.67,6
Action|Comedy|Crime|Horror|Thriller,18,3.79,19
Action|Comedy|Drama,13,3.55,20
Animation|Children's|Fantasy|War,8,1.0,1
Action|Adventure|Crime|Drama,3,3.61,41
Action|Crime|Drama|Thriller,11,4.04,28
Action|Adventure|War,0,3.76,45
Adventure|War,8,4.0,4
Action|Drama|Western,2,3.25,8
Action|Drama|Mystery|Romance|Thriller,2,4.44,16
Crime|Drama,19,3.94,179
Action|Adventure|Animation,8,5.0,1
Adventure|Children's,17,3.24,143
Comedy|Fantasy,4,3.5,606
Adventure|Drama|Romance,20,2.29,28
Adventure|Animation|Children's|Comedy|Fantasy,2,2.15,26
Documentary,1,4.01,628
Action|Adventure|Children's|Fantasy,0,1.88,8
Children's|Comedy|Drama,19,3.67,27
Drama|Romance|War,19,3.97,74
Action|Sci-Fi|War,4,3.54,297
Mystery|Thriller,5,3.88,104
Comedy|Mystery|Thriller,11,4.46,24
Action|Adventure|Romance,17,3.65,93
Horror|Sci-Fi,1,2.99,515
Adventure|Children's|Comedy,13,2.22,9
Drama|Sci-Fi,4,3.74,742
Action|Sci-Fi|Thriller,0,3.63,1694
Adventure|Children's|Comedy|Fantasy|Sci-Fi,3,3.26,31
Action|Adventure|Drama,12,3.34,93
Action|Adventure|Romance|War,12,4.08,60
Action|Crime|Sci-Fi,15,3.41,63
Mystery|Romance|Thriller,16,3.56,45
Crime|Drama|Sci-Fi,8,3.33,3
Adventure|Children's|Comedy|Musical,3,3.5,6
Action|Adventure|Children's|Comedy,10,2.61,31
Action|Adventure|Children's|Comedy,14,1.81,16
Adventure|Sci-Fi|Thriller,8,3.33,3
Action|Mystery|Thriller,14,3.32,25
Mystery|Sci-Fi|Thriller,13,3.14,7
Film-Noir|Sci-Fi,19,4.15,26
Action|Adventure|Horror|Thriller,18,3.45,20
Children's|Fantasy|Sci-Fi,1,3.43,51
Action|Adventure|Horror,17,3.41,165
Drama|Romance,15,3.62,629
Crime|Drama|Thriller,0,3.85,529
Animation|Children's|Comedy,1,3.96,589
Action|Drama|War,20,3.87,610
Action|Comedy|Western,16,3.8,157
Horror|Sci-Fi,8,2.93,27
Comedy|War,6,4.05,103
Drama|Musical,7,3.45,246
Drama|Romance|War|Western,19,3.18,11
Comedy|Crime|Drama|Mystery,15,3.16,19
Action|Drama|Romance|Thriller,16,2.93,40
Action|Adventure|Animation|Horror|Sci-Fi,14,3.48,33
Drama|Thriller|War,13,3.75,16
Film-Noir,2,4.44,52
Children's,4,2.86,50
Comedy|Sci-Fi|Western,18,3.0,13
Action|Adventure|Animation|Children's|Fantasy,7,2.83,6
Action|Sci-Fi|Thriller|Western,4,3.28,32
Comedy|Crime|Drama,11,3.96,25
Action|Comedy|War,3,3.26,27
Animation|Children's|Comedy,4,3.81,1196
Action|Crime|Drama,12,4.06,394
Drama|War,18,4.13,172
Comedy|Mystery,8,1.5,2
Adventure|Children's|Fantasy|Sci-Fi,3,3.54,26
Comedy|War,16,3.94,143
Action|Drama,3,3.62,313
Drama|Musical,12,3.52,118
Crime|Film-Noir|Thriller,4,3.98,110
Action|Crime|Romance,1,3.86,206
Action|Adventure|Romance,5,3.85,13
Thriller,10,3.62,347
Children's|Comedy|Sci-Fi,4,2.36,87
Adventure|Comedy,17,3.38,185
Comedy|Thriller,9,3.05,19
Comedy|Western,8,3.88,8
Adventure|Romance|Sci-Fi,10,3.25,16
Action|Adventure|Thriller,2,3.16,251
Comedy|Musical,7,3.64,330
Children's|Musical,0,3.41,46
Comedy|Romance|War,19,4.12,26
Drama|Fantasy,14,3.9,10
Action|Adventure|Children's|Sci-Fi,1,1.55,20
Action|Adventure|Horror|Thriller,13,2.86,7
Drama,0,3.78,14408
Comedy|Romance,0,3.48,5464
Comedy|Documentary,17,3.87,67
Adventure|War,13,4.33,52
Crime,13,3.6,15
Comedy|Drama|Romance,2,3.64,663
Action|Thriller,12,3.61,1687
Children's|Comedy|Drama,11,4.02,44
Horror|Sci-Fi,0,3.0,1066
Action|Adventure|Romance,14,3.58,59
Action|Adventure|Fantasy|Sci-Fi,2,3.9,262
Action|Adventure|Comedy|Romance,5,3.94,123
Action|Horror,1,3.44,176
Comedy|Western,3,3.6,88
Adventure|Drama|Romance|Sci-Fi,10,3.0,3
Adventure|Animation|Film-Noir,6,3.66,76
Crime|Horror,0,3.49,35
Animation,2,4.32,28
Action|Drama|Sci-Fi|Thriller,14,2.96,52
Action|Adventure|Sci-Fi|Thriller,15,3.31,212
Action|Crime|Drama,0,4.0,837
Crime,0,3.59,270
Crime,17,3.59,111
Comedy|Horror,17,3.44,677
Musical,9,4.17,48
Documentary,7,3.93,565
Adventure|Children's,4,2.89,341
Drama|Mystery,7,3.86,587
Comedy|Drama|Western,10,3.78,9
Horror|Sci-Fi|Thriller,16,2.87,68
Action|Crime|Mystery,16,3.13,8
Crime|Film-Noir|Mystery|Thriller,0,4.1,323
Adventure|Children's|Drama|Musical,8,4.6,5
Crime|Drama|Sci-Fi,15,3.67,48
Musical|War,12,3.77,13
Action|Horror,11,3.72,53
Action|Adventure|Comedy|Horror,7,3.88,41
Comedy|Fantasy|Romance,4,3.31,123
Comedy|Mystery|Romance|Thriller,11,4.35,17
Children's,14,2.8,10
Adventure|Animation|Children's|Comedy|Musical,0,3.3,64
Comedy|Romance,3,3.6,1585
Adventure|Children's,2,2.76,78
Action|Adventure,11,3.68,227
Animation|Children's|Musical,3,3.87,282
Animation|Children's|Comedy|Musical,8,3.8,5
Drama|Thriller,16,3.77,896
Comedy|Crime,1,3.75,424
Adventure|Children's|Musical,1,3.46,26
Crime|Drama|Thriller,12,4.13,232
Drama|Mystery|Sci-Fi|Thriller,4,3.91,172
Action|Adventure|Drama|Thriller,4,2.75,8
Crime|Film-Noir|Mystery|Thriller,6,4.2,110
Drama|Film-Noir,7,4.18,57
Animation|Mystery,4,3.4,10
Comedy|Documentary,9,4.0,6
Adventure|Musical,16,3.15,13
Film-Noir|Romance|Thriller,3,4.24,25
Film-Noir|Romance|Thriller,18,4.67,3
Adventure|Fantasy|Romance,9,4.11,9
Action|Adventure|Romance|Thriller,13,3.0,10
Adventure|Animation|Sci-Fi,16,3.18,17
Romance,19,2.86,36
Comedy|Romance|War,8,4.83,6
Animation|Children's|Fantasy|War,0,2.71,51
Action|Adventure|Western,5,3.44,9
Film-Noir|Sci-Fi,5,4.3,33
Comedy|Drama|Sci-Fi,5,3.0,13
Comedy|Horror|Musical|Sci-Fi,9,3.22,9
Comedy|Drama|Thriller,0,3.25,32
Action|Romance|Thriller,17,3.45,451
Mystery,6,3.73,44
Crime|Drama|Romance,11,3.3,20
Action|Comedy|Musical,1,3.6,123
Crime|Film-Noir,7,4.24,87
Animation|Musical,12,3.2,49
Action|Crime|Romance,9,3.86,14
Action|Adventure|Romance,6,3.61,36
Action|Adventure|Comedy|Horror|Sci-Fi,0,3.69,131
Action|Adventure|Mystery,20,3.12,92
Action|Adventure|Mystery,16,3.35,89
Children's|Comedy|Sci-Fi,1,2.32,34
Adventure|Romance|Sci-Fi,14,3.31,29
Comedy|Crime|Mystery|Thriller,15,3.78,23
Action|Comedy|Romance|Thriller,13,4.0,2
Adventure|Children's|Comedy|Musical,4,3.3,37
Action|Adventure|Romance|Thriller,3,3.08,53
Romance|Thriller,14,3.55,20
Crime|Mystery,0,3.78,9
Animation|Sci-Fi,19,3.71,7
Action|Drama|Romance,11,3.56,16
Comedy|Drama|Thriller,9,3.17,6
Drama,6,3.89,4803
Children's|Comedy|Mystery,10,2.67,12
Drama|Western,8,3.5,2
Drama|Sci-Fi|Thriller,15,3.67,42
Drama|Sci-Fi|Thriller,18,3.36,22
Children's|Comedy|Drama,20,3.78,126
Adventure|Comedy|Drama,11,3.98,45
Action,2,3.31,531
Action|Drama|Thriller,1,2.89,112
War,17,4.02,87
Action|Adventure|Romance,11,3.53,17
Adventure|Children's|Comedy|Fantasy|Sci-Fi,0,2.99,125
Comedy|Musical|Romance,20,3.45,152
Drama|Sci-Fi,11,3.76,114
Adventure|Children's|Drama|Musical,9,4.39,23
Mystery|Sci-Fi,0,3.33,70
Action|Drama|Romance|Thriller,20,2.37,30
Comedy|Crime|Horror,19,2.7,10
Comedy|Romance|War,14,4.22,128
Comedy|Mystery|Romance|Thriller,6,4.2,20
Action|Adventure|Children's|Sci-Fi,7,1.86,21
Comedy|Drama,2,3.65,2410
Action|Adventure|Horror,12,3.64,104
Drama,14,3.77,5036
Action|Adventure|Sci-Fi|Thriller,13,3.49,83
Comedy|Mystery|Romance,3,3.67,3
Adventure|Animation|Children's|Comedy|Fantasy,10,2.72,36
Horror|Sci-Fi|Thriller,19,2.37,41
Action|Sci-Fi|War,9,4.24,21
War,0,3.78,106
Comedy|Documentary,2,3.9,60
Action|Adventure|Comedy|Horror|Sci-Fi,14,3.68,38
Comedy|Documentary,16,3.87,55
Action|Adventure|Drama|Romance,8,3.5,2
Adventure|Romance|Sci-Fi,4,3.25,64
Adventure|Children's|Comedy,1,2.69,52
Action|Comedy|Romance|Thriller,1,2.63,32
Adventure|Children's|Comedy|Musical,13,2.5,2
Animation,3,4.29,17
Action|Sci-Fi|Thriller|War,16,4.07,72
Adventure|Animation|Sci-Fi,2,3.27,22
Animation|Sci-Fi,16,3.82,17
Comedy|Sci-Fi|Western,6,3.23,43
Comedy|Fantasy|Romance,14,3.68,66
Adventure|Comedy|Musical,1,2.68,38
Action|Adventure|Western,12,3.44,16
Action|Drama|Mystery|Romance|Thriller,20,3.83,23
Adventure|Animation|Children's|Comedy|Musical,11,3.0,8
Comedy|Fantasy|Romance|Sci-Fi,20,2.71,49
Adventure|Comedy|Sci-Fi,13,3.65,31
Comedy|Documentary,0,3.88,145
Action|Crime|Drama,15,4.21,174
Comedy|Sci-Fi,11,3.61,189
Action|Drama|War,3,3.98,314
Film-Noir|Thriller,3,4.17,93
Drama|Romance|War,6,4.04,293
Adventure|Children's|Musical,12,3.63,19
Western,0,3.85,751
Action|Adventure|Sci-Fi,13,3.56,198
Action|Adventure|Mystery,6,3.55,66
Drama|Mystery|Sci-Fi|Thriller,6,4.14,59
Western,2,3.89,273
Horror|Sci-Fi,15,3.06,158
Adventure|Children's|Comedy|Fantasy|Romance,0,2.5,12
Film-Noir|Sci-Fi|Thriller,15,4.28,25
Documentary|Musical,20,3.1,21
Adventure|Romance,14,3.4,25
Action|Adventure|Children's|Comedy,0,2.21,63
Comedy|Crime|Mystery|Thriller,11,3.57,23
Crime|Drama|Film-Noir|Thriller,7,3.94,47
Comedy|Crime|Horror,20,3.32,25
Sci-Fi|War,16,4.57,68
Adventure|Animation|Children's|Sci-Fi,0,3.46,68
Comedy|Crime|Drama,1,3.9,114
Adventure|Western,18,4.0,5
Adventure|War,15,4.4,40
Comedy|Fantasy|Romance|Sci-Fi,1,2.66,70
Comedy|Horror|Musical|Sci-Fi,6,3.58,45
Action|Adventure|Comedy|Sci-Fi,20,3.59,115
Horror,1,2.96,1489
Adventure|Children's,8,2.7,10
Comedy|Crime,12,3.66,270
Action|Sci-Fi,19,3.11,225
Action|Horror|Sci-Fi,12,3.09,134
Drama|Western,9,3.17,6
Comedy|Horror,5,3.39,283
Comedy|Crime|Thriller,1,3.39,92
Comedy|Crime|Thriller,2,3.57,54
Drama|Thriller,11,3.73,393
Action|War,11,3.09,91
Action|Western,1,3.92,115
Adventure|Thriller,5,3.94,18
Action|Adventure|Comedy,16,3.08,73
Action|Crime|Romance,15,4.1,61
Comedy|Crime|Fantasy,2,3.31,48
Children's|Comedy,20,2.83,540
Action|Crime|Thriller,13,3.48,40
Action|Adventure|Thriller,19,3.18,84
Film-Noir,19,4.64,14
Action|Adventure|Drama,18,2.78,27
Action|Sci-Fi|Thriller|War,5,4.38,39
Action|Horror|Sci-Fi,10,2.63,43
Children's|Comedy|Western,12,3.29,17
Action|Comedy|Drama,3,3.72,54
Comedy|Fantasy|Romance,1,3.38,110
Action|Adventure|Western,7,3.08,49
Action|Adventure|Drama|Sci-Fi|War,12,4.47,227
Action|Sci-Fi|Thriller|Western,11,3.36,11
Action|Adventure|Children's|Sci-Fi,9,2.5,2
Fantasy|Sci-Fi,1,3.44,55
Comedy|Horror|Musical,17,3.21,63
Action|Drama|Romance,18,2.86,7
Crime|Drama|Mystery,8,4.0,1
Comedy|Drama,19,3.69,652
Action|Adventure|Horror,2,3.48,96
Crime|Horror|Mystery|Thriller,6,3.72,25
Children's|Comedy|Mystery,11,2.0,1
Comedy|Horror,9,3.49,88
Comedy|Crime|Thriller,17,3.59,70
Mystery,0,3.87,170
Film-Noir|Thriller,5,4.27,33
Adventure|Children's|Fantasy,17,3.39,317
Action|Western,20,4.08,71
Action|Comedy,20,2.61,201
Sci-Fi|Thriller,0,2.94,617
Animation|Musical,17,3.47,76
Drama|Horror,6,3.04,95
Adventure|Drama,4,3.22,183
Action|Horror|Sci-Fi|Thriller,20,3.97,182
Action|Horror|Sci-Fi|Thriller,5,3.73,96
Action|Adventure|Drama,7,3.21,192
Action|Adventure|Thriller,12,3.41,358
Film-Noir|Sci-Fi|Thriller,6,3.48,29
Action|Adventure|Thriller,11,3.36,107
Action|Romance|Sci-Fi,1,2.98,55
Drama|Thriller|War,19,4.0,6
Children's,19,2.17,6
Adventure|Western,16,3.68,25
Adventure|Western,12,3.84,19
Comedy|Fantasy|Romance|Sci-Fi,10,3.31,52
Adventure|Drama,2,3.45,89
Adventure|Comedy|Sci-Fi,4,3.64,244
Crime|Horror|Mystery|Thriller,1,3.32,62
Action|Adventure|Comedy|Sci-Fi,6,3.89,85
Comedy,18,3.4,1467
Comedy|Fantasy,3,3.44,132
Animation|Children's|Musical,5,3.84,177
Drama|Western,14,3.74,34
Comedy|Drama|Romance,6,3.79,471
Adventure|Animation|Sci-Fi|Thriller,8,4.0,2
Action|Adventure|Sci-Fi|Thriller|War,12,3.18,22
Action|Adventure|Romance|Sci-Fi|War,20,3.75,127
Crime|Film-Noir|Thriller,8,4.0,3
Comedy|Thriller,20,3.26,125
Adventure|Comedy,13,3.44,36
Action|Adventure|Fantasy,18,3.19,32
Adventure|Fantasy,3,3.38,21
Drama|Mystery|Romance,13,3.75,8
Comedy|Horror|Thriller,0,3.0,94
Drama|Thriller|War,14,3.83,54
Children's|Horror,20,3.62,13
Action|Horror|Sci-Fi,19,3.0,41
Action|Comedy|Crime|Drama,8,3.67,15
Comedy|Romance|War,20,3.63,97
Adventure|Animation|Children's,2,3.29,7
Adventure|Animation|Children's|Sci-Fi,20,2.93,28
Action|Adventure|Crime|Drama,17,3.77,124
Action|Romance|War,8,4.0,3
Action|Adventure|Drama|Sci-Fi|War,6,4.34,102
Action|Sci-Fi|Thriller|Western,1,3.51,49
Action|Drama|Mystery|Romance|Thriller,7,4.07,29
Comedy|Drama|Sci-Fi,12,3.4,25
Drama|Film-Noir|Thriller,6,3.33,6
Comedy|Horror|Sci-Fi,4,2.33,9
Mystery|Romance|Thriller,0,3.6,146
Animation|Children's|Comedy,3,3.95,241
Drama,7,3.74,12044
Action|Crime|Drama,3,4.08,203
Drama|Thriller,19,3.56,252
Action|Sci-Fi,10,3.17,352
Action|Adventure|Animation,19,4.14,7
Drama|Horror|Thriller,0,4.0,16
Mystery|Thriller,9,3.88,80
Film-Noir|Mystery|Thriller,0,3.79,238
Drama|Romance|War,18,3.96,45
Adventure|Drama|Romance|Sci-Fi,1,3.28,74
Adventure|Children's|Drama|Musical,20,4.22,101
Drama|Thriller|War,16,3.98,52
Action|Horror,10,3.83,46
Sci-Fi|War,19,4.68,22
Action|Crime|Drama|Thriller,13,4.31,29
Action|Comedy|Crime|Horror|Thriller,0,3.03,142
Comedy|Crime|Drama,20,4.02,84
Action|Adventure|Drama|Sci-Fi|War,18,4.19,27
Fantasy|Sci-Fi,6,3.08,24
Crime|Horror|Mystery|Thriller,17,3.52,58
Action|Adventure|Comedy|Sci-Fi,16,3.83,105
Comedy|Romance,16,3.52,1922
Drama,3,3.8,3698
Action|Crime|Drama,7,4.19,853
Crime|Drama,7,3.96,1351
Animation|Children's,12,3.44,489
Drama,2,3.76,6510
Comedy|Drama|War,12,3.65,106
Adventure|Children's,18,3.38,24
Musical,12,3.58,129
Adventure|Comedy|Drama,17,4.04,142
Children's|Drama,3,3.76,54
Action|Comedy|Musical,17,3.96,130
Crime|Film-Noir,5,4.33,12
Action|Adventure|Comedy,7,2.89,177
Comedy|Drama|Western,9,4.0,8
Documentary,13,4.01,79
Comedy|Documentary,11,4.19,37
Action|Horror|Sci-Fi|Thriller,17,3.83,376
Action|Adventure|Comedy|Romance,18,3.62,65
Sci-Fi|Thriller,3,3.35,122
Action|Mystery|Sci-Fi|Thriller,3,3.06,16
Animation|Children's|Drama|Fantasy,1,4.0,22
Comedy|Musical|Romance,5,3.19,36
Action|Crime|Mystery,15,3.2,5
Adventure|Children's|Drama|Musical,4,4.0,218
Action|Adventure|Romance|War,3,4.4,45
Comedy|Crime|Mystery|Thriller,2,3.78,63
Action|Mystery|Romance|Thriller,16,3.19,36
Action|Horror,4,3.53,298
Action|Horror,5,3.64,72
Comedy|Crime|Horror,11,3.33,9
Romance|Thriller,3,4.11,38
Adventure|Animation|Sci-Fi,15,3.83,12
Comedy|Sci-Fi|Western,12,3.42,90
Action|Adventure|Crime|Thriller,12,2.73,15
Crime|Drama|Film-Noir,11,3.73,26
Action|Comedy|Fantasy,8,5.0,1
Comedy|Crime|Drama,14,4.0,44
Action|War,19,2.52,48
Drama|Romance|Thriller,17,3.85,68
Children's|Fantasy|Sci-Fi,4,3.87,89
Comedy|Sci-Fi,15,3.6,243
Comedy|Sci-Fi,8,3.53,34
Drama|Mystery|Romance,16,3.41,22
Adventure|Animation|Children's|Comedy|Fantasy,20,2.5,26
Comedy|Mystery|Thriller,13,4.29,28
Action|Adventure|Comedy,18,3.06,31
Comedy|Drama|Western,2,4.2,40
Action|Adventure|Fantasy|Sci-Fi,11,3.98,124
Action|Adventure|Comedy|Crime,9,3.5,22
Action|Thriller|War,14,3.08,24
Horror|Mystery|Thriller,20,2.78,108
Drama|Musical,5,3.34,50
Adventure|Children's|Fantasy,10,3.25,153
Crime|Film-Noir|Mystery|Thriller,8,3.63,8
Adventure|Drama|Romance|Sci-Fi,9,3.63,8
Mystery|Thriller,15,3.99,157
Comedy|Crime|Mystery|Thriller,13,3.33,9
Children's|Drama|Fantasy,17,3.11,9
Action|Comedy|Romance|Thriller,7,2.68,50
Action|Adventure|Animation|Horror|Sci-Fi,2,3.83,30
Adventure|Animation|Sci-Fi,0,3.16,55
Crime|Horror|Thriller,2,2.67,15
Adventure|Comedy|Musical,16,2.41,22
Adventure|Crime|Sci-Fi|Thriller,8,3.5,2
Comedy|Horror|Thriller,19,3.75,12
Action|Comedy|War,20,2.93,45
Children's|Fantasy|Musical,16,3.8,5
Fantasy|Sci-Fi,20,3.18,40
Comedy|Horror|Sci-Fi,0,2.44,9
Comedy|Horror|Musical|Sci-Fi,8,4.0,1
Drama|Romance,20,3.42,1925
Horror|Thriller,0,3.11,1365
Action|Sci-Fi,11,3.17,218
Drama|Thriller,1,3.75,1646
Action|Romance|Thriller,4,3.29,802
Musical,11,3.79,72
Film-Noir|Mystery|Thriller,20,3.98,131
Children's|Comedy|Fantasy,7,3.12,161
Comedy|War,2,3.65,127
Adventure|Children's|Comedy|Fantasy,8,4.17,6
Drama|Mystery|Sci-Fi|Thriller,1,4.03,164
Adventure|Sci-Fi,0,3.4,249
Musical|Romance|War,0,3.43,35
Horror|Sci-Fi|Thriller,13,2.75,16
Horror|Sci-Fi|Thriller,10,2.81,31
Horror|Sci-Fi|Thriller,11,2.86,14
Action|Romance,7,3.51,191
Adventure|Drama,10,2.97,37
Adventure|Fantasy,19,3.09,11
Comedy|Crime,18,3.36,70
Crime|Drama|Film-Noir|Thriller,16,4.23,30
Comedy|Western,1,3.47,190
Adventure|Children's|Comedy|Musical,2,3.26,19
Action|Mystery|Romance|Thriller,7,3.4,85
Action|Comedy|Drama,6,3.7,57
Action|Romance|War,1,3.49,85
Drama|Mystery|Thriller,19,3.7,20
Animation|Children's|Comedy,0,3.92,963
Animation|Children's|Musical,16,3.76,288
Drama|Thriller,8,3.57,28
Action|War,10,2.87,38
Romance,2,3.48,105
Drama|Musical,16,3.23,94
Action|Adventure|Romance,2,3.56,48
Action|Crime|Romance,14,3.79,153
Drama|Mystery|Sci-Fi|Thriller,7,4.1,194
Adventure|Children's|Fantasy,15,3.44,101
Adventure|Children's|Drama|Musical,15,4.28,46
Adventure|Animation|Film-Noir,11,3.68,38
Children's|Drama|Fantasy,10,3.08,13
Drama|Thriller|War,15,3.84,25
Adventure|Children's|Sci-Fi,3,2.79,24
Action|Adventure|Romance|Thriller,7,3.08,160
Children's|Horror,2,3.63,8
Comedy|Crime|Horror,13,3.0,3
Comedy|Sci-Fi|Western,19,3.19,21
Adventure|Western,13,3.42,12
Action|Crime|Mystery|Thriller,7,2.86,57
Children's|Comedy|Mystery,18,2.6,5
Action|Adventure|War,4,3.78,18
Action|Drama|Western,5,2.64,11
Drama|Romance|Thriller,20,3.92,88
Crime|Horror|Mystery|Thriller,7,3.52,91
Mystery,12,4.21,67
Adventure|Animation|Children's|Musical,1,3.35,48
Action|Adventure|Mystery,10,3.75,55
Action|Adventure|Comedy|Romance,14,3.87,318
Action|Sci-Fi|Thriller,8,3.72,46
Comedy|Crime|Drama|Mystery,9,3.36,11
Comedy|Crime|Drama|Mystery,20,2.89,38
Mystery|Sci-Fi,4,3.3,57
Documentary|Drama,3,3.67,9
Comedy|Crime|Mystery|Thriller,20,3.99,68
Action|Mystery|Romance|Thriller,0,3.46,111
Musical|War,2,4.21,29
Animation,16,4.4,20
Drama|Fantasy|Romance|Thriller,3,4.09,23
Action|Horror,15,3.58,52
Adventure|Drama|Thriller,10,3.63,8
Adventure|Drama|Thriller,0,3.46,37
Action|Comedy|Crime|Horror|Thriller,5,3.38,26
Comedy|Fantasy|Romance,8,3.2,5
Action|Adventure|Western,9,3.0,1
Action|Adventure|Drama|Sci-Fi|War,19,4.15,39
Children's|Drama|Fantasy|Sci-Fi,20,4.04,108
Crime|Drama|Mystery,11,3.77,13
Crime,20,3.39,142
Action|Crime|Drama,2,4.01,333
Crime|Thriller,9,3.58,67
Comedy|Drama|War,3,3.79,63
Action|Adventure,7,3.72,1240
Children's|Comedy,12,3.06,400
Action|Comedy|Western,19,3.89,38
Sci-Fi|Thriller,10,3.17,129
Adventure|Thriller,2,3.76,45
Sci-Fi|Thriller,12,3.13,366
Drama|Mystery|Thriller,16,3.43,82
Comedy|Drama|Western,15,4.32,22
Action|Crime|Romance,2,3.96,163
Adventure|Children's,16,3.47,116
Action|Adventure|Fantasy|Sci-Fi,12,3.96,495
War,20,3.67,67
Comedy|Drama|Musical,20,4.42,78
Action|Mystery|Sci-Fi|Thriller,20,2.41,27
Adventure|Sci-Fi,12,3.46,145
Adventure|Children's|Comedy|Fantasy|Sci-Fi,9,3.6,10
Action|Comedy|Sci-Fi|War,13,3.0,10
Action|Mystery|Thriller,16,3.32,25
Action|Adventure|Fantasy,3,3.08,65
Action|Children's|Fantasy,19,1.88,24
Drama|Horror,8,3.63,8
Action|Drama|Romance|Thriller,10,3.33,9
Adventure|Children's,20,3.04,158
Action|Romance|Sci-Fi,17,3.18,60
Children's|Comedy|Sci-Fi,14,2.32,25
Children's|Comedy|Western,14,2.94,18
Adventure|Animation|Children's,1,3.43,7
Adventure|Comedy|Sci-Fi,9,3.7,27
Comedy|Romance,11,3.55,890
Comedy,12,3.56,6315
Action|Crime|Drama,9,3.75,60
Action|Adventure|Animation,4,4.01,83
Action|Drama|War,7,4.08,1475
Action|War,20,2.76,168
Action|Thriller,16,3.51,1301
Children's|Comedy|Drama,15,4.04,48
Crime,9,3.89,9
Children's|Comedy|Fantasy,14,3.33,52
Drama|War,10,4.1,242
War,16,4.01,76
Western,11,3.86,179
Musical|Romance|War,15,3.43,7
Crime|Film-Noir|Mystery|Thriller,1,4.06,249
Adventure|Animation|Film-Noir,16,3.67,69
Comedy|Crime|Horror,6,2.9,10
Children's|Comedy|Western,9,3.0,6
Action|Adventure|Crime|Thriller,4,2.89,28
Action|Adventure|Animation|Children's|Fantasy,20,3.33,9
Comedy|Crime|Drama,9,3.71,7
Sci-Fi|Thriller|War,8,3.0,1
Adventure|Children's|Comedy,8,2.67,3
Action|Drama|Mystery|Romance|Thriller,0,3.95,41
Action|Adventure|Horror,13,3.28,25
Drama,11,3.77,2500
Animation|Children's|Comedy|Musical,12,3.69,124
Action|Sci-Fi,18,3.42,174
Musical,13,3.73,90
Adventure|Children's|Musical,20,3.42,19
Comedy|Drama|Romance,10,3.69,155
Adventure|Thriller,20,3.94,66
Documentary,2,4.09,457
Adventure|Sci-Fi,20,3.43,107
Adventure|Children's|Comedy|Fantasy|Sci-Fi,11,3.07,15
Musical|Romance|War,18,3.5,2
Children's|Drama,7,3.6,138
Action|Crime|Thriller,10,3.67,45
Comedy|Western,7,3.51,310
Adventure|Drama|Romance|Sci-Fi,14,3.49,43
Adventure|Children's|Comedy|Musical,10,3.22,18
Drama|Thriller|War,12,3.7,47
Adventure|Fantasy|Romance,12,3.82,55
Action|Crime|Romance,8,3.67,3
Action|Adventure|Horror,19,3.28,36
Action|Comedy|Crime|Horror|Thriller,12,3.18,57
Comedy|Fantasy|Romance,9,3.77,22
Animation|Children's|Fantasy|War,3,3.44,9
Adventure|Western,15,4.0,8
Action|Comedy|War,12,3.25,56
Horror|Thriller,9,3.22,78
Horror|Sci-Fi,5,3.1,234
Sci-Fi,19,3.89,88
Sci-Fi,5,3.45,118
Film-Noir|Mystery|Thriller,16,3.96,98
Adventure|Thriller,16,4.02,60
Drama|Mystery,6,3.93,206
Action|Sci-Fi|Western,3,2.18,22
Action|Crime|Romance,4,4.06,452
Crime|Thriller,8,3.56,18
Action|Romance|Thriller,19,3.24,72
Action|Comedy|Sci-Fi|War,6,3.57,35
Adventure|Children's|Drama|Musical,0,4.19,203
Comedy|Crime|Drama|Mystery,6,3.32,25
Documentary|Musical,4,3.42,33
Adventure|Animation|Film-Noir,17,3.7,153
Drama|Musical|War,10,4.0,5
Comedy|Crime|Mystery|Thriller,12,3.65,65
Children's|Drama|Fantasy,4,2.33,15
Children's|Drama,18,3.59,17
Adventure|Children's,11,3.33,42
Adventure|Musical,19,2.5,6
Comedy|Musical,19,3.28,61
Action|Drama|Sci-Fi|Thriller,15,2.91,23
Adventure|Animation|Sci-Fi,12,3.27,51
Adventure|Drama|Thriller,1,3.56,32
Action|Drama|Mystery|Romance|Thriller,3,3.78,9
Comedy|Horror|Musical,15,3.48,23
Comedy|Horror|Musical,13,4.0,7
Comedy|Crime,17,3.75,378
Thriller,20,3.34,1028
Crime|Thriller,7,3.96,816
Animation|Children's|Comedy|Musical,15,3.76,46
Drama|Thriller,13,4.02,259
Film-Noir|Thriller,18,3.86,21
Action|Comedy,13,2.92,24
Action,18,3.31,124
Action|Drama,4,3.62,1318
Action|Horror|Sci-Fi|Thriller,4,3.65,455
Comedy|Drama|Musical,0,4.07,150
Action|Drama|Thriller|War,14,2.67,27
Action|Comedy|Sci-Fi|War,3,3.26,31
Adventure|Comedy,14,3.17,140
Action|Comedy|Sci-Fi|Thriller,10,3.28,32
Adventure|Children's|Drama,3,3.0,18
Crime|Drama|Film-Noir|Thriller,4,4.2,15
Children's|Comedy|Sci-Fi,7,2.54,52
Romance|Thriller,11,4.08,12
Animation|Musical,10,3.77,44
Adventure|Animation|Sci-Fi,10,3.42,38
Action|Adventure|Crime|Drama,11,3.48,31
Action|Adventure|Horror,7,3.32,196
Action|Adventure|Horror,20,3.21,103
Animation|Children's|Comedy,14,3.92,346
Comedy|Crime,13,3.87,79
Children's|Comedy|Mystery,3,2.5,10
Drama|Western,17,3.7,61
Adventure|Animation|Children's|Comedy|Fantasy,4,2.49,87
Adventure|Children's|Musical,9,3.83,6
Action|Comedy|Musical,18,3.68,22
Action|Thriller,19,3.36,375
Comedy|Romance|Thriller,2,3.54,116
Animation|Musical,19,3.73,11
Animation|Musical,5,3.61,33
Drama|Horror,0,3.13,435
Action|Sci-Fi|Western,5,2.0,23
Action|Sci-Fi|Western,14,1.82,39
Comedy|Documentary,3,3.85,34
Action|Horror|Sci-Fi|Thriller,16,3.82,165
Comedy|Drama|Musical,12,4.17,70
Action|Horror|Sci-Fi,7,3.03,179
Adventure|Children's|Drama|Musical,7,4.22,178
Comedy|Thriller,13,3.73,26
Action|Adventure|Romance|War,18,4.25,12
Adventure|Children's|Comedy|Fantasy|Romance,17,2.55,11
Action|Drama|Romance|Thriller,12,2.92,38
Adventure|Musical,18,3.0,3
Drama|Thriller|War,11,3.81,27
Film-Noir,7,4.16,73
Adventure|Animation|Sci-Fi,6,3.71,14
Animation|Sci-Fi,11,3.29,7
Adventure|Animation|Children's|Sci-Fi,16,3.6,15
Crime|Drama|Film-Noir,20,3.83,86
Comedy|Crime|Drama,7,3.85,114
Fantasy|Sci-Fi,8,3.75,4
Musical|Romance,5,3.75,53
Crime,12,3.72,109
Comedy|Drama|War,0,3.77,224
Comedy|Drama|War,1,3.73,175
Adventure|Fantasy|Sci-Fi,11,3.46,24
Comedy|Romance|Thriller,18,3.58,24
Action|Adventure|Romance|Sci-Fi|War,14,4.13,139
Action|Mystery|Sci-Fi|Thriller,5,2.9,10
Adventure|Children's|Comedy|Fantasy|Sci-Fi,17,3.01,91
Film-Noir|Thriller,13,4.4,57
Action|Comedy|Sci-Fi|Thriller,0,3.01,178
Comedy|Musical|Romance,16,3.33,78
Adventure|Fantasy,14,2.86,37
Action|Horror|Sci-Fi,20,3.04,113
Drama|Film-Noir,12,4.35,37
Documentary|Musical,3,3.7,10
Adventure|Comedy,19,3.08,40
Romance|Thriller,13,4.18,11
Action|Adventure|Comedy|Horror,16,4.08,26
Adventure|Animation|Sci-Fi,8,4.0,2
Action|Drama|Romance,1,3.35,69
Comedy|Mystery|Romance|Thriller,16,4.1,30
Animation|Children's|Fantasy|War,2,3.13,15
Comedy|Horror|Thriller,17,3.31,39
Adventure|Comedy|Sci-Fi,10,3.81,67
Animation|Children's|Comedy,11,3.76,127
Animation|Children's,0,3.49,1196
Comedy|Sci-Fi,17,3.64,835
Horror|Romance,6,3.67,57
Action|Adventure|Animation,20,4.25,24
Comedy|Fantasy,1,3.51,319
Comedy|Crime|Thriller,11,3.48,23
Musical,6,3.55,157
Action|Adventure,15,3.74,283
Action|Sci-Fi|War,7,3.75,239
Comedy|War,0,3.78,340
Comedy|Drama|Western,16,4.14,49
Action|Adventure|Mystery,3,3.67,51
Comedy|Drama|Musical,7,4.07,115
Action|Comedy|Sci-Fi|War,16,2.81,48
Drama|Romance|Thriller,9,4.16,31
Comedy|Musical|Romance,0,3.53,280
Children's|Comedy|Musical,20,3.8,134
Comedy|Crime|Mystery|Thriller,1,3.64,89
Adventure|Romance,17,3.19,21
Action|Mystery|Romance|Thriller,20,3.05,38
Action|Adventure|Animation|Horror|Sci-Fi,15,3.35,17
Children's|Comedy|Sci-Fi,11,2.0,9
Comedy|Romance|War,2,3.87,94
Action|Children's|Fantasy,2,2.34,41
Action|Adventure|Mystery|Sci-Fi,12,2.35,40
Children's,6,3.2,10
Action|Horror|Sci-Fi,15,2.81,42
Adventure|Crime|Sci-Fi|Thriller,12,3.45,29
Action|Adventure|Sci-Fi|War,13,3.67,9
Children's|Drama|Fantasy|Sci-Fi,9,4.16,31
Mystery|Romance|Thriller,15,3.72,29
Crime|Horror|Mystery|Thriller,13,3.71,7
Action|Crime|Drama,10,4.24,98
Drama|War,3,4.08,440
Sci-Fi,6,3.38,172
Film-Noir|Thriller,20,4.16,160
Thriller,11,3.6,346
Comedy|Crime|Fantasy,6,3.53,40
Adventure|Children's|Drama|Romance,6,4.0,3
Comedy|Drama|Musical,18,4.21,14
Drama|Romance|War,8,4.14,14
Horror|Sci-Fi,13,3.14,116
Action|Adventure|Drama|Romance,6,3.06,17
Action|Crime|Mystery,13,3.6,5
Action|Crime|Mystery,7,3.14,22
Adventure|Fantasy,10,3.65,31
Adventure|Romance|Sci-Fi,8,3.33,3
Drama|Romance|War|Western,20,2.97,33
Comedy|Crime|Drama|Mystery,2,2.97,35
Adventure|Children's|Drama,6,2.9,31
Adventure|Drama,9,3.67,12
Action|Romance|Sci-Fi,15,3.21,24
Action|Adventure|Crime,9,3.55,11
Action|Mystery|Romance|Thriller,17,3.55,73
Children's|Comedy,15,3.12,130
Animation|Children's|Comedy|Musical|Romance,12,3.62,97
Horror|Mystery|Thriller,15,2.8,25
Adventure|Children's|Sci-Fi,13,2.88,8
Adventure|Children's|Sci-Fi,8,3.0,6
Adventure|Fantasy|Romance,20,3.43,63
Romance|Thriller,15,3.77,13
Crime,10,3.89,27
Crime|Drama|Romance,7,3.6,62
Sci-Fi|Thriller|War,20,3.67,18
Mystery|Romance|Thriller,6,3.59,46
Mystery|Sci-Fi|Thriller,12,3.55,86
Action|Drama|Mystery,3,3.43,7
Drama|Romance,9,3.75,553
Thriller,9,3.7,181
Action|Adventure|Animation,1,3.88,24
Comedy|Sci-Fi,16,3.55,438
Crime|Thriller,20,3.75,476
Comedy|Drama|Romance,16,3.66,486
Children's|Comedy,11,2.72,145
Adventure|Children's|Romance,2,2.8,10
Action|Sci-Fi|War,16,3.56,105
Crime|Film-Noir,4,4.21,72
Drama|War,16,4.12,733
Crime|Film-Noir|Thriller,11,3.76,37
Drama|War,19,3.98,180
Adventure|Children's|Comedy|Fantasy|Sci-Fi,15,2.93,27
Action|Children's|Fantasy,3,2.52,27
Adventure|Romance,12,3.45,33
Mystery|Romance|Thriller,20,3.52,61
Crime|Drama|Film-Noir|Thriller,3,3.87,23
Crime|Drama|Film-Noir|Thriller,15,4.2,10
Action|Adventure|Children's|Comedy,6,2.72,18
Romance|Thriller,19,3.73,11
Action|Horror|Sci-Fi,9,2.67,6
Action|Horror|Sci-Fi|Thriller,19,3.56,48
Action|Adventure|Mystery|Sci-Fi,15,2.18,11
Action|Drama|Romance,12,3.47,49
Film-Noir|Sci-Fi,18,4.0,17
Action|Adventure|Sci-Fi|War,8,1.5,2
Comedy|Crime|Thriller,18,3.6,10
Horror|Romance,7,3.19,144
Action|Drama|War,14,4.08,656
Sci-Fi,15,3.75,146
Adventure|Animation|Sci-Fi|Thriller,19,3.88,8
Adventure|Animation|Children's|Musical,5,3.5,12
Comedy|Mystery,4,3.65,157
Sci-Fi|Thriller,17,2.98,433
Adventure|Children's|Fantasy|Sci-Fi,7,3.48,94
Drama|Mystery,1,3.85,592
Action|Sci-Fi|Western,17,2.41,93
Children's|Comedy|Sci-Fi,2,2.63,27
Action|Adventure|Fantasy,14,3.21,72
Comedy|Western,4,3.46,286
Adventure|Romance,20,2.83,35
Action|Adventure|Children's|Comedy,4,2.24,70
Mystery|Romance|Thriller,14,3.67,48
Action|Comedy|Musical|Sci-Fi,13,2.33,3
Adventure|Musical,2,3.21,14
Action|Drama|Fantasy|Romance,2,3.87,39
Animation,13,4.8,5
Action|Adventure|Comedy|Horror,0,3.65,81
Adventure|Drama|Thriller,15,4.1,10
Action|Drama|Romance,15,3.95,20
Film-Noir|Mystery,12,4.36,90
Action|Comedy|Fantasy,0,2.52,60
Action|Romance|War,16,4.06,54
Film-Noir|Sci-Fi,6,4.23,62
Action|Drama|Mystery,16,3.38,16
Horror,14,3.22,785
Crime|Thriller,6,4.03,263
Horror|Romance,9,3.43,21
Comedy|Horror,0,3.22,1424
Adventure|Animation|Children's|Musical,6,3.21,24
Animation|Musical,1,3.45,94
Action|Adventure|Comedy|War,9,3.0,4
Adventure|Children's|Fantasy|Sci-Fi,14,3.47,36
Drama|Mystery|Sci-Fi|Thriller,18,4.11,18
Action|Mystery|Sci-Fi|Thriller,1,2.31,26
Action|Mystery|Sci-Fi|Thriller,9,3.5,2
Horror|Mystery|Thriller,9,2.87,15
Crime|Film-Noir|Mystery|Thriller,17,4.18,199
Drama|Film-Noir,3,4.05,21
Action|Adventure|Children's|Comedy,9,2.25,8
Action|Adventure|Crime,4,2.87,320
Adventure|Comedy|Romance,13,3.33,6
Animation|Children's|Comedy|Musical|Romance,0,3.8,239
Crime|Horror,18,2.75,4
Action|Adventure|Romance|Thriller,10,3.54,35
Adventure|Animation|Children's,13,4.0,3
Comedy|Drama|Thriller,17,3.69,13
Comedy|Mystery|Romance|Thriller,13,4.16,19
Crime|Film-Noir|Mystery|Thriller,19,3.97,33
Comedy|Western,10,3.48,40
Action|Drama|Western,0,2.9,41
Sci-Fi|Thriller|War,11,3.33,6
Comedy|Fantasy|Romance|Sci-Fi,13,2.33,9
Comedy,6,3.51,4377
Comedy|Documentary,12,3.73,51
Comedy|Crime,2,3.6,240
Animation|Comedy,8,4.8,5
Romance|War,4,3.35,17
Film-Noir|Thriller,16,4.16,85
Children's|Comedy|Fantasy,16,3.24,62
Drama|Horror,4,3.22,439
Action|Adventure|Romance,15,3.47,34
Action|Adventure|Comedy|Crime,2,3.11,122
Action|Romance,15,3.31,39
Horror|Mystery|Thriller,18,3.29,45
Action|Romance,19,3.0,24
War,2,4.04,28
Action|Adventure|Drama,14,3.25,88
Sci-Fi|Thriller,18,3.2,50
Action|Adventure|Children's|Comedy,1,2.38,40
Comedy|Horror|Musical|Sci-Fi,18,3.29,14
Adventure|Children's|Sci-Fi,2,3.02,44
Film-Noir|Romance|Thriller,9,4.43,7
Crime|Drama|Film-Noir,2,3.63,49
Action|Drama|Sci-Fi|Thriller,7,3.44,93
Adventure|Animation|Sci-Fi,1,3.41,37
Children's|Comedy|Western,15,2.88,8
Action|Crime|Drama|Thriller,16,3.98,58
Adventure|Animation|Children's|Comedy|Musical,3,3.57,14
Drama|Thriller,20,3.59,1076
Crime|Thriller,17,3.96,479
Drama,5,3.75,1829
Drama|Western,12,3.61,36
Animation|Children's|Comedy|Musical,1,3.73,176
Comedy|Mystery|Romance,0,3.27,15
Comedy|Horror,11,3.45,171
Action|Comedy|Musical,7,3.75,194
Sci-Fi|Thriller,5,2.89,104
Drama|Mystery|Thriller,13,3.61,36
Action|Adventure|Romance,20,3.37,54
Comedy|Drama|Western,13,3.9,20
Action|Adventure|Fantasy|Sci-Fi,8,3.67,21
Adventure|Sci-Fi,13,3.13,38
Action|Adventure|Drama|Romance,3,2.89,9
Adventure|Fantasy,17,3.2,59
Comedy|Crime|Mystery|Thriller,7,3.49,106
Animation|Children's|Fantasy|Musical,6,3.56,27
Comedy|Musical,15,3.88,60
Crime|Mystery,1,3.6,5
Comedy|Musical,10,3.26,65
Documentary|War,12,3.78,18
Crime|Horror|Thriller,6,2.25,8
Crime|Horror|Thriller,20,2.5,16
Action|Romance|War,18,3.89,9
Action|Comedy|Crime|Drama,18,3.38,63
Crime|Drama|Mystery|Thriller,12,3.68,28
Comedy|Drama,17,3.76,2591
Comedy|Documentary,7,3.88,92
Action|Sci-Fi,12,3.28,1108
Action|Adventure,8,3.18,49
Adventure|Drama|Romance,16,2.23,35
Romance,11,3.23,35
Comedy|Romance|Thriller,11,3.83,46
Animation|Musical,4,3.6,157
Action|Adventure|Romance,19,3.27,15
Action|Adventure|Comedy|Horror|Sci-Fi,18,3.63,19
Action|Drama,19,3.35,144
Sci-Fi,10,3.41,82
Adventure|Children's|Drama|Romance,0,3.43,7
Comedy|Drama|Musical,16,4.27,52
Action|Mystery|Sci-Fi|Thriller,14,2.73,26
Action|Romance,12,3.48,120
Comedy|Thriller,4,3.1,209
Adventure|Children's|Drama|Musical,19,3.57,21
Action|Adventure|Romance|War,20,4.29,58
Drama|Romance|War|Western,9,3.0,9
Comedy|Crime|Drama|Mystery,4,3.54,69
Action|Adventure|Children's|Comedy,17,2.43,46
Adventure|Children's|Comedy|Fantasy,17,3.59,107
Adventure|Drama|Western,13,4.1,30
Action|Adventure|Romance|Thriller,19,2.82,17
Action|Adventure|Children's,1,1.0,3
Comedy|Thriller,5,3.03,29
Comedy|Sci-Fi|Western,17,3.5,104
Action|Adventure|Western,17,3.1,31
Adventure|Animation|Children's|Comedy|Musical,16,3.62,13
Children's|Fantasy|Musical,12,2.67,6
Action|Adventure|Sci-Fi|War,1,2.99,75
Action|Adventure|Sci-Fi,11,3.31,325
Comedy|Fantasy,2,3.39,197
Drama|Sci-Fi|Thriller,8,2.71,7
Action|Thriller,20,3.28,1125
Action|Comedy|Western,2,3.66,157
Crime|Drama|Romance,4,3.38,40
Children's|Drama,10,3.56,99
Mystery,2,3.79,63
Comedy|Thriller,3,3.27,52
Action|Adventure|Comedy|War,17,2.38,13
Drama|Mystery|Thriller,1,3.6,166
Action|Drama,1,3.49,872
Action|Adventure|Comedy|Romance,17,3.95,485
Musical|Romance|War,16,3.58,19
Horror|Mystery|Thriller,17,3.08,144
Comedy|Romance|Sci-Fi,4,2.0,2
Adventure|Fantasy,4,3.09,110
Children's|Comedy|Musical,0,3.88,272
Drama|Film-Noir,5,4.0,12
Animation|Children's|Musical|Romance,0,2.83,59
Adventure|Children's|Comedy,19,1.75,8
Action|Drama|Romance|Thriller,15,2.81,16
Action|Horror|Thriller,4,3.02,118
Comedy|Musical,17,3.6,191
Drama|Thriller|War,17,3.97,72
Action|Adventure|Romance|Thriller,15,3.35,23
Comedy|Sci-Fi|Western,0,3.13,136
Action|Adventure|War,12,4.15,20
Crime|Drama|Mystery|Thriller,17,3.36,47
Drama|Mystery|Thriller,18,3.68,19
Action|Adventure|Sci-Fi|War,20,2.93,57
Action|Crime|Drama,4,4.19,839
Adventure|Animation|Children's|Comedy|Fantasy,19,2.5,14
Action|Drama,10,3.66,145
Western,5,3.85,171
Comedy|Drama|Romance,19,3.64,152
Comedy|Documentary,18,3.67,12
Crime|Drama|Thriller,14,3.92,225
Horror|Mystery,5,3.5,2
Adventure|Sci-Fi,7,3.16,165
Horror|Mystery|Thriller,3,2.75,67
Crime|Film-Noir|Mystery|Thriller,5,4.26,43
Documentary|Drama,7,3.6,10
Adventure|Comedy|Romance,0,3.0,62
Action|Comedy|Musical|Sci-Fi,14,2.0,10
Action|Drama|Sci-Fi|Thriller,11,3.2,15
Adventure|Animation|Sci-Fi,18,2.67,3
Comedy|Romance|War,9,4.26,39
Children's,12,2.5,8
Animation|Children's|Fantasy|War,17,2.9,29
Comedy|Crime|Drama,12,3.8,54
Action|Adventure|Crime|Drama,9,3.36,11
Drama|Film-Noir|Thriller,11,2.67,3
Action|Adventure|Sci-Fi|Thriller,18,3.38,117
Action|Adventure|Sci-Fi,1,3.33,1383
Drama|War,6,4.2,596
Animation|Children's|Musical,0,3.67,1083
Comedy|Horror,19,3.15,182
Sci-Fi,14,3.63,203
Drama|Musical,14,3.45,117
Adventure|Children's|Comedy,14,2.67,30
Action|Adventure|Comedy|Crime,8,3.36,11
Action|Adventure|Comedy|Crime,6,3.28,82
Action|Comedy|Sci-Fi|War,2,3.28,50
Action|Adventure|Drama|Romance,4,2.87,54
Adventure|Drama|Western,19,4.12,17
Crime|Drama|Sci-Fi,5,3.5,34
Adventure|Children's|Comedy|Musical,17,3.32,19
Musical|War,6,3.87,15
Adventure|Sci-Fi|Thriller,15,2.4,15
Comedy|Crime|Horror,5,3.1,10
Action|Adventure|Fantasy,9,3.5,14
Comedy|Fantasy|Romance,5,3.34,32
Animation|Children's|Fantasy|War,18,2.88,8
Film-Noir|Mystery,5,4.3,27
Action|Crime|Drama|Thriller,5,3.91,22
Film-Noir|Sci-Fi,12,4.43,153
Action|Drama|Western,6,3.0,5
Comedy|Drama,9,3.68,563
Action|Sci-Fi,1,3.03,952
Comedy|Crime,6,3.76,185
Comedy|Fantasy,14,3.58,201
Drama|Western,16,3.79,67
Action,1,3.26,863
Mystery|Thriller,13,4.18,145
Adventure|Comedy|Drama,5,4.18,39
Action|Thriller,5,3.56,661
Comedy|Romance|Thriller,10,3.6,48
Drama|War,9,4.22,122
Horror|Mystery,0,2.84,25
Action|Mystery|Sci-Fi|Thriller,4,2.72,79
Horror|Mystery|Thriller,4,2.79,362
Horror|Sci-Fi,9,3.32,38
Action|Comedy|Sci-Fi|Thriller,9,2.77,13
Comedy|Musical|Romance,14,3.47,103
Drama|Film-Noir,19,4.18,11
Action|Mystery|Romance|Thriller,1,3.39,64
Crime|Horror,4,3.55,22
Animation,6,4.29,14
Children's|Musical,17,3.45,22
Comedy|Musical,3,3.86,147
Children's|Comedy|Western,7,2.84,37
Action|Crime|Drama|Thriller,0,3.73,119
Children's,2,2.33,12
Drama|Fantasy,4,3.18,40
Mystery|Sci-Fi|Thriller,9,3.29,7
Crime|Film-Noir|Mystery,3,4.56,16
Crime|Drama|Mystery|Thriller,10,3.64,14
Action|Adventure|Sci-Fi|Thriller,6,3.42,245
Adventure|Children's,12,3.03,95
Adventure,15,3.89,38
Comedy,10,3.53,3116
Comedy|Crime|Thriller,20,3.73,67
Drama|Sci-Fi|Thriller,17,3.61,147
Crime|Drama|Romance,9,3.6,5
Comedy|Drama|Romance,15,3.68,241
Comedy|War,18,3.48,40
Action|Adventure|Romance|Sci-Fi|War,15,4.11,71
Drama|Mystery,11,3.78,158
Drama|Sci-Fi,2,3.93,321
Horror|Mystery|Thriller,1,2.56,117
Drama|Mystery,13,3.99,156
Comedy|Western,18,3.31,35
Film-Noir|Sci-Fi|Thriller,16,3.96,26
Drama|Musical|War,7,3.82,39
Drama|Musical|War,11,3.8,5
Comedy|Crime|Mystery|Thriller,9,2.86,7
Action|Horror|Thriller,14,3.09,43
Film-Noir|Romance|Thriller,7,4.29,42
Crime|Horror,19,3.14,7
Action|Adventure|Mystery,11,3.18,38
Crime|Drama|Film-Noir,1,3.77,92
Action|Crime|Drama|Thriller,9,3.57,7
Crime|Drama|Film-Noir,9,2.77,13
Sci-Fi|Thriller|War,14,3.55,20
Comedy|Horror|Sci-Fi,5,2.4,5
Comedy|Horror|Musical,2,3.62,47
Crime|Drama|Mystery|Thriller,0,3.38,91
Action|Horror|Sci-Fi,18,3.14,42
Comedy|Fantasy,16,3.64,163
Comedy|Drama,5,3.7,763
Adventure|Animation|Sci-Fi|Thriller,11,3.67,6
Action|Thriller,2,3.4,1073
Action|Adventure|Comedy|Romance,12,3.97,394
Drama|Sci-Fi,16,3.9,290
Action|Crime|Thriller,9,3.68,25
Adventure|Comedy,18,3.17,47
Comedy|Musical|Romance,2,3.59,116
Adventure|Children's|Drama,10,2.54,52
Action|Children's|Fantasy,14,2.5,38
Adventure|Romance|Sci-Fi,2,2.83,18
Adventure|Animation|Film-Noir,0,3.63,208
Drama|Musical|War,3,3.38,8
Action|Romance|Sci-Fi,20,2.79,28
Comedy|Crime,10,3.66,109
Action|Horror|Thriller,10,3.05,22
Adventure|Musical,5,3.17,6
Drama|Thriller|War,20,3.78,55
Action|Horror|Sci-Fi,13,2.75,16
Adventure|Animation|Children's|Sci-Fi,11,2.6,5
Animation|Children's|Fantasy|War,1,2.88,17
Children's|Drama|Fantasy|Sci-Fi,1,3.93,212
Children's|Fantasy|Sci-Fi,8,3.75,4
Action|Drama|Mystery,4,3.21,56
Drama|Romance|Thriller,18,4.0,8
Children's|Fantasy|Sci-Fi,10,3.64,11
Comedy|Crime,4,3.55,693
Animation|Comedy,19,3.56,61
Mystery|Thriller,16,3.88,329
Comedy|War,9,4.05,22
Drama|Musical,6,3.52,112
Crime|Film-Noir|Thriller,14,4.36,44
Drama|Sci-Fi,12,3.98,486
Adventure|Drama,8,3.29,7
Action|Adventure|Drama|Romance,17,3.1,30
Adventure|Romance|Sci-Fi,16,3.45,20
Action|Crime|Sci-Fi,9,3.38,8
Adventure|Musical|Romance,7,4.33,3
Action|Comedy|Musical|Sci-Fi,2,3.13,30
Action|Drama|Sci-Fi|Thriller,10,3.14,37
Children's|Comedy|Western,1,2.86,28
Crime|Drama|Romance|Thriller,20,4.01,103
Action|Adventure|Mystery|Sci-Fi,7,2.3,50
Action|Adventure|Mystery|Sci-Fi,19,2.27,11
Adventure|Animation|Children's|Sci-Fi,9,4.0,2
Adventure|Comedy|Musical,3,2.65,20
Adventure|Western,9,4.0,1
Action|Sci-Fi,3,3.38,360
Horror|Sci-Fi|Thriller,18,3.07,29
Adventure|Children's|Fantasy,14,3.49,148
Action|Adventure|Sci-Fi|Thriller|War,1,2.55,11
Drama|Musical,20,3.38,185
Documentary,19,3.64,108
Action|Adventure|Drama|Thriller,0,3.15,27
Drama|Western,3,3.84,38
Adventure|Children's|Drama|Musical,16,4.38,71
Action|Adventure|Romance|War,7,4.3,151
Action|Comedy|Musical,13,3.8,15
Action|Drama|Fantasy|Romance,16,3.88,34
Comedy|Sci-Fi|Western,13,3.36,14
Comedy|Sci-Fi|Western,20,3.19,48
Action|Romance|War,2,3.64,45
Action|Adventure|Horror|Thriller,11,3.42,12
Drama|Romance|Thriller,14,4.1,63
Comedy|Drama|Thriller,2,3.56,18
Adventure|Comedy|Sci-Fi,18,3.36,28
Action|Adventure|Sci-Fi,4,3.29,2246
Drama|Sci-Fi|Thriller,2,3.51,70
Action|Comedy|Western,17,3.77,244
Children's|Comedy|Fantasy,4,2.53,210
Action|Adventure|Sci-Fi|Thriller|War,5,2.77,13
Crime|Film-Noir|Thriller,18,4.08,13
Action|Adventure|Comedy|Horror|Sci-Fi,3,3.91,22
Action|Drama|War,18,4.18,151
Documentary,6,4.11,235
Animation|Children's|Drama|Fantasy,10,4.0,7
Action|Adventure|Fantasy,19,3.23,40
Adventure|Romance|Sci-Fi,17,3.22,41
Action|Adventure|Romance|War,2,4.33,51
Adventure|Drama,18,3.76,21
Crime|Drama|Sci-Fi,14,3.65,88
Crime|Drama|Film-Noir|Thriller,1,3.94,62
Crime|Drama|Mystery,19,2.5,6
Drama|Thriller|War,7,3.75,113
Action|Comedy|Crime|Horror|Thriller,1,2.84,44
Drama|Fantasy,2,3.44,18
Action|Adventure|Animation|Children's|Fantasy,17,2.78,9
Film-Noir,8,4.0,2
Animation|Children's|Fantasy|War,7,2.93,30
Film-Noir|Mystery,2,4.39,75
Film-Noir|Mystery,11,4.53,51
Adventure|War,18,4.1,21
Action|Drama|Mystery,2,2.88,16
Musical|Romance,14,3.88,135
Action|Horror|Sci-Fi,0,2.72,313
Action|Adventure,18,3.68,147
Sci-Fi|Thriller,16,3.0,231
Action|Adventure|Comedy,20,2.93,97
Children's|Drama,16,3.75,69
Comedy|Thriller,15,3.74,27
Adventure|Animation|Film-Noir,12,3.76,137
Drama|Musical|War,6,2.75,12
Action|Comedy|Romance|Thriller,12,2.6,15
Adventure|Children's|Comedy|Musical,20,3.1,21
Action|Mystery|Thriller,3,4.0,10
Children's|Horror,0,3.27,30
Adventure|Children's|Drama,9,3.24,17
Action|Sci-Fi|Thriller|War,20,4.25,84
Action|Comedy|Crime,7,4.25,4
Action|Adventure|Crime|Thriller,19,2.2,5
Film-Noir|Sci-Fi,17,4.34,172
Action|Adventure|War,15,3.63,16
Comedy|Drama|Sci-Fi,4,2.73,49
Comedy|Horror|Musical|Sci-Fi,13,3.32,19
Animation|Children's,19,3.04,107
Sci-Fi,8,3.13,16
Action|Comedy|Western,14,3.75,179
Adventure|Children's|Musical,2,3.25,24
Drama|War,0,4.07,1827
Adventure|Children's|Fantasy|Sci-Fi,16,3.61,44
Drama|Mystery,18,3.55,53
Drama|Mystery|Thriller,9,4.0,24
Comedy|Drama|Western,8,3.0,1
Action|Adventure|Comedy|Romance,8,3.32,22
Action|Adventure|Comedy|Crime,0,3.02,343
Action|Drama|Thriller|War,10,3.2,5
Action|Drama|Thriller|War,7,2.8,25
Action|Romance,0,3.31,221
Action|Crime|Thriller,2,3.57,141
Action|Drama|Thriller,19,2.95,22
Action|Adventure|Thriller,4,3.36,974
Children's|Comedy|Musical,15,4.13,60
Drama|Romance|War|Western,12,3.32,31
Film-Noir|Sci-Fi|Thriller,5,3.83,18
Action|Children's,3,1.5,8
Adventure|Animation|Film-Noir,3,3.76,54
Mystery|Thriller,8,3.4,10
Adventure|Comedy|Romance,15,2.88,8
Action|Sci-Fi|Thriller|War,8,4.8,5
Action|Sci-Fi|Thriller|War,14,4.15,88
Action|Adventure|Crime|Thriller,20,2.5,18
Adventure|Comedy|Musical,2,2.88,24
Action|Crime|Mystery|Thriller,0,2.66,70
Action|Adventure|Horror|Thriller,6,3.53,32
Action|Drama|Thriller,18,2.76,21
Action|Comedy|War,19,2.63,16
Children's|Fantasy|Musical,1,2.86,14
Horror|Thriller,4,3.15,1194
Action|Sci-Fi,9,3.17,88
Animation|Children's,14,3.59,342
Thriller,19,3.0,265
Sci-Fi,4,3.5,517
Drama|Mystery,5,3.82,71
Adventure|Drama,17,3.51,93
Action|Adventure|Comedy|Horror|Sci-Fi,1,3.8,46
Drama|Mystery|Sci-Fi|Thriller,16,4.33,72
Adventure|Drama|Romance|Sci-Fi,12,3.62,58
Drama|Western,20,4.11,70
Action|Adventure|Romance|War,0,4.21,115
Children's|Comedy|Musical,2,3.94,109
Film-Noir|Sci-Fi|Thriller,12,4.1,81
Comedy|Mystery,19,3.43,28
Musical|War,0,3.88,52
Action|Drama|Fantasy|Romance,8,3.67,6
Action|Adventure|Comedy|Horror,19,4.08,13
Action|Crime|Drama|Thriller,10,4.0,13
Crime|Horror|Thriller,4,2.53,49
Action|Adventure|Western,1,2.92,24
Adventure|Animation|Children's|Comedy|Musical,19,3.5,4
Action|Drama|Western,9,4.0,1
Animation|Comedy|Thriller,14,4.67,24
Fantasy|Sci-Fi,3,2.9,21
Comedy|Horror|Musical,3,3.47,36
Action|Drama,7,3.64,1287
Action|Comedy|Western,9,3.66,38
Adventure|Comedy|Drama,8,4.25,4
Action|Western,10,4.25,8
Adventure|Children's|Musical,10,3.38,13
Action|Comedy|Musical,6,3.62,63
Crime|Film-Noir,13,4.33,27
Comedy|Documentary,10,3.42,19
Crime|Drama|Thriller,17,3.96,295
Adventure|Children's|Comedy|Fantasy|Sci-Fi,5,3.14,28
Action|Comedy|Sci-Fi|War,1,2.75,71
Horror|Thriller,19,3.15,174
Adventure|Children's|Drama|Musical,18,4.32,19
Adventure|Romance|Sci-Fi,12,3.21,33
Animation|Children's|Musical|Romance,8,3.0,2
Action|Crime|Sci-Fi,2,3.22,108
Comedy|Crime|Drama|Mystery,10,3.43,7
Action|Children's,17,1.78,23
Action|Animation|Children's|Sci-Fi|Thriller|War,17,3.15,13
Action|Adventure|Animation|Children's|Fantasy,4,2.33,21
Comedy|Fantasy|Romance,0,3.44,160
Mystery|Sci-Fi|Thriller,0,3.63,128
Mystery|Sci-Fi|Thriller,14,3.6,48
Action|Adventure|Western,19,3.17,6
Action|Adventure|Drama|Sci-Fi|War,5,4.32,59
Adventure|Crime|Sci-Fi|Thriller,6,3.6,10
Action|Drama|Western,3,2.6,5
Adventure|Comedy|Sci-Fi,20,3.59,135
Drama|Romance,5,3.64,427
Crime,16,3.7,79
Comedy,14,3.5,6002
Crime|Film-Noir,9,3.67,3
Action|Adventure|Romance|Sci-Fi|War,13,3.91,44
Action|Drama|Thriller|War,19,1.67,3
Drama|Romance|Thriller,7,4.05,166
Animation|Children's|Drama|Fantasy,5,4.0,6
Film-Noir|Sci-Fi|Thriller,10,4.35,20
Drama|Musical|War,14,3.63,24
Action|Animation|Children's|Sci-Fi|Thriller|War,10,3.8,10
Action|Adventure|Mystery|Sci-Fi,8,4.0,1
Crime|Drama|Romance,6,3.83,23
Drama|Romance|Sci-Fi,12,4.67,3
Mystery|Sci-Fi|Thriller,3,3.45,22
Adventure|Crime|Sci-Fi|Thriller,9,3.33,3
Crime|Drama|Mystery|Thriller,11,3.64,11
Crime|Film-Noir|Mystery,12,4.07,15
Drama|Film-Noir|Thriller,16,3.8,5
Horror,17,2.95,1608
Action|Adventure,14,3.74,528
Action,11,3.44,225
Children's|Comedy|Drama,13,3.8,25
Mystery,4,3.6,106
Drama|Horror,1,2.99,196
Drama|Mystery|Thriller,15,3.33,42
Action|Crime|Romance,5,3.97,66
Children's|Fantasy,10,3.0,6
Children's|Comedy|Sci-Fi,0,2.71,66
Action|Mystery|Sci-Fi|Thriller,17,2.48,52
Film-Noir,0,4.38,130
Action|Romance,16,3.63,84
Action|Adventure|Drama,16,3.31,89
Film-Noir|Sci-Fi,2,4.42,92
Comedy|Fantasy|Romance|Sci-Fi,2,2.97,39
Action|Horror,13,4.14,22
Crime|Drama|Mystery,7,3.27,60
Action|Adventure|Horror,3,3.34,61
Drama,13,3.96,2184
Thriller,5,3.52,396
Comedy|Drama,10,3.74,792
Animation|Children's|Musical,2,3.59,433
Adventure|Children's|Romance,16,3.54,13
Mystery|Thriller,2,3.98,310
Comedy|Drama|Romance,18,3.45,85
Comedy|Romance|Thriller,16,3.66,94
Sci-Fi|Thriller,1,2.99,328
Action|Drama,6,3.72,380
Children's|Fantasy,0,2.5,2
Drama|Fantasy,10,3.57,7
Drama|Sci-Fi,7,3.85,660
Drama|Sci-Fi,6,3.82,231
Action|Comedy|Sci-Fi|War,18,2.74,19
Drama|Romance|Thriller,0,3.92,168
Action|Comedy|Sci-Fi|Thriller,20,2.84,57
Action|Adventure|Fantasy,10,3.4,52
Adventure|Comedy|Romance,9,3.17,12
Adventure|Comedy|Romance,7,2.9,42
Adventure|Drama|Western,0,3.89,169
Drama|Thriller|War,5,3.68,22
Action|Adventure|Comedy|Horror,14,3.89,28
Comedy|Sci-Fi|Western,3,3.41,27
Comedy|Romance|War,10,4.15,75
Action|Comedy|Crime|Horror|Thriller,2,3.12,42
Comedy|Drama|War,18,3.8,25
Adventure|Animation|Children's|Sci-Fi,18,3.33,6
Action|Adventure|Drama|Sci-Fi|War,15,4.31,88
Action|Adventure|Drama|Sci-Fi|War,8,4.11,9
Action|Crime|Mystery|Thriller,16,2.42,24
Film-Noir|Sci-Fi,4,4.12,201
Documentary|Musical,17,3.8,5
Action|Drama|Western,12,3.38,13
Comedy|Fantasy|Romance|Sci-Fi,7,3.05,85
Horror,2,3.04,1105
Horror|Thriller,7,3.18,829
Comedy|Drama|War,16,3.72,117
Animation|Comedy,10,4.07,127
Musical,20,3.84,225
Action|Sci-Fi|War,13,3.97,29
Action|Adventure|Sci-Fi,19,3.31,230
Comedy|War,11,3.75,79
Musical|Romance|War,17,3.38,21
Action|Adventure|Romance|War,11,4.36,36
Documentary|Musical,12,2.8,10
Crime|Drama|Thriller,13,4.04,51
Action|Mystery|Romance|Thriller,14,3.45,49
Adventure|Children's|Fantasy,18,3.39,66
Film-Noir|Romance|Thriller,15,4.46,13
Animation,19,4.5,4
Action|Adventure|Comedy|Horror,12,3.86,37
Action|Crime|Drama|Thriller,20,4.0,74
Crime|Film-Noir|Mystery,4,4.27,15
Children's|Fantasy|Musical,3,3.25,8
Children's|Drama|Fantasy|Sci-Fi,16,4.12,90
Crime,1,3.42,129
Drama|Sci-Fi|Thriller,11,3.5,24
Action|Western,8,4.0,3
Western,17,3.87,438
Action|Comedy|Musical,14,3.85,86
Children's|Comedy|Fantasy,13,3.36,11
Crime|Film-Noir,18,4.0,9
War,14,4.03,39
Action|Thriller,18,3.61,279
Crime|Thriller,15,4.07,155
Action|Mystery|Thriller,4,3.44,77
Action|Adventure|Drama|Thriller,17,3.38,13
Action|Crime|Thriller,17,3.55,296
Adventure|Children's,1,3.1,161
Adventure|Animation|Children's|Fantasy,3,3.0,3
Romance|Thriller,17,3.83,29
Action|Comedy|Crime|Drama,2,3.43,202
Action|Horror|Sci-Fi|Thriller,10,3.4,67
Crime|Drama|Romance|Thriller,0,3.94,205
Action|Adventure|Mystery|Sci-Fi,14,2.29,31
Crime|Drama|Romance,12,3.8,20
Film-Noir|Mystery,16,4.22,65
Film-Noir|Mystery,4,4.17,124
Adventure|Comedy|Musical,15,2.9,10
Action|Adventure|Crime|Drama,1,3.16,111
Action|Adventure|Crime|Drama,18,3.81,16
Action|Adventure|Western,4,2.82,60
Action|Drama|Western,17,2.77,22
Crime|Horror|Mystery|Thriller,12,3.67,36
Drama|Mystery|Romance,9,3.09,11
Comedy|Crime|Thriller,6,3.42,26
Action|Comedy|Western,3,3.65,110
Action|Sci-Fi|War,15,3.58,59
Comedy|Romance|Thriller,4,3.52,302
Children's|Comedy|Fantasy,8,3.17,6
Adventure|Thriller,12,3.94,49
Sci-Fi|Thriller,8,2.91,23
Drama|Horror,7,3.09,235
Action|Adventure|Romance,8,3.33,3
Action|Adventure|Comedy|Romance,19,3.79,73
Adventure|Children's|Comedy|Fantasy|Sci-Fi,6,3.11,38
Comedy|Musical|Romance,13,3.76,37
Action|Adventure|Thriller,17,3.47,546
Comedy|Crime|Mystery|Thriller,6,3.24,34
War,15,4.03,36
Crime|Drama|Romance|Thriller,4,4.0,215
Crime|Drama|Romance|Thriller,8,3.8,5
Adventure|Drama|Thriller,17,3.27,22
Animation|Children's|Fantasy|War,16,2.75,12
Crime|Horror|Thriller,0,2.83,42
Film-Noir|Mystery,8,4.25,4
Adventure|Western,7,3.8,45
Action|Adventure|Sci-Fi|Thriller,8,3.52,31
Comedy|Romance,2,3.48,2178
Crime,7,3.58,196
Musical,2,3.61,201
Action|War,15,3.02,91
Action|Adventure|Comedy,5,3.22,59
Crime|Film-Noir|Thriller,5,3.94,17
Action|Romance|Thriller,8,3.68,19
Horror|Sci-Fi,10,2.92,134
Action|Crime|Mystery,4,2.89,47
Horror|Thriller,8,2.63,24
Animation|Children's|Musical|Romance,19,2.67,3
Action|Crime|Sci-Fi,16,3.28,100
Action|Adventure|Romance,13,3.14,7
Adventure|Drama|Western,8,4.6,5
Action|Children's,10,2.04,28
Film-Noir|Romance|Thriller,2,4.38,29
Children's|Comedy|Sci-Fi,13,1.67,3
Comedy|Romance|War,18,4.58,24
Action|Comedy|Crime|Horror|Thriller,14,3.13,46
Action|Comedy|Drama,5,3.4,40
Action|Adventure|Horror|Thriller,0,3.29,145
Musical|Romance,4,3.89,341
Crime|Horror|Mystery|Thriller,2,3.08,36
Crime|Horror|Mystery|Thriller,9,4.0,7
Crime|Drama|Thriller,9,3.89,54
Comedy|Crime,11,3.83,117
Action|War,4,2.94,327
Action|War,14,2.96,204
Adventure|Animation|Sci-Fi|Thriller,6,3.83,12
Comedy|Crime|Fantasy,12,3.47,66
Comedy|Musical|Romance,17,3.49,97
Horror,8,2.7,44
Action|Children's|Fantasy,10,2.47,51
Film-Noir|Sci-Fi|Thriller,17,3.77,91
Drama|Musical|War,4,4.04,49
Action|Comedy|Musical|Sci-Fi,1,2.47,17
Action|Comedy|Romance|Thriller,4,3.12,34
Film-Noir|Romance|Thriller,4,4.23,30
Action|Mystery|Thriller,19,3.67,9
Children's|Horror,8,3.0,1
Comedy|Musical,18,3.39,41
Adventure|Animation|Sci-Fi,7,3.13,54
Sci-Fi|War,20,4.49,96
Drama|Fantasy,5,3.27,11
Film-Noir|Mystery,1,4.51,185
Action|Comedy|Fantasy,12,2.59,27
Action|Sci-Fi|Thriller|Western,9,2.75,4
Crime|Drama|Mystery,15,3.5,10
Mystery|Romance|Thriller,13,3.8,20
Comedy|Romance,6,3.61,1727
Action|Horror|Sci-Fi,1,2.55,120
Adventure|Drama|Romance,12,2.8,25
Animation|Children's|Comedy|Musical,16,3.84,76
Comedy|Drama|Romance,8,3.77,35
Action|Comedy,18,2.93,60
Drama|Musical,18,3.33,21
Adventure|Children's|Comedy,20,2.41,49
Musical|Romance|War,1,3.89,27
Horror|Mystery|Thriller,6,3.45,64
Crime|Film-Noir|Mystery|Thriller,13,4.02,41
Mystery|Romance|Thriller,19,3.43,14
Action|Horror|Thriller,20,3.03,31
Comedy|Musical|Romance,11,3.4,52
Action|Drama|Fantasy|Romance,11,3.79,14
Action|Drama|Fantasy|Romance,7,3.81,109
Action|Adventure|Romance|Thriller,17,3.25,128
Action|Horror|Sci-Fi|Thriller,11,3.9,68
Action|Adventure|Sci-Fi|Thriller,0,3.31,1014
Comedy,16,3.41,5197
Animation|Children's,5,3.82,215
Crime|Drama,14,4.01,643
Adventure|War,7,4.28,211
Animation|Comedy,1,3.89,227
Action|War,3,2.91,93
Mystery,9,3.38,8
Sci-Fi|Thriller,4,3.01,682
Action|Crime,16,3.08,130
Action|Thriller,13,3.7,257
Adventure|Comedy,5,3.17,71
Horror|Thriller,16,3.24,451
Comedy|Western,14,3.72,123
Children's|Comedy|Musical,17,3.83,142
Animation|Children's|Musical|Romance,14,3.06,17
Action|Children's,0,2.08,50
Adventure|Musical|Romance,16,4.0,1
Adventure|Comedy|Romance,5,3.44,9
Comedy|Fantasy|Romance,7,3.46,142
Comedy|Mystery|Romance|Thriller,15,4.4,10
Action|Comedy|Fantasy,16,2.17,12
Comedy|Horror|Musical,5,3.32,28
Adventure|Comedy|Sci-Fi,16,3.62,105
Animation|Children's|Comedy,2,3.83,331
Action|Adventure|Sci-Fi|Thriller,19,3.2,107
Horror|Romance,14,3.48,80
Comedy,19,3.42,1795
Drama|War,13,4.14,356
Adventure|Children's|Fantasy|Sci-Fi,0,3.24,117
Drama|Mystery,14,3.86,228
Action|Adventure|Comedy|Romance,15,4.04,160
Action|Adventure|Comedy|Crime,11,3.17,54
Horror|Sci-Fi|Thriller,12,3.05,73
Action|Crime|Thriller,7,3.54,371
Action|Adventure|Drama|Romance,20,2.62,21
Crime|Film-Noir|Mystery|Thriller,20,4.19,168
Adventure|Drama|Romance|Sci-Fi,4,3.23,73
Action|Comedy|Crime|Drama,1,3.37,282
Crime|Drama|Film-Noir,13,3.56,16
Comedy|Horror|Musical|Sci-Fi,12,3.13,89
Action|Adventure|Comedy|Sci-Fi,9,3.88,33
Action|Adventure|Comedy|Sci-Fi,19,3.65,37
Action|Adventure|Sci-Fi,0,3.35,2162
Children's|Comedy|Mystery,9,4.0,9
Action|Adventure,12,3.83,662
Adventure|Children's|Romance,4,3.65,31
Action,7,3.52,1548
Action|Adventure,10,3.58,219
Adventure|Comedy|Drama,2,4.04,79
Film-Noir|Mystery|Thriller,8,4.25,4
Action,13,3.61,120
Adventure|Children's|Fantasy|Sci-Fi,5,3.35,23
Comedy|Documentary,1,4.04,111
Drama|Mystery|Sci-Fi|Thriller,3,3.94,48
Action|Sci-Fi|Thriller,16,3.65,565
Musical|Romance|War,20,3.45,20
Action|Comedy,10,3.07,103
Adventure,9,4.0,12
Action|Children's|Fantasy,16,2.36,25
Adventure|Children's|Drama|Musical,3,4.38,61
Drama|Film-Noir,2,4.07,44
Action|Adventure|Crime,16,3.11,82
Action|Comedy|Musical|Sci-Fi,3,2.2,10
Comedy|Crime|Mystery|Thriller,3,3.29,34
Comedy|Crime|Mystery|Thriller,8,4.0,1
Children's|Comedy|Sci-Fi,8,2.67,3
Children's,18,3.2,5
Action|Romance|War,3,4.26,23
Action|Comedy|Crime|Drama,9,3.86,42
Comedy|Drama|Sci-Fi,0,2.94,47
Action|Adventure|Sci-Fi|War,16,3.13,48
Children's|Drama|Fantasy|Sci-Fi,6,4.26,84
Comedy|Horror|Musical|Sci-Fi,2,3.43,68
Horror,5,3.18,800
Crime|Drama,12,4.04,585
Documentary,0,3.88,927
Comedy|Horror,15,3.56,212
Musical,14,3.89,123
Adventure|Animation|Children's|Comedy|Fantasy,5,2.67,18
Action|Adventure,2,3.62,440
War,4,3.84,81
Drama|Mystery,12,3.84,260
Comedy|Mystery,16,3.32,56
Drama|Mystery|Thriller,17,3.42,123
Action|Adventure|Comedy|Horror|Sci-Fi,10,3.32,19
Action|Crime,5,2.99,77
Western,19,3.75,80
Animation|Children's|Drama|Fantasy,2,3.92,26
Action|Mystery|Thriller,9,4.0,4
Action|Comedy|Musical,9,3.06,18
Documentary|Drama,1,3.56,25
Adventure|Children's|Comedy|Fantasy,20,3.8,96
Comedy|Western,15,3.68,50
Adventure|Children's|Sci-Fi,15,2.76,21
Action|Sci-Fi|Thriller|War,12,4.16,152
Drama|Fantasy,1,3.5,20
Film-Noir,6,3.67,27
Crime|Drama|Film-Noir,14,3.8,54
Animation|Children's|Fantasy|War,15,3.0,5
Action|Comedy|War,11,3.58,12
Crime|Drama,1,3.9,1043
Action|Sci-Fi,16,3.2,647
Horror|Romance,5,3.61,51
Comedy|Drama|War,6,3.79,78
Romance,3,3.6,84
Comedy|Fantasy,20,3.46,206
Action|War,16,3.11,236
Animation|Children's,13,3.29,49
Horror|Sci-Fi,6,3.03,289
Comedy|Mystery,13,3.21,19
Crime|Film-Noir,1,4.15,98
Adventure|Drama,13,3.55,31
Action|Adventure|Romance,1,3.2,84
Adventure|Children's|Comedy,7,2.55,74
Action|Adventure|Comedy|Crime,13,3.36,22
Action|Crime,9,3.25,20
Action|Comedy|Sci-Fi|War,8,3.0,2
Action|Drama|Thriller,14,3.25,69
Children's|Comedy|Musical,12,3.66,115
Adventure|Animation|Film-Noir,19,3.55,22
Animation|Children's|Fantasy|Musical,10,3.27,33
Comedy|Musical,6,3.42,139
Comedy|Horror|Thriller,20,3.21,56
Crime|Horror,16,3.38,13
Action|Drama|Sci-Fi|Thriller,17,3.43,90
Children's,7,3.16,25
Action|Adventure|Animation|Children's|Fantasy,2,2.38,8
Adventure|Animation|Children's|Sci-Fi,8,3.0,2
Adventure|Comedy|Musical,18,2.0,10
Mystery|Sci-Fi|Thriller,10,3.56,34
Action|Adventure|Crime|Drama,2,3.54,68
Action|Crime|Mystery|Thriller,2,2.9,20
Adventure|Animation|Children's|Comedy|Musical,17,3.44,34
Crime|Drama|Mystery|Thriller,19,3.27,11
Children's|Fantasy|Musical,0,3.12,17
Comedy|Drama|Thriller,13,2.5,2
Drama|Romance,10,3.64,429
Comedy|Crime,7,3.63,539
Romance,15,3.5,38
Action|Drama|War,6,4.12,449
Drama|Sci-Fi|Thriller,12,3.83,138
Action|Adventure|Romance,4,3.35,184
Drama|Mystery|Sci-Fi|Thriller,12,4.2,132
Action|Adventure|Comedy|Crime,1,2.89,189
Drama|Sci-Fi,20,3.75,380
Comedy|Musical|Romance,18,2.59,17
Animation|Children's|Musical|Romance,4,2.93,69
Adventure|Sci-Fi|Thriller,1,2.36,47
Adventure|Fantasy|Romance,2,3.42,43
Children's|Musical,3,3.71,17
Comedy|Sci-Fi|Western,16,3.23,48
Adventure|Drama|Thriller,8,3.0,1
Action|Adventure|Children's|Sci-Fi,2,1.95,19
Animation|Comedy|Thriller,11,4.57,14
Comedy|Horror|Musical,0,3.34,125
Comedy,15,3.64,2423
Crime,19,3.32,28
Adventure,16,3.78,102
Horror|Sci-Fi,12,3.14,473
Mystery,11,4.25,28
Action|Western,4,4.21,121
Adventure|Animation|Sci-Fi|Thriller,20,4.0,29
Crime|Film-Noir|Thriller,7,3.81,94
Action|Horror|Sci-Fi|Thriller,12,3.88,285
Children's|Fantasy,1,4.0,1
Action|Adventure|Fantasy|Sci-Fi,20,3.67,280
Children's|Drama,4,3.52,204
Comedy|Western,17,3.43,181
Adventure|Drama|Romance|Sci-Fi,8,3.2,5
Drama|Western,13,4.15,46
Action|Drama|Thriller,8,3.0,5
Children's|Comedy|Musical,14,3.86,78
Comedy|Crime|Mystery|Thriller,14,3.73,60
Comedy|Horror|Musical|Sci-Fi,20,3.16,69
Animation|Sci-Fi,4,4.2,82
Comedy|Sci-Fi|Western,1,3.06,79
Adventure|Animation|Children's|Sci-Fi,7,3.11,36
Crime|Horror|Thriller,17,2.57,14
Action|Adventure|Horror|Thriller,16,3.05,43
Mystery|Romance|Thriller,12,3.81,37
Horror|Thriller,1,3.16,564
Animation|Children's,17,3.52,622
Children's|Comedy|Drama,14,3.97,75
Action|Comedy|Western,8,3.42,12
Children's|Comedy|Drama,18,3.79,19
Action|Comedy|Musical,20,3.59,76
Action|Crime,3,3.02,91
Drama|Musical,1,3.52,241
Drama|Sci-Fi,8,3.88,16
Horror|Sci-Fi|Thriller,7,2.77,149
Action|Comedy,15,3.11,81
Action|Crime|Thriller,16,3.63,150
Crime|Film-Noir|Mystery|Thriller,4,4.17,334
Drama|Romance|War|Western,2,3.28,36
Action|Crime|Sci-Fi,11,3.14,43
Comedy|Crime|Drama|Mystery,19,2.6,5
Crime|Drama|Sci-Fi,20,3.33,79
Crime|Drama|Film-Noir|Thriller,6,4.19,21
Action|Mystery|Romance|Thriller,4,3.34,135
Animation|Children's|Fantasy|Musical,3,3.75,24
Animation|Children's|Comedy|Musical|Romance,16,3.73,74
Action|Drama|Fantasy|Romance,3,4.11,19
Action|Comedy|Crime,0,3.44,9
Comedy|Sci-Fi|Western,4,3.27,177
Adventure|Animation|Children's,7,3.65,17
Film-Noir|Sci-Fi,16,4.31,84
Adventure|Crime|Sci-Fi|Thriller,7,3.44,32
Drama|Mystery|Romance,15,3.75,8
Comedy|Horror|Thriller,5,3.15,13
Comedy|Horror|Musical,20,3.48,50
Comedy|Horror|Musical,8,3.0,2
Crime|Drama|Mystery,4,3.49,70
Comedy|Fantasy,12,3.5,224
Animation|Children's|Comedy|Musical,11,3.72,50
Musical,4,3.83,289
Adventure|Children's|Romance,10,2.86,22
Action|Thriller,14,3.64,1557
Comedy|Crime,15,3.77,102
Action|Thriller,6,3.54,944
Adventure|Children's|Musical,0,3.69,39
Action|Thriller,9,3.7,225
Action|Adventure|Romance,16,3.42,43
Crime|Thriller,4,4.0,1095
Action|Romance|Thriller,10,3.58,115
Adventure|Children's|Comedy|Fantasy|Romance,15,2.75,4
Comedy|Horror|Musical|Sci-Fi,17,3.21,106
Adventure|Fantasy|Sci-Fi,0,3.52,131
Romance|Thriller,20,3.59,44
Action|Crime|Drama|Thriller,4,3.8,92
Action|Adventure|Mystery|Sci-Fi,5,2.38,16
Animation|Sci-Fi,0,3.84,43
Adventure|Animation|Children's|Sci-Fi,10,3.15,13
Action|Comedy|Fantasy,3,2.57,14
Action|Adventure|Horror|Thriller,4,3.18,160
Adventure|Animation|Children's|Comedy|Musical,5,3.55,11
Crime|Drama|Mystery,1,3.06,36
Comedy,11,3.5,2575
Comedy|Drama,12,3.77,2141
Children's|Comedy,13,3.01,72
Action|Sci-Fi|War,10,3.75,73
Adventure|Comedy|Drama,9,3.89,19
Adventure|Children's|Musical,11,3.5,6
Comedy|Romance|Thriller,15,3.62,52
Action|Sci-Fi|Thriller,9,3.39,92
Action|Mystery|Thriller,18,3.9,10
Horror|Thriller,2,3.27,410
Comedy|Western,13,3.73,44
Animation|Children's|Musical|Romance,7,2.78,18
Drama|Romance|War|Western,16,3.56,36
Action|Adventure|Animation|Horror|Sci-Fi,5,3.48,21
Adventure|Children's|Sci-Fi,16,2.79,43
Action|Mystery|Thriller,10,3.6,10
Comedy|Crime|Horror,17,3.17,23
Animation|Children's|Fantasy|War,5,2.75,16
Film-Noir|Mystery,0,4.41,185
Action|Adventure|Children's|Sci-Fi,10,2.03,30
Adventure|Comedy|Sci-Fi,14,3.58,106
Drama|Mystery|Romance,4,3.39,61
Adventure|Children's,14,3.46,82
Action|Drama|War,12,4.08,761
Action|Drama|War,9,3.73,98
Action|Drama|Thriller,9,3.73,11
Adventure|Children's|Fantasy|Sci-Fi,4,3.12,129
Comedy|War,8,4.17,6
Action|Adventure|Sci-Fi|Thriller|War,18,2.5,6
Action|Sci-Fi|Western,19,1.67,12
Action|Drama,13,3.89,114
Horror|Mystery|Thriller,12,3.18,105
Crime|Film-Noir|Mystery|Thriller,9,3.63,27
Comedy|Crime|Drama|Mystery,7,3.24,71
Action|Adventure|Children's|Comedy,12,2.29,34
Film-Noir,11,4.12,33
Crime|Drama|Mystery,16,3.56,18
Adventure|Animation|Children's|Fantasy,0,2.11,9
Action|Crime|Drama|Thriller,7,4.11,132
Comedy|Fantasy|Romance,6,3.65,37
Action|Drama|Western,16,2.79,14
Comedy|Drama|Sci-Fi,11,3.2,5
Children's|Fantasy|Sci-Fi,3,3.48,23
Comedy|Horror|Sci-Fi,17,2.86,7
Adventure|Comedy|Sci-Fi,7,3.61,257
Thriller,14,3.66,993
Comedy,9,3.42,1462
Musical|Romance,16,4.02,149
Sci-Fi|Thriller,7,3.03,451
Action|Crime|Romance,17,3.95,172
Action|Sci-Fi|Western,10,2.48,42
Action|Sci-Fi|Western,6,2.42,24
Action|Adventure|Fantasy|Sci-Fi,14,4.06,285
Action|Adventure|Comedy|Crime,4,3.08,357
Action|Sci-Fi|Thriller,7,3.72,1476
Musical|Romance|War,12,3.79,14
Romance,12,3.42,103
Adventure|Drama|Western,1,3.89,137
Action|Mystery|Romance|Thriller,9,3.6,10
Animation|Children's|Fantasy|Musical,1,3.78,51
Animation|Children's|Fantasy|Musical,11,3.8,10
Comedy|Film-Noir|Thriller,20,1.0,1
Action|Drama|Fantasy|Romance,10,3.33,6
Action|Horror,0,3.44,307
Action|Sci-Fi|Thriller|War,9,3.0,12
Mystery|Sci-Fi,8,3.67,3
Comedy|Mystery|Romance|Thriller,4,4.18,38
War,11,4.0,27
Adventure|Children's|Fantasy,13,3.09,23
Action|Sci-Fi|Thriller|Western,18,3.29,7
Comedy|Fantasy|Romance|Sci-Fi,3,3.32,22
Comedy|Horror|Musical|Sci-Fi,0,3.27,154
Comedy|Horror|Musical|Sci-Fi,10,3.09,23
Drama|Romance,13,3.86,472
Action|Adventure|Animation,11,4.8,5
Action|War,12,3.11,175
Comedy|Romance|Thriller,6,3.85,85
Crime|Film-Noir,12,4.29,38
Action|Adventure|Mystery,4,3.46,276
Drama|Fantasy,3,3.08,13
Action|Adventure|Comedy|Romance,3,3.93,188
Action|Crime,15,3.42,53
Action|Comedy|Sci-Fi|War,7,2.67,87
Action|Mystery|Thriller,0,3.11,79
Comedy|Thriller,1,3.37,118
Animation|Children's|Musical|Romance,20,2.58,26
Comedy|Crime|Drama|Mystery,11,2.86,14
Musical|War,15,3.5,12
Action|Romance|War,14,3.78,54
Action|Adventure|Drama|Sci-Fi|War,2,4.28,136
Children's|Drama|Fantasy|Sci-Fi,11,4.13,47
Children's|Fantasy|Sci-Fi,13,3.75,8
Action|Adventure|Comedy|Sci-Fi,2,3.68,97
Musical|Romance,18,3.47,19
Animation|Comedy,4,3.94,570
Action|Drama|War,0,4.03,1458
Musical,3,3.99,145
Horror|Sci-Fi|Thriller,4,2.46,190
Comedy|Mystery|Thriller,7,4.17,77
Drama|Horror,3,3.15,85
Action|Sci-Fi|Thriller,18,3.53,159
Adventure|Children's|Comedy|Fantasy|Sci-Fi,10,2.9,39
Animation|Children's|Drama|Fantasy,0,3.71,41
Adventure|Drama|Romance|Sci-Fi,20,3.58,48
Children's|Drama,9,3.87,39
Action|Mystery|Romance|Thriller,12,3.32,50
Adventure|Musical,20,2.83,18
Adventure|Children's|Sci-Fi,5,2.86,28
Action|Adventure|Romance|Thriller,5,3.28,40
Crime|Drama|Mystery|Thriller,16,3.38,16
Crime|Drama|Mystery,6,3.64,11
Children's|Fantasy|Sci-Fi,0,3.69,93
Crime|Drama,5,4.0,231
Action|Thriller,7,3.64,3151
Comedy|Thriller,11,3.2,35
Comedy|Romance|Thriller,12,3.7,130
Drama|Mystery|Thriller,2,3.37,86
Action|Adventure|Romance,7,3.39,111
Adventure|Children's|Comedy|Fantasy,11,3.56,27
Adventure|Children's|Drama|Romance,10,4.0,6
Comedy|Drama|Musical,11,4.44,34
Film-Noir,3,4.08,40
Action|Drama|Thriller|War,6,3.17,12
Adventure|Comedy,15,3.51,57
Comedy|Western,0,3.42,313
Adventure|Children's|Drama|Musical,5,4.26,34
Romance,5,3.68,31
Comedy|Crime|Drama|Mystery,16,3.88,32
Crime|Drama|Film-Noir,3,3.81,31
Film-Noir,1,4.28,97
Action|Comedy|Crime|Drama,11,3.49,84
Action|Adventure|Mystery|Sci-Fi,4,2.17,89
Action|Adventure|Mystery|Sci-Fi,17,2.46,50
Action|Comedy|Crime|Horror|Thriller,8,3.5,2
Documentary|War,10,3.0,1
Action|Adventure|Animation|Children's|Fantasy,1,3.17,6
Children's|Comedy|Western,13,2.71,7
Film-Noir|Mystery,13,4.4,62
Mystery|Sci-Fi|Thriller,2,3.42,43
Children's|Comedy|Mystery,16,3.11,9
Drama|Romance|Thriller,11,3.89,28
Children's|Drama|Fantasy|Sci-Fi,7,4.02,253
Crime,5,3.29,38
Adventure|War,11,4.26,53
Children's|Comedy,6,3.04,331
Sci-Fi,7,3.58,528
Adventure|Animation|Sci-Fi|Thriller,1,3.71,17
Action|Sci-Fi|Western,15,1.83,18
Action|Drama|Thriller|War,4,2.76,42
Action|Drama|Thriller|War,17,3.05,19
Children's|Drama,20,3.45,91
Action|Adventure|Drama|Romance,7,2.78,32
Action|Comedy|Sci-Fi|Thriller,14,2.93,71
Action|Adventure|Thriller,0,3.29,838
Adventure|Drama|Romance,1,2.24,45
Action|Adventure|Crime,1,2.74,122
Comedy|Crime|Mystery|Thriller,19,4.0,15
Action|Mystery|Romance|Thriller,2,3.56,25
Film-Noir|Romance|Thriller,11,4.33,15
Adventure|Fantasy|Romance,17,3.56,87
Animation,10,3.81,16
Drama|Fantasy|Romance|Thriller,19,4.08,13
Crime|Drama|Romance|Thriller,9,4.63,8
Children's|Sci-Fi,14,3.22,9
Action|Adventure|Crime|Thriller,0,2.74,46
Action|Adventure|Children's|Sci-Fi,3,2.33,6
Adventure|Crime|Sci-Fi|Thriller,20,3.55,20
Crime|Drama|Mystery|Thriller,3,4.05,19
Drama|War,20,4.04,937
Comedy|Drama|War,13,4.21,43
Comedy|Fantasy,17,3.59,304
Comedy|Crime|Thriller,12,3.78,55
Adventure|Comedy|Drama,14,4.18,92
Western,7,3.8,820
Comedy|Thriller,8,2.86,7
Comedy|Crime|Fantasy,9,3.0,20
Comedy|Drama|Musical,1,4.22,95
Adventure|Children's|Drama,17,2.77,53
Action|Horror|Sci-Fi,2,3.1,91
Animation|Children's|Musical,13,3.47,76
Action|Animation|Children's|Sci-Fi|Thriller|War,4,3.61,72
Adventure|Sci-Fi|Thriller,0,2.56,94
Crime|Horror,20,3.56,27
Crime|Horror,17,3.33,12
Action|Adventure|Mystery,9,3.75,20
Action|Drama|Romance,10,3.14,14
Comedy|Fantasy|Romance,10,3.21,14
Action|Adventure|Crime|Drama,14,3.67,75
Action|Adventure|Drama|Sci-Fi|War,0,4.28,332
Action|Crime|Mystery|Thriller,20,2.38,24
Crime|Film-Noir|Mystery,20,3.92,26
Comedy|Fantasy|Romance|Sci-Fi,16,3.18,34
Fantasy|Sci-Fi,7,3.18,82
Crime|Drama|Mystery,0,3.38,71
Drama|Romance,2,3.61,1741
Action|Adventure|Sci-Fi|Thriller,14,3.38,430
Horror|Sci-Fi,4,2.9,788
Musical,7,3.82,364
Action|Sci-Fi|War,8,4.0,4
Action,10,3.36,236
Action,0,3.25,1764
Animation|Musical,3,3.59,34
Adventure|Children's|Fantasy|Sci-Fi,8,2.75,4
Comedy|Mystery|Thriller,12,4.35,26
Drama|Horror,5,3.28,82
Adventure|Drama,0,3.46,212
Adventure|Children's|Comedy|Fantasy,0,3.85,184
Comedy|Crime|Fantasy,8,4.0,5
Comedy|Drama|Musical,17,3.99,86
Action|Drama|Thriller|War,1,3.1,21
Horror|Mystery|Thriller,10,2.87,95
Film-Noir|Mystery|Thriller,19,3.86,29
Adventure,19,3.59,29
Adventure|Children's|Drama,16,2.91,33
Action|Sci-Fi|Thriller|War,17,4.25,187
Action|Horror|Sci-Fi|Thriller,13,3.96,47
Action|Comedy|Drama,18,3.69,16
Adventure|Animation|Children's|Sci-Fi,15,3.8,20
Crime|Horror|Thriller,16,2.55,11
Action|Comedy|Fantasy,4,2.61,83
Action|Romance|War,5,3.77,22
Action|Comedy|War,8,3.0,1
Adventure|War,5,4.12,26
Crime|Drama|Mystery|Thriller,15,3.22,9
Mystery|Romance|Thriller,1,3.7,98
Musical|Romance,0,3.9,356
Action|Adventure|Sci-Fi|Thriller,11,3.43,136
Drama|Romance,12,3.7,1430
Action|Comedy,8,2.69,16
Film-Noir|Thriller,12,4.11,111
Action|Adventure|Romance|Sci-Fi|War,19,3.93,40
Crime|Film-Noir|Thriller,17,3.81,69
Action|Crime|Romance,18,3.73,22
Action|Adventure|Mystery,2,3.47,85
Children's|Drama,12,3.39,54
Action|Adventure|Romance|War,8,3.75,4
Action|Crime|Sci-Fi,3,3.31,48
Adventure|Children's|Comedy|Fantasy|Romance,14,2.0,3
Action|Drama|Romance|Thriller,6,3.09,35
Action|Sci-Fi|Thriller,11,3.64,234
Adventure|Musical|Romance,14,4.0,1
Action|Comedy|Musical|Sci-Fi,17,2.41,37
Crime|Drama|Sci-Fi,9,3.58,12
Animation|Children's|Fantasy|Musical,7,3.83,41
Action|Adventure|Animation|Horror|Sci-Fi,11,3.29,7
Adventure|Animation|Sci-Fi,14,3.1,20
Children's|Comedy|Western,3,2.78,18
Action|Comedy|Drama,14,3.59,102
Documentary|War,20,3.7,20
Action|Adventure|Horror|Thriller,3,3.36,33
Animation|Comedy|Thriller,16,4.11,27
Animation|Children's|Comedy,10,3.62,404
Crime|Horror|Mystery|Thriller,14,3.46,46
Musical|Romance,12,3.9,150
Adventure|Children's,9,3.63,68
Action|Comedy,7,2.84,432
Animation|Comedy,15,4.21,108
Action|Thriller,1,3.4,1821
Sci-Fi|Thriller,6,3.1,146
Action|Adventure|Romance|Sci-Fi|War,11,4.0,64
Drama|Mystery|Thriller,7,3.44,214
Crime|Film-Noir|Thriller,20,4.05,119
Drama|Mystery|Sci-Fi|Thriller,14,4.07,76
Action|Romance,4,3.38,275
Adventure|Comedy,7,3.31,262
Comedy|Musical|Romance,8,3.0,4
Film-Noir|Mystery|Thriller,5,3.56,36
Drama|Romance|War|Western,11,2.63,16
Action|Romance|Sci-Fi,14,3.11,37
Adventure|Fantasy|Sci-Fi,10,3.47,17
Film-Noir|Romance|Thriller,16,4.58,19
Action|Adventure|Mystery,19,3.52,27
Comedy|Crime|Horror,2,3.38,24
Comedy|Crime|Drama,16,3.98,47
Action|Adventure|Crime|Drama,0,3.61,176
Adventure|Animation|Children's|Comedy|Musical,2,3.24,25
Adventure|War,17,4.4,131
Children's|Drama|Fantasy|Sci-Fi,15,3.65,72
Comedy|Romance,13,3.69,610
Action,17,3.38,1094
Action|Comedy,6,2.76,155
Drama,8,3.65,265
Adventure|Children's|Romance,8,3.0,2
Film-Noir|Mystery|Thriller,2,3.99,111
Action|Adventure|Comedy|War,1,2.3,10
Drama|War,7,4.08,1749
Action|Crime|Romance,6,4.16,79
Action|Adventure|Comedy|Horror|Sci-Fi,15,3.96,24
Crime|Drama|Thriller,8,3.43,7
Crime|Thriller,19,4.03,112
Action|Crime|Mystery,12,2.83,12
Drama|Romance|War|Western,7,3.52,84
Action|Comedy|Musical,15,3.84,43
Action|Drama|Fantasy|Romance,19,3.73,11
Film-Noir|Romance|Thriller,13,4.31,13
Drama|Fantasy|Romance|Thriller,10,3.83,6
Comedy|Musical,1,3.59,348
Action|Horror,9,3.71,24
Action|Comedy|Crime|Horror|Thriller,3,3.32,25
Adventure|Animation|Children's|Sci-Fi,1,3.03,33
Comedy|Drama|War,10,3.93,27
Adventure,1,3.89,152
Animation|Children's|Comedy|Musical,14,3.93,97
Adventure|Children's|Romance,17,3.33,15
Adventure|Animation|Children's|Comedy|Fantasy,8,3.0,1
Sci-Fi,12,3.65,453
Film-Noir|Mystery|Thriller,15,3.89,47
Drama|Horror,19,3.37,54
Romance,14,3.53,100
Action|War,8,2.6,15
Horror|Sci-Fi,11,3.07,129
Action|Adventure|Fantasy,20,3.15,99
Action|Adventure|Comedy,6,3.16,56
Action|Adventure|Crime,11,2.56,32
Action|Comedy|Romance|Thriller,3,2.94,16
Action|Comedy|Romance|Thriller,11,2.71,7
Crime|Drama|Film-Noir|Thriller,17,4.1,29
Adventure|Fantasy|Sci-Fi,20,3.78,73
Adventure|Fantasy|Sci-Fi,12,3.73,103
Action|Adventure|Romance|Thriller,9,3.64,22
Action|Adventure|Romance|Thriller,11,2.59,17
Animation|Musical,14,3.97,34
Sci-Fi|War,1,4.47,146
Crime|Drama|Romance|Thriller,19,3.96,25
Animation|Children's|Fantasy|War,14,2.92,13
Action|Comedy|Fantasy,20,2.39,23
Children's|Musical,20,2.86,22
Action|Drama|Mystery,6,3.41,17
Action|Drama|Mystery,14,3.48,23
Horror,16,3.19,1189
Action|Adventure,20,3.55,509
Comedy|Crime|Thriller,14,3.81,48
Animation|Musical,11,3.55,20
Action|Crime,19,2.68,38
Action|Adventure|Sci-Fi|Thriller|War,9,2.0,1
Action|Adventure|Comedy,10,3.08,77
Action|Crime|Thriller,19,3.52,50
Action|Children's|Fantasy,9,2.86,7
Adventure|Romance|Sci-Fi,0,3.07,60
Action|Crime|Sci-Fi,13,3.32,19
Action|Drama|Romance|Thriller,7,2.96,95
Adventure|Children's|Sci-Fi,6,2.71,21
Film-Noir|Romance|Thriller,19,4.0,9
Action|Adventure|Mystery|Sci-Fi,2,2.29,24
Action|Drama|Romance,9,4.0,12
Film-Noir|Mystery,14,4.4,72
Documentary|Drama,6,3.2,5
Drama|Film-Noir|Thriller,0,3.6,15
Action|Sci-Fi,14,3.23,711
Action|Horror|Sci-Fi,4,2.77,244
Drama|Mystery|Romance,14,3.45,20
Animation|Comedy,12,4.04,270
Comedy|Horror,12,3.53,548
Comedy|Mystery|Romance,1,2.83,6
Romance|War,1,3.0,9
Sci-Fi,3,3.66,141
Mystery,18,3.54,13
Thriller,12,3.71,994
Crime|Film-Noir|Thriller,13,4.08,25
Action|Crime|Romance,20,4.05,199
Comedy|Musical,20,3.72,236
Action|Comedy|Sci-Fi|War,20,3.19,57
Comedy|Western,2,3.46,124
Adventure|Fantasy,16,3.04,28
Children's|Comedy|Musical,9,4.09,34
Romance,13,3.32,25
Adventure|Animation|Film-Noir,2,3.77,83
Animation|Children's|Fantasy|Musical,12,3.46,26
Action|Drama|Fantasy|Romance,5,3.86,22
Action|Animation|Children's|Sci-Fi|Thriller|War,6,1.86,7
Crime|Horror,1,3.06,17
Adventure|Fantasy|Romance,4,3.62,113
Drama|Fantasy|Romance|Thriller,1,3.75,44
Action|Sci-Fi|Thriller|War,19,3.83,24
Crime|Drama|Romance|Thriller,17,4.08,112
Comedy|Drama|War,2,3.61,82
Comedy|Romance|War,12,4.09,136
Comedy|Romance|War,5,4.06,36
Animation|Sci-Fi,17,3.98,44
Action|Adventure|Crime|Drama,20,3.47,78
Animation|Comedy|Thriller,7,4.38,48
Action|Comedy|War,18,2.89,19
Comedy|Drama|Thriller,5,3.25,4
Action|Adventure|Horror,9,3.0,6
Film-Noir|Thriller,7,4.17,198
Action|Comedy|Western,6,4.01,108
Action|Comedy|Musical,16,3.69,75
Comedy|Romance|Thriller,3,3.88,85
Comedy|Romance|Thriller,5,3.42,53
Comedy|Mystery,6,3.31,45
Action|Drama|Thriller,13,3.29,14
Comedy|Mystery|Thriller,0,4.15,82
Action|Crime,2,3.1,128
Action|Crime,12,3.1,164
Children's|Comedy|Sci-Fi,5,2.67,12
Action|Mystery|Sci-Fi|Thriller,8,2.33,3
Adventure|Comedy,16,3.34,103
Adventure|Children's|Drama|Musical,12,4.26,99
Film-Noir|Sci-Fi|Thriller,7,3.64,73
Action|Drama|Romance|Thriller,2,2.6,30
Crime|Drama|Sci-Fi,2,3.52,69
Animation|Children's|Comedy|Musical|Romance,1,3.81,176
Animation|Children's|Comedy|Musical|Romance,20,3.91,115
Action|Adventure|Comedy|Crime,5,3.17,72
Children's|Comedy|Western,20,2.8,20
Action|Adventure|Drama,6,3.55,66
Action|Comedy|Fantasy,19,3.0,9
Comedy|Horror|Thriller,16,3.0,17
Comedy|Horror|Musical,6,3.49,39
Adventure|Comedy|Sci-Fi,8,2.88,8
Action|Adventure|Sci-Fi,7,3.45,1840
Horror|Romance,3,3.54,67
Adventure,20,3.82,121
Animation|Children's|Musical,10,3.42,434
Drama|Thriller,15,3.88,414
Action|Comedy|Western,15,4.05,76
Action|Adventure|Sci-Fi|Thriller|War,4,2.89,45
Action|Adventure|Comedy,17,3.17,172
Action|Adventure|Comedy|Horror|Sci-Fi,6,4.0,18
Comedy|Crime|Fantasy,20,3.05,59
Adventure|Children's|Comedy,0,2.87,123
Children's|Comedy|Sci-Fi,12,2.28,39
Adventure|Children's|Comedy|Fantasy|Sci-Fi,14,2.98,53
Adventure|Children's|Fantasy,16,3.05,132
Drama|Film-Noir,16,4.31,29
Adventure|Comedy|Romance,10,2.73,11
Adventure|Fantasy|Romance,5,3.16,31
Action|Adventure|Mystery|Sci-Fi,11,2.33,9
Documentary|War,2,3.9,10
Crime|Drama|Film-Noir,19,3.45,22
Crime|Drama|Thriller,10,4.08,61
Action|Sci-Fi|Thriller|Western,20,3.18,33
Sci-Fi|Thriller|War,16,3.67,21
Crime|Drama|Mystery|Thriller,8,4.5,2
Action|Adventure|Comedy|Sci-Fi,17,3.81,246
Crime|Thriller,1,3.86,558
Drama|Romance|War,7,3.94,761
Thriller,17,3.64,1218
Action|Crime|Romance,13,3.77,26
Action|Adventure|Comedy|Romance,10,3.89,104
Action|Romance,6,3.67,58
Children's|Comedy|Musical,18,3.47,15
Action|Adventure|Crime,12,3.11,110
Action|Animation|Children's|Sci-Fi|Thriller|War,2,2.85,13
Adventure|Sci-Fi|Thriller,14,2.92,37
Action|Comedy|Drama,11,3.47,36
Action|Crime|Drama|Thriller,15,3.92,24
Children's|Fantasy|Musical,14,2.4,5
Action|Adventure|Sci-Fi|War,19,2.89,18
Animation|Children's|Comedy|Romance,17,2.82,11
Crime|Horror|Mystery|Thriller,20,3.05,41
Drama,4,3.77,13622
Action|Sci-Fi,5,3.35,377
Comedy|Drama|War,4,3.61,197
Horror|Sci-Fi,16,3.08,422
Animation|Children's|Musical,9,3.82,154
Horror,13,3.1,194
Action|Adventure|Comedy|Romance,20,3.71,280
Adventure|Children's|Drama,2,1.97,38
Action|Thriller|War,4,2.92,51
Action|Adventure|Drama|Romance,14,3.11,19
Action|Adventure|Fantasy,12,3.24,136
Adventure|Romance|Sci-Fi,3,3.57,21
Adventure|Romance,16,3.19,27
Action|Romance|Sci-Fi,10,3.73,11
Drama|Sci-Fi,15,3.9,186
Adventure|Children's|Comedy|Musical,8,3.5,2
Animation,1,4.45,38
Action|Comedy|Crime|Drama,14,3.62,259
Action|Adventure|Mystery|Sci-Fi,16,2.24,25
Action|Adventure|Western,15,2.5,8
Action|Adventure|Horror|Thriller,12,3.3,57
Action|Comedy|War,6,3.15,33
Action|Adventure|Sci-Fi|War,12,3.27,101
Mystery|Romance|Thriller,18,3.38,8
Animation|Comedy,7,3.96,227
Romance|War,13,3.6,5
Mystery,15,3.92,24
Comedy|Mystery|Thriller,19,3.92,13
Adventure|Drama,12,3.61,83
Action|Comedy|Sci-Fi|War,0,2.66,143
Adventure|Fantasy,7,2.95,75
Adventure|Children's|Comedy,2,2.55,33
Comedy|Western,20,3.49,123
Animation|Children's|Comedy|Musical|Romance,5,3.65,40
Adventure,10,3.73,22
Action|Adventure|Animation|Horror|Sci-Fi,6,3.64,14
Adventure|Musical,17,3.56,18
Comedy|Sci-Fi|Western,5,3.63,27
Action|Adventure|Mystery|Sci-Fi,20,1.74,27
Action|Drama|Romance,17,3.63,54
Comedy|Mystery|Romance|Thriller,10,4.25,8
Adventure|War,12,4.42,101
Action|Horror,3,3.84,57
Adventure|Comedy|Sci-Fi,11,3.67,45
Action|Sci-Fi,8,3.2,45
Action|Crime|Drama,20,4.12,379
Comedy|Sci-Fi,12,3.66,663
Action|Sci-Fi,13,3.25,144
Action|Drama|War,4,4.07,1673
Adventure|Animation|Children's|Comedy|Fantasy,0,2.8,86
Children's|Comedy|Drama,8,3.2,5
Action|Adventure,13,3.79,144
Adventure|Children's|Fantasy,4,3.39,672
Film-Noir,17,4.62,26
Comedy|Mystery,18,3.47,15
Action|Sci-Fi|Western,12,2.31,64
Animation|Children's|Musical,19,3.43,87
Crime|Film-Noir|Mystery|Thriller,2,4.1,126
Animation|Children's|Musical|Romance,1,3.06,33
Action|Drama|Fantasy|Romance,1,3.66,53
Adventure|Fantasy|Romance,0,3.55,114
Action|Adventure|Comedy|Horror,20,3.76,42
Action|Drama|Romance,6,3.79,29
Comedy|Mystery|Romance|Thriller,1,4.25,61
Film-Noir|Mystery,19,4.4,20
Action|Romance|War,9,3.77,13
Children's|Drama|Fantasy|Sci-Fi,19,3.62,29
Children's|Fantasy|Sci-Fi,15,3.7,27
Fantasy|Sci-Fi,15,3.31,32
Adventure|Children's|Comedy,15,2.57,14
Action|Drama|Mystery,7,3.43,47
Drama|Horror|Thriller,12,4.4,5
Drama|Sci-Fi|Thriller,10,3.7,37
Adventure|Thriller,6,3.64,33
Sci-Fi|Thriller,14,2.93,211
Adventure|Drama,7,3.53,166
Action|Sci-Fi|Western,16,2.26,38
Drama|Mystery|Sci-Fi|Thriller,9,3.85,13
Action|Adventure|Mystery,8,3.11,9
Action|Comedy|Sci-Fi|War,14,2.69,55
Drama|Romance|Thriller,3,4.05,42
Action|Thriller|War,20,3.0,14
Adventure|Drama,6,3.61,56
Action|Crime|Thriller,18,3.3,30
Adventure|Comedy|Romance,8,2.0,2
Adventure|Children's|Sci-Fi,18,3.13,15
Animation|Children's|Comedy|Romance,4,2.82,34
Action|Drama|Romance,2,3.61,41
Comedy|Fantasy|Romance,17,3.4,85
Adventure|Children's,5,3.23,44
Children's|Drama|Fantasy|Sci-Fi,0,4.01,279
Action|Drama|Mystery,12,3.22,23
Action|Adventure|Comedy|Sci-Fi,10,3.82,96
Musical|Romance,10,4.2,81
Action|Adventure|Sci-Fi|Thriller,16,3.45,342
Comedy|Sci-Fi,5,3.55,213
Animation|Comedy,6,3.68,93
Comedy|Crime|Thriller,13,4.13,8
Action,4,3.23,1503
Thriller,4,3.48,2157
Comedy|Mystery|Thriller,1,3.96,81
Drama|Horror,2,3.17,156
Drama|Mystery|Thriller,12,3.41,108
Action|Adventure|Comedy|Romance,2,3.79,268
Animation|Children's|Drama|Fantasy,12,4.14,14
Animation|Children's|Drama|Fantasy,6,3.75,12
Animation|Children's|Musical|Romance,2,2.89,18
Adventure|Comedy|Romance,19,2.0,6
Comedy|Crime|Mystery|Thriller,16,3.82,45
Animation|Children's|Comedy|Musical|Romance,4,3.78,295
Adventure,13,4.08,59
Drama|Fantasy|Romance|Thriller,17,3.92,24
Action|Sci-Fi|Thriller|War,1,3.92,148
Adventure|Animation|Sci-Fi,11,3.2,5
Children's|Sci-Fi,1,2.67,15
Drama|Romance|Sci-Fi,6,4.0,4
Action|Crime|Mystery|Thriller,6,2.95,20
Comedy|Drama|Sci-Fi,3,2.82,11
Action|Horror,14,3.88,118
Comedy|Drama|Thriller,14,3.0,11
Action|Adventure|Comedy|Sci-Fi,8,4.0,6
Horror|Romance,19,3.52,29
Action|Adventure,17,3.76,936
Drama|Thriller,17,3.87,1264
Adventure|Children's|Fantasy,2,3.23,202
Adventure|Comedy|Drama,16,4.09,79
Action|Comedy,5,2.94,149
Action|Adventure|Comedy|War,11,2.25,4
Action|Crime,6,2.87,107
Action|Mystery|Sci-Fi|Thriller,12,2.45,42
Adventure|Comedy,20,2.83,126
Action|Romance,20,3.0,71
Drama|Musical|War,1,3.39,23
Action|Romance|Sci-Fi,8,4.0,3
Crime|Drama|Sci-Fi,11,3.62,29
Adventure|Children's,6,3.45,83
Adventure|Fantasy|Romance,11,3.18,11
Sci-Fi|War,5,4.19,21
Comedy|Romance|War,1,3.95,190
Documentary|War,0,4.0,24
Crime|Film-Noir|Mystery,19,4.6,5
Romance|Western,7,3.4,10
Drama,16,3.82,5116
Comedy|Horror,4,3.34,1409
Adventure|Fantasy|Sci-Fi,5,3.68,34
Mystery|Thriller,19,3.66,96
Drama|Romance|War,4,3.8,665
Comedy|Mystery,20,3.2,83
Drama|Horror,9,3.5,22
Crime|Film-Noir|Thriller,2,3.88,68
Comedy|Crime|Fantasy,0,3.27,147
Action|Romance|Thriller,13,3.26,31
Action|Comedy|Sci-Fi|War,9,2.6,5
Adventure|Comedy,0,3.17,289
Adventure|Fantasy,9,3.67,6
Drama|Film-Noir,11,4.42,24
Adventure|Drama|Romance,3,2.44,16
Action|Adventure|Children's|Comedy,16,2.13,16
Action|Adventure|Romance|Thriller,2,2.79,57
Children's|Horror,10,4.0,6
Drama|Fantasy|Romance|Thriller,9,3.67,3
Action|Sci-Fi|Thriller|War,10,4.1,29
Action|Horror|Sci-Fi,8,3.0,5
Adventure|Animation|Children's|Sci-Fi,17,3.39,44
Film-Noir|Sci-Fi,15,4.57,58
Comedy|Crime|Thriller,19,3.35,17
Children's|Drama|Fantasy|Sci-Fi,12,3.88,156
Crime,4,3.65,300
Comedy|Drama,6,3.8,1578
Action|Romance|Thriller,0,3.19,663
Animation|Children's|Comedy|Musical,5,4.14,44
Drama|Sci-Fi|Thriller,1,3.45,110
Animation|Children's,9,3.72,164
Action|Drama|Thriller,16,2.97,74
Action|Horror|Sci-Fi|Thriller,0,3.74,447
Action|Adventure|Mystery,1,3.24,144
Action|Mystery|Sci-Fi|Thriller,0,2.43,69
Action|Comedy|Sci-Fi|War,5,2.68,22
Action|Thriller|War,5,3.0,14
Children's|Drama,11,3.6,25
Action|Crime|Thriller,20,3.23,162
Adventure|Children's|Fantasy,20,3.18,202
Crime|Film-Noir|Mystery|Thriller,7,4.06,288
Children's|Comedy|Musical,11,3.88,32
Adventure|Musical|Romance,17,5.0,1
Comedy|Horror|Musical|Sci-Fi,19,3.47,15
Comedy|Western,9,3.41,29
Action|Comedy|Crime|Drama,12,3.6,238
Action|Adventure|Mystery|Sci-Fi,10,2.6,25
Action|Comedy|War,1,2.82,57
Comedy|Horror|Musical|Sci-Fi,5,3.16,31
Crime|Horror|Mystery|Thriller,10,3.42,19
Action|Adventure|Sci-Fi|Thriller,20,3.11,363
Animation|Children's,3,3.73,260
Action|Adventure|Children's|Fantasy,8,3.0,1
Action|Comedy|Western,11,3.67,79
Drama|Romance|War,14,3.97,344
Adventure|Comedy|Drama,4,4.2,229
Adventure|Animation|Children's|Musical,0,3.31,78
Comedy|Mystery,7,3.14,112
Comedy|Mystery|Thriller,16,4.0,34
Drama|Mystery,0,3.78,666
Documentary,18,3.61,59
Action|Adventure|Comedy|Horror|Sci-Fi,17,3.87,95
Action|Horror|Sci-Fi|Thriller,1,3.7,261
Action|Drama|War,5,3.97,254
Crime|Thriller,12,4.0,447
Sci-Fi|Thriller,9,2.91,23
Musical|Romance|War,4,3.7,23
Horror|Sci-Fi|Thriller,9,2.0,4
Action|Crime|Mystery,17,3.23,22
Adventure|Romance|Sci-Fi,20,3.04,26
Comedy|Crime|Drama|Mystery,17,3.1,41
Adventure|Children's|Comedy,11,2.67,21
Action|Horror|Thriller,19,2.87,15
Animation|Children's|Fantasy|Musical,14,3.91,22
Animation|Children's|Comedy|Musical|Romance,8,3.6,5
Action|Adventure|Mystery,13,3.36,22
Crime|Drama|Romance|Thriller,6,3.98,45
Mystery|Sci-Fi|Thriller,11,3.78,9
Action|Sci-Fi|Thriller|Western,14,3.54,35
Action|Adventure|Horror|Thriller,1,3.17,71
Action|Adventure|Horror|Thriller,17,3.58,81
Action|Comedy|War,2,3.17,30
Action|Adventure|War,11,4.08,13
Action|Adventure|Sci-Fi,8,3.43,74
Crime,2,3.39,105
Action|Adventure|Sci-Fi,6,3.4,553
Musical,0,3.88,384
Horror|Sci-Fi|Thriller,14,2.92,59
Action|Sci-Fi|War,0,3.57,264
Horror|Sci-Fi,3,3.28,194
Action|Adventure|Comedy|Crime,18,3.03,31
Comedy|Musical,5,3.49,72
Adventure|Children's|Drama|Musical,6,4.4,52
Mystery|Sci-Fi,14,3.3,20
Action|Sci-Fi|War,18,3.55,20
Adventure|Comedy|Romance,6,3.11,18
Crime|Drama|Film-Noir|Thriller,20,4.19,42
Animation|Children's|Fantasy|Musical,4,3.6,96
Drama|Thriller|War,4,3.73,131
Adventure|Children's|Sci-Fi,17,3.05,103
Comedy|Crime|Horror,8,4.0,1
Comedy|Musical,9,3.6,45
Adventure|Animation|Children's,12,1.27,11
Film-Noir|Mystery,17,4.34,99
Action|Sci-Fi|Thriller|Western,17,3.52,65
Action|Crime|Mystery|Thriller,3,2.71,14
Action|Drama|Western,11,3.5,4
Action|Adventure|Sci-Fi|War,5,3.07,29
Comedy|Horror|Sci-Fi,18,4.0,1
Musical|Romance,2,3.81,204
Comedy,1,3.43,9317
Children's|Comedy|Mystery,0,3.31,29
Action|Adventure|Animation,3,3.9,10
Action|Comedy,17,2.96,334
Comedy|Fantasy,8,3.81,16
Animation|Children's|Comedy|Musical,17,3.74,156
Adventure|Animation|Children's|Comedy|Fantasy,12,2.42,31
Film-Noir|Thriller,1,4.25,245
Comedy|Thriller,0,3.41,222
Adventure|Animation|Children's|Musical,12,3.23,22
Children's|Fantasy,5,3.0,1
Action|Sci-Fi|Thriller,19,3.56,204
Children's|Comedy|Musical,10,3.67,89
Crime|Drama|Film-Noir|Thriller,18,4.0,5
Animation|Children's|Comedy|Musical|Romance,9,4.19,47
Comedy|Crime|Horror,12,2.77,13
Animation|Children's|Comedy|Romance,1,3.17,6
Action|Comedy|Crime|Drama,5,3.8,102
Action|Children's|Fantasy,6,1.92,24
Adventure|Animation|Children's,10,2.11,9
Adventure|Sci-Fi,5,3.22,45
Action|Comedy|Drama,15,3.54,48
Action|Sci-Fi|Thriller|Western,10,3.4,5
Documentary|Musical,6,3.56,9
Comedy|Horror|Musical,16,3.24,45
Drama|Romance,11,3.46,523
Comedy,2,3.45,5864
Horror|Thriller,6,3.21,300
Comedy|Documentary,20,3.89,83
Comedy|Drama,20,3.58,3022
Crime,15,3.71,34
Thriller,0,3.46,2423
Comedy|Sci-Fi,0,3.49,1152
Animation|Children's|Musical,4,3.67,1381
Action|Sci-Fi|War,5,3.52,50
Action|Western,15,4.3,44
Action|Adventure|Comedy|War,4,2.04,27
Comedy|Mystery|Thriller,17,4.33,57
War,3,4.22,23
Action|Adventure|Comedy,1,3.01,128
Drama|Fantasy,19,3.33,6
Drama|Fantasy,6,3.6,15
Action|Adventure|Fantasy|Sci-Fi,6,3.93,202
Sci-Fi|Thriller,13,3.24,51
Action|Romance,1,3.09,129
Action|Mystery|Thriller,1,3.16,44
Adventure|Romance,13,3.0,4
Action|Comedy|Romance|Thriller,8,2.0,2
Action|Comedy|Romance|Thriller,9,3.78,9
Adventure|Fantasy|Sci-Fi,7,3.64,130
Adventure|Children's|Comedy|Musical,14,3.22,9
Musical|War,7,3.7,67
Action|Adventure|Crime,10,2.85,53
Sci-Fi|War,0,4.42,130
Action|Crime|Drama|Thriller,19,3.46,13
Adventure|Drama|Thriller,3,3.73,11
Adventure|Drama|Thriller,4,3.57,42
Action|Drama|Romance,14,3.48,33
Comedy|Mystery|Romance|Thriller,3,4.37,19
Crime|Drama|Romance,2,3.58,24
Adventure|Crime|Sci-Fi|Thriller,1,3.33,21
Action|Drama|Western,14,3.0,12
Action|Crime|Drama,18,4.15,81
Comedy|Drama|War,7,3.71,223
Comedy|Drama|War,11,3.65,54
Crime|Thriller,16,3.86,338
Romance,4,3.28,253
Comedy|Horror,20,3.26,555
Drama|Sci-Fi|Thriller,0,3.41,184
Horror|Sci-Fi,7,3.02,772
Adventure|Children's|Fantasy,3,3.27,108
Children's|Comedy|Fantasy,15,3.38,34
Children's|Comedy|Fantasy,11,2.82,22
Drama|Horror,13,3.41,17
Comedy|Thriller,2,3.42,78
Drama|Mystery|Sci-Fi|Thriller,17,4.12,153
Crime|Thriller,5,3.95,150
Action|Thriller|War,12,3.26,23
Horror|Mystery|Thriller,0,2.78,290
Children's|Comedy|Musical,16,3.54,69
Action|Adventure|Thriller,6,3.45,208
Action|Adventure|Children's|Comedy,13,1.33,3
Action|Romance|Sci-Fi,3,3.33,15
Crime|Drama|Sci-Fi,19,3.33,21
Crime|Drama|Film-Noir|Thriller,8,4.0,1
Animation|Children's|Comedy|Musical|Romance,17,3.71,133
Action|Drama|Fantasy|Romance,13,3.17,6
Comedy|Crime|Horror,14,2.87,15
Action|Comedy|Crime,1,3.33,3
Animation|Children's|Comedy|Romance,3,2.7,10
Sci-Fi|War,14,4.64,56
Comedy|Sci-Fi|Western,8,3.67,3
Adventure|Comedy|Musical,8,3.0,2
Adventure|Animation|Children's|Comedy|Musical,10,3.28,32
Adventure|Animation|Children's|Comedy|Musical,8,5.0,1
Crime|Film-Noir|Mystery,15,4.33,6
Comedy|Horror|Musical,9,3.25,12
Crime|Drama|Mystery,3,3.71,14
Drama|Romance|Sci-Fi,7,3.8,5
Crime|Horror,15,4.0,7
Adventure|Animation|Children's|Sci-Fi,19,3.67,3
Comedy|Horror|Sci-Fi,16,3.0,2
Adventure|Thriller,19,3.81,16
Crime|Film-Noir|Mystery,14,3.93,14
Adventure|Animation|Children's|Comedy|Fantasy,6,2.84,25
Children's|Comedy|Sci-Fi,19,1.92,13
Drama|Western,19,3.47,17
Action|Western,6,4.0,35
Action|Adventure|Drama|Thriller,20,3.8,15
Action|Romance|Sci-Fi,19,3.25,8
Drama|Mystery,10,3.96,54
Action|Comedy|Crime,12,4.0,1
Action|Adventure|Western,3,3.08,12
Adventure|Comedy,10,2.96,27
Action|Adventure|Children's|Fantasy,4,2.22,9
Drama|Romance|Sci-Fi,20,3.5,6
Children's|Comedy|Sci-Fi,20,2.1,29
Adventure|Drama|Romance|Sci-Fi,5,2.95,19
Adventure|Children's|Musical,13,3.6,5
Children's|Drama|Fantasy,12,2.83,6
Children's|Comedy|Sci-Fi,9,2.8,10
Comedy|Crime|Horror,10,2.8,10
Comedy|Documentary,19,4.27,15
Action|Adventure|Comedy|War,16,2.8,10
Crime|Film-Noir|Thriller,15,3.9,20
Action|Comedy|Musical|Sci-Fi,15,3.71,7
Adventure|Children's|Comedy,18,2.69,13
Drama|Romance|Sci-Fi,4,4.0,9
Drama|Romance|Western,1,3.0,1
Drama|Romance|Thriller,13,4.24,17
Adventure|Children's|Drama|Romance,7,2.75,4
Comedy|Drama|Western,5,3.6,10
Horror|Mystery,12,2.75,4
Fantasy,0,4.0,1
Animation|Children's|Fantasy|Musical,13,3.88,8
Crime|Mystery,17,2.5,2
Children's|Fantasy|Sci-Fi,14,3.82,22
Children's|Fantasy|Sci-Fi,6,3.16,19
Children's|Comedy|Sci-Fi,15,2.8,10
Children's,13,4.5,2
Adventure|Animation|Sci-Fi|Thriller,10,4.56,9
Action|Comedy|Romance|Thriller,6,2.77,13
Romance|Thriller,2,3.97,31
Animation|Mystery,6,4.0,1
Film-Noir,13,4.17,29
Drama|Romance|Sci-Fi,15,4.0,3
Adventure|Drama,5,3.54,28
Drama|Fantasy,11,5.0,2
Crime|Horror,6,3.5,2
Film-Noir|Mystery,10,4.6,15
Comedy|Horror|Musical,19,3.53,15
Action|Adventure|Sci-Fi|Thriller|War,10,2.63,8
Adventure|Animation|Children's|Fantasy,1,2.0,2
Drama|Fantasy|Romance|Thriller,16,4.25,12
Action|Drama|Mystery|Romance|Thriller,6,4.5,10
Children's|Drama|Fantasy,14,2.6,5
Documentary|War,3,3.8,5
Children's|Comedy|Fantasy,19,2.58,24
Action|Adventure|Drama|Thriller,19,3.0,3
Fantasy|Sci-Fi,11,2.69,13
Crime|Drama|Film-Noir|Thriller,10,3.67,3
Adventure|War,19,4.53,17
Action|Crime|Mystery|Thriller,13,3.0,4
Comedy|Horror|Thriller,10,3.1,20
Comedy|Crime|Drama|Mystery,5,3.0,10
Comedy|Documentary,5,3.76,17
Adventure|Drama|Thriller,6,3.24,17
Crime|Film-Noir|Mystery,10,4.75,4
Animation|Children's|Comedy|Romance,6,2.57,7
Comedy|Drama|Musical,19,4.27,11
Drama|Romance|Western,16,3.5,2
Documentary|War,19,5.0,2
Action|Adventure|Comedy|War,20,1.89,9
Romance|Western,0,4.09,11
Children's|Fantasy,4,3.0,6
Adventure|Romance|Sci-Fi,18,3.38,8
Adventure|Western,4,3.85,13
Comedy|Romance|Sci-Fi,12,3.5,6
Animation|Children's|Musical|Romance,6,3.61,18
Drama|Film-Noir|Thriller,20,3.8,10
Mystery|Romance|Thriller,10,3.8,5
Adventure|Children's|Comedy|Fantasy|Romance,16,2.33,3
Action|Comedy|Crime,5,4.0,1
Animation|Children's|Fantasy|Musical,20,3.76,33
Comedy|Drama|Thriller,16,2.88,8
Action|Drama|Mystery|Romance|Thriller,10,4.0,1
Crime|Horror|Thriller,12,2.5,6
Action|Sci-Fi|Western,9,2.22,9
Comedy|Romance|Sci-Fi,14,3.5,2
Adventure|Children's|Comedy|Musical,11,2.5,2
Adventure|Crime|Sci-Fi|Thriller,3,3.5,10
Adventure|Musical|Romance,0,3.4,5
Children's|Fantasy|Musical,10,3.29,7
Animation|Children's|Drama|Fantasy,14,4.0,12
Children's|Fantasy|Musical,7,2.93,14
Action|Drama|Mystery,18,3.5,2
Romance|War,10,2.33,3
War,10,3.71,14
Film-Noir|Sci-Fi|Thriller,14,3.97,37
Musical|War,10,2.33,3
Documentary|Musical,5,2.5,4
Fantasy|Sci-Fi,19,3.27,15
Action|Adventure|Crime|Thriller,5,3.0,9
Adventure|Comedy|Musical,10,2.25,4
Film-Noir,10,4.08,12
Adventure|Children's|Comedy|Musical,18,2.0,3
Adventure|Fantasy|Romance,19,3.3,10
Comedy|Horror|Musical|Sci-Fi,15,3.69,29
Animation|Children's|Comedy|Musical|Romance,19,3.48,21
Action|Adventure|War,6,3.46,13
Comedy|Romance|Sci-Fi,2,4.0,2
Action|Adventure|Western,10,3.25,8
Action|Adventure|Sci-Fi|Thriller|War,20,3.0,11
Action|Drama|Thriller|War,5,2.29,7
Crime|Horror,5,3.56,9
Action|Drama|Romance|Thriller,11,2.36,14
Action|Adventure|Mystery|Sci-Fi,3,2.0,9
Romance|Western,13,3.67,6
Action|Adventure|Children's,14,1.75,4
Action|Comedy|Fantasy,14,2.84,19
Children's|Comedy|Mystery,7,3.29,14
Adventure|Crime|Sci-Fi|Thriller,5,3.67,9
Action|Children's|Fantasy,5,2.55,33
Action|Mystery|Romance|Thriller,13,3.5,10
Romance|Western,17,3.2,5
Action|Adventure|Sci-Fi|Thriller|War,13,4.0,1
Action|Comedy|Musical|Sci-Fi,10,2.2,5
Action|Animation|Children's|Sci-Fi|Thriller|War,16,2.0,2
Adventure|Animation|Children's,11,2.6,5
Mystery,10,3.6,15
Adventure|Thriller,10,3.6,10
Documentary|War,18,5.0,2
Comedy|Fantasy|Romance|Sci-Fi,11,3.11,9
Comedy|War,19,3.54,35
Adventure|Children's|Comedy|Fantasy,19,4.08,26
Action|Adventure|Children's,17,1.0,2
Adventure|Animation|Children's|Fantasy,17,2.6,5
Comedy|Crime|Mystery|Thriller,10,4.53,15
Action|Adventure|Children's|Comedy,15,2.92,13
Action|Drama|Sci-Fi|Thriller,18,3.09,11
Action|Adventure|Drama|Thriller,14,3.55,11
Action|Adventure|Crime|Thriller,14,2.67,9
Adventure|Western,20,3.75,20
Documentary|Drama,11,4.0,2
Children's|Comedy|Sci-Fi,6,2.63,19
Adventure|Children's|Romance,3,3.5,6
Action|Drama|Thriller|War,15,2.86,7
War,9,3.5,4
Action|Adventure|Comedy|War,2,1.6,10
Action|Adventure|Children's,7,1.25,4
Children's|Comedy|Western,5,3.5,12
Drama|Romance|Sci-Fi,17,4.0,2
Action|Comedy|Fantasy,2,2.52,21
Action|Children's,20,1.53,19
Action|Mystery|Romance|Thriller,18,3.5,8
Children's|Horror,5,3.86,7
Action|Adventure|Animation|Children's|Fantasy,6,2.83,6
Adventure|Children's|Romance,7,3.47,15
Adventure|Animation|Sci-Fi|Thriller,5,3.47,15
Action|Thriller|War,6,3.39,18
Adventure|Drama|Romance|Sci-Fi,13,3.9,10
Animation|Mystery,20,3.5,2
Action|Animation|Children's|Sci-Fi|Thriller|War,7,3.0,13
Children's|Fantasy|Sci-Fi,19,3.92,12
Adventure|Romance,19,3.0,6
Mystery|Sci-Fi,15,3.31,16
Children's|Sci-Fi,3,3.33,3
Children's,3,2.0,3
Action|Comedy|Fantasy,15,2.67,9
Film-Noir|Mystery|Thriller,10,4.5,12
Adventure|Animation|Children's,14,3.5,4
Crime|Horror|Thriller,1,2.55,20
Drama|Western,10,3.91,11
Documentary|Drama,4,4.0,28
Action|Romance|War,13,3.91,11
Adventure|Animation|Children's|Musical,13,3.0,5
Action|Animation|Children's|Sci-Fi|Thriller|War,3,3.2,5
Comedy|Mystery|Romance,17,3.8,5
Adventure|Comedy|Musical,19,2.14,7
Action|Drama|Mystery,15,3.13,8
Romance|Western,15,4.67,3
Comedy|Horror|Sci-Fi,7,3.0,9
Adventure|Romance,18,4.0,3
Adventure|Children's|Comedy|Fantasy|Romance,6,2.6,5
Action|Sci-Fi|Thriller|Western,5,3.59,17
Adventure|Musical,3,3.86,7
Adventure|Western,2,4.18,11
Adventure|Children's|Comedy|Fantasy|Sci-Fi,18,3.07,14
Action|Adventure|Drama|Romance,11,3.6,5
Action|Adventure|Drama,19,2.84,19
Action|Crime|Mystery,18,4.0,3
Action|Adventure|Children's,4,1.0,6
Adventure|Crime|Sci-Fi|Thriller,2,3.88,16
Romance|War,3,4.0,3
Action|Adventure|War,5,3.29,7
Children's|Musical,1,3.52,31
Drama|Film-Noir|Thriller,1,3.41,17
Children's|Comedy|Mystery,12,3.57,7
Adventure|Romance,11,3.25,4
Adventure|Romance|Sci-Fi,11,3.6,5
Children's|Fantasy,6,2.0,1
Action|Comedy|Crime,4,3.71,7
Animation|Sci-Fi,14,3.8,15
Adventure|Animation|Children's|Fantasy,11,4.0,1
Drama|Fantasy,20,3.11,19
Crime|Drama|Romance,14,3.55,22
Drama|Horror|Thriller,20,3.82,11
Action|Adventure|Comedy|War,14,2.1,10
Comedy|Crime|Drama,15,4.19,26
Action|Mystery|Romance|Thriller,11,3.29,7
Action|Sci-Fi|Thriller|Western,19,3.13,8
Comedy|Drama|Sci-Fi,15,3.17,12
Documentary|Musical,10,3.5,2
Mystery|Sci-Fi,10,3.38,8
Mystery|Sci-Fi,11,3.3,10
Action|Adventure|Animation|Children's|Fantasy,0,2.43,14
Adventure|Crime|Sci-Fi|Thriller,13,3.5,4
Action|Adventure|Romance|War,19,4.18,11
Comedy|Mystery|Romance,14,3.0,3
Adventure|Children's|Comedy|Musical,9,4.0,4
Sci-Fi|Thriller|War,2,3.55,11
Action|Adventure|Crime|Drama,13,3.38,13
Crime|Drama|Romance,19,4.0,6
Children's|Comedy|Western,19,2.5,6
Children's|Comedy|Western,10,3.0,2
Drama|Western,2,3.91,43
Action|Adventure|Comedy|Horror,6,3.75,8
Adventure|Comedy|Musical,13,3.5,6
Crime|Film-Noir|Mystery,2,3.73,15
Horror|Mystery,6,2.6,5
Horror|Mystery,16,3.4,5
Adventure|Children's|Comedy|Musical,16,3.33,9
Musical|War,19,3.33,6
Action|Thriller|War,15,3.0,8
Animation|Mystery,0,4.75,4
Comedy|Crime|Drama,10,3.5,4
Drama|Film-Noir|Thriller,3,3.14,7
Action|Adventure|Children's|Fantasy,10,2.0,2
Horror|Mystery,7,2.0,3
Adventure|Children's|Comedy|Fantasy|Romance,20,2.09,11
Action|Adventure|War,2,4.0,12
Sci-Fi|Thriller|War,3,3.69,13
Adventure|Musical|Romance,4,4.25,4
Children's|Musical,15,4.0,4
Crime|Drama|Romance|Thriller,15,4.17,36
Action|Adventure|Animation,10,4.59,17
Action|Adventure|Animation|Horror|Sci-Fi,10,3.33,9
Comedy|Crime|Horror,1,2.76,21
Comedy|Drama|Western,19,4.38,8
Adventure|Sci-Fi|Thriller,10,2.38,16
Romance|Western,20,3.33,6
Crime|Drama|Film-Noir|Thriller,19,4.14,7
Romance|Western,16,4.0,5
Action|Drama|Mystery|Romance|Thriller,4,3.92,12
Animation|Children's|Drama|Fantasy,3,4.0,8
Drama|Musical,15,3.42,48
Children's|Drama|Fantasy,20,2.67,9
Animation|Comedy|Thriller,13,5.0,1
Drama|Film-Noir|Thriller,7,3.0,6
Animation|Mystery,7,3.0,2
Children's,20,2.91,22
Children's|Fantasy|Musical,11,3.5,2
Romance|Western,2,3.0,1
Adventure|Animation|Children's|Comedy|Fantasy,18,3.0,7
Adventure|Animation|Sci-Fi|Thriller,14,3.94,16
Action|Adventure|Animation,6,4.0,6
Drama|Mystery|Romance,19,3.14,7
Adventure|Children's|Drama|Romance,2,3.67,3
Adventure|Crime|Sci-Fi|Thriller,11,2.86,7
Crime|Film-Noir,14,4.31,29
Horror|Mystery,3,2.5,2
Adventure|Children's|Comedy|Fantasy|Romance,19,1.8,5
Comedy|Mystery|Romance|Thriller,19,4.5,4
Sci-Fi|Thriller|War,19,3.33,6
Adventure|Animation|Children's|Musical,19,2.17,6
Documentary|Drama,10,4.0,2
Drama|Fantasy,15,4.0,4
Action|Adventure|Drama|Romance,19,2.25,4
Comedy|Romance|Sci-Fi,13,4.0,1
Animation|Children's|Comedy|Romance,14,2.5,4
Children's|Fantasy,20,2.0,3
Documentary|Musical,19,3.2,5
Musical,5,3.95,58
Fantasy|Sci-Fi,9,3.4,5
Action|Mystery|Sci-Fi|Thriller,10,2.46,13
Action|Adventure|Drama|Thriller,2,3.55,11
Comedy|Romance|Sci-Fi,7,4.2,5
Adventure|Romance,10,2.43,7
Adventure|Children's|Comedy|Musical,7,2.35,20
Romance|War,7,3.7,10
Animation|Comedy,9,3.93,29
Adventure|Animation|Children's|Musical,16,3.5,24
Adventure|Animation|Sci-Fi,5,3.57,14
Crime|Drama|Mystery,5,3.2,10
Action|Crime|Mystery,14,3.35,17
Documentary|War,4,4.44,16
Action|Adventure|Animation|Children's|Fantasy,16,3.0,3
Adventure|Children's|Comedy|Musical,6,2.44,9
Action|Adventure|Crime|Thriller,3,2.8,5
Drama|Romance|Sci-Fi,2,3.67,3
Comedy|Horror|Sci-Fi,2,1.0,3
Romance|War,20,2.69,13
Adventure|Fantasy|Romance,15,3.56,32
Crime|Horror|Mystery|Thriller,15,3.1,10
Drama|Fantasy,7,3.45,20
Crime|Horror|Thriller,10,2.64,14
Adventure|Children's|Fantasy|Sci-Fi,19,2.57,14
Adventure|Children's|Drama,15,2.63,8
Film-Noir|Romance|Thriller,10,4.6,5
Animation|Children's|Fantasy|War,11,3.5,4
Adventure|Children's|Drama|Romance,20,3.2,5
Documentary|Drama,13,4.0,6
Documentary|War,15,4.5,4
Crime|Drama|Film-Noir|Thriller,12,4.15,27
Sci-Fi|Thriller|War,10,3.5,2
Romance|War,2,3.63,8
Crime|Mystery,2,2.2,5
Action|Adventure|Romance|War,5,3.93,14
Action|Children's,14,1.43,7
Drama|Film-Noir|Thriller,4,4.0,5
Adventure|Animation|Sci-Fi|Thriller,13,3.0,2
Adventure|Fantasy,13,3.0,5
Documentary|Drama,16,3.5,6
Comedy|Drama|Thriller,10,4.0,2
Adventure|Musical|Romance,20,3.0,5
Adventure|Comedy|Musical,11,2.08,12
Children's|Horror,11,4.0,3
Drama|Sci-Fi|Thriller,13,3.15,13
Action|Adventure|Children's|Comedy,11,2.86,7
Documentary|War,11,3.33,3
Action|Romance|War,19,3.23,13
Adventure|Children's|Romance,15,4.5,4
Romance|Western,19,4.0,1
Children's|Musical,6,3.09,11
Comedy|Crime|Fantasy,18,3.61,18
Action|Comedy|Crime,20,3.33,3
Film-Noir|Sci-Fi,10,4.14,28
Musical|Romance|War,6,3.6,10
Action|Romance|Sci-Fi,11,3.11,9
Action|Drama|Western,15,3.11,9
Horror|Romance,15,3.36,45
Adventure|Children's,19,2.25,32
Drama|Horror|Thriller,3,4.0,2
Adventure|Animation|Children's|Musical,14,3.71,17
Adventure|Drama|Thriller,9,4.0,2
Drama|Film-Noir|Thriller,12,4.0,3
Action|Drama|Mystery,20,2.81,16
Comedy|Fantasy,19,3.51,65
Action|Adventure|Sci-Fi|Thriller|War,3,2.8,5
Action|Comedy|Fantasy,10,2.2,15
Comedy|Horror|Sci-Fi,12,3.33,3
Action|Adventure|Children's|Fantasy,20,1.67,3
Adventure|Sci-Fi,10,2.57,23
Action|Sci-Fi|Western,13,2.64,11
Comedy|Mystery|Romance,16,2.0,3
Drama|Romance|War|Western,10,3.3,10
Crime|Drama|Romance,17,4.0,17
Comedy|Crime|Thriller,5,3.27,22
Comedy|Mystery|Romance,7,2.67,3
Action|Adventure|Sci-Fi|Thriller|War,2,2.57,7
Children's|Sci-Fi,7,2.85,20
Action|Children's|Fantasy,18,2.18,17
Action|Adventure|Mystery|Sci-Fi,6,2.33,12
Mystery|Sci-Fi,3,3.25,8
Comedy|Romance|Sci-Fi,3,4.5,2
Film-Noir|Romance|Thriller,14,4.5,16
Action|Adventure|Children's|Fantasy,1,2.33,3
Musical,19,2.89,55
Comedy|Western,19,3.06,34
Action|Adventure|Children's|Sci-Fi,14,1.5,14
Drama|Romance|Thriller,10,4.0,10
Children's|Fantasy|Musical,20,2.67,9
Documentary|Drama,12,4.0,5
Drama|Romance|Western,20,3.5,2
Action|Drama|Mystery|Romance|Thriller,14,4.22,9
Adventure|Children's|Drama|Romance,4,3.09,11
Children's|Drama,19,3.0,17
Adventure|Drama|Romance,15,2.33,9
Comedy|Mystery|Romance,10,2.25,4
Adventure|Comedy|Drama,19,4.06,18
Film-Noir,12,4.15,33
Drama|Romance|Western,13,3.0,2
Adventure|Children's|Romance,9,3.6,5
Action|Adventure|Comedy|Horror|Sci-Fi,9,3.0,4
Musical|War,4,4.0,31
Children's|Comedy|Fantasy,18,3.0,25
Drama|Horror|Thriller,7,4.56,9
Drama|Romance|Sci-Fi,14,4.5,2
Action|Adventure|Children's|Fantasy,3,2.0,1
Drama|Horror,15,3.42,64
Drama|Romance|Western,2,5.0,1
Crime|Drama|Romance,10,3.0,3
Romance|Western,14,3.0,3
Action|Adventure|Animation,14,4.25,8
Action|Mystery|Sci-Fi|Thriller,15,1.92,12
Action|Children's,6,1.77,13
Romance|Thriller,5,3.8,5
Drama|Musical|War,15,3.71,14
Children's,5,3.13,8
Comedy|Fantasy|Romance,19,3.56,16
Action|Adventure|Children's|Fantasy,14,2.5,2
Action|Adventure|Animation|Children's|Fantasy,11,4.0,1
Action|Western,19,4.33,15
Action|Drama|Romance|Thriller,18,2.64,11
Film-Noir,14,4.43,21
Action|Drama|Mystery|Romance|Thriller,16,3.88,16
Action|Adventure|War,20,3.9,21
Action|Adventure|War,19,4.5,2
Crime|Film-Noir,10,4.38,8
Action|Drama|Western,10,3.0,7
Animation,5,4.5,4
Action|Adventure|Comedy|Horror,3,3.92,12
Action|Adventure|Mystery|Sci-Fi,13,2.75,4
Crime|Film-Noir|Mystery,6,4.25,12
Adventure|Children's|Musical,3,3.6,10
Action|Crime|Mystery,5,3.0,7
Action|Drama|Mystery|Romance|Thriller,13,4.67,3
Action|Drama|Thriller|War,2,2.71,7
Film-Noir|Horror,7,4.0,1
Action|Adventure|Drama|Romance,10,3.75,8
Comedy|Musical|Romance,19,3.36,25
Children's,16,3.43,7
Children's|Drama|Fantasy,9,4.17,6
Crime|Drama|Film-Noir,10,3.0,4
Action|Crime|Mystery|Thriller,15,2.25,4
Children's|Comedy|Mystery,20,2.68,19
Children's|Fantasy,17,2.0,1
Documentary|Drama,20,4.06,16
Children's|Drama|Fantasy,7,3.57,7
Adventure|Animation|Children's|Fantasy,10,2.5,6
Animation|Mystery,14,4.4,5
Action|Mystery|Thriller,13,3.67,6
Comedy|Horror|Thriller,3,3.42,24
Crime|Mystery,4,3.2,10
Adventure|Western,6,3.71,17
Adventure|Romance|Sci-Fi,13,3.8,5
Drama|Romance|Western,6,3.5,2
Drama|Romance|Western,3,4.0,3
Children's|Comedy|Mystery,14,3.29,7
Romance|Western,1,3.33,3
Adventure|Children's|Romance,18,3.33,3
Mystery|Sci-Fi,19,3.0,4
Adventure|Children's|Comedy|Musical,19,3.4,5
Crime|Film-Noir|Mystery,5,4.75,4
Children's|Comedy|Mystery,19,3.0,9
Adventure|Animation|Children's|Musical,18,3.17,6
Action|Adventure|Comedy|War,18,3.33,3
Drama|Mystery|Romance,11,3.67,6
Western,8,4.33,9
Crime|Horror,11,2.67,3
Horror|Mystery|Thriller,8,2.0,5
Action|Animation|Children's|Sci-Fi|Thriller|War,8,3.0,1
Children's|Sci-Fi,5,3.0,5
Crime|Film-Noir|Mystery,17,4.38,16
Action|Adventure|Drama|Thriller,11,2.67,6
Comedy|Fantasy|Romance|Sci-Fi,18,3.0,12
Adventure|Children's|Romance,14,3.67,12
Adventure|Romance,5,3.08,13
Drama|Romance|Sci-Fi,11,4.0,1
Drama|Film-Noir|Thriller,15,4.33,3
Action|Comedy|Fantasy,18,2.0,5
Animation|Children's|Comedy|Romance,9,3.0,4
Adventure|Animation|Children's|Comedy|Fantasy,3,2.43,7
Adventure|Crime|Sci-Fi|Thriller,10,3.0,1
Action|Thriller|War,11,2.83,6
Adventure|Animation|Sci-Fi|Thriller,18,3.75,4
Action|Drama|Mystery,13,5.0,1
Adventure|Children's|Comedy|Musical,5,3.14,7
Documentary|War,13,4.0,2
Action|Adventure|Children's|Sci-Fi,18,1.4,5
Children's|Fantasy|Musical,5,3.0,5
Action|Mystery|Sci-Fi|Thriller,13,1.33,3
Action|Adventure|Animation|Horror|Sci-Fi,13,4.0,2
War,19,3.17,6
Mystery,8,3.0,1
Adventure|Animation|Children's,5,4.0,2
Children's|Musical,5,3.67,6
Action|Thriller|War,18,3.4,5
Drama|Film-Noir|Thriller,13,5.0,2
Adventure|Romance|Sci-Fi,15,3.09,11
Action|Adventure|Children's|Comedy,18,1.67,6
Animation|Mystery,17,3.0,2
Adventure|Fantasy|Romance,13,3.44,9
Adventure|Animation|Children's|Fantasy,6,3.25,4
Mystery|Sci-Fi|Thriller,18,3.5,10
Children's,15,3.5,2
Documentary|Drama,19,4.5,2
Children's|Drama|Fantasy,6,3.33,3
Drama|Mystery|Thriller,8,4.67,3
Adventure|Children's|Drama,5,3.13,15
Adventure|Comedy|Musical,9,2.29,7
Action|Drama|Western,19,1.75,4
Comedy|Mystery|Romance,2,3.67,3
Animation|Children's|Musical|Romance,18,4.5,2
Adventure|Children's|Comedy,5,3.1,20
Action|Children's,18,1.25,4
Musical|War,8,2.0,1
Comedy|Drama|Sci-Fi,19,2.86,7
Children's|Sci-Fi,18,2.0,1
Action|Adventure|Crime|Thriller,18,3.0,2
Horror|Mystery,11,3.5,2
Documentary|War,17,4.33,6
Comedy|Mystery|Romance|Thriller,14,4.27,15
Action|Drama|Mystery,11,2.6,10
Adventure|Children's|Musical,18,3.0,4
Adventure|Animation|Children's,20,3.88,8
Animation|Children's|Fantasy|War,9,3.8,5
Children's|Comedy|Western,16,2.56,16
Adventure|Children's|Musical,19,3.33,3
Action|Adventure|Comedy|War,6,2.67,3
Action|Children's,13,2.0,1
Children's|Sci-Fi,15,3.0,7
Children's|Drama|Fantasy,13,4.0,2
Adventure|Animation|Children's|Fantasy,5,3.0,2
Children's|Sci-Fi,19,2.0,2
Action|Adventure|Children's,5,2.5,2
Drama|Horror|Thriller,17,2.5,6
Documentary|War,6,3.13,8
Action|Adventure|War,10,3.0,1
Action|Sci-Fi|Western,18,2.88,8
Adventure|Romance,15,3.33,12
Drama|Mystery|Romance,18,3.75,4
Adventure|Animation|Children's|Sci-Fi,13,3.67,3
Action|Crime|Mystery,6,2.5,4
Adventure|Animation|Children's|Comedy|Musical,18,2.4,5
Action|Adventure|Children's,16,2.0,1
Crime|Mystery,6,3.5,2
Action|Children's,16,1.33,6
Children's|Musical,18,3.0,3
Adventure|Animation|Children's|Comedy|Musical,13,2.5,2
Musical|Romance,8,3.5,4
Drama|Musical|War,19,3.33,9
Animation|Children's|Fantasy|Musical,19,3.22,9
Action|Adventure|Western,13,2.0,2
Action|Adventure|Children's|Sci-Fi,13,1.0,1
Children's|Fantasy|Musical,6,2.67,6
Drama|Film-Noir|Thriller,19,4.0,2
Action|Comedy|Romance|Thriller,18,3.0,6
Animation|Children's|Comedy|Romance,2,3.5,4
Animation|Children's|Comedy|Romance,18,4.0,1
Children's|Comedy|Sci-Fi,18,2.2,5
Crime|Horror|Thriller,5,3.33,6
Action|Adventure|Comedy|War,13,2.33,3
Action|Horror|Thriller,9,3.67,3
Drama|Romance|Western,0,3.17,6
Mystery|Sci-Fi,6,3.5,10
Animation|Comedy|Thriller,5,4.22,9
Comedy|Romance|Sci-Fi,1,3.2,5
Comedy|Romance|Sci-Fi,6,1.0,1
Horror|Mystery,2,3.5,4
Drama|Romance|Thriller,5,4.13,15
Action|Adventure|Children's|Fantasy,2,2.0,3
Fantasy|Sci-Fi,18,3.43,7
Action|Romance,13,3.38,8
Action|Drama|Fantasy|Romance,18,3.88,8
Children's|Drama,5,3.79,19
Drama|Film-Noir,10,4.5,6
Action|Adventure|Children's,12,1.0,2
Animation,9,4.5,4
Drama|Fantasy,9,4.0,3
Comedy|Drama|Thriller,6,5.0,1
Animation|Comedy|Thriller,9,4.75,8
Animation|Children's|Musical|Romance,5,3.14,7
Action|Adventure|Comedy|War,5,2.38,8
Animation|Mystery,5,4.5,2
Action|Adventure|Animation|Children's|Fantasy,18,3.0,4
Action|Comedy|Sci-Fi|Thriller,18,2.79,19
Action|Comedy|Crime|Horror|Thriller,9,3.75,4
Adventure|Western,5,3.57,7
Children's|Comedy|Mystery,5,3.33,3
Crime|Drama|Mystery|Thriller,18,3.89,9
Drama|Fantasy,16,3.2,5
Action|Comedy|Crime|Horror|Thriller,13,2.67,3
Action|Adventure|Animation|Horror|Sci-Fi,9,4.33,3
Adventure|Children's|Musical,8,5.0,1
Action|Children's,5,2.43,7
Action|Drama|Mystery,10,3.33,3
Action|Western,9,3.71,7
Crime|Horror,13,3.0,1
Children's|Sci-Fi,16,2.75,4
Drama|Romance|Sci-Fi,0,3.75,8
Children's|Comedy|Western,18,2.86,7
Comedy|Drama|Sci-Fi,2,3.18,11
Documentary|Musical,14,3.25,4
Drama|Horror|Thriller,4,3.75,8
Action|Horror|Thriller,13,3.43,7
Action|Adventure|Drama|Romance,18,3.0,7
Adventure|Drama|Romance,18,3.11,9
Action|Comedy|Musical|Sci-Fi,19,2.6,5
Horror|Mystery,14,3.0,4
Action|Adventure|Crime|Thriller,11,2.67,6
Children's|Fantasy|Sci-Fi,18,4.11,9
Drama|Film-Noir,15,4.39,18
Action|Drama|Mystery|Romance|Thriller,12,3.94,16
Action|Comedy|Musical|Sci-Fi,6,2.17,6
Comedy|Mystery|Romance,11,3.0,1
Musical|Romance|War,5,3.0,6
Comedy|Mystery|Thriller,5,4.0,9
Crime|Horror,14,3.19,16
Action|Adventure|Drama|Thriller,6,4.17,6
Action|Comedy|Musical|Sci-Fi,18,2.67,3
Comedy|Horror|Sci-Fi,20,3.5,4
Crime|Mystery,16,4.0,3
Animation|Children's|Drama|Fantasy,19,4.5,2
Children's|Comedy|Western,6,3.22,9
Action|Adventure|Sci-Fi|Thriller|War,6,1.8,5
Adventure|Animation|Children's|Fantasy,2,3.0,4
Adventure|Musical|Romance,2,3.0,1
Film-Noir|Sci-Fi,9,3.57,7
Action|Comedy|Romance|Thriller,19,2.2,5
Adventure|Children's|Comedy|Fantasy|Romance,18,1.5,2
Adventure|Animation|Children's|Fantasy,20,3.0,4
Romance|War,9,4.0,1
Romance,18,3.0,8
Film-Noir|Romance|Thriller,5,3.8,5
Action|Comedy|Fantasy,9,2.6,5
Animation|Children's|Comedy|Romance,19,2.0,2
Horror|Romance,8,4.33,3
Action|Animation|Children's|Sci-Fi|Thriller|War,18,3.75,4
Animation|Musical,15,4.06,17
Action|Drama|Mystery|Romance|Thriller,5,4.5,2
Mystery|Sci-Fi,9,3.0,1
Action|Adventure|Comedy|Horror|Sci-Fi,13,4.5,2
Comedy|Romance|Sci-Fi,10,5.0,1
Action|Crime|Mystery|Thriller,5,2.89,9
Action|Adventure|Children's,20,1.0,2
Action|Drama|Mystery|Romance|Thriller,9,4.5,2
Drama|Film-Noir|Thriller,5,3.5,2
Action|Adventure|Children's|Sci-Fi,11,2.2,5
Action|Romance|Sci-Fi,18,3.38,8
War,5,3.46,13
Crime|Mystery,5,5.0,1
Adventure|Crime|Sci-Fi|Thriller,19,3.4,5
Adventure|Children's|Romance,5,3.0,6
Comedy|Horror|Thriller,13,3.0,3
Action|Children's,12,1.44,9
Children's|Horror,19,3.5,6
Action|Drama|Thriller|War,11,2.71,7
Adventure|Musical|Romance,3,4.5,2
Children's|Horror,15,3.4,5
Crime|Mystery,14,2.67,3
Adventure|Romance,9,3.25,8
Comedy|Drama|Sci-Fi,18,3.2,5
Comedy|Crime|Drama|Mystery,18,4.0,10
Romance|Western,6,3.5,4
Adventure|Drama|Romance,10,4.5,2
Action|Adventure|Drama|Thriller,5,2.4,5
Adventure|Animation|Sci-Fi|Thriller,15,3.8,10
Action|Crime|Mystery,3,2.5,6
Animation|Children's|Comedy|Romance,5,3.0,4
Romance|War,6,3.43,7
Adventure|Drama|Thriller,18,3.88,8
Adventure|Animation|Children's,15,5.0,1
Sci-Fi|Thriller|War,18,3.25,4
Animation|Children's|Musical|Romance,13,3.0,2
Adventure|Sci-Fi,9,3.25,4
Children's|Musical,19,2.75,4
Action|Adventure|Children's|Comedy,5,2.2,10
Adventure|Animation|Children's|Fantasy,7,2.6,5
Adventure|Animation|Children's|Fantasy,9,3.0,1
Comedy|Mystery|Thriller,18,4.5,6
Film-Noir|Sci-Fi|Thriller,18,3.7,10
Animation|Sci-Fi,13,3.0,4
Children's|Fantasy|Musical,13,3.0,2
Drama|Fantasy|Romance|Thriller,18,3.0,4
Action|Adventure|Drama|Thriller,9,4.0,1
Action|Comedy|Musical|Sci-Fi,11,1.4,5
Action|Adventure|Drama|Romance,13,2.67,3
Children's|Horror,1,3.09,11
Drama|Romance|Western,5,3.0,1
Romance,8,4.5,2
Adventure|Children's|Comedy|Fantasy|Romance,12,2.25,4
Action|Adventure|Comedy|Horror,8,3.0,1
Comedy|Mystery|Romance,9,3.0,1
Animation|Sci-Fi,15,3.86,7
Action|Comedy|Crime,6,4.0,1
Action|Adventure|Crime|Thriller,15,2.6,5
Drama|Musical|War,18,3.17,6
Drama|Film-Noir,8,4.0,1
Action|Children's,9,2.0,2
Adventure|Crime|Sci-Fi|Thriller,18,4.4,5
Animation|Children's|Comedy|Romance,13,4.0,1
Children's|Sci-Fi,9,2.0,1
Adventure|Fantasy|Sci-Fi,9,3.5,4
Action|Adventure|Comedy|War,15,2.5,2
Action|Adventure|Sci-Fi|War,9,3.67,3
Comedy|Mystery|Romance,5,4.0,1
Crime|Film-Noir|Mystery,18,4.5,2
Children's|Horror,14,3.7,10
Children's|Musical,13,3.0,2
Action|Comedy|Crime,10,4.0,2
Action|Adventure|Animation|Children's|Fantasy,9,3.33,3
Adventure|Western,19,4.0,2
Crime|Drama|Romance,5,3.0,6
Documentary|Musical,18,3.0,2
Comedy|Horror|Sci-Fi,3,2.5,2
Children's|Comedy|Mystery,13,2.5,2
Action|Adventure|Crime|Thriller,13,2.0,2
Adventure|Drama|Thriller,5,4.43,7
Action|Adventure|Comedy|Horror,9,4.0,1
Action|Adventure|Animation|Children's|Fantasy,15,2.25,4
Action|Drama|Western,13,3.0,2
Horror|Mystery|Thriller,13,2.56,9
Adventure|Animation|Children's|Fantasy,14,2.5,2
Adventure|Animation|Children's|Fantasy,12,2.5,2
Action|Children's,11,1.33,3
Animation|Children's|Comedy|Romance,15,1.5,2
Children's|Fantasy|Musical,18,2.0,1
Adventure|Musical|Romance,1,3.5,4
Adventure|Children's|Comedy|Fantasy|Romance,5,2.67,3
Drama|Horror|Thriller,16,3.75,4
Animation|Children's|Drama|Fantasy,13,4.5,2
Action|Drama|Thriller|War,13,4.0,1
Children's|Horror,18,4.0,4
Children's|Fantasy,14,5.0,1
Adventure|Children's|Musical,6,3.4,5
Children's|Comedy|Mystery,6,2.5,4
Adventure|Children's|Drama|Romance,16,3.0,3
Adventure|Musical|Romance,6,2.0,2
Documentary|War,5,4.5,2
Comedy|Romance|Sci-Fi,5,4.0,1
Musical|War,5,4.4,5
Action|Adventure|War,9,3.0,1
Drama|Musical|War,13,4.0,2
Film-Noir|Horror,6,4.0,1
Animation|Children's|Musical|Romance,15,2.5,4
Horror|Mystery,15,1.0,1
Horror|Mystery,1,2.2,5
Comedy|Film-Noir|Thriller,1,3.0,1
Adventure|Children's|Musical,5,3.33,6
Romance|War,14,3.75,4
Crime|Drama|Mystery,18,3.71,7
Action|Adventure|Children's,15,1.0,1
Action|Adventure|Drama|Thriller,15,3.0,2
Children's|Drama|Fantasy,5,4.0,2
Adventure|Children's|Comedy|Fantasy|Romance,8,4.0,1
Action|Comedy|Crime,14,4.0,2
Drama|Horror|Thriller,6,3.33,3
Comedy|Film-Noir|Thriller,17,1.0,1
Comedy|Drama|Thriller,12,4.0,3
Drama|Romance|Western,10,3.0,1
Adventure|Animation|Children's|Fantasy,16,3.0,2
Action|Adventure|Children's|Fantasy,6,3.0,1
Action|Adventure|War,3,3.88,8
Animation|Children's|Drama|Fantasy,18,4.0,3
Crime|Horror|Mystery|Thriller,8,3.0,1
Comedy|Horror|Sci-Fi,19,1.0,1
Documentary|Musical,15,4.0,3
Children's|Drama|Fantasy,18,2.0,1
Drama|Romance|Western,11,4.0,2
Documentary|Drama,15,3.0,2
Romance|Western,18,4.5,2
Adventure|Drama|Thriller,19,4.33,3
Action|Adventure|War,18,3.75,4
Adventure|Children's|Drama|Romance,17,4.0,2
Adventure|Children's|Comedy|Fantasy|Romance,1,2.33,6
Children's|Drama|Fantasy,19,2.25,4
Comedy|Film-Noir|Thriller,0,2.0,1
Horror|Mystery,19,1.0,2
Romance|Western,3,3.33,3
Drama|Romance|Western,19,3.0,1
Adventure|Children's|Drama,18,2.71,7
Action|Comedy|Crime,16,4.0,1
Action|Adventure|Animation|Children's|Fantasy,19,2.5,2
Children's|Drama|Fantasy,15,2.5,2
Drama|Film-Noir|Thriller,14,4.5,2
Children's|Fantasy,7,2.0,1
Romance|War,18,4.0,1
Action|Adventure|Children's|Fantasy,18,2.0,1
Children's|Fantasy,3,3.0,1
Action|Adventure|Drama|Thriller,18,3.0,2
Comedy|Drama|Thriller,18,2.0,1
Action|Adventure|Children's,19,1.0,1
Adventure|Children's|Comedy|Musical,15,3.0,2
Adventure|Children's|Comedy|Fantasy|Romance,2,3.33,3
Action|Comedy|Musical|Sci-Fi,9,1.0,1
Adventure|Drama|Romance,19,1.0,3
Adventure|Animation|Children's|Fantasy,15,4.0,4
Action|Adventure|Western,8,2.0,1
Action|Children's|Fantasy,13,2.0,2
Animation|Mystery,3,5.0,1
Musical,8,4.0,1
Adventure|Children's|Comedy|Fantasy|Romance,13,3.0,1
Horror|Mystery,10,3.0,2
Drama|Horror|Thriller,1,4.4,5
Drama|Romance|Western,18,4.0,1
Children's|Fantasy,9,3.0,1
Animation|Mystery,2,3.33,3
Action|Adventure|Sci-Fi|Thriller|War,11,2.0,2
Documentary|Musical,11,1.0,1
Comedy|Romance|Sci-Fi,16,3.0,1
Children's|Drama|Fantasy,16,3.5,4
Comedy|Mystery|Romance,18,4.0,1
Crime|Horror|Thriller,8,2.0,1
Action|Mystery|Sci-Fi|Thriller,18,2.75,4
Drama|Romance|Sci-Fi,16,5.0,2
Action|Children's,8,1.0,1
Action|Drama|Thriller|War,18,3.0,2
Drama|Horror|Thriller,10,1.0,1
Crime|Horror|Thriller,13,4.0,1
Romance|War,15,3.0,1
Romance|War,19,2.0,1
Action|Adventure|Comedy|Horror|Sci-Fi,8,5.0,1
Children's|Fantasy,2,1.0,1
Drama|Romance|Western,4,2.0,1
Horror|Mystery,18,5.0,1
Crime|Horror,10,2.0,2
Action|Children's,15,1.0,2
Horror|Mystery,13,1.0,1
Action|Adventure|Crime|Thriller,10,5.0,1
Crime|Mystery,9,3.0,1
Adventure|Animation|Children's|Comedy|Fantasy,13,3.0,1
Animation|Comedy|Thriller,18,5.0,2
Crime|Mystery,15,1.0,1
Comedy|Film-Noir|Thriller,2,3.0,1
Comedy|Romance|Sci-Fi,15,5.0,1
Action|Adventure|Children's,2,1.0,2
Action|Adventure|Crime|Thriller,9,4.5,2
Animation|Children's|Comedy|Romance,16,2.0,1
Action|Adventure|Sci-Fi|Thriller|War,15,3.0,2
Comedy|Drama|Thriller,11,4.0,1
Action|Adventure|Comedy|Horror,13,4.0,1
Adventure|Children's|Drama|Romance,9,4.0,1
Documentary|Drama,5,4.0,1
Children's|Sci-Fi,11,5.0,1
Animation|Mystery,16,5.0,1
Action|Crime|Mystery,9,3.0,1
Action|Comedy|Crime,11,3.0,1
Drama|Horror|Thriller,9,4.0,1
Adventure|Musical|Romance,12,4.0,1
Action|Comedy|Crime,17,4.0,1
Animation|Mystery,11,4.0,1
Comedy|Crime|Thriller,8,3.0,1
Musical|Romance|War,19,3.0,2
Drama|Horror|Thriller,14,4.0,1
Children's|Fantasy,19,3.0,1
Action|Adventure|Children's|Fantasy,12,1.0,1
Action|Adventure|Children's,11,1.0,1
