user_id,movie_id,rating,timestamp,title,genres,gender,age,occupation,zip_code
174,1580,3,977149770,Men in Black (1997),Action|Adventure|Comedy|Sci-Fi,M,25,16,21203
216,2366,4,976868926,King Kong (1933),Action|Adventure|Horror,M,45,13,52761
26,540,3,978271857,Sliver (1993),Thriller,M,25,7,23112
33,1721,5,978109979,Titanic (1997),Drama|Romance,M,45,3,55421
175,1721,4,977112263,Titanic (1997),Drama|Romance,F,25,2,95123
329,1721,4,976392792,Titanic (1997),Drama|Romance,M,35,7,02115
360,1127,3,976316465,"Abyss, The (1989)",Action|Adventure|Sci-Fi|Thriller,M,35,17,28208
445,3179,4,976241502,Angela's Ashes (1999),Drama,M,45,12,55117
646,1127,4,975781502,"Abyss, The (1989)",Action|Adventure|Sci-Fi|Thriller,M,35,7,08505
69,1699,2,977882255,"Butcher Boy, The (1998)",Drama,F,25,1,02143
242,3000,4,982725424,"Princess Mononoke, The (Mononoke Hime) (1997)",Action|Adventure|Animation,F,18,4,53706
522,1270,4,976197097,Back to the Future (1985),Comedy|Sci-Fi,M,25,12,55124
142,1265,2,977352483,Groundhog Day (1993),Comedy|Romance,M,25,7,10011
229,3089,4,1046325739,"Bicycle Thief, The (Ladri di biciclette) (1948)",Drama,M,18,10,04576
549,1265,5,976070010,Groundhog Day (1993),Comedy|Romance,M,25,6,53217
655,2443,3,975699198,Playing by Heart (1998),Drama|Romance,F,25,2,92629
677,3089,4,975610164,"Bicycle Thief, The (Ladri di biciclette) (1948)",Drama,M,50,2,94122
78,2096,3,977811665,Sleeping Beauty (1959),Animation|Children's|Musical,F,45,1,98029
271,3105,4,986184119,Awakenings (1990),Drama,M,18,4,48202
333,898,5,996355975,"Philadelphia Story, The (1940)",Comedy|Romance,M,35,2,55410
340,3028,3,976342548,"Taming of the Shrew, The (1967)",Comedy,F,25,3,28001
539,588,3,976140491,Aladdin (1992),Animation|Children's|Comedy|Musical,M,25,2,55103
22,2542,4,980065957,"Lock, Stock & Two Smoking Barrels (1998)",Comedy|Crime|Thriller,M,18,15,53706
173,2238,5,1023478112,Seven Beauties (Pasqualino Settebellezze) (1976),Comedy|Drama,M,25,0,45237
208,2542,4,980714487,"Lock, Stock & Two Smoking Barrels (1998)",Comedy|Crime|Thriller,M,35,17,55432
329,296,5,976393368,Pulp Fiction (1994),Crime|Drama,M,35,7,02115
352,1466,5,976331508,Donnie Brasco (1997),Crime|Drama,M,18,4,60115
687,296,5,975599899,Pulp Fiction (1994),Crime|Drama,F,25,7,14136
716,296,5,976500025,Pulp Fiction (1994),Crime|Drama,M,18,4,98188
135,2396,5,977417066,Shakespeare in Love (1998),Comedy|Romance,M,18,4,20006
224,2396,4,991699485,Shakespeare in Love (1998),Comedy|Romance,F,18,4,14850
549,3703,3,976117102,Mad Max 2 (a.k.a. The Road Warrior) (1981),Action|Sci-Fi,M,25,6,53217
163,1468,2,977322749,Booty Call (1997),Comedy|Romance,M,18,4,85013
359,1653,4,976317246,Gattaca (1997),Drama|Sci-Fi|Thriller,M,25,17,55128
475,3441,4,976220600,Red Dawn (1984),Action|War,F,25,2,55421
532,1653,4,976140601,Gattaca (1997),Drama|Sci-Fi|Thriller,M,25,7,94301
566,593,4,976210365,"Silence of the Lambs, The (1991)",Drama|Thriller,M,25,17,92122
735,593,5,975478390,"Silence of the Lambs, The (1991)",Drama|Thriller,M,25,14,04240
516,950,4,976205378,"Thin Man, The (1934)",Mystery,F,56,14,55033
528,3844,4,980655204,Steel Magnolias (1989),Drama,F,18,17,83843
608,3661,3,975865107,Puppet Master II (1990),Horror|Sci-Fi|Thriller,M,18,4,18011
678,950,5,989501604,"Thin Man, The (1934)",Mystery,M,25,0,34952
749,950,3,1007969900,"Thin Man, The (1934)",Mystery,M,35,18,56303
752,1561,3,991951687,Wedding Bell Blues (1996),Comedy,F,25,3,97401
166,34,3,977187223,Babe (1995),Children's|Comedy|Drama,M,18,4,92802
195,368,4,980135698,Maverick (1994),Action|Comedy|Western,M,25,12,10458
691,34,5,1010907849,Babe (1995),Children's|Comedy|Drama,M,35,11,96813
692,1198,5,975738425,Raiders of the Lost Ark (1981),Action|Adventure,F,25,0,85207
73,2003,3,981605211,Gremlins (1984),Comedy|Horror,M,18,4,53706
566,1378,2,976041262,Young Guns (1988),Action|Comedy|Western,M,25,17,92122
343,2662,4,988596399,"War of the Worlds, The (1953)",Action|Sci-Fi|War,F,35,3,55127
415,2463,3,976287661,Ruthless People (1986),Comedy,F,35,0,55406
660,3841,3,975691679,Air America (1990),Action|Comedy,M,45,16,70507
422,2355,2,1042065136,"Bug's Life, A (1998)",Animation|Children's|Comedy,M,56,17,55104
524,596,4,976172617,Pinocchio (1940),Animation|Children's,M,18,0,91320
716,596,4,982884202,Pinocchio (1940),Animation|Children's,M,18,4,98188
749,2355,3,975477163,"Bug's Life, A (1998)",Animation|Children's|Comedy,M,35,18,56303
327,1163,3,976397718,Mina Tannenbaum (1994),Drama,M,35,18,55448
699,1752,3,975557465,Hard Rain (1998),Action|Thriller,M,18,0,73505
274,1276,5,976594335,Cool Hand Luke (1967),Comedy|Drama,M,18,4,55455
429,3624,3,976257749,Shanghai Noon (2000),Action,M,18,0,54901
481,587,4,976218540,Ghost (1990),Comedy|Romance|Thriller,M,45,7,55115
337,332,2,976349552,Village of the Damned (1995),Horror|Sci-Fi,M,18,19,80205
735,3270,3,975479066,"Cutting Edge, The (1992)",Drama,M,25,14,04240
297,1294,4,976511751,M*A*S*H (1970),Comedy|War,M,18,2,97211
343,1019,3,988596419,"20,000 Leagues Under the Sea (1954)",Adventure|Children's|Fantasy|Sci-Fi,F,35,3,55127
360,1019,4,976316627,"20,000 Leagues Under the Sea (1954)",Adventure|Children's|Fantasy|Sci-Fi,M,35,17,28208
19,2644,4,978555222,Dracula (1931),Horror,M,1,10,48073
167,3481,5,977177471,High Fidelity (2000),Comedy,F,25,11,10022
244,3528,4,976736716,"Prince of Tides, The (1991)",Drama|Romance,M,50,7,19072
264,1350,1,976712924,"Omen, The (1976)",Horror,M,35,0,20755
161,1280,5,977219164,Raise the Red Lantern (1991),Drama,M,45,16,98107-2117
271,1148,5,976635424,"Wrong Trousers, The (1993)",Animation|Comedy,M,18,4,48202
368,1689,3,976670387,"Man Who Knew Too Little, The (1997)",Comedy|Mystery,M,25,0,90293
390,1148,5,976312673,"Wrong Trousers, The (1993)",Animation|Comedy,M,25,4,55405
406,1210,4,976290750,Star Wars: Episode VI - Return of the Jedi (1983),Action|Adventure|Romance|Sci-Fi|War,M,25,20,55105
424,1363,3,1017850758,"Preacher's Wife, The (1996)",Drama,M,25,17,55112
624,1210,3,975786710,Star Wars: Episode VI - Return of the Jedi (1983),Action|Adventure|Romance|Sci-Fi|War,M,25,1,75207
48,329,3,978064743,Star Trek: Generations (1994),Action|Adventure|Sci-Fi,M,25,4,92107
235,1260,5,976770448,M (1931),Crime|Film-Noir|Thriller,M,25,0,98153
321,2723,3,976415510,Mystery Men (1999),Action|Adventure|Comedy,M,18,4,55128
445,2723,2,976241801,Mystery Men (1999),Action|Adventure|Comedy,M,45,12,55117
512,350,3,976206212,"Client, The (1994)",Drama|Mystery|Thriller,M,35,0,55379
753,1046,5,1012165921,Beautiful Thing (1996),Drama|Romance,M,1,10,42754
390,2692,4,976298011,Run Lola Run (Lola rennt) (1998),Action|Crime|Romance,M,25,4,55405
425,223,4,976281414,Clerks (1994),Comedy,M,25,12,55303
429,223,3,976255592,Clerks (1994),Comedy,M,18,0,54901
533,2692,4,976141160,Run Lola Run (Lola rennt) (1998),Action|Crime|Romance,M,25,12,27514
655,223,4,975704551,Clerks (1994),Comedy,F,25,2,92629
720,2006,3,975530188,"Mask of Zorro, The (1998)",Action|Adventure|Romance,M,18,0,55129
456,1208,2,976300620,Apocalypse Now (1979),Drama|War,M,35,0,55105
637,2753,4,975734314,"Bedroom Window, The (1987)",Thriller,M,35,12,97132
31,1777,3,978121447,"Wedding Singer, The (1998)",Comedy|Romance,M,56,7,06840
390,1978,3,976311418,Friday the 13th Part V: A New Beginning (1985),Horror,M,25,4,55405
19,2789,3,978554929,Damien: Omen II (1978),Horror,M,1,10,48073
235,3546,4,977093578,What Ever Happened to Baby Jane? (1962),Drama|Thriller,M,25,0,98153
264,2255,2,976715108,Young Doctors in Love (1982),Comedy,M,35,0,20755
636,2668,3,975752288,Swamp Thing (1982),Horror|Sci-Fi,M,18,20,92055
587,1249,2,976899720,Nikita (La Femme Nikita) (1990),Thriller,M,25,20,92649
31,3200,3,978121652,"Last Detail, The (1973)",Comedy|Drama,M,56,7,06840
44,2407,4,978040851,Cocoon (1985),Comedy|Sci-Fi,M,45,17,98052
313,1961,4,976474191,Rain Man (1988),Drama,F,18,4,02138
482,230,2,976242876,Dolores Claiborne (1994),Drama|Thriller,M,25,14,55305
187,232,4,977076881,Eat Drink Man Woman (1994),Comedy|Drama,F,45,1,94061
319,225,2,976420569,Disclosure (1994),Drama|Thriller,F,50,6,33436
396,232,3,976297230,Eat Drink Man Woman (1994),Comedy|Drama,M,25,1,56187
490,924,1,976215864,2001: A Space Odyssey (1968),Drama|Mystery|Sci-Fi|Thriller,M,1,10,55345
506,233,2,976207932,Exotica (1994),Drama,M,25,16,55103-1006
678,2042,3,992096073,D2: The Mighty Ducks (1994),Children's|Comedy,M,25,0,34952
731,2724,3,975530631,Runaway Bride (1999),Comedy|Romance,M,45,3,55410
205,861,5,976922339,Supercop (1992),Action|Thriller,M,35,12,97333
670,2791,4,975627921,Airplane! (1980),Comedy,M,25,12,30303
522,1197,5,976196961,"Princess Bride, The (1987)",Action|Adventure|Comedy|Romance,M,25,12,55124
18,1207,5,978156168,To Kill a Mockingbird (1962),Drama,F,18,3,95825
289,47,4,976567657,Seven (Se7en) (1995),Crime|Thriller,F,25,0,11801
412,1542,3,976288749,Brassed Off (1996),Comedy|Drama|Romance,M,35,15,55117
528,1542,4,976410691,Brassed Off (1996),Comedy|Drama|Romance,F,18,17,83843
698,3379,5,1015124986,On the Beach (1959),Drama,M,18,4,76401
264,2108,4,976712762,L.A. Story (1991),Comedy|Romance,M,35,0,20755
518,955,5,1037916421,Bringing Up Baby (1938),Comedy,F,35,12,75240
531,955,5,979156918,Bringing Up Baby (1938),Comedy,F,18,14,22206
656,3095,4,975696779,"Grapes of Wrath, The (1940)",Drama,F,45,16,92106
33,912,3,978557865,Casablanca (1942),Drama|Romance|War,M,45,3,55421
53,581,5,977990888,"Celluloid Closet, The (1995)",Documentary,M,25,0,96931
323,2840,4,976974844,Stigmata (1999),Thriller,M,45,12,53716
403,912,3,976301833,Casablanca (1942),Drama|Romance|War,M,18,4,02138
624,912,3,975787603,Casablanca (1942),Drama|Romance|War,M,25,1,75207
674,1266,5,975619809,Unforgiven (1992),Western,M,25,17,22042
53,3927,4,977976093,Fantastic Voyage (1966),Adventure|Sci-Fi,M,25,0,96931
139,1304,4,977361121,Butch Cassidy and the Sundance Kid (1969),Action|Comedy|Western,F,25,20,45409
295,3798,4,976526948,What Lies Beneath (2000),Thriller,M,18,0,80203
392,1247,5,976551100,"Graduate, The (1967)",Drama|Romance,M,18,7,20037
333,2941,3,996353065,South Pacific (1958),Musical|Romance|War,M,35,2,55410
343,1,5,1003251499,Toy Story (1995),Animation|Children's|Comedy,F,35,3,55127
436,1391,1,976245075,Mars Attacks! (1996),Action|Comedy|Sci-Fi|War,M,18,4,43023
33,1302,2,978109513,Field of Dreams (1989),Drama,M,45,3,55421
299,3060,5,976689353,"Commitments, The (1991)",Comedy|Drama,M,25,12,97370
302,3147,4,976505208,"Green Mile, The (1999)",Drama|Thriller,M,18,4,04901
639,3147,4,975811088,"Green Mile, The (1999)",Drama|Thriller,M,45,17,85202
713,3861,3,975536621,"Replacements, The (2000)",Comedy,M,35,7,79912
147,1722,4,977336736,Tomorrow Never Dies (1997),Action|Romance|Thriller,M,18,4,91360
346,3111,4,976336881,Places in the Heart (1984),Drama,F,25,0,55110
438,3210,4,976674403,Fast Times at Ridgemont High (1982),Comedy,M,18,11,53705
123,1608,2,977530089,Air Force One (1997),Action|Thriller,M,35,9,67208
165,3032,5,977199986,"Omega Man, The (1971)",Sci-Fi,M,18,16,98502
310,2059,3,976482754,"Parent Trap, The (1998)",Children's|Drama,F,18,4,31207
319,1644,2,976427154,I Know What You Did Last Summer (1997),Horror|Mystery|Thriller,F,50,6,33436
328,1608,3,976396337,Air Force One (1997),Action|Thriller,M,35,12,80401
476,3032,5,976219797,"Omega Man, The (1971)",Sci-Fi,M,35,0,55127
31,1663,4,978121088,Stripes (1981),Comedy,M,56,7,06840
34,2471,2,978104253,Crocodile Dundee II (1988),Adventure|Comedy,F,18,0,02135
53,280,5,977974218,Murder in the First (1995),Drama|Thriller,M,25,0,96931
134,474,4,978038302,In the Line of Fire (1993),Action|Thriller,M,25,0,66212
199,1100,3,976978742,Days of Thunder (1990),Action|Romance,M,18,4,83706
331,2433,3,978884570,"Civil Action, A (1998)",Drama,M,25,7,55902
609,1089,4,975868264,Reservoir Dogs (1992),Crime|Thriller,M,25,7,10012
52,2699,3,977947651,Arachnophobia (1990),Action|Comedy|Sci-Fi|Thriller,M,18,4,72212
710,2699,4,975741215,Arachnophobia (1990),Action|Comedy|Sci-Fi|Thriller,M,25,20,85207
73,2196,2,977867653,Knock Off (1998),Action,M,18,4,53706
264,1380,3,976714698,Grease (1978),Comedy|Musical|Romance,M,35,0,20755
306,998,4,979169525,Set It Off (1996),Action|Crime,M,18,0,53051
424,2877,3,1017695332,Tommy (1975),Drama|Musical,M,25,17,55112
150,2161,4,978162233,"NeverEnding Story, The (1984)",Adventure|Children's|Fantasy,M,35,7,98144
295,2686,2,976526829,"Red Violin, The (Le Violon rouge) (1998)",Drama|Mystery,M,18,0,80203
411,2391,2,976894767,"Simple Plan, A (1998)",Crime|Thriller,F,45,1,43214
678,1275,4,988637650,Highlander (1986),Action|Adventure,M,25,0,34952
716,2161,5,975559238,"NeverEnding Story, The (1984)",Adventure|Children's|Fantasy,M,18,4,98188
62,500,3,977903676,Mrs. Doubtfire (1993),Comedy,F,35,3,98105
271,500,4,979881446,Mrs. Doubtfire (1993),Comedy,M,18,4,48202
698,3793,1,975558661,X-Men (2000),Action|Sci-Fi,M,18,4,76401
517,2736,5,976203626,Brighton Beach Memoirs (1986),Comedy,F,25,14,55408
637,1994,3,975737806,Poltergeist (1982),Horror|Thriller,M,35,12,97132
136,3791,1,977423978,Footloose (1984),Drama,M,18,2,21202
117,377,4,977501402,Speed (1994),Action|Romance|Thriller,M,25,17,33314
151,377,2,978681865,Speed (1994),Action|Romance|Thriller,F,25,20,85013
406,377,4,976655039,Speed (1994),Action|Romance|Thriller,M,25,20,55105
420,1273,5,976300195,Down by Law (1986),Comedy|Drama,M,35,1,55406
438,3120,4,976256941,"Distinguished Gentleman, The (1992)",Comedy,M,18,11,53705
527,1394,4,976161078,Raising Arizona (1987),Comedy,F,25,2,11201
705,2867,3,975546581,Fright Night (1985),Comedy|Horror,M,25,4,48065
710,3863,4,975539467,"Cell, The (2000)",Sci-Fi|Thriller,M,25,20,85207
324,3489,4,976407731,Hook (1991),Adventure|Fantasy,M,35,17,55106
531,920,4,976141100,Gone with the Wind (1939),Drama|Romance|War,F,18,14,22206
546,920,5,976068196,Gone with the Wind (1939),Drama|Romance|War,F,25,0,37211
569,2384,2,976237840,Babe: Pig in the City (1998),Children's|Comedy,F,18,4,97339
613,3699,4,975811685,Starman (1984),Adventure|Drama|Romance|Sci-Fi,M,35,20,10562
463,1968,4,976227717,"Breakfast Club, The (1985)",Comedy|Drama,M,25,7,55105
658,1968,5,975691602,"Breakfast Club, The (1985)",Comedy|Drama,F,25,0,10021
102,923,4,1039275228,Citizen Kane (1941),Drama,M,35,19,20871
253,306,4,976688088,Three Colors: Red (1994),Drama,F,25,11,97370
340,923,4,976341219,Citizen Kane (1941),Drama,F,25,3,28001
605,292,4,975870294,Outbreak (1995),Action|Drama|Thriller,F,18,4,44425
624,1355,1,1028382102,Nightwatch (1997),Horror|Thriller,M,25,1,75207
664,923,5,975990710,Citizen Kane (1941),Drama,M,35,18,74601
328,1917,2,976396511,Armageddon (1998),Action|Adventure|Sci-Fi|Thriller,M,35,12,80401
187,1191,4,977232144,Madonna: Truth or Dare (1991),Documentary,F,45,1,94061
583,2640,3,993161443,Superman (1978),Action|Adventure|Sci-Fi,F,25,0,48067
199,1605,2,976978581,Excess Baggage (1997),Adventure|Romance,M,18,4,83706
474,1701,3,976239445,Deconstructing Harry (1997),Comedy|Drama,M,25,17,92126
8,650,5,978230943,Moll Flanders (1996),Drama,M,25,12,11413
101,1835,3,977577431,City of Angels (1998),Romance,F,18,3,33314
261,2203,4,976667424,Shadow of a Doubt (1943),Film-Noir|Thriller,M,25,20,75801
284,2985,2,976571531,Robocop (1987),Action|Crime|Sci-Fi,M,25,12,91910
549,1407,4,976116335,Scream (1996),Horror|Thriller,M,25,6,53217
10,2072,4,978230923,"'burbs, The (1989)",Comedy,F,35,1,95370
161,2268,4,977222366,"Few Good Men, A (1992)",Crime|Drama,M,45,16,98107-2117
205,1232,5,976923595,Stalker (1979),Mystery|Sci-Fi,M,35,12,97333
406,2268,4,976295659,"Few Good Men, A (1992)",Crime|Drama,M,25,20,55105
699,2268,4,975561649,"Few Good Men, A (1992)",Crime|Drama,M,18,0,73505
702,3552,4,975564455,Caddyshack (1980),Comedy,M,35,7,90808
454,2105,4,1025235381,Tron (1982),Action|Adventure|Fantasy|Sci-Fi,M,25,20,55092
687,3257,3,975691359,"Bodyguard, The (1992)",Action|Drama|Romance|Thriller,F,25,7,14136
36,2761,4,978061722,"Iron Giant, The (1999)",Animation|Children's,M,25,3,94123
65,2571,5,977887969,"Matrix, The (1999)",Action|Sci-Fi|Thriller,M,35,12,55803
184,3635,4,1038969851,"Spy Who Loved Me, The (1977)",Action,F,25,0,19001
354,2761,3,976323642,"Iron Giant, The (1999)",Animation|Children's,M,35,1,55117
426,2761,4,976280688,"Iron Giant, The (1999)",Animation|Children's,M,18,4,55455
518,2950,2,980872195,"Blue Lagoon, The (1980)",Adventure|Drama|Romance,F,35,12,75240
415,2176,4,977500850,Rope (1948),Thriller,F,35,0,55406
687,415,3,975691359,Another Stakeout (1993),Comedy|Thriller,F,25,7,14136
272,1569,2,976696126,My Best Friend's Wedding (1997),Comedy|Romance,M,18,0,80302
325,3243,3,976402812,Encino Man (1992),Comedy,F,50,3,55112
482,1186,3,976218946,"Sex, Lies, and Videotape (1989)",Drama,M,25,14,55305
307,1222,4,976486741,Full Metal Jacket (1987),Action|Drama|War,M,50,16,90027
688,1222,3,975634420,Full Metal Jacket (1987),Action|Drama|War,M,56,13,13407
11,764,5,978219869,Heavy (1995),Drama|Romance,F,25,1,04093
192,886,3,977782138,Bulletproof (1996),Action,M,18,1,10977
58,904,4,977936684,Rear Window (1954),Mystery|Thriller,M,25,2,30303
108,3675,3,977527518,White Christmas (1954),Musical,M,25,12,30316
321,455,2,976415558,Free Willy (1993),Adventure|Children's|Drama,M,18,4,55128
424,1035,5,989441581,"Sound of Music, The (1965)",Musical,M,25,17,55112
136,1253,4,977421570,"Day the Earth Stood Still, The (1951)",Drama|Sci-Fi,M,18,2,21202
377,1136,5,976302927,Monty Python and the Holy Grail (1974),Comedy,M,25,17,55418
651,1136,5,975709627,Monty Python and the Holy Grail (1974),Comedy,M,35,7,20895
710,1253,4,975741140,"Day the Earth Stood Still, The (1951)",Drama|Sci-Fi,M,25,20,85207
431,3527,3,976251270,Predator (1987),Action|Sci-Fi|Thriller,M,18,10,55303
549,3824,1,1043334968,Autumn in New York (2000),Drama|Romance,M,25,6,53217
241,2278,4,976754257,Ronin (1998),Action|Crime|Thriller,M,35,20,55121
306,1894,3,979244233,Six Days Seven Nights (1998),Adventure|Comedy|Romance,M,18,0,53051
588,3404,2,975938426,Titanic (1953),Action|Drama,F,25,11,23220
205,1240,5,976922283,"Terminator, The (1984)",Action|Sci-Fi|Thriller,M,35,12,97333
216,3074,5,976869667,Jeremiah Johnson (1972),Western,M,45,13,52761
264,1240,4,976654341,"Terminator, The (1984)",Action|Sci-Fi|Thriller,M,35,0,20755
524,165,4,976171529,Die Hard: With a Vengeance (1995),Action|Thriller,M,18,0,91320
562,1240,5,976042862,"Terminator, The (1984)",Action|Sci-Fi|Thriller,M,35,20,48083
425,2734,5,976283793,"Mosquito Coast, The (1986)",Drama,M,25,12,55303
150,590,5,978162485,Dances with Wolves (1990),Adventure|Drama|Western,M,35,7,98144
173,1073,5,985285908,Willy Wonka and the Chocolate Factory (1971),Adventure|Children's|Comedy|Fantasy,M,25,0,45237
321,590,3,976415461,Dances with Wolves (1990),Adventure|Drama|Western,M,18,4,55128
322,590,5,978048752,Dances with Wolves (1990),Adventure|Drama|Western,M,56,17,55117
587,590,1,977115817,Dances with Wolves (1990),Adventure|Drama|Western,M,25,20,92649
601,1073,5,975880236,Willy Wonka and the Chocolate Factory (1971),Adventure|Children's|Comedy|Fantasy,F,18,20,06320
655,590,1,975699564,Dances with Wolves (1990),Adventure|Drama|Western,F,25,2,92629
716,590,4,982880654,Dances with Wolves (1990),Adventure|Drama|Western,M,18,4,98188
18,2336,5,978156489,Elizabeth (1998),Drama,F,18,3,95825
76,3717,4,989092194,Gone in 60 Seconds (2000),Action|Crime,M,35,7,55413
131,1310,4,977433242,Hype! (1996),Documentary,M,18,4,06520
543,383,5,976120713,Wyatt Earp (1994),Western,M,25,5,55057
721,2468,3,976465255,Jumpin' Jack Flash (1986),Action|Comedy|Romance|Thriller,F,35,9,97520
67,2067,5,977886703,Doctor Zhivago (1965),Drama|Romance|War,F,50,5,60181
314,2067,5,976473848,Doctor Zhivago (1965),Drama|Romance|War,F,56,9,46911
192,3471,4,977089551,Close Encounters of the Third Kind (1977),Drama|Sci-Fi,M,18,1,10977
267,531,4,976644537,"Secret Garden, The (1993)",Children's|Drama,M,45,12,55001
319,486,2,976427011,Life with Mikey (1993),Comedy,F,50,6,33436
604,3471,3,975871076,Close Encounters of the Third Kind (1977),Drama|Sci-Fi,M,45,17,32256
103,3697,4,977555478,Predator 2 (1990),Action|Sci-Fi|Thriller,M,45,7,92104
199,2657,3,976979469,"Rocky Horror Picture Show, The (1975)",Comedy|Horror|Musical|Sci-Fi,M,18,4,83706
424,1271,4,1038326419,Fried Green Tomatoes (1991),Drama,M,25,17,55112
424,318,4,1021039542,"Shawshank Redemption, The (1994)",Drama,M,25,17,55112
504,1248,4,976225893,Touch of Evil (1958),Crime|Film-Noir|Thriller,M,25,2,17003
591,3476,5,975908636,Jacob's Ladder (1990),Horror|Mystery|Thriller,M,25,0,76201
677,3068,3,975610767,"Verdict, The (1982)",Drama,M,50,2,94122
411,1641,4,997066286,"Full Monty, The (1997)",Comedy,F,45,1,43214
716,2826,5,975532674,"13th Warrior, The (1999)",Action|Horror|Thriller,M,18,4,98188
731,3671,5,975528827,Blazing Saddles (1974),Comedy|Western,M,45,3,55410
361,3952,4,976640745,"Contender, The (2000)",Drama|Thriller,F,25,14,94115
454,231,2,1025236704,Dumb & Dumber (1994),Comedy,M,25,20,55092
481,3066,4,976219524,Tora! Tora! Tora! (1970),War,M,45,7,55115
528,3298,4,980037360,Boiler Room (2000),Drama,F,18,17,83843
149,2770,4,989246500,Bowfinger (1999),Comedy,M,25,1,29205
482,2861,4,984552470,For Love of the Game (1999),Comedy|Drama,M,25,14,55305
605,586,3,975869656,Home Alone (1990),Children's|Comedy,F,18,4,44425
117,2087,3,977502053,Peter Pan (1953),Animation|Children's|Fantasy|Musical,M,25,17,33314
205,3114,5,976923455,Toy Story 2 (1999),Animation|Children's|Comedy,M,35,12,97333
533,2598,3,976220275,Pushing Tin (1999),Comedy,M,25,12,27514
614,2078,4,975807553,"Jungle Book, The (1967)",Animation|Children's|Comedy|Musical,M,35,1,90024
380,3300,2,976300855,Pitch Black (2000),Action|Sci-Fi,M,25,2,92024
53,1982,5,977980147,Halloween (1978),Horror,M,25,0,96931
225,3408,4,976830816,Erin Brockovich (2000),Drama,M,25,7,11215
301,3408,4,976521181,Erin Brockovich (2000),Drama,M,18,4,61820
506,3408,5,976207889,Erin Brockovich (2000),Drama,M,25,16,55103-1006
210,2490,5,977100092,Payback (1999),Action|Thriller,F,1,10,25801
148,594,4,979575755,Snow White and the Seven Dwarfs (1937),Animation|Children's|Musical,M,50,17,57747
151,2324,4,992133424,Life Is Beautiful (La Vita è bella) (1997),Comedy|Drama,F,25,20,85013
190,3499,4,977027863,Misery (1990),Horror,M,25,17,55125
195,880,4,977551797,"Island of Dr. Moreau, The (1996)",Sci-Fi|Thriller,M,25,12,10458
245,2080,4,976736114,Lady and the Tramp (1955),Animation|Children's|Comedy|Musical|Romance,M,35,16,66046
326,3545,3,976402096,Cabaret (1972),Musical|War,M,50,11,25302
329,2324,1,976475340,Life Is Beautiful (La Vita è bella) (1997),Comedy|Drama,M,35,7,02115
453,2947,5,976236398,Goldfinger (1964),Action,M,18,4,55102
485,2716,4,976216475,Ghostbusters (1984),Comedy|Horror,M,56,7,55042
219,1513,2,976838582,Romy and Michele's High School Reunion (1997),Comedy,F,25,4,55113
273,1377,4,976777342,Batman Returns (1992),Action|Adventure|Comedy|Crime,M,18,4,55427
482,3102,3,976242799,Jagged Edge (1985),Thriller,M,25,14,55305
505,1377,3,976208599,Batman Returns (1992),Action|Adventure|Comedy|Crime,M,35,17,37815
550,2273,4,976159040,Rush Hour (1998),Action|Thriller,M,45,8,21559
744,485,1,975468308,Last Action Hero (1993),Action|Comedy,M,25,17,77007
23,2202,3,978466115,Lifeboat (1944),Drama|Thriller|War,M,35,0,90049
190,3422,2,977027766,She's Gotta Have It (1986),Comedy|Romance,M,25,17,55125
199,1735,4,977006289,Great Expectations (1998),Drama|Romance,M,18,4,83706
235,800,5,980129182,Lone Star (1996),Drama|Mystery,M,25,0,98153
430,2171,1,976251543,"Next Stop, Wonderland (1998)",Comedy|Drama|Romance,F,18,10,55306
732,3710,4,975496158,Action Jackson (1988),Action|Comedy,M,25,7,07030
19,2081,3,978556083,"Little Mermaid, The (1989)",Animation|Children's|Comedy|Musical|Romance,M,1,10,48073
117,1037,3,977501708,"Lawnmower Man, The (1992)",Action|Sci-Fi|Thriller,M,25,17,33314
253,307,5,976688169,Three Colors: Blue (1993),Drama,F,25,11,97370
261,2081,4,976669644,"Little Mermaid, The (1989)",Animation|Children's|Comedy|Musical|Romance,M,25,20,75801
370,3273,3,976650987,Scream 3 (2000),Horror|Mystery|Thriller,M,18,17,22304
462,2081,3,976230923,"Little Mermaid, The (1989)",Animation|Children's|Comedy|Musical|Romance,M,18,16,55416
482,3273,3,976243166,Scream 3 (2000),Horror|Mystery|Thriller,M,25,14,55305
506,3273,3,976208186,Scream 3 (2000),Horror|Mystery|Thriller,M,25,16,55103-1006
549,1727,2,976069770,"Horse Whisperer, The (1998)",Drama,M,25,6,53217
754,3513,4,975454032,Rules of Engagement (2000),Drama|Thriller,M,35,7,38024
42,2872,3,978041282,Excalibur (1981),Action|Drama|Fantasy|Romance,M,25,8,24502
412,2111,4,976562334,"Man with Two Brains, The (1983)",Comedy,M,35,15,55117
438,1036,4,981599721,Die Hard (1988),Action|Thriller,M,18,11,53705
496,1205,5,976213951,"Transformers: The Movie, The (1986)",Action|Animation|Children's|Sci-Fi|Thriller|War,M,18,4,55455
186,2581,5,977060187,Never Been Kissed (1999),Comedy|Romance,M,18,5,91767
531,1779,4,994109404,Sphere (1998),Adventure|Sci-Fi|Thriller,F,18,14,22206
409,2574,2,976289556,"Out-of-Towners, The (1999)",Comedy,M,18,12,55122
476,930,4,976219053,Notorious (1946),Film-Noir|Romance|Thriller,M,35,0,55127
541,2687,5,976124717,Tarzan (1999),Animation|Children's,F,18,4,5849574
563,2687,4,976042620,Tarzan (1999),Animation|Children's,M,25,4,53703
571,161,4,975998930,Crimson Tide (1995),Drama|Thriller|War,M,50,5,95401
752,161,3,1029309659,Crimson Tide (1995),Drama|Thriller|War,F,25,3,97401
378,1060,5,976302136,Swingers (1996),Comedy|Drama,F,18,0,55105
424,1254,5,1018020848,"Treasure of the Sierra Madre, The (1948)",Adventure,M,25,17,55112
457,39,4,976389958,Clueless (1995),Comedy|Romance,M,18,4,54703
575,1060,4,975990628,Swingers (1996),Comedy|Drama,M,25,12,92130
329,1041,4,979946975,Secrets & Lies (1996),Drama,M,35,7,02115
493,380,4,976217203,True Lies (1994),Action|Adventure|Comedy|Romance,M,50,7,55016
62,2436,4,977903318,Tea with Mussolini (1999),Comedy,F,35,3,98105
454,162,5,976235083,Crumb (1994),Documentary,M,25,20,55092
261,648,4,976667311,Mission: Impossible (1996),Action|Adventure|Mystery,M,25,20,75801
590,1498,4,975913321,Inventing the Abbotts (1997),Drama|Romance,F,35,6,98032
173,2104,2,1009652993,Tex (1982),Drama,M,25,0,45237
175,1358,5,977111338,Sling Blade (1996),Drama|Thriller,F,25,2,95123
220,3852,5,976836862,"Tao of Steve, The (2000)",Comedy,M,25,12,22903
299,1358,5,998517912,Sling Blade (1996),Drama|Thriller,M,25,12,97370
368,1422,3,976671395,Murder at 1600 (1997),Mystery|Thriller,M,25,0,90293
524,3852,4,976166321,"Tao of Steve, The (2000)",Comedy,M,18,0,91320
624,1358,4,976574944,Sling Blade (1996),Drama|Thriller,M,25,1,75207
724,3852,4,975521622,"Tao of Steve, The (2000)",Comedy,M,50,13,90266
148,2147,4,979576779,"Clan of the Cave Bear, The (1986)",Drama,M,50,17,57747
500,2083,3,976643326,"Muppet Christmas Carol, The (1992)",Children's|Musical,F,18,2,55105
625,3916,3,975786387,Remember the Titans (2000),Drama,F,35,12,44106
53,565,3,977980504,Cronos (1992),Horror,M,25,0,96931
696,1374,4,975561007,Star Trek: The Wrath of Khan (1982),Action|Adventure|Sci-Fi,M,25,12,94114
482,434,3,976241448,Cliffhanger (1993),Action|Adventure|Crime,M,25,14,55305
667,2188,3,986073858,54 (1998),Drama,M,25,18,98438
78,2333,5,977811118,Gods and Monsters (1998),Drama,F,45,1,98029
261,1381,4,976674397,Grease 2 (1982),Comedy|Musical|Romance,M,25,20,75801
11,3608,4,978903365,Pee-wee's Big Adventure (1985),Comedy,F,25,1,04093
272,532,2,976696490,Serial Mom (1994),Comedy|Crime|Horror,M,18,0,80302
285,532,5,976579125,Serial Mom (1994),Comedy|Crime|Horror,F,35,0,94109
716,3052,4,975558479,Dogma (1999),Comedy,M,18,4,98188
58,1200,5,977935076,Aliens (1986),Action|Sci-Fi|Thriller|War,M,25,2,30303
28,1230,4,978125607,Annie Hall (1977),Comedy|Romance,F,25,1,14607
58,2194,4,977935106,"Untouchables, The (1987)",Action|Crime|Drama,M,25,2,30303
62,1230,3,977968530,Annie Hall (1977),Comedy|Romance,F,35,3,98105
137,2394,4,1000868946,"Prince of Egypt, The (1998)",Animation|Musical,F,45,6,78758
591,2194,3,975912232,"Untouchables, The (1987)",Action|Crime|Drama,M,25,0,76201
593,1230,3,975899253,Annie Hall (1977),Comedy|Romance,F,50,1,91711
208,1965,3,984512758,Repo Man (1984),Comedy|Sci-Fi,M,35,17,55432
566,3715,2,976040142,Burglar (1987),Comedy,M,25,17,92122
660,2020,3,975698284,Dangerous Liaisons (1988),Drama|Romance,M,45,16,70507
115,3101,4,977501620,Fatal Attraction (1987),Thriller,M,25,17,28083
249,3639,5,976728288,"Man with the Golden Gun, The (1974)",Action,F,18,14,48126
299,2728,4,998517912,Spartacus (1960),Drama,M,25,12,97370
338,779,3,988167489,'Til There Was You (1997),Drama|Romance,M,35,7,55116
660,3101,3,975698783,Fatal Attraction (1987),Thriller,M,45,16,70507
408,3386,2,1020427359,JFK (1991),Drama|Mystery,M,25,11,02143
9,1921,4,978226368,Pi (1998),Sci-Fi|Thriller,M,25,17,61614
36,589,5,978062293,Terminator 2: Judgment Day (1991),Action|Sci-Fi|Thriller,M,25,3,94123
87,589,5,977694631,Terminator 2: Judgment Day (1991),Action|Sci-Fi|Thriller,M,25,14,48360
175,1921,4,977115733,Pi (1998),Sci-Fi|Thriller,F,25,2,95123
284,2167,3,976573421,Blade (1998),Action|Adventure|Horror,M,25,12,91910
531,361,3,978972910,It Could Happen to You (1994),Drama|Romance,F,18,14,22206
667,2167,5,1008088925,Blade (1998),Action|Adventure|Horror,M,25,18,98438
669,1921,4,975633871,Pi (1998),Sci-Fi|Thriller,M,25,17,30307
195,1502,3,977548084,Kissed (1996),Romance,M,25,12,10458
530,2641,3,976142978,Superman II (1980),Action|Adventure|Sci-Fi,M,25,2,10019
166,50,5,977187447,"Usual Suspects, The (1995)",Crime|Thriller,M,18,4,92802
295,50,5,976527893,"Usual Suspects, The (1995)",Crime|Thriller,M,18,0,80203
416,1214,5,976286472,Alien (1979),Action|Horror|Sci-Fi|Thriller,M,45,14,55076
457,750,4,976231923,Dr. Strangelove or: How I Learned to Stop Worrying and Love the Bomb (1963),Sci-Fi|War,M,18,4,54703
649,1214,5,975706235,Alien (1979),Action|Horror|Sci-Fi|Thriller,M,25,4,80526
678,50,5,978702278,"Usual Suspects, The (1995)",Crime|Thriller,M,25,0,34952
584,527,5,975957250,Schindler's List (1993),Drama|War,F,25,0,94403
97,3724,4,977622106,Coming Home (1978),Drama|War,F,35,3,66210
550,45,4,976166364,To Die For (1995),Comedy|Drama,M,45,8,21559
646,3724,4,975781148,Coming Home (1978),Drama|War,M,35,7,08505
445,1320,3,976240079,Alien³ (1992),Action|Horror|Sci-Fi|Thriller,M,45,12,55117
97,946,5,977622520,To Be or Not to Be (1942),Comedy|Drama|War,F,35,3,66210
117,2719,4,977504598,"Haunting, The (1999)",Horror|Thriller,M,25,17,33314
203,261,4,976929186,Little Women (1994),Drama,F,18,4,53715
678,3393,3,988638633,Date with an Angel (1987),Comedy|Fantasy,M,25,0,34952
610,2311,3,975862409,2010 (1984),Mystery|Sci-Fi,M,25,4,77025
23,3044,3,978466204,Dead Again (1991),Mystery|Romance|Thriller,M,35,0,90049
229,1916,4,976822447,Buffalo 66 (1998),Action|Comedy|Drama,M,18,10,04576
278,1389,2,976587415,Jaws 3-D (1983),Action|Horror,M,45,18,60482
326,3551,3,980117157,Marathon Man (1976),Thriller,M,50,11,25302
390,1987,3,976304360,Prom Night (1980),Horror,M,25,4,55405
663,1389,3,975653429,Jaws 3-D (1983),Action|Horror,F,25,7,12345
669,356,4,975631606,Forrest Gump (1994),Comedy|Romance|War,M,25,17,30307
319,1923,3,976421718,There's Something About Mary (1998),Comedy,F,50,6,33436
74,3510,2,983916350,Frequency (2000),Drama|Thriller,M,35,14,94530
169,1421,2,980815075,Grateful Dead (1995),Documentary,M,25,7,55439
261,2321,4,976668917,Pleasantville (1998),Comedy,M,25,20,75801
361,2858,5,976315704,American Beauty (1999),Comedy|Drama,F,25,14,94115
550,2321,4,976067051,Pleasantville (1998),Comedy,M,45,8,21559
192,160,1,977028418,Congo (1995),Action|Adventure|Mystery|Sci-Fi,M,18,1,10977
587,1454,2,976207585,SubUrbia (1997),Comedy,M,25,20,92649
42,2529,5,978039352,Planet of the Apes (1968),Action|Sci-Fi,M,25,8,24502
146,3751,3,977347907,Chicken Run (2000),Animation|Children's|Comedy,F,35,20,10954
235,1907,3,977093372,Mulan (1998),Animation|Children's,M,25,0,98153
259,1912,3,976670797,Out of Sight (1998),Action|Crime|Romance,M,25,1,60615
649,3751,5,975706131,Chicken Run (2000),Animation|Children's|Comedy,M,25,4,80526
52,480,3,977947292,Jurassic Park (1993),Action|Adventure|Sci-Fi,M,18,4,72212
177,480,4,977099262,Jurassic Park (1993),Action|Adventure|Sci-Fi,M,50,1,54016
425,480,3,976283350,Jurassic Park (1993),Action|Adventure|Sci-Fi,M,25,12,55303
173,3241,3,1009652594,"Cup, The (Phörpa) (1999)",Comedy,M,25,0,45237
204,2133,3,978059082,Adventures in Babysitting (1987),Adventure|Comedy,M,25,7,92123
267,477,3,976646375,What's Love Got to Do with It? (1993),Drama,M,45,12,55001
337,1784,4,976349147,As Good As It Gets (1997),Comedy|Drama,M,18,19,80205
382,2133,4,976301492,Adventures in Babysitting (1987),Adventure|Comedy,F,35,20,66205
595,1784,4,975896496,As Good As It Gets (1997),Comedy|Drama,M,25,7,10019
608,482,3,975866393,Killing Zoe (1994),Thriller,M,18,4,18011
50,2948,4,977961130,From Russia with Love (1963),Action,F,25,2,98133
130,2948,5,977431317,From Russia with Love (1963),Action,M,35,17,50021
658,2453,3,975692646,"Boy Who Could Fly, The (1986)",Drama|Fantasy,F,25,0,10021
660,1439,2,975692308,Meet Wally Sparks (1997),Comedy,M,45,16,70507
667,2291,4,975639688,Edward Scissorhands (1990),Drama|Romance,M,25,18,98438
696,1221,5,975561808,"Godfather: Part II, The (1974)",Action|Crime|Drama,M,25,12,94114
9,3253,4,978226165,Wayne's World (1992),Comedy,M,25,17,61614
326,21,4,976423282,Get Shorty (1995),Action|Comedy|Drama,M,50,11,25302
604,21,3,975872228,Get Shorty (1995),Action|Comedy|Drama,M,45,17,32256
673,21,3,975619387,Get Shorty (1995),Action|Comedy|Drama,M,25,20,10023
118,1079,3,977502127,"Fish Called Wanda, A (1988)",Comedy,M,35,17,22315
424,1283,5,976293269,High Noon (1952),Western,M,25,17,55112
238,1936,4,976766273,Mrs. Miniver (1942),Drama|War,F,50,7,90291
392,1257,4,976304071,Better Off Dead... (1985),Comedy,M,18,7,20037
424,2100,5,976548545,Splash (1984),Comedy|Fantasy|Romance,M,25,17,55112
474,1042,3,976238266,That Thing You Do! (1996),Comedy,M,25,17,92126
737,1203,5,997656482,12 Angry Men (1957),Drama,M,1,19,53711
119,3081,5,977468930,Sleepy Hollow (1999),Horror|Romance,F,1,10,77515
560,60,4,976047952,"Indian in the Cupboard, The (1995)",Adventure|Children's|Fantasy,M,45,15,81335
629,2098,4,975784920,Son of Flubber (1963),Children's|Comedy,F,1,10,48154
660,3684,2,975698719,"Fabulous Baker Boys, The (1989)",Drama|Romance,M,45,16,70507
678,3525,3,988638158,Bachelor Party (1984),Comedy,M,25,0,34952
18,1282,5,978154834,Fantasia (1940),Animation|Children's|Musical,F,18,3,95825
49,3082,3,977974950,"World Is Not Enough, The (1999)",Action|Thriller,M,18,12,77084
148,457,5,977333311,"Fugitive, The (1993)",Action|Thriller,M,50,17,57747
566,3396,4,976039302,"Muppet Movie, The (1979)",Children's|Comedy,M,25,17,92122
615,457,4,975806416,"Fugitive, The (1993)",Action|Thriller,M,50,17,32951
376,608,4,980620296,Fargo (1996),Crime|Drama|Thriller,M,35,1,80026
396,141,4,976303349,"Birdcage, The (1996)",Comedy,M,25,1,56187
529,608,5,977449117,Fargo (1996),Crime|Drama|Thriller,M,35,12,92009
25,1909,3,978132441,"X-Files: Fight the Future, The (1998)",Mystery|Sci-Fi|Thriller,M,18,4,01609
205,943,5,976923897,"Ghost and Mrs. Muir, The (1947)",Drama|Romance,M,35,12,97333
646,2670,4,975715332,"Run Silent, Run Deep (1958)",War,M,35,7,08505
516,3614,2,976280315,Honeymoon in Vegas (1992),Comedy|Romance,F,56,14,55033
111,254,2,977512017,Jefferson in Paris (1995),Drama,M,35,15,55416
202,487,1,976936577,Lightning Jack (1994),Comedy|Western,M,18,4,53706
223,2795,4,976903819,Vacation (1983),Comedy,M,25,17,28262
412,378,5,976644521,Speechless (1994),Comedy|Romance,M,35,15,55117
524,487,1,976173664,Lightning Jack (1994),Comedy|Western,M,18,0,91320
419,1408,5,1044900711,"Last of the Mohicans, The (1992)",Action|Romance|War,M,18,3,55422
673,1120,5,975619897,"People vs. Larry Flynt, The (1996)",Drama,M,25,20,10023
148,1953,4,977333469,"French Connection, The (1971)",Action|Crime|Drama|Thriller,M,50,17,57747
259,1196,3,976670616,Star Wars: Episode V - The Empire Strikes Back (1980),Action|Adventure|Drama|Sci-Fi|War,M,25,1,60615
472,1196,4,976221976,Star Wars: Episode V - The Empire Strikes Back (1980),Action|Adventure|Drama|Sci-Fi|War,M,35,0,55418
550,170,4,976159163,Hackers (1995),Action|Crime|Thriller,M,45,8,21559
646,1953,4,975780163,"French Connection, The (1971)",Action|Crime|Drama|Thriller,M,35,7,08505
702,1196,4,975560956,Star Wars: Episode V - The Empire Strikes Back (1980),Action|Adventure|Drama|Sci-Fi|War,M,35,7,90808
712,1544,3,975602387,"Lost World: Jurassic Park, The (1997)",Action|Adventure|Sci-Fi|Thriller,M,25,0,95136
227,2908,3,976829956,Boys Don't Cry (1999),Drama,M,35,20,90291
281,2908,5,976571590,Boys Don't Cry (1999),Drama,F,35,0,94117
402,3424,4,976295493,Do the Right Thing (1989),Comedy|Drama,M,25,11,55427
33,3203,3,978110296,Dead Calm (1989),Thriller,M,45,3,55421
169,2693,3,977201452,Trekkies (1997),Documentary,M,25,7,55439
426,913,5,976280711,"Maltese Falcon, The (1941)",Film-Noir|Mystery,M,18,4,55455
350,2916,5,976326798,Total Recall (1990),Action|Adventure|Sci-Fi|Thriller,M,45,20,08035
435,2126,3,976248900,Snake Eyes (1998),Action|Crime|Mystery|Thriller,M,25,7,55125
474,2126,2,976240071,Snake Eyes (1998),Action|Crime|Mystery|Thriller,M,25,17,92126
493,58,4,976215144,"Postino, Il (The Postman) (1994)",Drama|Romance,M,50,7,55016
744,1370,4,975469640,Die Hard 2 (1990),Action|Thriller,M,25,17,77007
18,3418,1,978153104,Thelma & Louise (1991),Action|Drama,F,18,3,95825
27,541,5,978129176,Blade Runner (1982),Film-Noir|Sci-Fi,M,25,11,19130
129,1129,3,977436187,Escape from New York (1981),Action|Adventure|Sci-Fi|Thriller,M,25,11,20164
245,3418,3,976733988,Thelma & Louise (1991),Action|Drama,M,35,16,66046
255,1129,3,976680128,Escape from New York (1981),Action|Adventure|Sci-Fi|Thriller,M,35,0,85310
522,541,4,976197078,Blade Runner (1982),Film-Noir|Sci-Fi,M,25,12,55124
654,150,4,975700751,Apollo 13 (1995),Drama,M,50,7,75023
663,110,5,975646501,Braveheart (1995),Action|Drama|War,F,25,7,12345
710,1129,4,975571888,Escape from New York (1981),Action|Adventure|Sci-Fi|Thriller,M,25,20,85207
231,3873,5,1030138794,Cat Ballou (1965),Comedy|Western,M,25,3,55455
238,1730,4,976766336,Kundun (1997),Drama,F,50,7,90291
352,1730,4,976330615,Kundun (1997),Drama,M,18,4,60115
414,2028,3,976286706,Saving Private Ryan (1998),Action|Drama|War,M,25,0,55317
531,2379,3,978729845,Police Academy 2: Their First Assignment (1985),Comedy,F,18,14,22206
235,1224,4,976771721,Henry V (1989),Drama|War,M,25,0,98153
314,910,4,1010089877,Some Like It Hot (1959),Comedy|Crime,F,56,9,46911
405,1080,4,976388746,Monty Python's Life of Brian (1979),Comedy,M,56,1,13077
34,2478,4,978104212,Three Amigos! (1986),Comedy|Western,F,18,0,02135
136,14,4,977422645,Nixon (1995),Drama,M,18,2,21202
528,2478,2,980042030,Three Amigos! (1986),Comedy|Western,F,18,17,83843
558,805,2,976051337,"Time to Kill, A (1996)",Drama,M,35,20,55108
673,805,1,975619985,"Time to Kill, A (1996)",Drama,M,25,20,10023
33,454,4,978110004,"Firm, The (1993)",Drama|Thriller,M,45,3,55421
199,379,3,976979764,Timecop (1994),Action|Sci-Fi,M,18,4,83706
631,454,4,975782666,"Firm, The (1993)",Drama|Thriller,M,35,17,28601
666,971,4,975642336,Cat on a Hot Tin Roof (1958),Drama,F,18,0,08540
737,1264,1,1011560054,Diva (1981),Action|Drama|Mystery|Romance|Thriller,M,1,19,53711
648,3535,3,975711904,American Psycho (2000),Comedy|Horror|Thriller,F,25,12,94131
692,2416,2,975832620,Back to School (1986),Comedy,F,25,0,85207
295,3948,4,976527730,Meet the Parents (2000),Comedy,M,18,0,80203
337,3355,4,976351688,"Ninth Gate, The (2000)",Thriller,M,18,19,80205
624,2890,4,1009382748,Three Kings (1999),Drama|War,M,25,1,75207
639,902,4,975802014,Breakfast at Tiffany's (1961),Drama|Romance,M,45,17,85202
716,2890,5,976507162,Three Kings (1999),Drama|War,M,18,4,98188
117,3113,3,977501755,End of Days (1999),Action|Thriller,M,25,17,33314
136,3448,3,977531235,"Good Morning, Vietnam (1987)",Comedy|Drama|War,M,18,2,21202
139,2005,5,977360439,"Goonies, The (1985)",Adventure|Children's|Fantasy,F,25,20,45409
163,2334,2,977219230,"Siege, The (1998)",Action|Thriller,M,18,4,85013
352,1566,2,976332659,Hercules (1997),Adventure|Animation|Children's|Comedy|Musical,M,18,4,60115
396,2124,2,976303274,"Addams Family, The (1991)",Comedy,M,25,1,56187
587,3160,1,977113727,Magnolia (1999),Drama,M,25,20,92649
48,2944,3,978058818,"Dirty Dozen, The (1967)",Action|War,M,25,4,92107
641,2,4,975725638,Jumanji (1995),Adventure|Children's|Fantasy,F,35,0,55116
673,778,5,975619486,Trainspotting (1996),Drama,M,25,20,10023
637,3107,5,975734182,Backdraft (1991),Action|Drama,M,35,12,97132
531,1092,4,978729988,Basic Instinct (1992),Mystery|Thriller,F,18,14,22206
258,357,3,976671808,Four Weddings and a Funeral (1994),Comedy|Romance,M,25,7,55436
424,2406,4,989441901,Romancing the Stone (1984),Action|Adventure|Comedy|Romance,M,25,17,55112
642,2406,5,975720788,Romancing the Stone (1984),Action|Adventure|Comedy|Romance,F,35,1,78155
387,1702,4,977280310,Flubber (1997),Children's|Comedy|Fantasy,F,35,7,55111
718,3578,3,975574724,Gladiator (2000),Action|Drama,M,18,2,90211
245,1090,3,976733519,Platoon (1986),Drama|War,M,35,16,66046
23,915,3,993706477,Sabrina (1954),Comedy|Romance,M,35,0,90049
163,405,1,977220265,Highlander III: The Sorcerer (1994),Action|Sci-Fi,M,18,4,85013
355,405,3,977032615,Highlander III: The Sorcerer (1994),Action|Sci-Fi,M,18,3,55107
506,3176,4,976208215,"Talented Mr. Ripley, The (1999)",Drama|Mystery|Thriller,M,25,16,55103-1006
192,1376,3,977089377,Star Trek IV: The Voyage Home (1986),Action|Adventure|Sci-Fi,M,18,1,10977
308,1101,3,976485011,Top Gun (1986),Action|Romance,M,25,2,10025
319,605,2,976420498,One Fine Day (1996),Drama|Romance,F,50,6,33436
299,2997,4,977034553,Being John Malkovich (1999),Comedy,M,25,12,97370
478,2997,4,976940810,Being John Malkovich (1999),Comedy,M,50,16,55113
42,2423,4,978041899,Christmas Vacation (1989),Comedy,M,25,8,24502
204,628,3,978039169,Primal Fear (1996),Drama|Thriller,M,25,7,92123
261,3524,5,976670561,Arthur (1981),Comedy|Romance,M,25,20,75801
457,1584,4,976232147,Contact (1997),Drama|Sci-Fi,M,18,4,54703
546,1178,3,976069886,Paths of Glory (1957),Drama|War,F,25,0,37211
524,172,2,976172962,Johnny Mnemonic (1995),Action|Sci-Fi|Thriller,M,18,0,91320
113,1676,3,977506623,Starship Troopers (1997),Action|Adventure|Sci-Fi|War,M,18,12,37032
602,3701,4,975877740,Alien Nation (1988),Crime|Drama|Sci-Fi,F,56,6,14612
720,1676,2,975527941,Starship Troopers (1997),Action|Adventure|Sci-Fi|War,M,18,0,55129
735,2500,2,975646804,Jawbreaker (1999),Comedy,M,25,14,04240
173,3949,4,977942266,Requiem for a Dream (2000),Drama,M,25,0,45237
402,144,4,976296634,"Brothers McMullen, The (1995)",Comedy,M,25,11,55427
501,144,4,976211684,"Brothers McMullen, The (1995)",Comedy,M,25,2,55372
550,1962,4,976169403,Driving Miss Daisy (1989),Drama,M,45,8,21559
556,2528,2,976062516,Logan's Run (1976),Action|Adventure|Sci-Fi,F,25,9,37221
621,785,4,975797145,Kingpin (1996),Comedy,M,18,4,93560
746,2002,3,975468519,Lethal Weapon 3 (1992),Action|Comedy|Crime|Drama,F,18,19,95019
671,1292,5,975628385,Being There (1979),Comedy,M,18,4,61761
744,1762,2,975469003,Deep Rising (1998),Action|Horror|Sci-Fi,M,25,17,77007
255,2700,4,976682767,"South Park: Bigger, Longer and Uncut (1999)",Animation|Comedy,M,35,0,85310
326,2140,3,976401908,"Dark Crystal, The (1982)",Children's|Fantasy|Sci-Fi,M,50,11,25302
610,2140,4,975862358,"Dark Crystal, The (1982)",Children's|Fantasy|Sci-Fi,M,25,4,77025
676,104,4,975649883,Happy Gilmore (1996),Comedy,M,18,16,55129
690,2700,5,975583680,"South Park: Bigger, Longer and Uncut (1999)",Animation|Comedy,M,25,12,90717
482,788,3,976242254,"Nutty Professor, The (1996)",Comedy|Fantasy|Romance|Sci-Fi,M,25,14,55305
10,1387,3,978225952,Jaws (1975),Action|Horror,F,35,1,95370
116,2021,5,978539475,Dune (1984),Fantasy|Sci-Fi,M,25,17,55744
537,1387,2,976137559,Jaws (1975),Action|Horror,M,45,14,07704
680,2599,4,975604133,Election (1999),Comedy,M,25,12,37013
714,2713,4,975537257,Lake Placid (1999),Horror|Thriller,M,18,4,76013
156,3712,4,977250019,Soapdish (1991),Comedy,F,45,7,14519
103,89,4,977555148,Nick of Time (1995),Action|Thriller,M,45,7,92104
477,3836,4,976219248,Kelly's Heroes (1970),Action|Comedy|War,M,35,14,55410
698,3668,3,1015124010,Romeo and Juliet (1968),Drama|Romance,M,18,4,76401
714,89,5,975691127,Nick of Time (1995),Action|Thriller,M,18,4,76013
788,3175,4,975429375,Galaxy Quest (1999),Adventure|Comedy|Sci-Fi,M,25,0,37601
796,3175,4,976289202,Galaxy Quest (1999),Adventure|Comedy|Sci-Fi,M,50,6,98237
855,2866,3,976339906,"Buddy Holly Story, The (1978)",Drama,F,18,2,72701
904,2866,5,977939573,"Buddy Holly Story, The (1978)",Drama,M,35,20,92308
1199,1645,3,974920244,"Devil's Advocate, The (1997)",Crime|Horror|Mystery|Thriller,M,50,13,77459
1274,2866,3,974809694,"Buddy Holly Story, The (1978)",Drama,M,45,7,37343
1361,3175,4,974771555,Galaxy Quest (1999),Adventure|Comedy|Sci-Fi,F,25,0,97401
1448,1591,2,976133926,Spawn (1997),Action|Adventure|Sci-Fi|Thriller,F,25,3,17522
1507,1580,4,974748045,Men in Black (1997),Action|Adventure|Comedy|Sci-Fi,M,35,17,95476
762,858,3,975450502,"Godfather, The (1972)",Action|Crime|Drama,M,1,10,63041
829,3475,4,987132877,"Place in the Sun, A (1951)",Drama|Romance,M,1,19,53711
881,1483,3,975265944,Crash (1996),Drama|Thriller,M,18,14,76401
973,1127,3,975862326,"Abyss, The (1989)",Action|Adventure|Sci-Fi|Thriller,F,25,1,80026
1246,1721,2,977567859,Titanic (1997),Drama|Romance,M,18,4,98225
776,1270,4,975605064,Back to the Future (1985),Comedy|Sci-Fi,F,25,3,92627
817,1270,5,975387430,Back to the Future (1985),Comedy|Sci-Fi,M,18,4,41076
881,516,2,975263605,Renaissance Man (1994),Comedy|Drama|War,M,18,14,76401
939,1270,5,975191718,Back to the Future (1985),Comedy|Sci-Fi,F,25,20,20110-5616
1001,2711,4,976297142,My Life So Far (1999),Drama,M,25,4,90210
1149,1270,4,974869459,Back to the Future (1985),Comedy|Sci-Fi,M,25,12,98103
1180,1270,5,974855365,Back to the Future (1985),Comedy|Sci-Fi,F,50,20,95503
1203,1650,4,975174809,Washington Square (1997),Drama,F,25,1,06417
1283,1270,3,974793756,Back to the Future (1985),Comedy|Sci-Fi,F,18,1,94607
1333,3704,3,974776973,Mad Max Beyond Thunderdome (1985),Action|Sci-Fi,M,25,17,06460
802,1265,5,975397231,Groundhog Day (1993),Comedy|Romance,M,25,16,22801
828,1265,2,975371651,Groundhog Day (1993),Comedy|Romance,M,18,4,70817
919,1265,3,975202593,Groundhog Day (1993),Comedy|Romance,F,35,1,92056
984,3098,5,975119063,"Natural, The (1984)",Drama,M,50,16,92129
1266,2259,2,991317816,Blame It on Rio (1984),Comedy|Romance,M,25,4,18104
1274,3089,5,990181998,"Bicycle Thief, The (Ladri di biciclette) (1948)",Drama,M,45,7,37343
1347,1265,5,974772515,Groundhog Day (1993),Comedy|Romance,F,18,1,11375
1370,2748,1,974795946,Allan Quartermain and the Lost City of Gold (1987),Action|Adventure,M,35,2,92821
1440,3098,3,974758908,"Natural, The (1984)",Drama,M,35,12,94520
1101,2622,1,982008974,"Midsummer Night's Dream, A (1999)",Comedy|Fantasy,M,35,1,06417
1119,2924,4,974913504,Drunken Master (Zui quan) (1979),Action|Comedy,M,35,1,90504
1124,3834,3,974913374,Bronco Billy (1980),Adventure|Drama|Romance,M,25,2,60156
1298,2392,2,974836681,Jack Frost (1998),Comedy|Drama,M,35,6,33615
1381,1223,5,974767301,"Grand Day Out, A (1992)",Animation|Comedy,M,18,11,89170
877,799,3,975273452,"Frighteners, The (1996)",Comedy|Horror,M,25,0,90631
959,588,3,986080977,Aladdin (1992),Animation|Children's|Comedy|Musical,M,50,11,44622
987,898,5,975098301,"Philadelphia Story, The (1940)",Comedy|Romance,F,35,17,48098
1050,481,3,974966127,Kalifornia (1993),Drama|Thriller,M,25,1,97302
1146,799,3,974932485,"Frighteners, The (1996)",Comedy|Horror,F,18,16,80260
1502,588,4,974750344,Aladdin (1992),Animation|Children's|Comedy|Musical,M,18,4,12188
956,296,4,975131247,Pulp Fiction (1994),Crime|Drama,M,35,1,55104
1350,296,3,974772723,Pulp Fiction (1994),Crime|Drama,F,35,0,90278
1482,2396,4,975204443,Shakespeare in Love (1998),Comedy|Romance,M,25,7,94132
1427,673,3,974843128,Space Jam (1996),Adventure|Animation|Children's|Comedy|Fantasy,M,25,12,21401
786,2797,4,975429107,Big (1988),Comedy|Fantasy,M,25,0,55987
907,593,4,975207703,"Silence of the Lambs, The (1991)",Drama|Thriller,F,45,6,92117
1010,2797,3,975229236,Big (1988),Comedy|Fantasy,M,25,0,10310
1135,1653,4,974880355,Gattaca (1997),Drama|Sci-Fi|Thriller,M,50,13,98201
1051,3436,3,987221903,Dying Young (1991),Drama|Romance,F,25,0,60513
931,1198,4,975189816,Raiders of the Lost Ark (1981),Action|Adventure,F,56,1,06032
934,368,4,975184567,Maverick (1994),Action|Comedy|Western,F,35,7,97401
956,34,5,975130511,Babe (1995),Children's|Comedy|Drama,M,35,1,55104
1100,368,1,974926504,Maverick (1994),Action|Comedy|Western,M,25,0,60090
1181,1344,4,974945337,Cape Fear (1962),Film-Noir|Thriller,M,35,7,20716
1481,1537,5,974758479,Shall We Dance? (Shall We Dansu?) (1996),Comedy,M,35,17,77096
881,1183,3,975265612,"English Patient, The (1996)",Drama|Romance|War,M,18,14,76401
930,1500,4,975190488,Grosse Pointe Blank (1997),Comedy|Crime,M,25,5,98380
966,1183,5,975115490,"English Patient, The (1996)",Drama|Romance|War,M,56,2,92262
1389,1183,2,1038284495,"English Patient, The (1996)",Drama|Romance|War,M,25,17,19801
1114,1226,4,974916293,"Quiet Man, The (1952)",Comedy|Romance,F,18,9,75801
1019,436,3,975009562,Color of Night (1994),Drama|Thriller,M,35,1,60640
1053,1201,5,974954045,"Good, The Bad and The Ugly, The (1966)",Action|Western,M,35,0,18360
1119,1175,4,974912428,Delicatessen (1991),Comedy|Sci-Fi,M,35,1,90504
1128,3685,3,974907971,Prizzi's Honor (1985),Comedy|Drama|Romance,M,25,1,72701
1019,497,2,975008190,Much Ado About Nothing (1993),Comedy|Romance,M,35,1,60640
1057,2018,3,974952896,Bambi (1942),Animation|Children's,M,45,17,73069
1124,1051,4,974910365,Trees Lounge (1996),Drama,M,25,2,60156
1230,2355,4,974836171,"Bug's Life, A (1998)",Animation|Children's|Comedy,M,25,11,95125
1355,1296,2,974771271,"Room with a View, A (1986)",Drama|Romance,F,45,20,04240
1164,2682,4,979773111,Limbo (1999),Drama,F,25,19,90020
1357,1752,2,974770086,Hard Rain (1998),Action|Thriller,M,45,0,34116
910,1276,4,981314313,Cool Hand Luke (1967),Comedy|Drama,F,50,0,98226
929,1276,3,975192904,Cool Hand Luke (1967),Comedy|Drama,M,25,15,53706
966,3624,3,975114973,Shanghai Noon (2000),Action,M,56,2,92262
1139,587,4,974880203,Ghost (1990),Comedy|Romance|Thriller,M,25,1,93420-2852
1389,1307,4,994383973,When Harry Met Sally... (1989),Comedy|Romance,M,25,17,19801
1423,1307,5,974759451,When Harry Met Sally... (1989),Comedy|Romance,M,25,4,08540
869,76,2,975276315,Screamers (1995),Sci-Fi|Thriller,M,18,20,92026
873,3359,5,975279954,Breaking Away (1979),Drama,M,56,6,19027
910,914,5,981314401,My Fair Lady (1964),Musical|Romance,F,50,0,98226
963,76,2,975121146,Screamers (1995),Sci-Fi|Thriller,M,25,0,48197
1105,3435,5,974921147,Double Indemnity (1944),Crime|Film-Noir,M,35,6,48105
1296,3252,4,974787616,Scent of a Woman (1992),Drama,M,1,0,75244
1377,688,2,974770143,Operation Dumbo Drop (1995),Action|Adventure|Comedy|War,M,35,16,65270
1001,2610,4,976296728,Three Seasons (1999),Drama,M,25,4,90210
1029,1235,4,980036888,Harold and Maude (1971),Comedy,M,25,0,20015
1120,26,3,975437016,Othello (1995),Drama,M,18,4,95616
794,3072,4,975416764,Moonstruck (1987),Comedy,M,50,20,10543
817,2134,5,975387587,Weird Science (1985),Comedy,M,18,4,41076
889,3481,3,975248230,High Fidelity (2000),Comedy,M,45,20,10024
899,916,5,975216004,Roman Holiday (1953),Comedy|Romance,F,25,1,30605
1034,908,5,974995660,North by Northwest (1959),Drama|Thriller,F,35,1,82601
1169,1135,2,974861015,Private Benjamin (1980),Comedy,M,25,20,94402
1199,3481,2,974846614,High Fidelity (2000),Comedy,M,50,13,77459
1203,3783,4,974844410,Croupier (1998),Crime|Drama,F,25,1,06417
1273,3481,4,974815410,High Fidelity (2000),Comedy,M,35,2,19123
1325,916,4,974778112,Roman Holiday (1953),Comedy|Romance,M,25,1,75230
1345,2169,4,974773291,Dead Man on Campus (1998),Comedy,F,25,2,75070
1377,2322,3,974770177,Soldier (1998),Action|Adventure|Sci-Fi|Thriller|War,M,35,16,65270
802,1866,4,975397977,"Big Hit, The (1998)",Action|Comedy,M,25,16,22801
1086,2804,5,974934624,"Christmas Story, A (1983)",Comedy|Drama,M,18,4,98225
1279,1689,2,974853872,"Man Who Knew Too Little, The (1997)",Comedy|Mystery,M,35,1,98502
1470,1363,3,974839478,"Preacher's Wife, The (1996)",Drama,M,18,4,94118
1496,1210,2,974751549,Star Wars: Episode VI - Return of the Jedi (1983),Action|Adventure|Romance|Sci-Fi|War,M,25,17,94108
877,3258,4,975271463,Death Becomes Her (1992),Comedy,M,25,0,90631
1264,236,3,974822618,French Kiss (1995),Comedy|Romance,M,25,1,53711
811,3196,5,975393731,Stalag 17 (1953),Drama|War,M,50,0,94043
1496,2723,3,974751856,Mystery Men (1999),Action|Adventure|Comedy,M,25,17,94108
876,2006,3,975270538,"Mask of Zorro, The (1998)",Action|Adventure|Romance,M,25,4,43202
885,223,3,975256516,Clerks (1994),Comedy,M,35,0,48105
948,2090,4,975149428,"Rescuers, The (1977)",Animation|Children's,M,56,12,43056
1120,223,5,974912551,Clerks (1994),Comedy,M,18,4,95616
1138,223,3,974879572,Clerks (1994),Comedy,M,18,12,12047
1311,2701,2,974787192,Wild Wild West (1999),Action|Sci-Fi|Western,M,18,10,90274
1266,3912,1,986439804,Beautiful (2000),Comedy|Drama,M,25,4,18104
1425,3865,2,1038546392,"Original Kings of Comedy, The (2000)",Comedy|Documentary,M,1,10,08872
1462,3865,2,974754934,"Original Kings of Comedy, The (2000)",Comedy|Documentary,M,35,16,95405
802,1777,4,975397665,"Wedding Singer, The (1998)",Comedy|Romance,M,25,16,22801
1280,2502,4,974796511,Office Space (1999),Comedy|Romance,M,1,10,97801
889,1215,3,975248963,Army of Darkness (1993),Action|Adventure|Comedy|Horror|Sci-Fi,M,45,20,10024
897,3450,2,975222624,Grumpy Old Men (1993),Comedy,M,25,6,92130
937,3450,4,975174166,Grumpy Old Men (1993),Comedy,M,25,15,60513
1357,2668,2,974771702,Swamp Thing (1982),Horror|Sci-Fi,M,45,0,34116
1448,1215,2,976121574,Army of Darkness (1993),Action|Adventure|Comedy|Horror|Sci-Fi,F,25,3,17522
1451,707,4,974766914,Mulholland Falls (1996),Crime|Film-Noir|Thriller,M,35,20,90012
881,3654,4,1013536701,"Guns of Navarone, The (1961)",Action|Drama|War,M,18,14,76401
1125,3180,3,1031728299,Play it to the Bone (1999),Comedy|Drama,F,18,4,53715
1209,2288,3,974845138,"Thing, The (1982)",Action|Horror|Sci-Fi|Thriller,M,35,7,94127
1255,1249,4,974822519,Nikita (La Femme Nikita) (1990),Thriller,M,25,17,94110
1307,1249,4,974784328,Nikita (La Femme Nikita) (1990),Thriller,M,56,13,75703
1448,2407,4,977257954,Cocoon (1985),Comedy|Sci-Fi,F,25,3,17522
812,157,2,975393779,Canadian Bacon (1994),Comedy|War,M,25,6,37930
1356,2724,1,974772296,Runaway Bride (1999),Comedy|Romance,F,18,4,91706
796,246,2,977724593,Hoop Dreams (1994),Documentary,M,50,6,98237
1194,367,2,1036309268,"Mask, The (1994)",Comedy|Crime|Fantasy,F,25,1,95617
1415,539,3,993497582,Sleepless in Seattle (1993),Comedy|Romance,M,45,14,22901
1504,861,3,974748718,Supercop (1992),Action|Thriller,M,18,19,22030
854,2628,3,975348268,Star Wars: Episode I - The Phantom Menace (1999),Action|Adventure|Fantasy|Sci-Fi,F,25,16,44092
1019,1729,4,976057065,Jackie Brown (1997),Crime|Drama,M,35,1,60640
1141,1197,5,1005052340,"Princess Bride, The (1987)",Action|Adventure|Comedy|Romance,F,25,3,84770
1142,47,5,974876622,Seven (Se7en) (1995),Crime|Thriller,M,18,1,43623
1150,1939,2,975196037,"Best Years of Our Lives, The (1946)",Drama|War,F,25,20,75226
796,1244,4,976288064,Manhattan (1979),Comedy|Drama|Romance,M,50,6,98237
882,1206,5,975261505,"Clockwork Orange, A (1971)",Sci-Fi,M,18,2,01720
1051,1206,5,987226576,"Clockwork Orange, A (1971)",Sci-Fi,F,25,0,60513
1186,671,5,974851034,Mystery Science Theater 3000: The Movie (1996),Comedy|Sci-Fi,M,18,19,98502
1266,3857,1,986439804,Bless the Child (2000),Thriller,M,25,4,18104
1473,3104,4,974753153,Midnight Run (1988),Action|Adventure|Comedy|Crime,M,25,14,06511
774,1694,3,975534137,"Apostle, The (1997)",Drama,M,18,4,22903
871,2882,4,975274147,Jakob the Liar (1999),Drama,M,1,10,76013
911,1694,3,975258301,"Apostle, The (1997)",Drama,M,50,0,98226
971,185,2,975111480,"Net, The (1995)",Sci-Fi|Thriller,M,25,12,43615
1447,1694,4,981018864,"Apostle, The (1997)",Drama,M,18,4,80521
1483,2616,1,979914369,Dick Tracy (1990),Action|Crime,M,18,4,54481
806,955,5,975394341,Bringing Up Baby (1938),Comedy,M,35,0,34990
1335,955,5,974776128,Bringing Up Baby (1938),Comedy,M,35,0,14228
872,3753,3,975683777,"Patriot, The (2000)",Action|Drama|War,M,50,1,20815
891,1590,3,975234658,Event Horizon (1997),Action|Mystery|Sci-Fi|Thriller,M,25,1,80202
1484,3020,4,997907685,Falling Down (1993),Action|Drama,M,25,12,07054
781,704,1,975433955,"Quest, The (1996)",Action|Adventure,M,18,4,95076
1050,1488,3,974962570,"Devil's Own, The (1997)",Action|Drama|Thriller|War,M,25,1,97302
1096,3752,2,974936217,"Me, Myself and Irene (2000)",Comedy,M,1,10,80439
1112,1488,3,974945175,"Devil's Own, The (1997)",Action|Drama|Thriller|War,M,18,6,19104
1172,1304,5,974860999,Butch Cassidy and the Sundance Kid (1969),Action|Comedy|Western,F,25,0,61801
1335,1247,4,974819220,"Graduate, The (1967)",Drama|Romance,M,35,0,14228
1501,1304,4,974748544,Butch Cassidy and the Sundance Kid (1969),Action|Comedy|Western,M,25,11,75801
877,2054,3,975269807,"Honey, I Shrunk the Kids (1989)",Adventure|Children's|Comedy|Fantasy|Sci-Fi,M,25,0,90631
1058,512,3,974951776,Robert A. Heinlein's The Puppet Masters (1994),Horror|Sci-Fi,M,25,1,97321
1356,2054,1,974785558,"Honey, I Shrunk the Kids (1989)",Adventure|Children's|Comedy|Fantasy|Sci-Fi,F,18,4,91706
1383,2054,3,975976821,"Honey, I Shrunk the Kids (1989)",Adventure|Children's|Comedy|Fantasy|Sci-Fi,F,25,7,19806
1448,2054,4,977260870,"Honey, I Shrunk the Kids (1989)",Adventure|Children's|Comedy|Fantasy|Sci-Fi,F,25,3,17522
938,1,5,975173033,Toy Story (1995),Animation|Children's|Comedy,F,25,1,01060
1183,1,5,974853261,Toy Story (1995),Animation|Children's|Comedy,M,35,19,94598
922,2763,4,975212729,"Thomas Crown Affair, The (1999)",Action|Thriller,M,56,16,48009
984,2183,4,975118310,"Man Who Knew Too Much, The (1956)",Thriller,M,50,16,92129
1090,2763,4,974932221,"Thomas Crown Affair, The (1999)",Action|Thriller,M,25,7,94105
1363,3861,4,974769412,"Replacements, The (2000)",Comedy,M,50,7,01915
1001,3453,1,975041441,Here on Earth (2000),Drama|Romance,M,25,4,90210
1242,2967,4,975348844,"Bad Seed, The (1956)",Drama|Thriller,F,35,0,10014
852,3210,5,975348254,Fast Times at Ridgemont High (1982),Comedy,M,25,5,92105
1497,2989,4,974750523,For Your Eyes Only (1981),Action,M,50,5,80220
904,1644,3,975865615,I Know What You Did Last Summer (1997),Horror|Mystery|Thriller,M,35,20,92308
849,440,3,975350067,Dave (1993),Comedy|Romance,M,25,3,75006
1163,3484,3,974863130,"Skulls, The (2000)",Thriller,M,1,10,70448
1172,1682,4,974865848,"Truman Show, The (1998)",Drama,F,25,0,61801
1242,1682,3,974909268,"Truman Show, The (1998)",Drama,F,35,0,10014
1268,2455,4,974834871,"Fly, The (1986)",Horror|Sci-Fi,M,50,2,10028
1300,3786,4,974788976,But I'm a Cheerleader (1999),Comedy,M,1,10,97201
1308,1682,3,974784644,"Truman Show, The (1998)",Drama,M,1,10,75082
1317,2471,3,975216674,Crocodile Dundee II (1988),Adventure|Comedy,M,45,7,98028
1451,440,4,974763580,Dave (1993),Comedy|Romance,M,35,20,90012
831,1089,4,975364422,Reservoir Dogs (1992),Crime|Thriller,F,45,0,20874
850,1267,4,975349897,"Manchurian Candidate, The (1962)",Film-Noir|Thriller,M,35,0,60640
910,474,4,975210244,In the Line of Fire (1993),Action|Thriller,F,50,0,98226
1181,2699,2,976070971,Arachnophobia (1990),Action|Comedy|Sci-Fi|Thriller,M,35,7,20716
1377,168,3,974774348,First Knight (1995),Action|Adventure|Drama|Romance,M,35,16,65270
1499,2699,4,974761095,Arachnophobia (1990),Action|Comedy|Sci-Fi|Thriller,M,1,10,19343
780,1380,4,975543518,Grease (1978),Comedy|Musical|Romance,M,25,17,91776
1422,2537,1,978468828,Beyond the Poseidon Adventure (1979),Adventure,M,35,17,55934
1470,1218,5,974838688,"Killer, The (Die xue shuang xiong) (1989)",Action|Thriller,M,18,4,94118
1067,3659,4,974952742,Quatermass II (1957),Sci-Fi|Thriller,M,35,12,94402
1121,1627,4,974912966,U Turn (1997),Action|Crime|Mystery,M,56,7,78701
1218,3893,4,988737137,Nurse Betty (2000),Comedy|Thriller,M,56,15,13207
1340,1627,1,974779289,U Turn (1997),Action|Crime|Mystery,M,25,7,14302
955,2161,2,975209633,"NeverEnding Story, The (1984)",Adventure|Children's|Fantasy,F,50,7,94941
1182,1997,4,997177936,"Exorcist, The (1973)",Horror,M,1,10,91326
1242,164,3,974833940,Devil in a Blue Dress (1995),Crime|Film-Noir|Mystery|Thriller,F,35,0,10014
877,3764,2,975269196,F/X 2 (1992),Action|Crime|Thriller,M,25,0,90631
1300,3793,4,974789629,X-Men (2000),Action|Sci-Fi,M,1,10,97201
1389,3793,3,974767633,X-Men (2000),Action|Sci-Fi,M,25,17,19801
1224,1994,3,974840171,Poltergeist (1982),Horror|Thriller,M,50,13,02125
818,431,5,975385831,Carlito's Way (1993),Crime|Drama,M,18,4,60107
1347,3863,4,974772226,"Cell, The (2000)",Sci-Fi|Thriller,F,18,1,11375
1354,94,2,986920785,Beautiful Girls (1996),Drama,F,25,2,94040
1404,1394,3,974764630,Raising Arizona (1987),Comedy,M,50,16,91360
1465,1394,3,974763468,Raising Arizona (1987),Comedy,M,50,16,93003
765,3699,2,975450585,Starman (1984),Adventure|Drama|Romance|Sci-Fi,M,25,17,74467
1077,920,5,975986307,Gone with the Wind (1939),Drama|Romance|War,M,25,3,60660
1371,3489,4,974848031,Hook (1991),Adventure|Fantasy,F,50,2,60657
1413,920,4,974761362,Gone with the Wind (1939),Drama|Romance|War,M,18,3,98122
1127,2405,4,974910845,"Jewel of the Nile, The (1985)",Action|Adventure|Comedy|Romance,M,25,0,11788
1207,1968,2,975172123,"Breakfast Club, The (1985)",Comedy|Drama,M,50,0,43617
1274,3932,4,974813536,"Invisible Man, The (1933)",Horror|Sci-Fi,M,45,7,37343
1285,1968,5,975457690,"Breakfast Club, The (1985)",Comedy|Drama,M,35,4,98125
757,1517,4,975454864,Austin Powers: International Man of Mystery (1997),Comedy,M,25,12,97401
840,923,5,994194301,Citizen Kane (1941),Drama,F,25,3,02828
1232,306,5,974836083,Three Colors: Red (1994),Drama,F,18,4,43235
1246,339,2,975071825,While You Were Sleeping (1995),Comedy|Romance,M,18,4,98225
1285,923,4,974967577,Citizen Kane (1941),Drama,M,35,4,98125
1449,292,2,975528960,Outbreak (1995),Action|Drama|Thriller,M,35,20,17112
765,3827,3,975450647,Space Cowboys (2000),Action|Sci-Fi,M,25,17,74467
881,3810,3,975266024,White Sands (1992),Drama|Thriller,M,18,14,76401
1017,1028,5,975011081,Mary Poppins (1964),Children's|Comedy|Musical,M,35,0,30906
1202,2779,4,974857649,Heaven Can Wait (1978),Comedy,M,35,12,97006
1271,1028,5,974815705,Mary Poppins (1964),Children's|Comedy|Musical,F,45,6,54401
1499,1917,3,974761343,Armageddon (1998),Action|Adventure|Sci-Fi|Thriller,M,1,10,19343
759,2485,4,975453421,She's All That (1999),Comedy|Romance,F,56,3,89156
800,2485,1,975404009,She's All That (1999),Comedy|Romance,F,35,12,72032
954,3534,3,975136246,28 Days (2000),Comedy,F,25,0,21030
1038,1191,4,974986452,Madonna: Truth or Dare (1991),Documentary,F,56,15,20194
1087,2640,4,974936551,Superman (1978),Action|Adventure|Sci-Fi,M,25,16,08826
836,1951,1,975360756,Oliver! (1968),Musical,M,25,11,10023
1335,3683,5,974817483,Blood Simple (1984),Drama|Film-Noir,M,35,0,14228
1354,1029,3,978297912,Dumbo (1941),Animation|Children's|Musical,F,25,2,94040
1022,3894,5,975006931,Solas (1999),Drama,M,25,3,00918
1117,2803,3,975693974,"Pelican Brief, The (1993)",Thriller,M,18,14,10017
1125,507,3,974923241,"Perfect World, A (1993)",Action|Drama,F,18,4,53715
1303,1835,1,974785857,City of Angels (1998),Romance,M,25,19,94111
770,1407,3,976181039,Scream (1996),Horror|Thriller,M,18,4,98499
1284,3249,4,974842427,"Hand That Rocks the Cradle, The (1992)",Thriller,M,45,16,33334
832,3552,3,975363145,Caddyshack (1980),Comedy,M,18,2,19464
864,959,2,977182475,Of Human Bondage (1934),Drama,F,25,0,97205
1087,1010,3,990549384,"Love Bug, The (1969)",Children's|Comedy,M,25,16,08826
1203,3007,5,998229634,American Movie (1999),Documentary,F,25,1,06417
1285,1010,4,975658296,"Love Bug, The (1969)",Children's|Comedy,M,35,4,98125
1329,3552,4,976897265,Caddyshack (1980),Comedy,M,18,14,60194
1356,279,1,974787344,My Family (1995),Drama,F,18,4,91706
1343,3257,3,975194977,"Bodyguard, The (1992)",Action|Drama|Romance|Thriller,M,35,14,91324
1408,3257,3,974763419,"Bodyguard, The (1992)",Action|Drama|Romance|Thriller,M,25,0,90046
855,2822,3,976417506,Medicine Man (1992),Adventure|Romance,F,18,2,72701
861,3039,5,975341803,Trading Places (1983),Comedy,M,25,7,37027
1451,1475,2,985650207,Kama Sutra: A Tale of Love (1996),Romance,M,35,20,90012
1496,1128,4,974750224,"Fog, The (1980)",Horror,M,25,17,94108
1141,1569,4,1005052523,My Best Friend's Wedding (1997),Comedy|Romance,F,25,3,84770
1265,1186,5,999228495,"Sex, Lies, and Videotape (1989)",Drama,F,18,20,49321
1338,1250,5,978405919,"Bridge on the River Kwai, The (1957)",Drama|War,M,25,0,94108
843,1225,2,975374813,Amadeus (1984),Drama,M,25,7,49321
984,1220,3,975117697,"Blues Brothers, The (1980)",Action|Comedy|Musical,M,50,16,92129
1112,1225,5,974943497,Amadeus (1984),Drama,M,18,6,19104
1211,1225,3,974841906,Amadeus (1984),Drama,M,18,4,10027
1265,2891,3,1011716955,"Happy, Texas (1999)",Comedy,F,18,20,49321
1377,1299,4,974769341,"Killing Fields, The (1984)",Drama|War,M,35,16,65270
1481,1225,4,974752624,Amadeus (1984),Drama,M,35,17,77096
1484,117,4,997906279,"Young Poisoner's Handbook, The (1995)",Crime,M,25,12,07054
1182,1252,5,974917807,Chinatown (1974),Film-Noir|Mystery|Thriller,M,1,10,91326
1291,764,5,974791321,Heavy (1995),Drama|Romance,F,35,0,10011
769,904,4,975443499,Rear Window (1954),Mystery|Thriller,M,45,17,02421
1264,1189,5,974824997,"Thin Blue Line, The (1988)",Documentary,M,25,1,53711
1383,2150,3,981231404,"Gods Must Be Crazy, The (1980)",Comedy,F,25,7,19806
1489,3675,5,974757254,White Christmas (1954),Musical,F,35,2,60201
816,1035,4,975471065,"Sound of Music, The (1965)",Musical,M,45,0,92108
915,3256,3,975203761,Patriot Games (1992),Action|Thriller,M,25,7,72762
1010,3285,2,1013805669,"Beach, The (2000)",Adventure|Drama,M,25,0,10310
1088,1688,4,989538298,Anastasia (1997),Animation|Children's|Musical,F,1,10,98103
1105,3256,4,974920868,Patriot Games (1992),Action|Thriller,M,35,6,48105
1279,2801,5,974802446,Oscar and Lucinda (a.k.a. Oscar & Lucinda) (1997),Drama|Romance,M,35,1,98502
1298,484,4,974837443,Lassie (1994),Adventure|Children's,M,35,6,33615
1150,2565,3,974870528,"King and I, The (1956)",Musical,F,25,20,75226
1243,3527,3,978996832,Predator (1987),Action|Sci-Fi|Thriller,M,35,15,92627
1464,3527,4,974755937,Predator (1987),Action|Sci-Fi|Thriller,M,35,12,75063
985,1732,4,975099497,"Big Lebowski, The (1998)",Comedy|Crime|Mystery|Thriller,M,25,4,32608
1212,1732,2,974842747,"Big Lebowski, The (1998)",Comedy|Crime|Mystery|Thriller,F,50,1,60089
1329,1732,5,976832586,"Big Lebowski, The (1998)",Comedy|Crime|Mystery|Thriller,M,18,14,60194
1361,3404,4,974771890,Titanic (1953),Action|Drama,F,25,0,97401
1051,1330,4,975109016,April Fool's Day (1986),Comedy|Horror,F,25,0,60513
1130,1240,4,974902720,"Terminator, The (1984)",Action|Sci-Fi|Thriller,M,18,7,60012
1272,2019,5,974814479,Seven Samurai (The Magnificent Seven) (Shichinin no samurai) (1954),Action|Drama,M,18,20,49506
844,1649,4,975356695,"Fast, Cheap & Out of Control (1997)",Documentary,M,25,0,92121
921,590,3,975203886,Dances with Wolves (1990),Adventure|Drama|Western,M,25,17,92084
985,590,3,975098399,Dances with Wolves (1990),Adventure|Drama|Western,M,25,4,32608
1051,2942,1,987224902,Flashdance (1983),Drama|Romance,F,25,0,60513
1181,1950,3,974984198,In the Heat of the Night (1967),Drama|Mystery,M,35,7,20716
1312,2354,2,974780434,"Rugrats Movie, The (1998)",Animation|Children's|Comedy,M,25,14,60153
1449,1527,3,975699003,"Fifth Element, The (1997)",Action|Sci-Fi,M,35,20,17112
869,3717,2,975277264,Gone in 60 Seconds (2000),Action|Crime,M,18,20,92026
881,3717,2,1014313953,Gone in 60 Seconds (2000),Action|Crime,M,18,14,76401
1306,3717,4,1028523541,Gone in 60 Seconds (2000),Action|Crime,M,25,3,64068
1390,1747,3,991716730,Wag the Dog (1997),Comedy|Drama,M,35,16,99352
818,316,4,975384923,Stargate (1994),Action|Adventure|Sci-Fi,M,18,4,60107
1060,3301,4,975552093,"Whole Nine Yards, The (2000)",Comedy|Crime,M,18,10,11235
1194,1231,5,974850306,"Right Stuff, The (1983)",Drama,F,25,1,95617
1418,316,3,974770474,Stargate (1994),Action|Adventure|Sci-Fi,M,18,4,48197
1297,3471,3,975102615,Close Encounters of the Third Kind (1977),Drama|Sci-Fi,M,25,7,92109
1098,2819,4,974925295,Three Days of the Condor (1975),Thriller,M,35,7,94945
1100,2657,4,974925763,"Rocky Horror Picture Show, The (1975)",Comedy|Horror|Musical|Sci-Fi,M,25,0,60090
1246,2275,5,974891910,Six-String Samurai (1998),Action|Adventure|Sci-Fi,M,18,4,98225
1334,318,5,974777515,"Shawshank Redemption, The (1994)",Drama,M,50,7,10805
1451,2819,5,975826840,Three Days of the Condor (1975),Thriller,M,35,20,90012
1050,1641,4,974963563,"Full Monty, The (1997)",Comedy,M,25,1,97302
1088,2968,4,975454330,Time Bandits (1981),Adventure|Fantasy|Sci-Fi,F,1,10,98103
1181,2826,4,974855027,"13th Warrior, The (1999)",Action|Horror|Thriller,M,35,7,20716
1119,2403,2,974911842,First Blood (1982),Action,M,35,1,90504
1124,1219,5,976038847,Psycho (1960),Horror|Thriller,M,25,2,60156
1241,3952,5,974832340,"Contender, The (2000)",Drama|Thriller,M,1,10,11803
864,2770,4,977530147,Bowfinger (1999),Comedy,F,25,0,97205
881,2770,4,975263039,Bowfinger (1999),Comedy,M,18,14,76401
1058,2770,4,974958807,Bowfinger (1999),Comedy,M,25,1,97321
1021,1293,5,975008047,Gandhi (1982),Drama,M,35,0,94559
1088,2107,2,1044519630,Halloween: H20 (1998),Horror|Thriller,F,1,10,98103
1325,2048,3,974777397,"Great Mouse Detective, The (1986)",Animation|Children's,M,25,1,75230
1340,3114,2,975124486,Toy Story 2 (1999),Animation|Children's|Comedy,M,25,7,14302
1436,2688,4,974757780,"General's Daughter, The (1999)",Drama|Thriller,F,50,6,97005
757,1057,3,975455265,Everyone Says I Love You (1996),Comedy|Musical|Romance,M,25,12,97401
875,3897,5,975270266,Almost Famous (2000),Comedy|Drama,M,1,10,94707
1084,2490,2,974989984,Payback (1999),Action|Thriller,M,1,19,03226
1160,2718,3,1008037320,Drop Dead Gorgeous (1999),Comedy,M,18,14,07017
921,3499,4,975203644,Misery (1990),Horror,M,25,17,92084
1019,3468,5,975009811,"Hustler, The (1961)",Drama,M,35,1,60640
1068,2080,4,975015056,Lady and the Tramp (1955),Animation|Children's|Comedy|Musical|Romance,F,18,4,77581
1177,2324,5,974856540,Life Is Beautiful (La Vita è bella) (1997),Comedy|Drama,F,25,17,01453
1181,2915,3,974984452,Risky Business (1983),Comedy,M,35,7,20716
1370,2915,3,974796307,Risky Business (1983),Comedy,M,35,2,92821
865,2947,4,975281219,Goldfinger (1964),Action,M,35,1,91711
1228,2947,4,975353600,Goldfinger (1964),Action,M,25,1,94720
1243,3201,4,979689972,Five Easy Pieces (1970),Drama,M,35,15,92627
1264,1379,2,974820767,Young Guns II (1990),Action|Comedy|Western,M,25,1,53711
1447,1059,5,981019649,William Shakespeare's Romeo and Juliet (1996),Drama|Romance,M,18,4,80521
1018,2273,3,975107122,Rush Hour (1998),Action|Thriller,M,18,4,95616
1117,485,4,975694411,Last Action Hero (1993),Action|Comedy,M,18,14,10017
811,1945,5,975394060,On the Waterfront (1954),Crime|Drama,M,50,0,94043
970,2369,2,975143283,Desperately Seeking Susan (1985),Comedy|Romance,M,25,0,27615
1099,1945,5,974924747,On the Waterfront (1954),Crime|Drama,M,25,17,77059
1181,1957,3,975012876,Chariots of Fire (1981),Drama,M,35,7,20716
1224,2369,4,975167228,Desperately Seeking Susan (1985),Comedy|Romance,M,50,13,02125
1303,2369,2,974793812,Desperately Seeking Susan (1985),Comedy|Romance,M,25,19,94111
757,1833,2,975458600,Mercury Rising (1998),Action|Drama|Thriller,M,25,12,97401
889,1735,2,975254268,Great Expectations (1998),Drama|Romance,M,45,20,10024
955,733,3,975210120,"Rock, The (1996)",Action|Adventure|Thriller,F,50,7,94941
1228,733,4,976754999,"Rock, The (1996)",Action|Adventure|Thriller,M,25,1,94720
1288,2174,4,974790502,Beetlejuice (1988),Comedy|Fantasy,F,35,19,92867
1298,2174,4,974789912,Beetlejuice (1988),Comedy|Fantasy,M,35,6,33615
1465,2174,4,974764024,Beetlejuice (1988),Comedy|Fantasy,M,50,16,93003
1505,800,5,983674908,Lone Star (1996),Drama|Mystery,M,50,11,90041
919,307,5,975204323,Three Colors: Blue (1993),Drama,F,35,1,92056
1037,3513,3,974988211,Rules of Engagement (2000),Drama|Thriller,M,45,7,02081
1150,326,3,974873135,To Live (Huozhe) (1994),Drama,F,25,20,75226
1242,766,4,974909391,I Shot Andy Warhol (1996),Drama,F,35,0,10014
1447,2081,4,981021399,"Little Mermaid, The (1989)",Animation|Children's|Comedy|Musical|Romance,M,18,4,80521
780,173,3,975437976,Judge Dredd (1995),Action|Adventure|Sci-Fi,M,25,17,91776
839,1036,5,975359227,Die Hard (1988),Action|Thriller,M,25,0,98103
846,1036,5,984455182,Die Hard (1988),Action|Thriller,M,25,5,80209
1160,3660,3,974863447,Puppet Master (1989),Horror|Sci-Fi|Thriller,M,18,14,07017
1328,1036,5,974994896,Die Hard (1988),Action|Thriller,M,35,14,60657
1490,2402,3,974771879,Rambo: First Blood Part II (1985),Action|War,M,50,7,90505
934,2581,3,991941054,Never Been Kissed (1999),Comedy|Romance,F,35,7,97401
1074,2993,3,981496689,Thunderball (1965),Action,M,45,17,48073
1204,2581,4,974844374,Never Been Kissed (1999),Comedy|Romance,M,25,7,95076
1392,445,3,974765124,Fatal Instinct (1993),Comedy,M,45,3,90006
889,3739,5,975249919,Trouble in Paradise (1932),Comedy|Romance,M,45,20,10024
1181,3889,2,974854424,Highlander: Endgame (2000),Action|Adventure|Fantasy,M,35,7,20716
1001,3128,4,976296903,"Map of the World, A (1999)",Drama,M,25,4,90210
1062,2959,4,975048627,Fight Club (1999),Drama,M,50,19,59457
1415,39,2,993497626,Clueless (1995),Comedy|Romance,M,45,14,22901
1501,39,4,975351619,Clueless (1995),Comedy|Romance,M,25,11,75801
854,1754,3,975348197,Fallen (1998),Action|Mystery|Thriller,F,25,16,44092
955,380,4,975210120,True Lies (1994),Action|Adventure|Comedy|Romance,F,50,7,94941
1039,1717,4,974980327,Scream 2 (1997),Horror|Thriller,F,35,1,02346
839,648,4,975358714,Mission: Impossible (1996),Action|Adventure|Mystery,M,25,0,98103
1224,1365,5,975248749,Ridicule (1996),Drama,M,50,13,02125
958,247,4,975127594,Heavenly Creatures (1994),Drama|Fantasy|Romance|Thriller,M,35,2,48116
1117,2399,3,975429493,Santa Claus: The Movie (1985),Adventure|Children's|Fantasy,M,18,14,10017
963,1374,4,975120298,Star Trek: The Wrath of Khan (1982),Action|Adventure|Sci-Fi,M,25,0,48197
1224,1233,4,975246819,"Boat, The (Das Boot) (1981)",Action|Drama|War,M,50,13,02125
1362,1374,4,975206236,Star Trek: The Wrath of Khan (1982),Action|Adventure|Sci-Fi,M,35,12,75069
1490,1233,5,974770753,"Boat, The (Das Boot) (1981)",Action|Drama|War,M,50,7,90505
796,443,2,977724768,"Endless Summer 2, The (1994)",Documentary,M,50,6,98237
971,434,2,975110544,Cliffhanger (1993),Action|Adventure|Crime,M,25,12,43615
1505,1673,4,983671299,Boogie Nights (1997),Drama,M,50,11,90041
1012,1381,3,975075272,Grease 2 (1982),Comedy|Musical|Romance,F,35,1,30004
1037,3821,2,974988227,Nutty Professor II: The Klumps (2000),Comedy,M,45,7,02081
1306,428,4,1013335747,"Bronx Tale, A (1993)",Drama,M,25,3,64068
765,3608,2,975612904,Pee-wee's Big Adventure (1985),Comedy,M,25,17,74467
889,532,2,975364342,Serial Mom (1994),Comedy|Crime|Horror,M,45,20,10024
1470,3763,3,974840137,F/X (1986),Action|Crime|Thriller,M,18,4,94118
839,1234,5,975362058,"Sting, The (1973)",Comedy|Crime,M,25,0,98103
1014,1200,2,975015378,Aliens (1986),Action|Sci-Fi|Thriller|War,F,45,17,03054
1393,2951,4,974765216,"Fistful of Dollars, A (1964)",Action|Western,M,18,4,06430
889,1876,2,975249224,Deep Impact (1998),Action|Drama|Sci-Fi|Thriller,M,45,20,10024
938,1230,4,975173062,Annie Hall (1977),Comedy|Romance,F,25,1,01060
970,1876,4,975978180,Deep Impact (1998),Action|Drama|Sci-Fi|Thriller,M,25,0,27615
1051,2394,5,987218454,"Prince of Egypt, The (1998)",Animation|Musical,F,25,0,60513
1243,1230,4,979689947,Annie Hall (1977),Comedy|Romance,M,35,15,92627
921,661,3,975201722,James and the Giant Peach (1996),Animation|Children's|Musical,M,25,17,92084
1017,3840,3,975012700,Pumpkinhead (1988),Horror,M,35,0,30906
1115,1690,1,974914610,Alien: Resurrection (1997),Action|Horror|Sci-Fi,F,25,1,60551
1299,1690,1,974787812,Alien: Resurrection (1997),Action|Horror|Sci-Fi,M,25,14,02038
1427,524,5,974840372,Rudy (1993),Drama,M,25,12,21401
1019,2020,4,975010058,Dangerous Liaisons (1988),Drama|Romance,M,35,1,60640
1088,1926,3,1009589011,"Broadway Melody, The (1929)",Musical,F,1,10,98103
1112,3639,4,974947633,"Man with the Golden Gun, The (1974)",Action,M,18,6,19104
891,1094,5,975233847,"Crying Game, The (1992)",Drama|Romance|War,M,25,1,80202
1303,3526,4,974789055,Parenthood (1989),Comedy|Drama,M,25,19,94111
773,589,5,975617233,Terminator 2: Judgment Day (1991),Action|Sci-Fi|Thriller,M,25,6,48108
1004,589,5,975039242,Terminator 2: Judgment Day (1991),Action|Sci-Fi|Thriller,M,25,3,95136
1333,10,3,974777621,GoldenEye (1995),Action|Adventure|Thriller,M,25,17,06460
1356,589,2,974783691,Terminator 2: Judgment Day (1991),Action|Sci-Fi|Thriller,F,18,4,91706
1473,10,3,974754453,GoldenEye (1995),Action|Adventure|Thriller,M,25,14,06511
830,1214,5,975368217,Alien (1979),Action|Horror|Sci-Fi|Thriller,M,35,7,60657
1062,3467,5,975045775,Hud (1963),Drama|Western,M,50,19,59457
1176,750,5,974857689,Dr. Strangelove or: How I Learned to Stop Worrying and Love the Bomb (1963),Sci-Fi|War,M,56,1,44256
1202,750,4,974844033,Dr. Strangelove or: How I Learned to Stop Worrying and Love the Bomb (1963),Sci-Fi|War,M,35,12,97006
1223,750,4,974837687,Dr. Strangelove or: How I Learned to Stop Worrying and Love the Bomb (1963),Sci-Fi|War,M,25,2,60102
1413,50,4,974765745,"Usual Suspects, The (1995)",Crime|Thriller,M,18,3,98122
1060,2012,3,975550379,Back to the Future Part III (1990),Comedy|Sci-Fi|Western,M,18,10,11235
1235,527,5,974833399,Schindler's List (1993),Drama|War,F,25,7,94043
1430,293,5,974760482,"Professional, The (a.k.a. Leon: The Professional) (1994)",Crime|Drama|Romance|Thriller,M,18,4,97215
934,3618,2,991940393,Small Time Crooks (2000),Comedy,F,35,7,97401
1001,1704,5,976296568,Good Will Hunting (1997),Drama,M,25,4,90210
1347,3618,2,982997905,Small Time Crooks (2000),Comedy,F,18,1,11375
1182,1320,1,974918243,Alien³ (1992),Action|Horror|Sci-Fi|Thriller,M,1,10,91326
1470,2986,3,974838954,Robocop 2 (1990),Action|Crime|Sci-Fi,M,18,4,94118
960,2952,4,975123392,"Hard 8 (a.k.a. Sydney, a.k.a. Hard Eight) (1996)",Crime|Thriller,M,1,10,45244
970,1918,4,975978396,Lethal Weapon 4 (1998),Action|Comedy|Crime|Drama,M,25,0,27615
1051,2722,4,975110031,Deep Blue Sea (1999),Action|Sci-Fi|Thriller,F,25,0,60513
1201,2722,2,974845204,Deep Blue Sea (1999),Action|Sci-Fi|Thriller,M,18,4,84112-2004
1341,1325,1,974774591,Amityville: A New Generation (1993),Horror,M,18,7,11434
1357,2719,1,974771598,"Haunting, The (1999)",Horror|Thriller,M,45,0,34116
1383,2722,2,974766261,Deep Blue Sea (1999),Action|Sci-Fi|Thriller,F,25,7,19806
777,2378,3,975957666,Police Academy (1984),Comedy,M,18,19,87543
891,1760,2,975234120,Spice World (1997),Comedy|Musical,M,25,1,80202
1389,249,5,974958689,Immortal Beloved (1994),Drama|Romance,M,25,17,19801
826,3935,3,975373258,Kronos (1973),Horror,F,35,1,80210
1377,1049,3,974774167,"Ghost and the Darkness, The (1996)",Action|Adventure,M,35,16,65270
929,356,4,975190114,Forrest Gump (1994),Comedy|Romance|War,M,25,15,53706
996,2540,4,977561365,"Corruptor, The (1999)",Action|Crime|Drama|Thriller,M,25,17,98102
1086,356,5,974933256,Forrest Gump (1994),Comedy|Romance|War,M,18,4,98225
1216,356,3,974848931,Forrest Gump (1994),Comedy|Romance|War,M,25,2,90292
1301,356,5,974787511,Forrest Gump (1994),Comedy|Romance|War,F,25,2,10475
850,1923,5,975353005,There's Something About Mary (1998),Comedy,M,35,0,60640
1019,2928,3,975366436,"Razor's Edge, The (1984)",Drama,M,35,1,60640
1422,1923,5,978471385,There's Something About Mary (1998),Comedy,M,35,17,55934
840,2858,4,975357726,American Beauty (1999),Comedy|Drama,F,25,3,02828
930,2858,3,975190215,American Beauty (1999),Comedy|Drama,M,25,5,98380
985,2858,5,975099066,American Beauty (1999),Comedy|Drama,M,25,4,32608
1399,3510,4,974764071,Frequency (2000),Drama|Thriller,M,18,17,10804
1049,1213,3,974962818,GoodFellas (1990),Crime|Drama,M,45,14,95002
1227,1213,5,976904504,GoodFellas (1990),Crime|Drama,M,50,1,90027
767,1103,4,975452187,Rebel Without a Cause (1955),Drama,M,25,12,45241
1418,24,2,974761909,Powder (1995),Drama|Sci-Fi,M,18,4,48197
854,3259,3,975347757,Far and Away (1992),Drama|Romance,F,25,16,44092
889,3755,2,975248427,"Perfect Storm, The (2000)",Action|Adventure|Thriller,M,45,20,10024
1264,3219,3,974821465,Pacific Heights (1990),Thriller,M,25,1,53711
1340,70,2,974779084,From Dusk Till Dawn (1996),Action|Comedy|Crime|Horror|Thriller,M,25,7,14302
809,3751,1,975395138,Chicken Run (2000),Animation|Children's|Comedy,M,25,17,70508
1050,62,3,974965887,Mr. Holland's Opus (1995),Drama,M,25,1,97302
1211,1799,4,976218220,Suicide Kings (1997),Crime|Drama,M,18,4,10027
1242,2529,5,976307997,Planet of the Apes (1968),Action|Sci-Fi,F,35,0,10014
1482,3751,5,975204577,Chicken Run (2000),Animation|Children's|Comedy,M,25,7,94132
817,2050,4,975387848,Herbie Goes Bananas (1980),Adventure|Children's|Comedy,M,18,4,41076
1294,156,5,974875307,Blue in the Face (1995),Comedy,F,50,20,11217
794,3868,3,975416543,"Naked Gun: From the Files of Police Squad!, The (1988)",Comedy,M,50,20,10543
964,2359,4,975117790,Waking Ned Devine (1998),Comedy,M,25,7,94123
999,95,2,975045995,Broken Arrow (1996),Action|Thriller,M,25,15,62558
1335,2009,3,974818901,Soylent Green (1973),Sci-Fi|Thriller,M,35,0,14228
1418,95,4,974772658,Broken Arrow (1996),Action|Thriller,M,18,4,48197
1094,2291,4,974929791,Edward Scissorhands (1990),Drama|Romance,F,18,0,92626
1130,2291,4,976912905,Edward Scissorhands (1990),Drama|Romance,M,18,7,60012
1265,2125,3,1011717674,Ever After: A Cinderella Story (1998),Drama|Romance,F,18,20,49321
1339,1289,5,974780445,Koyaanisqatsi (1983),Documentary|War,M,35,18,85275
897,1393,4,975220931,Jerry Maguire (1996),Drama|Romance,M,25,6,92130
1086,1911,3,975010444,Doctor Dolittle (1998),Comedy,M,18,4,98225
1216,1552,1,974849993,Con Air (1997),Action|Adventure|Thriller,M,25,2,90292
1368,1079,4,974768955,"Fish Called Wanda, A (1988)",Comedy,F,25,3,50266
1375,1911,1,974767861,Doctor Dolittle (1998),Comedy,F,45,5,95136
970,798,1,975978498,Daylight (1996),Action|Adventure|Thriller,M,25,0,27615
1137,492,5,982912723,Manhattan Murder Mystery (1993),Comedy|Mystery,M,18,4,13165
984,933,4,975117762,To Catch a Thief (1955),Comedy|Romance|Thriller,M,50,16,92129
1059,3507,3,974956957,"Odd Couple, The (1968)",Comedy,F,25,0,97213
1426,1257,5,974759027,Better Off Dead... (1985),Comedy,M,18,14,94070
1501,911,5,987000339,Charade (1963),Comedy|Mystery|Romance|Thriller,M,25,11,75801
1091,1792,3,974930147,U.S. Marshalls (1998),Action|Thriller,M,18,5,345567
1128,2130,4,974907906,Atlantic City (1980),Crime|Drama|Romance,M,25,1,72701
1434,1792,5,974759297,U.S. Marshalls (1998),Action|Thriller,F,1,10,495321
1125,1173,2,975628511,"Cook the Thief His Wife & Her Lover, The (1989)",Drama,F,18,4,53715
1181,1920,2,974982749,Small Soldiers (1998),Animation|Children's|Fantasy|War,M,35,7,20716
1285,1173,5,975458478,"Cook the Thief His Wife & Her Lover, The (1989)",Drama,M,35,4,98125
830,1203,5,975366792,12 Angry Men (1957),Drama,M,35,7,60657
1077,3384,4,974999485,"Taking of Pelham One Two Three, The (1974)",Action,M,25,3,60660
1112,1203,5,974943134,12 Angry Men (1957),Drama,M,18,6,19104
1285,1995,3,975459290,Poltergeist II: The Other Side (1986),Horror|Thriller,M,35,4,98125
1329,2389,3,977166322,Psycho (1998),Crime|Horror|Thriller,M,18,14,60194
855,3525,3,976414398,Bachelor Party (1984),Comedy,F,18,2,72701
1354,3081,4,975456041,Sleepy Hollow (1999),Horror|Romance,F,25,2,94040
859,382,3,975343399,Wolf (1994),Drama|Horror,M,25,12,10128
1051,382,4,987219767,Wolf (1994),Drama|Horror,F,25,0,60513
1447,2195,4,981022191,Dirty Work (1998),Comedy,M,18,4,80521
1480,3896,3,974754279,"Way of the Gun, The (2000)",Crime|Thriller,M,25,20,91367
869,457,5,975281750,"Fugitive, The (1993)",Action|Thriller,M,18,20,92026
896,2806,5,975221282,Teaching Mrs. Tingle (1999),Comedy|Thriller,M,18,15,94015
1088,2806,2,1032652619,Teaching Mrs. Tingle (1999),Comedy|Thriller,F,1,10,98103
1104,265,5,974921424,Like Water for Chocolate (Como agua para chocolate) (1992),Drama|Romance,M,35,11,10023
1203,3082,2,998231032,"World Is Not Enough, The (1999)",Action|Thriller,F,25,1,06417
1242,265,4,974833073,Like Water for Chocolate (Como agua para chocolate) (1992),Drama|Romance,F,35,0,10014
1260,265,4,987169373,Like Water for Chocolate (Como agua para chocolate) (1992),Drama|Romance,M,25,17,28262
1354,457,5,975456822,"Fugitive, The (1993)",Action|Thriller,F,25,2,94040
1407,457,4,974762799,"Fugitive, The (1993)",Action|Thriller,F,35,15,53704
881,2594,4,1014314691,Open Your Eyes (Abre los ojos) (1997),Drama|Romance|Sci-Fi,M,18,14,76401
1092,899,4,978282006,Singin' in the Rain (1952),Musical|Romance,F,18,4,49525
1172,608,5,974859251,Fargo (1996),Crime|Drama|Thriller,F,25,0,61801
1437,608,5,974759719,Fargo (1996),Crime|Drama|Thriller,M,50,3,89102
1446,608,5,974759313,Fargo (1996),Crime|Drama|Thriller,M,35,12,10128
799,3565,5,975403397,Where the Heart Is (2000),Comedy|Drama,F,25,5,98498
1433,1909,5,974759828,"X-Files: Fight the Future, The (1998)",Mystery|Sci-Fi|Thriller,F,18,14,49505
1224,376,3,975250443,"River Wild, The (1994)",Action|Thriller,M,50,13,02125
1324,2710,5,974777129,"Blair Witch Project, The (1999)",Horror,M,35,16,07030
1411,2710,4,974761631,"Blair Witch Project, The (1999)",Horror,M,35,1,08107
1254,378,4,974823518,Speechless (1994),Comedy|Romance,F,18,1,02144
889,2506,1,975254363,"Other Sister, The (1999)",Comedy|Drama|Romance,M,45,20,10024
1032,2427,4,974998265,"Thin Red Line, The (1998)",Action|Drama|War,M,50,16,19425
1498,1408,4,974751440,"Last of the Mohicans, The (1992)",Action|Romance|War,M,18,4,02139
895,708,4,975221768,"Truth About Cats & Dogs, The (1996)",Comedy|Romance,M,50,1,34683
1101,1196,4,974923024,Star Wars: Episode V - The Empire Strikes Back (1980),Action|Adventure|Drama|Sci-Fi|War,M,35,1,06417
1221,1196,5,974839591,Star Wars: Episode V - The Empire Strikes Back (1980),Action|Adventure|Drama|Sci-Fi|War,M,18,0,19134
1019,536,2,1006639424,"Simple Twist of Fate, A (1994)",Drama,M,35,1,60640
1096,2977,1,974935711,Crazy in Alabama (1999),Comedy|Drama,M,1,10,80439
1311,783,4,974788392,"Hunchback of Notre Dame, The (1996)",Animation|Children's|Musical,M,18,10,90274
854,2707,3,975351544,Arlington Road (1999),Thriller,F,25,16,44092
1032,913,5,975000344,"Maltese Falcon, The (1941)",Film-Noir|Mystery,M,50,16,19425
1100,2430,2,974924197,Mighty Joe Young (1949),Adventure|Children's|Drama,M,25,0,60090
1449,105,2,976314652,"Bridges of Madison County, The (1995)",Drama|Romance,M,35,20,17112
924,2916,4,975201251,Total Recall (1990),Action|Adventure|Sci-Fi|Thriller,M,50,17,98642
935,3736,4,976667457,"Big Carnival, The (1951)",Drama,M,35,14,60538
1448,2058,5,976131158,"Negotiator, The (1998)",Action|Thriller,F,25,3,17522
1455,11,3,974758054,"American President, The (1995)",Comedy|Drama|Romance,F,45,0,92126
911,110,5,975215383,Braveheart (1995),Action|Drama|War,M,50,0,98226
1068,1033,3,975015148,"Fox and the Hound, The (1981)",Animation|Children's,F,18,4,77581
1122,1129,4,974910958,Escape from New York (1981),Action|Adventure|Sci-Fi|Thriller,M,56,14,02632
1139,150,4,974877673,Apollo 13 (1995),Drama,M,25,1,93420-2852
1203,3178,4,975174528,"Hurricane, The (1999)",Drama,F,25,1,06417
1216,541,5,974842530,Blade Runner (1982),Film-Noir|Sci-Fi,M,25,2,90292
1470,3903,3,974836291,Urbania (2000),Drama,M,18,4,94118
881,260,5,1014314630,Star Wars: Episode IV - A New Hope (1977),Action|Adventure|Fantasy|Sci-Fi,M,18,14,76401
970,2001,3,975977801,Lethal Weapon 2 (1989),Action|Comedy|Crime|Drama,M,25,0,27615
1383,2001,3,975976821,Lethal Weapon 2 (1989),Action|Comedy|Crime|Drama,F,25,7,19806
1480,260,5,974753974,Star Wars: Episode IV - A New Hope (1977),Action|Adventure|Fantasy|Sci-Fi,M,25,20,91367
837,2028,5,975360089,Saving Private Ryan (1998),Action|Drama|War,M,56,7,08540
844,2028,4,975357070,Saving Private Ryan (1998),Action|Drama|War,M,25,0,92121
940,2028,5,975173522,Saving Private Ryan (1998),Action|Drama|War,M,1,10,76240
1050,2353,3,974962543,Enemy of the State (1998),Action|Thriller,M,25,1,97302
1489,3409,1,975119546,Final Destination (2000),Drama|Thriller,F,35,2,60201
869,910,3,975393168,Some Like It Hot (1959),Comedy|Crime,M,18,20,92026
1046,910,4,974966389,Some Like It Hot (1959),Comedy|Crime,M,56,18,53404-1230
1124,3680,5,976038792,"Decline of Western Civilization Part II: The Metal Years, The (1988)",Documentary,M,25,2,60156
861,317,3,975341245,"Santa Clause, The (1994)",Children's|Comedy|Fantasy,M,25,7,37027
973,1228,1,975859569,Raging Bull (1980),Drama,F,25,1,80026
1101,198,3,980367491,Strange Days (1995),Action|Crime|Sci-Fi,M,35,1,06417
1298,1228,4,974842412,Raging Bull (1980),Drama,M,35,6,33615
1333,317,1,974851411,"Santa Clause, The (1994)",Children's|Comedy|Fantasy,M,25,17,06460
1496,546,2,974752334,Super Mario Bros. (1993),Action|Adventure|Children's|Sci-Fi,M,25,17,94108
1298,1693,5,974788347,Amistad (1997),Drama,M,35,6,33615
1145,454,4,974873183,"Firm, The (1993)",Drama|Thriller,M,50,3,92103
1195,1992,3,974851013,Child's Play 2 (1990),Horror,F,1,10,13907
1388,373,5,974765389,Red Rock West (1992),Thriller,M,56,20,87107
1114,2049,4,974915238,"Happiest Millionaire, The (1967)",Comedy|Musical,F,18,9,75801
1274,199,4,1025893500,"Umbrellas of Cherbourg, The (Parapluies de Cherbourg, Les) (1964)",Drama|Musical,M,45,7,37343
898,1095,1,975216577,Glengarry Glen Ross (1992),Drama,M,25,7,77005
1149,2762,5,974869920,"Sixth Sense, The (1999)",Thriller,M,25,12,98103
1150,3948,1,974876888,Meet the Parents (2000),Comedy,F,25,20,75226
1199,2762,4,974846924,"Sixth Sense, The (1999)",Thriller,M,50,13,77459
1202,2762,5,974924507,"Sixth Sense, The (1999)",Thriller,M,35,12,97006
1399,3948,4,974764021,Meet the Parents (2000),Comedy,M,18,17,10804
780,3113,4,975437585,End of Days (1999),Action|Thriller,M,25,17,91776
854,3160,4,975347297,Magnolia (1999),Drama,F,25,16,44092
881,337,5,975265086,What's Eating Gilbert Grape (1993),Drama,M,18,14,76401
945,2005,4,975163812,"Goonies, The (1985)",Adventure|Children's|Fantasy,M,45,7,49345
984,1954,4,975118031,Rocky (1976),Action|Drama,M,50,16,92129
1088,2334,3,1021068377,"Siege, The (1998)",Action|Thriller,F,1,10,98103
1113,3160,4,994379884,Magnolia (1999),Drama,M,18,4,97215
1177,3160,2,974857014,Magnolia (1999),Drama,F,25,17,01453
1194,337,4,1036261429,What's Eating Gilbert Grape (1993),Drama,F,25,1,95617
1260,3448,4,987445915,"Good Morning, Vietnam (1987)",Comedy|Drama|War,M,25,17,28262
1354,42,2,978299165,Dead Presidents (1995),Action|Crime|Drama,F,25,2,94040
1377,3448,3,974768768,"Good Morning, Vietnam (1987)",Comedy|Drama|War,M,35,16,65270
1430,2124,3,974759305,"Addams Family, The (1991)",Comedy,M,18,4,97215
1017,1328,1,975013198,"Amityville Curse, The (1990)",Horror,M,35,0,30906
1128,2944,3,974905415,"Dirty Dozen, The (1967)",Action|War,M,25,1,72701
759,276,3,975453594,Milk Money (1994),Comedy|Romance,F,56,3,89156
854,3107,4,975348089,Backdraft (1991),Action|Drama,F,25,16,44092
1054,2302,5,975102157,My Cousin Vinny (1992),Comedy,M,1,10,75040
1172,2605,3,974864802,Entrapment (1999),Crime|Thriller,F,25,0,61801
1470,3942,1,974839293,Sorority House Massacre II (1990),Horror,M,18,4,94118
1472,3274,3,974768177,Single White Female (1992),Action,M,25,7,90248
975,2115,3,975120440,Indiana Jones and the Temple of Doom (1984),Action|Adventure,M,35,0,98136
1112,2115,4,974946878,Indiana Jones and the Temple of Doom (1984),Action|Adventure,M,18,6,19104
1232,529,5,974836336,Searching for Bobby Fischer (1993),Drama,F,18,4,43235
1367,357,3,974771432,Four Weddings and a Funeral (1994),Comedy|Romance,M,25,12,53707
1489,3950,3,975123740,Tigerland (2000),Drama,F,35,2,60201
798,1981,1,975408555,Friday the 13th Part VIII: Jason Takes Manhattan (1989),Horror,F,25,20,48464
1172,3186,3,974866537,"Girl, Interrupted (1999)",Drama,F,25,0,61801
1246,3617,2,1027117063,Road Trip (2000),Comedy,M,18,4,98225
1505,2925,4,983671903,"Conformist, The (Il Conformista) (1970)",Drama,M,50,11,90041
770,3483,3,980588269,"Road to El Dorado, The (2000)",Animation|Children's,M,18,4,98499
999,3174,4,975364150,Man on the Moon (1999),Comedy|Drama,M,25,15,62558
1006,3174,2,975037130,Man on the Moon (1999),Comedy|Drama,M,18,4,53220
1101,3503,2,980367762,Solaris (Solyaris) (1972),Drama|Sci-Fi,M,35,1,06417
1113,3174,4,975611446,Man on the Moon (1999),Comedy|Drama,M,18,4,97215
1224,281,3,974840194,Nobody's Fool (1994),Drama,M,50,13,02125
1395,2792,4,975013330,Airplane II: The Sequel (1982),Comedy,M,25,2,07026
1422,2406,3,975692634,Romancing the Stone (1984),Action|Adventure|Comedy|Romance,M,35,17,55934
977,2243,3,975109506,Broadcast News (1987),Comedy|Drama|Romance,M,25,2,80110
981,30,3,977421089,Shanghai Triad (Yao a yao yao dao waipo qiao) (1995),Drama,M,25,20,02141
1137,3515,4,976738438,Me Myself I (2000),Comedy,M,18,4,13165
1354,3578,4,974772730,Gladiator (2000),Action|Drama,F,25,2,94040
1422,2243,3,976139738,Broadcast News (1987),Comedy|Drama|Romance,M,35,17,55934
1450,3005,2,974756766,"Bone Collector, The (1999)",Thriller,M,18,4,94704
919,2361,4,975202359,Pink Flamingos (1972),Comedy,F,35,1,92056
1225,1090,4,974837096,Platoon (1986),Drama|War,M,45,7,61081
838,3176,5,975359800,"Talented Mr. Ripley, The (1999)",Drama|Mystery|Thriller,M,50,17,92661
1130,3176,5,974900897,"Talented Mr. Ripley, The (1999)",Drama|Mystery|Thriller,M,18,7,60012
1395,405,4,1019425553,Highlander III: The Sorcerer (1994),Action|Sci-Fi,M,25,2,07026
1446,915,5,974757742,Sabrina (1954),Comedy|Romance,M,35,12,10128
1299,1376,5,974788274,Star Trek IV: The Voyage Home (1986),Action|Adventure|Sci-Fi,M,25,14,02038
1465,282,4,974758932,Nell (1994),Drama,M,50,16,93003
1203,535,3,974927016,Short Cuts (1993),Drama,F,25,1,06417
1448,2997,5,976129721,Being John Malkovich (1999),Comedy,F,25,3,17522
1135,2456,3,974881727,"Fly II, The (1989)",Horror|Sci-Fi,M,50,13,98201
1146,2448,2,974934255,Virus (1999),Horror|Sci-Fi,F,18,16,80260
1184,1526,2,974856597,Fathers' Day (1997),Comedy,F,25,4,92354
1125,1584,5,986660991,Contact (1997),Drama|Sci-Fi,F,18,4,53715
1150,3605,3,974870607,King Creole (1958),Drama|Musical,F,25,20,75226
808,3555,3,975393847,U-571 (2000),Action|Thriller,M,25,7,85226
1425,562,5,975085829,Welcome to the Dollhouse (1995),Comedy|Drama,M,1,10,08872
1483,3555,3,974754606,U-571 (2000),Action|Thriller,M,18,4,54481
1491,562,2,974755131,Welcome to the Dollhouse (1995),Comedy|Drama,M,18,4,06511
844,1411,5,975357199,Hamlet (1996),Drama,M,25,0,92121
846,3701,4,975507711,Alien Nation (1988),Crime|Drama|Sci-Fi,M,25,5,80209
881,2976,2,975265757,Bringing Out the Dead (1999),Drama|Horror,M,18,14,76401
889,2976,3,975364370,Bringing Out the Dead (1999),Drama|Horror,M,45,20,10024
999,2815,3,975046588,Iron Eagle (1986),Action|War,M,25,15,62558
1010,2500,2,975222470,Jawbreaker (1999),Comedy,M,25,0,10310
1100,551,4,974924042,"Nightmare Before Christmas, The (1993)",Children's|Comedy|Musical,M,25,0,60090
1383,2639,4,975977718,Mommie Dearest (1981),Drama,F,25,7,19806
1496,1676,3,974752716,Starship Troopers (1997),Action|Adventure|Sci-Fi|War,M,25,17,94108
922,1962,5,975214570,Driving Miss Daisy (1989),Drama,M,56,16,48009
1113,785,5,974915529,Kingpin (1996),Comedy,M,18,4,97215
1266,3949,4,977097454,Requiem for a Dream (2000),Drama,M,25,4,18104
1284,2963,3,978826738,Joe the King (1999),Crime|Drama,M,45,16,33334
1357,1278,5,974770437,Young Frankenstein (1974),Comedy|Horror,M,45,0,34116
854,2002,3,975348362,Lethal Weapon 3 (1992),Action|Comedy|Crime|Drama,F,25,16,44092
924,745,5,975200577,"Close Shave, A (1995)",Animation|Comedy|Thriller,M,50,17,98642
865,1292,4,975281475,Being There (1979),Comedy,M,35,1,91711
1009,3831,5,975027760,Saving Grace (2000),Comedy,M,50,7,48315
1015,475,3,979451956,In the Name of the Father (1993),Drama,M,35,3,11220
1119,1762,3,974912910,Deep Rising (1998),Action|Horror|Sci-Fi,M,35,1,90504
1182,1246,2,997259715,Dead Poets Society (1989),Drama,M,1,10,91326
1465,3769,3,974766186,Thunderbolt and Lightfoot (1974),Action,M,50,16,93003
1505,475,5,983674336,In the Name of the Father (1993),Drama,M,50,11,90041
1019,1097,3,975366359,E.T. the Extra-Terrestrial (1982),Children's|Drama|Fantasy|Sci-Fi,M,35,1,60640
1128,934,3,974905168,Father of the Bride (1950),Comedy,M,25,1,72701
949,104,2,975225574,Happy Gilmore (1996),Comedy,M,50,17,96753
984,3368,4,975117984,"Big Country, The (1958)",Romance|Western,M,50,16,92129
1317,2700,3,974781049,"South Park: Bigger, Longer and Uncut (1999)",Animation|Comedy,M,45,7,98028
1232,3088,5,974837218,Harvey (1950),Comedy,F,18,4,43235
1050,788,4,974964144,"Nutty Professor, The (1996)",Comedy|Fantasy|Romance|Sci-Fi,M,25,1,97302
1449,2730,2,975520041,Barry Lyndon (1975),Drama,M,35,20,17112
868,1387,3,975276544,Jaws (1975),Action|Horror,M,50,17,01702-7224
969,2599,5,975112825,Election (1999),Comedy,F,25,11,19103
1015,2599,5,975017153,Election (1999),Comedy,M,35,3,11220
801,3046,4,975400812,"Incredibly True Adventure of Two Girls in Love, The (1995)",Comedy|Romance,F,25,20,95776
971,208,3,975114055,Waterworld (1995),Action|Adventure,M,25,12,43615
1015,36,4,975016280,Dead Man Walking (1995),Drama,M,35,3,11220
1021,36,5,975008227,Dead Man Walking (1995),Drama,M,35,0,94559
1125,36,4,1025459193,Dead Man Walking (1995),Drama,F,18,4,53715
935,89,4,975182549,Nick of Time (1995),Action|Thriller,M,35,14,60538
941,2555,1,975170616,Baby Geniuses (1999),Comedy,M,18,20,45387
1251,2706,5,974991258,American Pie (1999),Comedy,M,25,7,48188
1586,1088,5,974738483,Dirty Dancing (1987),Musical|Romance,M,45,7,77351
1740,1580,3,974705637,Men in Black (1997),Action|Adventure|Comedy|Sci-Fi,M,56,1,96153
1899,1645,2,974777883,"Devil's Advocate, The (1997)",Crime|Horror|Mystery|Thriller,F,45,6,02135
1930,1580,4,974693268,Men in Black (1997),Action|Adventure|Comedy|Sci-Fi,M,25,15,94550
1958,1580,3,974687399,Men in Black (1997),Action|Adventure|Comedy|Sci-Fi,F,25,1,17055
1965,3175,3,974686185,Galaxy Quest (1999),Adventure|Comedy|Sci-Fi,M,56,17,48304
2207,1580,4,974602748,Men in Black (1997),Action|Adventure|Comedy|Sci-Fi,M,18,4,07508
2221,3175,4,974599779,Galaxy Quest (1999),Adventure|Comedy|Sci-Fi,M,56,17,94931
1599,1127,4,974822934,"Abyss, The (1989)",Action|Adventure|Sci-Fi|Thriller,M,25,0,92646
1717,1483,5,1009260003,Crash (1996),Drama|Thriller,F,50,6,30307
1780,1084,5,974703505,Bonnie and Clyde (1967),Crime|Drama,M,35,1,22181
1793,1127,4,974752822,"Abyss, The (1989)",Action|Adventure|Sci-Fi|Thriller,M,25,4,20008
1836,2580,4,974828061,Go (1999),Crime,M,25,0,10016
1889,3698,3,989088986,"Running Man, The (1987)",Action|Adventure|Sci-Fi,M,18,14,80023
1922,3698,3,974694950,"Running Man, The (1987)",Action|Adventure|Sci-Fi,F,25,7,94303
2038,858,5,974671221,"Godfather, The (1972)",Action|Crime|Drama,F,45,1,33301
2056,1084,5,974817632,Bonnie and Clyde (1967),Crime|Drama,M,25,4,56301
2148,858,1,974621687,"Godfather, The (1972)",Action|Crime|Drama,F,18,0,81301
1912,1303,4,994926360,"Man Who Would Be King, The (1975)",Adventure,M,25,4,91325
1930,3704,3,983755649,Mad Max Beyond Thunderdome (1985),Action|Sci-Fi,M,25,15,94550
2252,2572,3,974594729,10 Things I Hate About You (1999),Comedy|Romance,F,18,1,01562
1680,3098,2,974712147,"Natural, The (1984)",Drama,M,25,20,95380
1835,2259,3,974878272,Blame It on Rio (1984),Comedy|Romance,M,25,19,11501
1941,2392,3,974952575,Jack Frost (1998),Comedy|Drama,M,35,17,94550
2021,879,3,974673376,"Relic, The (1997)",Horror,M,25,0,61364
2051,3566,4,974661822,"Big Kahuna, The (2000)",Comedy|Drama,M,35,7,93906
2241,2096,3,974596399,Sleeping Beauty (1959),Animation|Children's|Musical,M,45,5,60647
2262,588,4,974584689,Aladdin (1992),Animation|Children's|Comedy|Musical,M,45,17,48116
1556,1888,3,974853828,Hope Floats (1998),Comedy|Drama|Romance,M,18,4,48073
1765,296,5,974702513,Pulp Fiction (1994),Crime|Drama,M,18,4,13655
1820,296,4,974703137,Pulp Fiction (1994),Crime|Drama,M,25,20,50265
2070,296,5,992029190,Pulp Fiction (1994),Crime|Drama,F,35,6,13210
1522,3703,4,974745410,Mad Max 2 (a.k.a. The Road Warrior) (1981),Action|Sci-Fi,M,35,20,10025
1641,2396,3,974714838,Shakespeare in Love (1998),Comedy|Romance,M,25,0,95819
1914,2396,5,974691738,Shakespeare in Love (1998),Comedy|Romance,F,35,14,95051
2002,2396,2,974678208,Shakespeare in Love (1998),Comedy|Romance,F,56,13,02136-1522
1524,593,5,981783249,"Silence of the Lambs, The (1991)",Drama|Thriller,M,18,4,06459
1524,2797,4,974747768,Big (1988),Comedy|Fantasy,M,18,4,06459
1645,597,5,988253303,Pretty Woman (1990),Comedy|Romance,F,18,9,62225
1748,1653,3,994585241,Gattaca (1997),Drama|Sci-Fi|Thriller,M,50,1,04240
1767,593,3,974701032,"Silence of the Lambs, The (1991)",Drama|Thriller,M,25,20,75205
2172,597,2,974668219,Pretty Woman (1990),Comedy|Romance,M,18,20,60641
2232,1653,5,974596956,Gattaca (1997),Drama|Sci-Fi|Thriller,M,25,14,60061
1680,2294,4,974715318,Antz (1998),Animation|Children's,M,25,20,95380
1654,1198,3,974710903,Raiders of the Lost Ark (1981),Action|Adventure,F,45,0,94114
2116,368,4,974649866,Maverick (1994),Action|Comedy|Western,M,18,4,49546
2174,34,3,974612179,Babe (1995),Children's|Comedy|Drama,M,50,12,87505
1551,1183,4,1013199545,"English Patient, The (1996)",Drama|Romance|War,M,25,11,20008
1908,2771,4,974849756,Brokedown Palace (1999),Drama,M,56,13,95129
1912,1259,2,1009436719,Stand by Me (1986),Adventure|Comedy|Drama,M,25,4,91325
1933,3538,4,974692044,East is East (1999),Comedy,M,18,19,94703
1942,3538,4,974689553,East is East (1999),Comedy,M,35,5,04901
1949,1259,5,974694320,Stand by Me (1986),Adventure|Comedy|Drama,M,18,17,92595
2109,2662,3,974653339,"War of the Worlds, The (1953)",Action|Sci-Fi|War,M,25,16,13090
2164,2662,4,974613182,"War of the Worlds, The (1953)",Action|Sci-Fi|War,M,35,0,95826
1639,1441,5,975142432,Benny & Joon (1993),Comedy|Romance,M,25,17,95405
1759,2683,4,974788595,Austin Powers: The Spy Who Shagged Me (1999),Comedy,M,25,16,22112
1941,1441,3,974950318,Benny & Joon (1993),Comedy|Romance,M,35,17,94550
1850,2355,5,974697358,"Bug's Life, A (1998)",Animation|Children's|Comedy,M,18,5,12582
1680,1034,5,974711403,Freeway (1996),Crime,M,25,20,95380
1963,300,5,974687888,Quiz Show (1994),Drama,F,50,9,91941
1667,2094,3,975017559,"Rocketeer, The (1991)",Action|Adventure|Sci-Fi,M,50,16,98516
1835,1307,5,974877947,When Harry Met Sally... (1989),Comedy|Romance,M,25,19,11501
1837,587,4,976827767,Ghost (1990),Comedy|Romance|Thriller,M,25,2,08817
1974,587,4,974958620,Ghost (1990),Comedy|Romance|Thriller,M,35,17,12159
2098,1307,4,974653635,When Harry Met Sally... (1989),Comedy|Romance,M,35,20,48067
2219,587,4,974601800,Ghost (1990),Comedy|Romance|Thriller,M,25,6,60060
1835,3252,5,974880538,Scent of a Woman (1992),Drama,M,25,19,11501
1941,76,1,974854178,Screamers (1995),Sci-Fi|Thriller,M,35,17,94550
2041,3252,3,979180377,Scent of a Woman (1992),Drama,F,25,20,24015
2186,1372,4,974607869,Star Trek VI: The Undiscovered Country (1991),Action|Adventure|Sci-Fi,M,18,5,41018
2077,2335,1,979975488,"Waterboy, The (1998)",Comedy,M,18,0,55112
2219,2335,2,974601970,"Waterboy, The (1998)",Comedy,M,25,6,60060
1865,2331,4,976585252,Living Out Loud (1998),Comedy|Romance,F,18,1,94606
1975,1294,4,974685730,M*A*S*H (1970),Comedy|War,M,18,4,97361
2034,2750,5,974669243,Radio Days (1987),Comedy|Drama,F,45,2,01851
1512,908,5,974747339,North by Northwest (1959),Drama|Thriller,M,25,20,11102
1537,3481,4,974744188,High Fidelity (2000),Comedy,M,18,20,02446
1680,1350,3,974708813,"Omen, The (1976)",Horror,M,25,20,95380
1698,2644,5,974771057,Dracula (1931),Horror,M,35,2,97214
1943,1875,4,975734973,Clockwatchers (1997),Comedy,M,18,4,91501
1613,1210,5,974738156,Star Wars: Episode VI - Return of the Jedi (1983),Action|Adventure|Romance|Sci-Fi|War,M,18,20,61801
1822,3727,4,974697886,Near Dark (1987),Comedy|Horror,F,25,0,53713
1941,1363,3,989646285,"Preacher's Wife, The (1996)",Drama,M,35,17,94550
1949,2804,5,974690334,"Christmas Story, A (1983)",Comedy|Drama,M,18,17,92595
1980,2804,5,974686561,"Christmas Story, A (1983)",Comedy|Drama,M,35,7,06460
2029,1148,5,974670331,"Wrong Trousers, The (1993)",Animation|Comedy,F,25,12,10011
2109,1210,5,974656230,Star Wars: Episode VI - Return of the Jedi (1983),Action|Adventure|Romance|Sci-Fi|War,M,25,16,13090
2225,2804,5,974676711,"Christmas Story, A (1983)",Comedy|Drama,M,25,5,96815
1676,3173,4,974801771,Any Given Sunday (1999),Drama,M,18,4,91301
1748,1085,3,985478837,"Old Man and the Sea, The (1958)",Adventure|Drama,M,50,1,04240
1780,2496,3,1010683603,Blast from the Past (1999),Comedy|Romance,M,35,1,22181
1916,2069,3,974696309,"Trip to Bountiful, The (1985)",Drama,M,45,7,90405
2023,3173,3,974676679,Any Given Sunday (1999),Drama,M,18,4,56001
2203,3258,5,974609934,Death Becomes Her (1992),Comedy,M,45,12,53718
1635,1093,4,977037693,"Doors, The (1991)",Drama|Musical,M,25,0,97212
1702,2723,5,974876172,Mystery Men (1999),Action|Adventure|Comedy,M,18,10,97303
2088,2531,2,974656300,Battle for the Planet of the Apes (1973),Action|Sci-Fi,M,50,7,60618
1606,2692,5,974736242,Run Lola Run (Lola rennt) (1998),Action|Crime|Romance,F,35,3,55405
1831,2701,2,974702587,Wild Wild West (1999),Action|Sci-Fi|Western,M,18,4,53190
1546,2502,4,974826024,Office Space (1999),Comedy|Romance,M,25,4,22903
1758,2502,4,974786558,Office Space (1999),Comedy|Romance,F,25,0,33067-1400
2181,2502,5,974610446,Office Space (1999),Comedy|Romance,M,25,0,45245
2185,926,5,975365187,All About Eve (1950),Drama,M,45,17,27502
1945,1215,2,974692787,Army of Darkness (1993),Action|Adventure|Comedy|Horror|Sci-Fi,M,25,20,92866
2023,1215,4,1006283089,Army of Darkness (1993),Action|Adventure|Comedy|Horror|Sci-Fi,M,18,4,56001
1925,2288,5,974693368,"Thing, The (1982)",Action|Horror|Sci-Fi|Thriller,M,50,7,92886
1968,1249,2,974685193,Nikita (La Femme Nikita) (1990),Thriller,M,25,11,85258
1836,2725,3,974826960,Twin Falls Idaho (1999),Drama,M,25,0,10016
1880,372,4,974699027,Reality Bites (1994),Comedy|Drama,M,35,0,91006
1996,2407,4,974681127,Cocoon (1985),Comedy|Sci-Fi,M,35,0,85621
2026,2407,4,974673826,Cocoon (1985),Comedy|Sci-Fi,M,50,16,49277
2098,22,3,974655347,Copycat (1995),Crime|Drama|Thriller,M,35,20,48067
1676,122,2,974800503,Boomerang (1992),Comedy|Romance,M,18,4,91301
1692,3728,5,974710541,One False Move (1991),Thriller,M,35,20,97333
1941,3689,2,974952547,Porky's II: The Next Day (1983),Comedy,M,35,17,94550
1542,232,5,974743115,Eat Drink Man Woman (1994),Comedy|Drama,M,18,17,12054
1624,2414,3,974853017,Young Sherlock Holmes (1985),Action|Adventure|Mystery,M,25,0,06810
1749,190,4,974702581,Safe (1995),Thriller,M,25,2,10040
1913,924,5,974692114,2001: A Space Odyssey (1968),Drama|Mystery|Sci-Fi|Thriller,M,25,17,95126
1598,2791,4,974733065,Airplane! (1980),Comedy,M,35,13,76548
1647,367,3,974806815,"Mask, The (1994)",Comedy|Crime|Fantasy,M,18,18,98118
2019,2757,4,974674027,Frances (1982),Drama,M,50,1,27705
1718,1729,4,974705368,Jackie Brown (1997),Crime|Drama,M,18,4,43235
1734,3504,4,974704348,Network (1976),Comedy|Drama,M,45,17,94602
1737,1197,4,974705822,"Princess Bride, The (1987)",Action|Adventure|Comedy|Romance,M,35,20,46614
1837,519,1,976025867,Robocop 3 (1993),Sci-Fi|Thriller,M,25,2,08817
1889,2628,3,989087737,Star Wars: Episode I - The Phantom Menace (1999),Action|Adventure|Fantasy|Sci-Fi,M,18,14,80023
1939,1729,4,974696188,Jackie Brown (1997),Crime|Drama,F,35,2,94930
1941,2181,4,974852480,Marnie (1964),Thriller,M,35,17,94550
2020,111,3,975725194,Taxi Driver (1976),Drama|Thriller,M,25,7,45011
2063,1197,5,975742954,"Princess Bride, The (1987)",Action|Adventure|Comedy|Romance,M,25,4,43138
1909,47,5,974692090,Seven (Se7en) (1995),Crime|Thriller,M,18,4,89146
2208,1244,5,974612211,Manhattan (1979),Comedy|Drama|Romance,M,25,0,10006
2251,1206,4,974595929,"Clockwork Orange, A (1971)",Sci-Fi,M,35,14,60626
1639,353,4,974716918,"Crow, The (1994)",Action|Romance|Thriller,M,25,17,95405
1803,1586,3,974704904,G.I. Jane (1997),Action|Drama|War,M,25,2,50021
1908,2882,4,974873496,Jakob the Liar (1999),Drama,M,56,13,95129
1749,1288,3,974839566,This Is Spinal Tap (1984),Comedy|Drama|Musical,M,25,2,10040
2109,2082,2,974663122,"Mighty Ducks, The (1992)",Children's|Comedy,M,25,16,13090
2214,2108,4,974602261,L.A. Story (1991),Comedy|Romance,F,25,1,46807
1675,1590,4,974711873,Event Horizon (1997),Action|Mystery|Sci-Fi|Thriller,F,25,6,97116
1820,1590,2,974698840,Event Horizon (1997),Action|Mystery|Sci-Fi|Thriller,M,25,20,50265
1958,3261,5,974859282,Singles (1992),Comedy|Drama|Romance,F,25,1,17055
2116,2840,4,976477335,Stigmata (1999),Thriller,M,18,4,49546
1647,2320,1,974807885,Apt Pupil (1998),Drama|Thriller,M,18,18,98118
1686,3927,4,974708208,Fantastic Voyage (1966),Adventure|Sci-Fi,M,35,12,94062
2222,3421,2,974599046,Animal House (1978),Comedy,F,45,1,13088
2239,3421,3,986873681,Animal House (1978),Comedy,M,18,10,60148
1525,3819,4,974745279,Tampopo (1986),Comedy,F,25,16,94706
1635,2054,3,974774024,"Honey, I Shrunk the Kids (1989)",Adventure|Children's|Comedy|Fantasy|Sci-Fi,M,25,0,97212
1852,1391,2,974697235,Mars Attacks! (1996),Action|Comedy|Sci-Fi|War,M,25,12,10036
1856,1391,5,974698103,Mars Attacks! (1996),Action|Comedy|Sci-Fi|War,M,56,7,92065
1958,2296,2,994387953,"Night at the Roxbury, A (1998)",Comedy,F,25,1,17055
1980,1391,1,974685647,Mars Attacks! (1996),Action|Comedy|Sci-Fi|War,M,35,7,06460
1983,3452,3,976898582,Romeo Must Die (2000),Action|Romance,M,25,14,92109
1733,3060,4,1007715186,"Commitments, The (1991)",Comedy|Drama,M,18,14,43725
2060,2763,1,974660101,"Thomas Crown Affair, The (1999)",Action|Thriller,M,1,1,48304
2092,3622,2,974769567,"Twelve Chairs, The (1970)",Comedy,M,56,1,49006
2102,3147,2,974655627,"Green Mile, The (1999)",Drama|Thriller,M,25,11,48825
2106,1902,2,975441741,Dream for an Insomniac (1996),Drama|Romance,F,18,20,495321
2205,1302,4,974605376,Field of Dreams (1989),Drama,F,25,7,10016
1812,2155,4,1023227000,"Slums of Beverly Hills, The (1998)",Comedy,F,25,12,48103
1698,2256,2,974773234,Parasite (1982),Horror|Sci-Fi,M,35,2,97214
2018,2170,1,1003549911,Wrongfully Accused (1998),Action|Comedy,M,35,16,46214
2054,2170,2,974667856,Wrongfully Accused (1998),Action|Comedy,M,25,12,03110
1727,442,4,974707870,Demolition Man (1993),Action|Sci-Fi,M,35,16,50317
2022,442,3,974740871,Demolition Man (1993),Action|Sci-Fi,M,25,7,60137
1579,440,4,980461599,Dave (1993),Comedy|Romance,M,25,0,60201
1717,2455,3,974705346,"Fly, The (1986)",Horror|Sci-Fi,F,50,6,30307
1737,2455,4,974706496,"Fly, The (1986)",Horror|Sci-Fi,M,35,20,46614
1797,3022,5,974700204,"General, The (1927)",Comedy,M,35,7,52003
1934,2318,4,974690278,Happiness (1998),Comedy,M,25,17,95014
2063,280,3,974662668,Murder in the First (1995),Drama|Thriller,M,25,4,43138
2225,1663,4,974599355,Stripes (1981),Comedy,M,25,5,96815
1543,1089,4,974748928,Reservoir Dogs (1992),Crime|Thriller,M,25,11,10549
1579,6,3,974737705,Heat (1995),Action|Crime|Thriller,M,25,0,60201
1756,2433,3,974701985,"Civil Action, A (1998)",Drama,F,25,1,75149
1937,1267,5,974706733,"Manchurian Candidate, The (1962)",Film-Noir|Thriller,M,25,11,92335
2090,474,5,974764235,In the Line of Fire (1993),Action|Thriller,M,35,17,48313
2145,1367,2,974630637,101 Dalmatians (1996),Children's|Comedy,M,18,10,32750
2185,1267,4,975364896,"Manchurian Candidate, The (1962)",Film-Noir|Thriller,M,45,17,27502
2225,1267,4,979412373,"Manchurian Candidate, The (1962)",Film-Noir|Thriller,M,25,5,96815
1726,2699,4,974710969,Arachnophobia (1990),Action|Comedy|Sci-Fi|Thriller,M,25,2,60160
1727,2470,3,974712192,Crocodile Dundee (1986),Adventure|Comedy,M,35,16,50317
1761,2699,3,974703873,Arachnophobia (1990),Action|Comedy|Sci-Fi|Thriller,M,35,0,72058
1853,2699,2,975020094,Arachnophobia (1990),Action|Comedy|Sci-Fi|Thriller,M,50,0,90803
1780,3,2,994173061,Grumpier Old Men (1995),Comedy|Romance,M,35,1,22181
1546,3893,1,986523038,Nurse Betty (2000),Comedy|Thriller,M,25,4,22903
1654,3925,5,974713501,Stranger Than Paradise (1984),Comedy,F,45,0,94114
1666,2686,3,974711626,"Red Violin, The (Le Violon rouge) (1998)",Drama|Mystery,M,25,14,15241
1740,3167,5,974705252,Carnal Knowledge (1971),Drama,M,56,1,96153
1764,1275,4,974703341,Highlander (1986),Action|Adventure,M,18,0,75149
1842,2686,4,996465187,"Red Violin, The (Le Violon rouge) (1998)",Drama|Mystery,M,18,4,53190
2114,2161,3,975103827,"NeverEnding Story, The (1984)",Adventure|Children's|Fantasy,M,18,18,21740
2244,1997,4,974597205,"Exorcist, The (1973)",Horror,M,1,10,60565
1689,3793,4,974708739,X-Men (2000),Action|Sci-Fi,M,35,5,98465
1980,500,2,974773830,Mrs. Doubtfire (1993),Comedy,M,35,7,06460
1599,1994,3,974732993,Poltergeist (1982),Horror|Thriller,M,25,0,92646
1726,2808,1,974711865,Universal Soldier (1992),Action|Sci-Fi,M,25,2,60160
1726,2880,3,974710811,Operation Condor 2 (Longxiong hudi) (1990),Action|Adventure|Comedy,M,25,2,60160
2077,1021,3,1023951514,Angels in the Outfield (1994),Children's|Comedy,M,18,0,55112
2186,3439,1,974608813,Teenage Mutant Ninja Turtles II: The Secret of the Ooze (1991),Action|Children's|Fantasy,M,18,5,41018
1647,377,4,974804539,Speed (1994),Action|Romance|Thriller,M,18,18,98118
2125,3863,5,974644947,"Cell, The (2000)",Sci-Fi|Thriller,M,35,3,46033
2165,2867,5,974615331,Fright Night (1985),Comedy|Horror,M,25,7,32836
1965,920,5,974685478,Gone with the Wind (1939),Drama|Romance|War,M,56,17,48304
1808,1968,4,974697693,"Breakfast Club, The (1985)",Comedy|Drama,F,18,4,22031
2102,2694,2,974654578,Big Daddy (1999),Comedy,M,25,11,48825
1737,339,3,977004551,While You Were Sleeping (1995),Comedy|Romance,M,35,20,46614
1744,1517,3,974706205,Austin Powers: International Man of Mystery (1997),Comedy,M,35,12,50325
1958,3388,3,974687467,Harry and the Hendersons (1987),Comedy,F,25,1,17055
2144,919,3,974628619,"Wizard of Oz, The (1939)",Adventure|Children's|Drama|Musical,M,18,0,46517
1601,1917,5,978577315,Armageddon (1998),Action|Adventure|Sci-Fi|Thriller,M,25,12,83001
1635,2014,3,977113194,Freaky Friday (1977),Children's|Comedy,M,25,0,97212
1667,1917,4,975017785,Armageddon (1998),Action|Adventure|Sci-Fi|Thriller,M,50,16,98516
1812,2014,5,974845928,Freaky Friday (1977),Children's|Comedy,F,25,12,48103
1680,1191,5,974840462,Madonna: Truth or Dare (1991),Documentary,M,25,20,95380
1744,2245,4,974706929,Working Girl (1988),Comedy|Drama,M,35,12,50325
1958,3534,3,978016384,28 Days (2000),Comedy,F,25,1,17055
2041,491,3,979180653,"Man Without a Face, The (1993)",Drama,F,25,20,24015
2258,2640,3,980136432,Superman (1978),Action|Adventure|Sci-Fi,F,18,4,10033
1805,3034,4,974838198,Robin Hood (1973),Animation|Children's,M,18,4,22401
2015,3350,1,974851133,"Raisin in the Sun, A (1961)",Drama,M,18,4,01003
2131,2412,2,974645804,Rocky V (1990),Action|Drama,M,25,0,01701
1599,1167,4,974825058,Dear God (1996),Comedy,M,25,0,92646
1819,3702,4,974698505,Mad Max (1979),Action|Sci-Fi,F,35,12,45249
1524,48,4,974750820,Pocahontas (1995),Animation|Children's|Musical|Romance,M,18,4,06459
2020,2803,2,974675696,"Pelican Brief, The (1993)",Thriller,M,25,7,45011
1538,1711,5,974756075,Midnight in the Garden of Good and Evil (1997),Comedy|Crime|Drama|Mystery,M,25,3,22601
1680,5,3,974837992,Father of the Bride Part II (1995),Comedy,M,25,20,95380
1701,1407,1,974708593,Scream (1996),Horror|Thriller,F,25,4,97233
2020,1711,1,974675268,Midnight in the Garden of Good and Evil (1997),Comedy|Crime|Drama|Mystery,M,25,7,45011
2063,2985,3,975744091,Robocop (1987),Action|Crime|Sci-Fi,M,25,4,43138
1737,3552,4,974706299,Caddyshack (1980),Comedy,M,35,20,46614
1744,2268,5,974704446,"Few Good Men, A (1992)",Crime|Drama,M,35,12,50325
1837,3007,4,974842173,American Movie (1999),Documentary,M,25,2,08817
1921,1357,2,974689766,Shine (1996),Drama|Romance,M,56,12,92780
2014,3007,5,974675334,American Movie (1999),Documentary,M,18,4,53233
1605,2515,2,975385246,Children of the Corn II: The Final Sacrifice (1993),Horror,F,18,0,28270
1837,2105,4,974840994,Tron (1982),Action|Adventure|Fantasy|Sci-Fi,M,25,2,08817
1545,2571,3,974744217,"Matrix, The (1999)",Action|Sci-Fi|Thriller,M,25,20,20009
1632,2950,1,974720040,"Blue Lagoon, The (1980)",Adventure|Drama|Romance,M,25,16,94120
2012,2571,5,974675952,"Matrix, The (1999)",Action|Sci-Fi|Thriller,M,25,4,49456
2063,3039,3,975743649,Trading Places (1983),Comedy,M,25,4,43138
1587,1541,4,974741179,Addicted to Love (1997),Comedy|Romance,F,25,3,30308
1685,2664,2,974709721,Invasion of the Body Snatchers (1956),Horror|Sci-Fi,M,35,12,95833
1841,2836,2,974746588,Outside Providence (1999),Comedy,M,18,0,95037
1941,2176,4,974851988,Rope (1948),Thriller,M,35,17,94550
2010,780,2,974676332,Independence Day (ID4) (1996),Action|Sci-Fi|War,M,18,4,81520
1628,299,3,975162882,Priest (1994),Drama,M,18,20,90028
2110,1569,1,974652389,My Best Friend's Wedding (1997),Comedy|Romance,M,50,11,46802
1643,1603,5,1011842378,Mimic (1997),Sci-Fi|Thriller,M,45,2,90813
1712,1299,5,980385672,"Killing Fields, The (1984)",Drama|War,M,25,0,73003
2095,2987,3,974654673,Who Framed Roger Rabbit? (1988),Adventure|Animation|Film-Noir,M,56,13,58504
2211,2987,4,974603224,Who Framed Roger Rabbit? (1988),Adventure|Animation|Film-Noir,M,45,6,01950
1675,1375,3,974711091,Star Trek III: The Search for Spock (1984),Action|Adventure|Sci-Fi,F,25,6,97116
1741,1375,5,974707758,Star Trek III: The Search for Spock (1984),Action|Adventure|Sci-Fi,M,35,7,91107
1698,41,4,975875104,Richard III (1995),Drama|War,M,35,2,97214
1753,904,5,974705699,Rear Window (1954),Mystery|Thriller,M,35,6,90803
1809,3285,3,974697966,"Beach, The (2000)",Adventure|Drama,F,25,14,12189
2264,484,3,974583193,Lassie (1994),Adventure|Children's,F,45,7,37877
2010,15,1,974676900,Cutthroat Island (1995),Action|Adventure|Romance,M,18,4,81520
2058,43,3,974662608,Restoration (1995),Drama,F,56,1,06437
2153,3527,3,974771878,Predator (1987),Action|Sci-Fi|Thriller,M,18,16,97405
2231,2565,5,974603031,"King and I, The (1956)",Musical,M,50,11,85726
1557,1194,5,975339580,Up in Smoke (1978),Comedy,F,18,4,10039
1717,1947,5,997438796,West Side Story (1961),Musical|Romance,F,50,6,30307
1851,849,1,998443274,Escape from L.A. (1996),Action|Adventure|Sci-Fi|Thriller,M,25,19,59602
2232,2278,5,974597963,Ronin (1998),Action|Crime|Thriller,M,25,14,60061
2232,1732,3,974597684,"Big Lebowski, The (1998)",Comedy|Crime|Mystery|Thriller,M,25,14,60061
2259,2278,3,974591771,Ronin (1998),Action|Crime|Thriller,F,56,16,70503
1647,1240,4,974712514,"Terminator, The (1984)",Action|Sci-Fi|Thriller,M,18,18,98118
1759,1240,5,974703267,"Terminator, The (1984)",Action|Sci-Fi|Thriller,M,25,16,22112
1780,3074,3,974750737,Jeremiah Johnson (1972),Western,M,35,1,22181
2002,3262,4,974677678,Twin Peaks: Fire Walk with Me (1992),Drama|Mystery,F,56,13,02136-1522
2047,1831,3,974762694,Lost in Space (1998),Action|Sci-Fi|Thriller,M,1,10,06437
2124,366,3,974645405,Wes Craven's New Nightmare (1994),Horror,M,25,0,12306
2145,1831,3,974628462,Lost in Space (1998),Action|Sci-Fi|Thriller,M,18,10,32750
1586,590,4,974736418,Dances with Wolves (1990),Adventure|Drama|Western,M,45,7,77351
1680,2149,1,974709860,House II: The Second Story (1987),Comedy|Horror,M,25,20,95380
1780,590,3,974750178,Dances with Wolves (1990),Adventure|Drama|Western,M,35,1,22181
2043,2336,4,974666271,Elizabeth (1998),Drama,M,25,14,37931
2258,383,2,982479405,Wyatt Earp (1994),Western,F,18,4,10033
1793,3471,4,974703567,Close Encounters of the Third Kind (1977),Drama|Sci-Fi,M,25,4,20008
1899,3471,4,974694573,Close Encounters of the Third Kind (1977),Drama|Sci-Fi,F,45,6,02135
2018,903,4,974676207,Vertigo (1958),Mystery|Thriller,M,35,16,46214
1579,2657,3,989257663,"Rocky Horror Picture Show, The (1975)",Comedy|Horror|Musical|Sci-Fi,M,25,0,60201
1671,1696,4,974715055,Bent (1997),Drama|War,M,35,0,98368
1816,1124,5,974697309,On Golden Pond (1981),Drama,F,35,9,56007
2116,1271,4,974857063,Fried Green Tomatoes (1991),Drama,M,18,4,49546
2203,3697,5,974603640,Predator 2 (1990),Action|Sci-Fi|Thriller,M,45,12,53718
1635,2826,4,974792116,"13th Warrior, The (1999)",Action|Horror|Thriller,M,25,0,97212
1694,2279,2,974712393,Urban Legend (1998),Horror|Thriller,M,25,12,98116
1721,107,4,974705277,Muppet Treasure Island (1996),Adventure|Children's|Comedy|Musical,M,18,19,70043
1875,3501,2,975767996,Murphy's Romance (1985),Comedy|Romance,M,35,12,94107
2063,2279,3,975361550,Urban Legend (1998),Horror|Thriller,M,25,4,43138
1646,3952,5,974712273,"Contender, The (2000)",Drama|Thriller,M,25,20,90046
1941,17,4,975391811,Sense and Sensibility (1995),Drama|Romance,M,35,17,94550
2029,2141,3,974670707,"American Tail, An (1986)",Animation|Children's|Comedy,F,25,12,10011
2041,1597,3,1015352930,Conspiracy Theory (1997),Action|Mystery|Romance|Thriller,F,25,20,24015
2129,3952,3,983416662,"Contender, The (2000)",Drama|Thriller,M,25,5,04103
1609,2861,3,974742525,For Love of the Game (1999),Comedy|Drama,F,35,9,06830
2008,3619,5,974677439,"Hollywood Knights, The (1980)",Comedy,M,25,3,48220
1693,3114,4,974708706,Toy Story 2 (1999),Animation|Children's|Comedy,M,25,12,98684
1850,2087,3,974697509,Peter Pan (1953),Animation|Children's|Fantasy|Musical,M,18,5,12582
1883,2087,4,974877562,Peter Pan (1953),Animation|Children's|Fantasy|Musical,F,50,0,94521
2060,2759,4,974681229,Dick (1999),Comedy,M,1,1,48304
2109,3615,4,974668844,Dinosaur (2000),Animation|Children's,M,25,16,13090
2136,2269,3,974644118,Indecent Proposal (1993),Drama,M,35,18,13027
2077,1969,2,974658655,"Nightmare on Elm Street Part 2: Freddy's Revenge, A (1985)",Horror,M,18,0,55112
1530,1982,5,974751979,Halloween (1978),Horror,M,25,4,53711
1605,2029,4,1043080587,Billy's Hollywood Screen Kiss (1997),Comedy|Romance,F,18,0,28270
1699,3897,4,974707414,Almost Famous (2000),Comedy|Drama,F,25,19,98102
1889,381,3,976400023,When a Man Loves a Woman (1994),Drama,M,18,14,80023
1749,1589,2,974841179,Cop Land (1997),Crime|Drama|Mystery,M,25,2,10040
1775,3468,5,974703407,"Hustler, The (1961)",Drama,M,25,4,70115
1865,3571,3,1014262224,Time Code (2000),Drama,F,18,1,94606
1943,2080,5,993858772,Lady and the Tramp (1955),Animation|Children's|Comedy|Musical|Romance,M,18,4,91501
2015,761,4,974758232,"Phantom, The (1996)",Adventure,M,18,4,01003
2125,1881,4,977029197,Quest for Camelot (1998),Adventure|Animation|Children's|Fantasy,M,35,3,46033
2172,594,3,1014438074,Snow White and the Seven Dwarfs (1937),Animation|Children's|Musical,M,18,20,60641
1516,3511,3,976294563,Ready to Rumble (2000),Comedy,F,25,12,53154
1835,1379,4,974879155,Young Guns II (1990),Action|Comedy|Western,M,25,19,11501
1901,3201,4,974698521,Five Easy Pieces (1970),Drama,M,50,7,94024
1980,2716,3,974772685,Ghostbusters (1984),Comedy|Horror,M,35,7,06460
2016,1059,4,974676671,William Shakespeare's Romeo and Juliet (1996),Drama|Romance,F,56,2,20783
2018,3201,5,974674271,Five Easy Pieces (1970),Drama,M,35,16,46214
2211,3099,4,974602572,Shampoo (1975),Comedy|Romance,M,45,6,01950
1676,2273,4,974797553,Rush Hour (1998),Action|Thriller,M,18,4,91301
2124,1377,1,974653296,Batman Returns (1992),Action|Adventure|Comedy|Crime,M,25,0,12306
1570,800,5,974737974,Lone Star (1996),Drama|Mystery,M,18,17,75093
1758,441,5,974784998,Dazed and Confused (1993),Comedy,F,25,0,33067-1400
1819,2174,2,974698977,Beetlejuice (1988),Comedy|Fantasy,F,35,12,45249
2012,733,2,974676248,"Rock, The (1996)",Action|Adventure|Thriller,M,25,4,49456
1845,307,5,974709744,Three Colors: Blue (1993),Drama,M,25,2,10002
1996,3513,5,974680576,Rules of Engagement (2000),Drama|Thriller,M,35,0,85621
2030,307,4,974733863,Three Colors: Blue (1993),Drama,M,25,4,77345
2041,307,4,988926311,Three Colors: Blue (1993),Drama,F,25,20,24015
2063,537,2,975362173,Sirens (1994),Comedy|Drama,M,25,4,43138
2092,2081,3,974769867,"Little Mermaid, The (1989)",Animation|Children's|Comedy|Musical|Romance,M,56,1,49006
1617,1205,3,974732120,"Transformers: The Movie, The (1986)",Action|Animation|Children's|Sci-Fi|Thriller|War,M,25,12,44060
1819,1036,5,974698141,Die Hard (1988),Action|Thriller,F,35,12,45249
2127,1036,3,982118810,Die Hard (1988),Action|Thriller,M,18,4,12309
2205,301,3,974603427,Picture Bride (1995),Drama|Romance,F,25,7,10016
2227,1036,5,974600526,Die Hard (1988),Action|Thriller,M,50,14,60016
1716,2581,3,976686645,Never Been Kissed (1999),Comedy|Romance,M,25,0,43229
2056,2046,2,974816541,Flight of the Navigator (1986),Adventure|Children's|Sci-Fi,M,25,4,56301
2232,1779,4,974597104,Sphere (1998),Adventure|Sci-Fi|Thriller,M,25,14,60061
1875,1066,4,975769593,Shall We Dance? (1937),Comedy|Musical|Romance,M,35,12,94107
1977,1256,4,974688434,Duck Soup (1933),Comedy|War,M,56,6,02726
2020,161,4,974675480,Crimson Tide (1995),Drama|Thriller|War,M,25,7,45011
1683,3465,3,974711425,That's Life! (1986),Drama,F,25,7,98109
1755,1022,4,974702413,Cinderella (1950),Animation|Children's|Musical,F,18,4,77005
1841,2959,5,974697452,Fight Club (1999),Drama,M,18,0,95037
2222,39,2,974599161,Clueless (1995),Comedy|Romance,F,45,1,13088
1543,380,5,974742930,True Lies (1994),Action|Adventure|Comedy|Romance,M,25,11,10549
1609,3263,3,974742402,White Men Can't Jump (1992),Comedy,F,35,9,06830
2054,520,3,974664701,Robin Hood: Men in Tights (1993),Comedy,M,25,12,03110
2204,3002,4,974603446,My Best Fiend (Mein liebster Feind) (1999),Documentary,M,56,3,94941
2264,520,4,974582572,Robin Hood: Men in Tights (1993),Comedy,F,45,7,37877
1647,514,4,1024132177,"Ref, The (1994)",Comedy,M,18,18,98118
1746,2034,5,974703874,"Black Hole, The (1979)",Sci-Fi,M,25,4,33157
1758,162,4,974784693,Crumb (1994),Documentary,F,25,0,33067-1400
2163,514,5,974615845,"Ref, The (1994)",Comedy,M,18,0,87122
2186,1431,3,974608430,Beverly Hills Ninja (1997),Action|Comedy,M,18,5,41018
1806,648,5,977294326,Mission: Impossible (1996),Action|Adventure|Mystery,M,18,4,22032
1853,2918,5,975018883,Ferris Bueller's Day Off (1986),Comedy,M,50,0,90803
2017,648,5,974674337,Mission: Impossible (1996),Action|Adventure|Mystery,M,25,17,35808
2041,2357,4,979180278,Central Station (Central do Brasil) (1998),Drama,F,25,20,24015
2153,648,3,974668892,Mission: Impossible (1996),Action|Adventure|Mystery,M,18,16,97405
2173,2070,4,974611297,Tender Mercies (1983),Drama,M,50,13,87502
2063,453,3,974662668,For Love or Money (1993),Comedy,M,25,4,43138
2236,720,4,974596653,Wallace & Gromit: The Best of Aardman Animation (1996),Animation,M,1,10,96782
2242,1358,5,974600376,Sling Blade (1996),Drama|Thriller,M,18,4,60115
2251,3169,3,974598683,"Falcon and the Snowman, The (1984)",Drama,M,35,14,60626
1851,691,2,1020105232,Mrs. Winterbourne (1996),Comedy|Romance,M,25,19,59602
1969,2053,2,974690230,"Honey, I Blew Up the Kid (1992)",Children's|Comedy|Sci-Fi,F,25,3,92116
2190,1914,4,1033341339,Smoke Signals (1998),Comedy|Drama,F,25,15,27603
1694,1233,5,974716599,"Boat, The (Das Boot) (1981)",Action|Drama|War,M,25,12,98116
2091,1374,5,974655272,Star Trek: The Wrath of Khan (1982),Action|Adventure|Sci-Fi,F,35,20,48044
1584,434,4,975387834,Cliffhanger (1993),Action|Adventure|Crime,M,25,19,45701
1746,3516,4,974854263,"Bell, Book and Candle (1958)",Comedy|Romance,M,25,4,33157
2020,585,2,974679829,"Brady Bunch Movie, The (1995)",Comedy,M,25,7,45011
2114,1673,4,974649400,Boogie Nights (1997),Drama,M,18,18,21740
1587,1381,4,974736481,Grease 2 (1982),Comedy|Musical|Romance,F,25,3,30308
1680,2119,4,974710177,Maximum Overdrive (1986),Horror,M,25,20,95380
1819,2119,1,974697291,Maximum Overdrive (1986),Horror,F,35,12,45249
2259,2333,5,974587923,Gods and Monsters (1998),Drama,F,56,16,70503
1511,2863,4,974841476,"Hard Day's Night, A (1964)",Comedy|Musical,M,35,12,08902
1579,3052,2,985110470,Dogma (1999),Comedy,M,25,0,60201
1676,438,3,974800379,"Cowboy Way, The (1994)",Action|Comedy,M,18,4,91301
1759,1887,3,974788325,Almost Heroes (1998),Adventure|Comedy,M,25,16,22112
1812,1297,5,974702868,Real Genius (1985),Comedy,F,25,12,48103
1941,3608,1,974949969,Pee-wee's Big Adventure (1985),Comedy,M,35,17,94550
1803,1876,3,974704983,Deep Impact (1998),Action|Drama|Sci-Fi|Thriller,M,25,2,50021
1912,1876,1,1021363651,Deep Impact (1998),Action|Drama|Sci-Fi|Thriller,M,25,4,91325
2042,2143,2,974669433,Legend (1985),Adventure|Fantasy|Romance,M,1,10,79358
1579,1690,2,974737964,Alien: Resurrection (1997),Action|Horror|Sci-Fi,M,25,0,60201
1675,2851,3,974711924,Saturn 3 (1979),Adventure|Sci-Fi|Thriller,F,25,6,97116
1747,1690,3,974703377,Alien: Resurrection (1997),Action|Horror|Sci-Fi,M,25,0,90638
1921,2851,3,974693434,Saturn 3 (1979),Adventure|Sci-Fi|Thriller,M,56,12,92780
1605,1347,4,975384989,"Nightmare on Elm Street, A (1984)",Horror,F,18,0,28270
1741,1356,5,974707563,Star Trek: First Contact (1996),Action|Adventure|Sci-Fi,M,35,7,91107
1884,1356,4,974693627,Star Trek: First Contact (1996),Action|Adventure|Sci-Fi,M,45,20,93108
2015,3361,2,1035826873,Bull Durham (1988),Comedy,M,18,4,01003
2098,2919,2,974653706,Year of Living Dangerously (1982),Drama|Romance,M,35,20,48067
1920,3526,3,974728487,Parenthood (1989),Comedy|Drama,F,35,7,80122
1941,1094,4,974953815,"Crying Game, The (1992)",Drama|Romance|War,M,35,17,94550
1943,3526,4,974768542,Parenthood (1989),Comedy|Drama,M,18,4,91501
2238,509,3,974596697,"Piano, The (1993)",Drama|Romance,F,25,4,32607
1546,589,4,975509757,Terminator 2: Judgment Day (1991),Action|Sci-Fi|Thriller,M,25,4,22903
1639,1459,4,975142355,Absolute Power (1997),Mystery|Thriller,M,25,17,95405
1753,2769,4,974701886,"Yards, The (1999)",Crime|Mystery,M,35,6,90803
1767,589,3,974703806,Terminator 2: Judgment Day (1991),Action|Sci-Fi|Thriller,M,25,20,75205
1778,589,5,974706532,Terminator 2: Judgment Day (1991),Action|Sci-Fi|Thriller,M,18,4,94704
1915,589,4,974691961,Terminator 2: Judgment Day (1991),Action|Sci-Fi|Thriller,M,50,13,01938
1959,589,5,974687211,Terminator 2: Judgment Day (1991),Action|Sci-Fi|Thriller,F,50,13,53092
2181,1459,2,974612465,Absolute Power (1997),Mystery|Thriller,M,25,0,45245
2208,2769,4,974606596,"Yards, The (1999)",Crime|Mystery,M,25,0,10006
1527,50,5,975372117,"Usual Suspects, The (1995)",Crime|Thriller,M,18,10,78230
1552,50,5,974743380,"Usual Suspects, The (1995)",Crime|Thriller,M,45,20,10021
1599,2431,3,974824250,Patch Adams (1998),Comedy|Drama,M,25,0,92646
1682,750,5,974709128,Dr. Strangelove or: How I Learned to Stop Worrying and Love the Bomb (1963),Sci-Fi|War,M,25,2,98102
1859,1214,4,974696202,Alien (1979),Action|Horror|Sci-Fi|Thriller,F,25,4,66049
1861,50,4,974700466,"Usual Suspects, The (1995)",Crime|Thriller,M,50,16,92129
1880,1214,4,975381442,Alien (1979),Action|Horror|Sci-Fi|Thriller,M,35,0,91006
1891,3168,4,974693982,Easy Rider (1969),Adventure|Drama,M,45,1,91335
1976,1660,3,974688558,Eve's Bayou (1997),Drama,M,35,5,58703
2251,2395,4,974598808,Rushmore (1998),Comedy,M,35,14,60626
1733,1343,4,1032631882,Cape Fear (1991),Thriller,M,18,14,43725
1748,2671,4,1021190102,Notting Hill (1999),Comedy|Romance,M,50,1,04240
1922,2012,2,974694867,Back to the Future Part III (1990),Comedy|Sci-Fi|Western,F,25,7,94303
2238,527,3,974596219,Schindler's List (1993),Drama|War,F,25,4,32607
1658,1704,2,974712988,Good Will Hunting (1997),Drama,F,35,6,94214
1836,1704,4,974825445,Good Will Hunting (1997),Drama,M,25,0,10016
1941,2091,3,974854882,Return from Witch Mountain (1978),Children's|Sci-Fi,M,35,17,94550
2092,3724,3,974655051,Coming Home (1978),Drama|War,M,56,1,49006
2173,3724,3,974610911,Coming Home (1978),Drama|War,M,50,13,87502
2219,1611,3,974603123,My Own Private Idaho (1991),Drama,M,25,6,60060
1837,2952,2,976025915,"Hard 8 (a.k.a. Sydney, a.k.a. Hard Eight) (1996)",Crime|Thriller,M,25,2,08817
1955,2719,1,974688351,"Haunting, The (1999)",Horror|Thriller,M,1,19,03109
1764,364,5,974706047,"Lion King, The (1994)",Animation|Children's|Musical,M,18,0,75149
1803,181,2,974706071,Mighty Morphin Power Rangers: The Movie (1995),Action|Children's,M,25,2,50021
1752,356,5,995698907,Forrest Gump (1994),Comedy|Romance|War,M,25,3,96813
1828,356,3,974696863,Forrest Gump (1994),Comedy|Romance|War,M,18,4,07030
1684,1923,4,974708918,There's Something About Mary (1998),Comedy,M,18,3,85226
1984,25,4,974684001,Leaving Las Vegas (1995),Drama|Romance,M,18,10,92130
2100,1923,5,974672223,There's Something About Mary (1998),Comedy,F,25,0,24017
2136,2112,5,974642197,Grand Canyon (1991),Crime|Drama,M,35,18,13027
2147,1147,4,974622931,When We Were Kings (1996),Documentary,F,18,0,60641
1530,2858,4,974744437,American Beauty (1999),Comedy|Drama,M,25,4,53711
1639,2321,4,975141532,Pleasantville (1998),Comedy,M,25,17,95405
1641,2858,4,974714755,American Beauty (1999),Comedy|Drama,M,25,0,95819
1674,2858,5,974709494,American Beauty (1999),Comedy|Drama,M,35,2,95816
2050,3510,5,975522792,Frequency (2000),Drama|Thriller,F,35,3,99504
2054,2858,4,974663419,American Beauty (1999),Comedy|Drama,M,25,12,03110
2120,2321,2,975035960,Pleasantville (1998),Comedy,M,1,0,02780
1607,1213,5,974733054,GoodFellas (1990),Crime|Drama,M,45,1,02135
1891,1213,5,974694953,GoodFellas (1990),Crime|Drama,M,45,1,91335
2092,1213,5,974672016,GoodFellas (1990),Crime|Drama,M,56,1,49006
2168,1419,2,1021752766,Walkabout (1971),Drama,M,1,10,60202
1884,1103,5,983834644,Rebel Without a Cause (1955),Drama,M,45,20,93108
2263,3219,4,974582060,Pacific Heights (1990),Thriller,M,25,6,70508
1618,3751,4,974728378,Chicken Run (2000),Animation|Children's|Comedy,M,50,0,44139
1980,3267,4,974769394,"Mariachi, El (1992)",Action|Thriller,M,35,7,06460
1983,1453,2,976900053,"Beautician and the Beast, The (1997)",Comedy|Romance,M,25,14,92109
1628,480,5,974718759,Jurassic Park (1993),Action|Adventure|Sci-Fi,M,18,20,90028
1724,480,3,975915068,Jurassic Park (1993),Action|Adventure|Sci-Fi,M,18,4,00961
1860,480,5,974695205,Jurassic Park (1993),Action|Adventure|Sci-Fi,M,56,16,94591
2125,480,5,974943627,Jurassic Park (1993),Action|Adventure|Sci-Fi,M,35,3,46033
1552,1610,4,974781127,"Hunt for Red October, The (1990)",Action|Thriller,M,45,20,10021
2124,1610,4,974649207,"Hunt for Red October, The (1990)",Action|Thriller,M,25,0,12306
1747,2123,1,974703377,All Dogs Go to Heaven (1989),Animation|Children's,M,25,0,90638
1767,482,3,974702726,Killing Zoe (1994),Thriller,M,25,20,75205
1773,1784,5,974702225,As Good As It Gets (1997),Comedy|Drama,M,18,4,07030
2001,968,4,974685709,Night of the Living Dead (1968),Horror|Sci-Fi,M,50,1,48197
2063,2133,3,975743287,Adventures in Babysitting (1987),Adventure|Comedy,M,25,4,43138
1865,2541,4,976584302,Cruel Intentions (1999),Drama,F,18,1,94606
2030,1221,5,974733689,"Godfather: Part II, The (1974)",Action|Crime|Drama,M,25,4,77345
2063,1221,3,975797316,"Godfather: Part II, The (1974)",Action|Crime|Drama,M,25,4,43138
1952,3253,4,976646786,Wayne's World (1992),Comedy,M,35,1,91030
1980,3253,4,999402787,Wayne's World (1992),Comedy,M,35,7,06460
1824,1552,2,974696884,Con Air (1997),Action|Adventure|Thriller,F,18,4,43560
2063,1327,3,975745677,"Amityville Horror, The (1979)",Horror,M,25,4,43138
2092,1079,3,974769071,"Fish Called Wanda, A (1988)",Comedy,M,56,1,49006
2099,1345,3,974652705,Carrie (1976),Horror,F,18,0,48823
1584,2300,3,974764375,"Producers, The (1968)",Comedy|Musical,M,25,19,45701
1607,2300,4,974734357,"Producers, The (1968)",Comedy|Musical,M,45,1,02135
1632,2300,3,974717697,"Producers, The (1968)",Comedy|Musical,M,25,16,94120
1943,798,2,974765912,Daylight (1996),Action|Adventure|Thriller,M,18,4,91501
1962,3063,4,974759946,Poison Ivy (1992),Thriller,F,18,1,60914
2203,3869,3,974609469,"Naked Gun 2 1/2: The Smell of Fear, The (1991)",Comedy,M,45,12,53718
1693,1185,4,974709858,My Left Foot (1989),Drama,M,25,12,98684
1697,1257,4,974710344,Better Off Dead... (1985),Comedy,F,18,4,98052
1851,3275,3,1011993388,"Boondock Saints, The (1999)",Action|Comedy,M,25,19,59602
1896,1185,4,974692468,My Left Foot (1989),Drama,M,56,13,92115
2102,1042,3,974654086,That Thing You Do! (1996),Comedy,M,25,11,48825
1726,1792,1,974711138,U.S. Marshalls (1998),Action|Thriller,M,25,2,60160
1943,1188,4,974691563,Strictly Ballroom (1992),Comedy|Romance,M,18,4,91501
1988,345,3,974683387,"Adventures of Priscilla, Queen of the Desert, The (1994)",Comedy|Drama,F,25,1,85224
1605,767,4,974930172,"Grass Harp, The (1995)",Drama,F,18,0,28270
2145,2327,4,974628724,Tales from the Darkside: The Movie (1990),Horror,M,18,10,32750
2180,2533,1,974608538,Escape from the Planet of the Apes (1971),Action|Sci-Fi,M,25,12,27713-9225
2073,3079,5,974756324,Mansfield Park (1999),Drama,F,18,4,13148
2096,2352,3,974654033,"Big Chill, The (1983)",Comedy|Drama,F,25,17,33990
1722,32,5,974707675,Twelve Monkeys (1995),Drama|Sci-Fi,M,35,0,72058
1806,32,4,974738108,Twelve Monkeys (1995),Drama|Sci-Fi,M,18,4,22032
1941,1937,4,974950897,Going My Way (1944),Comedy,M,35,17,94550
1680,382,2,974842838,Wolf (1994),Drama|Horror,M,25,20,95380
1820,382,4,974702127,Wolf (1994),Drama|Horror,M,25,20,50265
1530,3396,4,985055947,"Muppet Movie, The (1979)",Children's|Comedy,M,25,4,53711
1776,2460,3,985103883,"Texas Chainsaw Massacre 2, The (1986)",Horror,M,25,0,45801
1791,2530,1,974700317,Beneath the Planet of the Apes (1970),Action|Sci-Fi,M,18,4,19146
1899,3396,4,975035199,"Muppet Movie, The (1979)",Children's|Comedy,F,45,6,02135
2239,457,5,975814145,"Fugitive, The (1993)",Action|Thriller,M,18,10,60148
1982,608,4,985580009,Fargo (1996),Crime|Drama|Thriller,M,1,10,80540
1988,899,4,974683971,Singin' in the Rain (1952),Musical|Romance,F,25,1,85224
2091,899,5,974655681,Singin' in the Rain (1952),Musical|Romance,F,35,20,48044
1685,953,5,974709033,It's a Wonderful Life (1946),Drama,M,35,12,95833
1759,2978,4,974789386,Three to Tango (1999),Comedy|Romance,M,25,16,22112
2005,2710,5,974676843,"Blair Witch Project, The (1999)",Horror,M,18,4,58601
1647,2093,3,974712860,Return to Oz (1985),Adventure|Children's|Fantasy|Sci-Fi,M,18,18,98118
1701,487,2,983174523,Lightning Jack (1994),Comedy|Western,F,25,4,97233
1748,1617,4,974708607,L.A. Confidential (1997),Crime|Film-Noir|Mystery|Thriller,M,50,1,04240
1820,1883,1,974700605,Bulworth (1998),Comedy,M,25,20,50265
1884,3247,3,975736591,Sister Act (1992),Comedy|Crime,M,45,20,93108
1920,3247,3,974778193,Sister Act (1992),Comedy|Crime,F,35,7,80122
2023,1617,3,1015127722,L.A. Confidential (1997),Crime|Film-Noir|Mystery|Thriller,M,18,4,56001
2024,1883,3,974672505,Bulworth (1998),Comedy,M,1,19,06614
2231,1617,3,974597340,L.A. Confidential (1997),Crime|Film-Noir|Mystery|Thriller,M,50,11,85726
1617,1408,2,975339988,"Last of the Mohicans, The (1992)",Action|Romance|War,M,25,12,44060
1660,2390,3,977486739,Little Voice (1998),Comedy,F,25,2,94577
1676,426,2,974709865,Body Snatchers (1993),Horror|Sci-Fi|Thriller,M,18,4,91301
1758,574,5,974787999,Spanking the Monkey (1994),Comedy|Drama,F,25,0,33067-1400
1842,1120,5,993445845,"People vs. Larry Flynt, The (1996)",Drama,M,18,4,53190
1853,2390,3,975019627,Little Voice (1998),Comedy,M,50,0,90803
1899,1408,4,975035767,"Last of the Mohicans, The (1992)",Action|Romance|War,F,45,6,02135
1974,2390,3,974688319,Little Voice (1998),Comedy,M,35,17,12159
1988,2390,3,974683207,Little Voice (1998),Comedy,F,25,1,85224
2192,303,3,974607659,"Quick and the Dead, The (1995)",Action|Adventure|Western,F,25,0,27713
1842,1196,5,974696817,Star Wars: Episode V - The Empire Strikes Back (1980),Action|Adventure|Drama|Sci-Fi|War,M,18,4,53190
2020,170,3,976417501,Hackers (1995),Action|Crime|Thriller,M,25,7,45011
2047,708,3,975028290,"Truth About Cats & Dogs, The (1996)",Comedy|Romance,M,1,10,06437
2170,1196,5,974611635,Star Wars: Episode V - The Empire Strikes Back (1980),Action|Adventure|Drama|Sci-Fi|War,F,50,16,99114
1699,612,2,974707231,"Pallbearer, The (1996)",Comedy,F,25,19,98102
1726,2990,4,974710921,Licence to Kill (1989),Action,M,25,2,60160
1822,3424,3,974697886,Do the Right Thing (1989),Comedy|Drama,F,25,0,53713
1588,1744,3,974734669,Firestorm (1998),Action|Adventure|Thriller,M,25,11,22043
1709,370,3,974715677,Naked Gun 33 1/3: The Final Insult (1994),Comedy,M,25,0,73147
2127,370,2,982120231,Naked Gun 33 1/3: The Final Insult (1994),Comedy,M,18,4,12309
2129,2707,3,974642730,Arlington Road (1999),Thriller,M,25,5,04103
1667,2916,4,975016924,Total Recall (1990),Action|Adventure|Sci-Fi|Thriller,M,50,16,98516
2056,2916,3,974816302,Total Recall (1990),Action|Adventure|Sci-Fi|Thriller,M,25,4,56301
2105,58,4,974667282,"Postino, Il (The Postman) (1994)",Drama|Romance,M,25,1,24060
2143,1573,3,974629828,Face/Off (1997),Action|Sci-Fi|Thriller,M,18,4,32607
2228,1573,5,974597896,Face/Off (1997),Action|Sci-Fi|Thriller,M,25,12,60025
1793,11,4,974757735,"American President, The (1995)",Comedy|Drama|Romance,M,25,4,20008
2116,3400,3,974687975,We're Back! A Dinosaur's Story (1993),Animation|Children's,M,18,4,49546
1667,3642,3,974711610,In Old California (1942),Western,M,50,16,98516
1680,541,4,974711049,Blade Runner (1982),Film-Noir|Sci-Fi,M,25,20,95380
1683,1033,4,974710842,"Fox and the Hound, The (1981)",Animation|Children's,F,25,7,98109
1817,541,3,974703610,Blade Runner (1982),Film-Noir|Sci-Fi,M,35,1,53706
1843,110,4,974695942,Braveheart (1995),Action|Drama|War,M,25,12,10014
1856,541,5,974696294,Blade Runner (1982),Film-Noir|Sci-Fi,M,56,7,92065
2030,541,5,974670551,Blade Runner (1982),Film-Noir|Sci-Fi,M,25,4,77345
2042,541,5,974667131,Blade Runner (1982),Film-Noir|Sci-Fi,M,1,10,79358
2125,110,1,974943511,Braveheart (1995),Action|Drama|War,M,35,3,46033
2174,1821,4,974611782,"Object of My Affection, The (1998)",Comedy|Romance,M,50,12,87505
2223,150,3,974599693,Apollo 13 (1995),Drama,M,25,2,60123
2251,3178,4,974599341,"Hurricane, The (1999)",Drama,M,35,14,60626
1631,2001,4,974722067,Lethal Weapon 2 (1989),Action|Comedy|Crime|Drama,F,50,0,94514
1671,260,4,1018225313,Star Wars: Episode IV - A New Hope (1977),Action|Adventure|Fantasy|Sci-Fi,M,35,0,98368
1683,2001,5,974710328,Lethal Weapon 2 (1989),Action|Comedy|Crime|Drama,F,25,7,98109
1985,260,5,974683505,Star Wars: Episode IV - A New Hope (1977),Action|Adventure|Fantasy|Sci-Fi,M,45,12,92122
2164,2459,5,974615069,"Texas Chainsaw Massacre, The (1974)",Horror,M,35,0,95826
1556,2353,4,974835957,Enemy of the State (1998),Action|Thriller,M,18,4,48073
1886,3409,5,974692509,Final Destination (2000),Drama|Thriller,M,25,12,94086
1998,2028,4,1028393572,Saving Private Ryan (1998),Action|Drama|War,F,50,9,24018
2196,3409,5,974606263,Final Destination (2000),Drama|Thriller,M,25,12,45140
1693,1080,3,974710438,Monty Python's Life of Brian (1979),Comedy,M,25,12,98684
2203,910,5,974607940,Some Like It Hot (1959),Comedy|Crime,M,45,12,53718
1605,2714,3,974929761,"Wood, The (1999)",Drama,F,18,0,28270
1680,3442,3,974839551,Band of the Hand (1986),Action,M,25,20,95380
1744,2946,4,974706597,Help! (1965),Comedy|Musical,M,35,12,50325
2015,1672,3,974850765,"Rainmaker, The (1997)",Drama,M,18,4,01003
1762,3623,2,974701552,Mission: Impossible 2 (2000),Action|Thriller,M,25,14,75230
1880,1285,4,975372463,Heathers (1989),Comedy,M,35,0,91006
1937,1285,5,974759382,Heathers (1989),Comedy,M,25,11,92335
2020,349,3,976417124,Clear and Present Danger (1994),Action|Adventure|Thriller,M,25,7,45011
2188,1285,4,974607790,Heathers (1989),Comedy,F,18,19,60641
2225,1285,3,974599355,Heathers (1989),Comedy,M,25,5,96815
1709,1018,5,974711171,That Darn Cat! (1965),Children's|Comedy|Mystery,M,25,0,73147
1793,379,1,974761671,Timecop (1994),Action|Sci-Fi,M,25,4,20008
1797,971,5,974701799,Cat on a Hot Tin Roof (1958),Drama,M,35,7,52003
1834,3785,1,986605765,Scary Movie (2000),Comedy|Horror,M,35,5,10990
1941,123,2,975391753,Chungking Express (1994),Drama|Mystery|Romance,M,35,17,94550
1974,1264,3,974691571,Diva (1981),Action|Drama|Mystery|Romance|Thriller,M,35,17,12159
2033,3785,3,974669986,Scary Movie (2000),Comedy|Horror,F,45,20,91436
2105,3785,3,995771622,Scary Movie (2000),Comedy|Horror,M,25,1,24060
1647,3250,4,974807577,Alive (1993),Drama,M,18,18,98118
1831,2709,4,974702218,Muppets From Space (1999),Children's|Comedy,M,18,4,53190
1553,902,3,974742319,Breakfast at Tiffany's (1961),Drama|Romance,F,25,15,64116
1627,3948,2,974721912,Meet the Parents (2000),Comedy,M,18,17,91505
1658,3948,5,974717565,Meet the Parents (2000),Comedy,F,35,6,94214
1748,2890,4,974712189,Three Kings (1999),Drama|War,M,50,1,04240
1773,2762,3,974700571,"Sixth Sense, The (1999)",Thriller,M,18,4,07030
1842,2617,4,993357017,"Mummy, The (1999)",Action|Adventure|Horror|Thriller,M,18,4,53190
1931,2617,3,974690863,"Mummy, The (1999)",Action|Adventure|Horror|Thriller,M,25,2,94114
2042,2762,4,974666951,"Sixth Sense, The (1999)",Thriller,M,1,10,79358
2208,3948,3,974604268,Meet the Parents (2000),Comedy,M,25,0,10006
1636,337,3,974963252,What's Eating Gilbert Grape (1993),Drama,F,25,19,60612
1749,3160,4,974754303,Magnolia (1999),Drama,M,25,2,10040
1892,506,3,974691872,Orlando (1993),Drama,M,25,20,90066
1782,201,4,974699774,Three Wishes (1995),Drama,M,45,0,23454
1952,3556,2,980569122,"Virgin Suicides, The (1999)",Comedy|Drama,M,35,1,91030
1879,3274,4,974695804,Single White Female (1992),Action,M,25,4,29732
1925,2166,4,1025967810,Return to Paradise (1998),Drama|Romance,M,50,7,92886
2092,3737,5,974671782,Lonely Are the Brave (1962),Drama|Western,M,56,1,49006
1938,2000,3,974695029,Lethal Weapon (1987),Action|Comedy|Crime|Drama,F,25,2,91351
1912,2010,3,1014326981,Metropolis (1926),Sci-Fi,M,25,4,91325
2148,2642,4,974622468,Superman III (1983),Action|Adventure|Sci-Fi,F,18,0,81301
1880,3289,4,974692521,Not One Less (Yi ge dou bu neng shao) (1999),Drama,M,35,0,91006
2023,3174,5,974673629,Man on the Moon (1999),Comedy|Drama,M,18,4,56001
2106,2883,4,976291543,Mumford (1999),Comedy,F,18,20,495321
2174,1879,4,974612420,"Hanging Garden, The (1997)",Drama,M,50,12,87505
2255,2406,4,974591939,Romancing the Stone (1984),Action|Adventure|Comedy|Romance,F,35,6,44303
1640,3005,4,974716656,"Bone Collector, The (1999)",Thriller,M,35,17,95610
1746,1702,3,974702593,Flubber (1997),Children's|Comedy|Fantasy,M,25,4,33157
1806,3578,5,974698392,Gladiator (2000),Action|Drama,M,18,4,22032
1851,2011,3,991449220,Back to the Future Part II (1989),Comedy|Sci-Fi,M,25,19,59602
2010,1805,1,974683397,Wild Things (1998),Crime|Drama|Mystery|Thriller,M,18,4,81520
2010,1702,1,974682917,Flubber (1997),Children's|Comedy|Fantasy,M,18,4,81520
2125,3578,4,974645174,Gladiator (2000),Action|Drama,M,35,3,46033
2199,3578,5,974606687,Gladiator (2000),Action|Drama,M,1,10,60613
1591,3033,4,974740345,Spaceballs (1987),Comedy|Sci-Fi,M,50,7,26501
1733,1202,5,1035525002,Withnail and I (1987),Comedy,M,18,14,43725
2043,3176,2,974666636,"Talented Mr. Ripley, The (1999)",Drama|Mystery|Thriller,M,25,14,37931
1681,1376,3,974710217,Star Trek IV: The Voyage Home (1986),Action|Adventure|Sci-Fi,M,18,4,78705
1837,1376,4,974840953,Star Trek IV: The Voyage Home (1986),Action|Adventure|Sci-Fi,M,25,2,08817
1889,802,4,989088329,Phenomenon (1996),Drama|Romance,M,18,14,80023
1912,2949,3,1009395518,Dr. No (1962),Action,M,25,4,91325
2263,1376,4,974583109,Star Trek IV: The Voyage Home (1986),Action|Adventure|Sci-Fi,M,25,6,70508
1693,2997,3,974707862,Being John Malkovich (1999),Comedy,M,25,12,98684
2156,2997,4,974628786,Being John Malkovich (1999),Comedy,M,18,19,55912
2181,2997,4,974609900,Being John Malkovich (1999),Comedy,M,25,0,45245
2222,3194,5,974858365,"Way We Were, The (1973)",Drama,F,45,1,13088
2063,2448,1,974666341,Virus (1999),Horror|Sci-Fi,M,25,4,43138
1599,1584,3,999751107,Contact (1997),Drama|Sci-Fi,M,25,0,92646
1607,3363,3,974732959,American Graffiti (1973),Comedy|Drama,M,45,1,02135
1820,1584,4,974697574,Contact (1997),Drama|Sci-Fi,M,25,20,50265
1835,1584,5,974877155,Contact (1997),Drama|Sci-Fi,M,25,19,11501
1837,215,5,974842570,Before Sunrise (1995),Drama|Romance,M,25,2,08817
1920,3363,4,974728468,American Graffiti (1973),Comedy|Drama,F,35,7,80122
1941,3809,1,974950196,What About Bob? (1991),Comedy,M,35,17,94550
1981,2186,5,974684116,Strangers on a Train (1951),Film-Noir|Thriller,M,56,1,80303
2011,3809,4,974676909,What About Bob? (1991),Comedy,F,35,3,01545
2223,1584,3,974601469,Contact (1997),Drama|Sci-Fi,M,25,2,60123
1587,562,5,974738432,Welcome to the Dollhouse (1995),Comedy|Drama,F,25,3,30308
1628,562,5,975162860,Welcome to the Dollhouse (1995),Comedy|Drama,M,18,20,90028
1761,172,1,974703258,Johnny Mnemonic (1995),Action|Sci-Fi|Thriller,M,35,0,72058
1764,3555,5,974703310,U-571 (2000),Action|Thriller,M,18,0,75149
2109,551,3,974657142,"Nightmare Before Christmas, The (1993)",Children's|Comedy|Musical,M,25,16,13090
2228,1676,4,974597819,Starship Troopers (1997),Action|Adventure|Sci-Fi|War,M,25,12,60025
1615,3949,4,974729130,Requiem for a Dream (2000),Drama,F,45,7,10022
1666,3705,3,974715771,Bird on a Wire (1990),Action|Adventure|Romance|Thriller,M,25,14,15241
2092,949,4,974653882,East of Eden (1955),Drama,M,56,1,49006
1593,3148,3,974755234,"Cider House Rules, The (1999)",Drama,M,25,16,78411
1634,2501,5,974717412,October Sky (1999),Drama,F,56,0,38340
1960,1246,3,976747520,Dead Poets Society (1989),Drama,M,45,7,55555
2264,2501,4,974581087,October Sky (1999),Drama,F,45,7,37877
1586,2140,4,974738726,"Dark Crystal, The (1982)",Children's|Fantasy|Sci-Fi,M,45,7,77351
1758,2140,2,974787197,"Dark Crystal, The (1982)",Children's|Fantasy|Sci-Fi,F,25,0,33067-1400
1904,2140,4,974756843,"Dark Crystal, The (1982)",Children's|Fantasy|Sci-Fi,M,18,1,30115
2110,2973,3,974651478,Crimes and Misdemeanors (1989),Comedy,M,50,11,46802
1835,2643,1,974878532,Superman IV: The Quest for Peace (1987),Action|Adventure|Sci-Fi,M,25,19,11501
1667,1387,5,975016698,Jaws (1975),Action|Horror,M,50,16,98516
1912,3696,1,974703812,Night of the Creeps (1986),Comedy|Horror|Sci-Fi,M,25,4,91325
1926,1387,5,974773956,Jaws (1975),Action|Horror,F,1,0,95404
1980,1882,1,974770531,Godzilla (1998),Action|Sci-Fi,M,35,7,06460
2164,208,4,974613978,Waterworld (1995),Action|Adventure,M,35,0,95826
1764,2706,4,974708126,American Pie (1999),Comedy,M,18,0,75149
1809,2706,3,974697915,American Pie (1999),Comedy,F,25,14,12189
2063,2376,3,975743113,"View to a Kill, A (1985)",Action,M,25,4,43138
2481,3175,3,974220849,Galaxy Quest (1999),Adventure|Comedy|Sci-Fi,M,35,14,03054
2537,471,2,974051635,"Hudsucker Proxy, The (1994)",Comedy|Romance,M,35,11,37620
2648,2366,2,973793375,King Kong (1933),Action|Adventure|Horror,M,25,17,27707
2880,1580,4,989098955,Men in Black (1997),Action|Adventure|Comedy|Sci-Fi,M,18,12,55405
2332,858,4,974427270,"Godfather, The (1972)",Action|Crime|Drama,M,56,14,01545
2627,3698,3,988659998,"Running Man, The (1987)",Action|Adventure|Sci-Fi,M,25,1,06877
2726,1721,4,973266199,Titanic (1997),Drama|Romance,M,45,11,02155
2805,1084,5,972785707,Bonnie and Clyde (1967),Crime|Drama,M,56,19,06040
2810,1721,4,972791057,Titanic (1997),Drama|Romance,F,1,10,64093
2820,1483,4,972663197,Crash (1996),Drama|Thriller,F,35,0,02138
2927,1721,4,971553951,Titanic (1997),Drama|Romance,M,25,12,24060
2304,2393,4,974496753,Star Trek: Insurrection (1998),Action|Sci-Fi,M,45,12,94103
2511,1270,5,974481669,Back to the Future (1985),Comedy|Sci-Fi,M,25,7,15209
2605,1270,3,973747017,Back to the Future (1985),Comedy|Sci-Fi,M,35,7,75013
2980,1270,4,983054108,Back to the Future (1985),Comedy|Sci-Fi,M,45,7,91766
2507,2249,2,974078476,My Blue Heaven (1990),Comedy,M,25,4,94107
2508,65,2,974074345,Bio-Dome (1996),Comedy,F,35,3,77429
2990,3834,1,970954763,Bronco Billy (1980),Adventure|Drama|Romance,M,35,12,45243
2471,481,2,974153334,Kalifornia (1993),Drama|Thriller,M,50,13,98683
2547,898,5,974040386,"Philadelphia Story, The (1940)",Comedy|Romance,F,35,0,37920
2793,3105,4,975440394,Awakenings (1990),Drama,M,35,7,70116
2603,2396,5,973779623,Shakespeare in Love (1998),Comedy|Romance,M,25,17,19126
2787,3703,4,972966238,Mad Max 2 (a.k.a. The Road Warrior) (1981),Action|Sci-Fi,M,25,4,60614
2743,673,3,973224160,Space Jam (1996),Adventure|Animation|Children's|Comedy|Fantasy,M,25,14,72601
2489,2513,2,974143715,Pet Sematary (1989),Horror,F,35,9,37843
2537,2797,4,974054281,Big (1988),Comedy|Fantasy,M,35,11,37620
2761,3441,3,973148477,Red Dawn (1984),Action|War,M,35,6,80917
2793,3441,4,972941992,Red Dawn (1984),Action|War,M,35,7,70116
2805,1212,3,972785676,"Third Man, The (1949)",Mystery|Thriller,M,56,19,06040
2953,1212,4,971211772,"Third Man, The (1949)",Mystery|Thriller,M,25,20,23225
2968,593,3,971107480,"Silence of the Lambs, The (1991)",Drama|Thriller,F,18,0,48104
3011,2797,4,970518425,Big (1988),Comedy|Fantasy,M,25,1,10003
2307,1198,5,974487889,Raiders of the Lost Ark (1981),Action|Adventure,M,25,17,02140
2341,34,4,974419870,Babe (1995),Children's|Comedy|Drama,M,56,1,13210
2344,34,2,974415205,Babe (1995),Children's|Comedy|Drama,M,25,12,02139
2467,1198,5,974161059,Raiders of the Lost Ark (1981),Action|Adventure,M,1,10,44224
2887,193,2,972192792,Showgirls (1995),Drama,M,25,3,66205
2927,1198,5,971554255,Raiders of the Lost Ark (1981),Action|Adventure,M,25,12,24060
2873,1183,4,972414894,"English Patient, The (1996)",Drama|Romance|War,F,18,4,64093
2796,1259,3,997323228,Stand by Me (1986),Adventure|Comedy|Drama,M,25,14,92104
2505,2683,3,974081766,Austin Powers: The Spy Who Shagged Me (1999),Comedy,M,25,7,55405
2665,3841,3,974736254,Air America (1990),Action|Comedy,M,35,11,98443
2670,3685,3,973548360,Prizzi's Honor (1985),Comedy|Drama|Romance,M,35,6,94598
2753,3685,4,973199411,Prizzi's Honor (1985),Comedy|Drama|Romance,F,50,20,27516
2761,2052,2,973150977,Hocus Pocus (1993),Children's|Comedy,M,35,6,80917
2928,2463,4,971557366,Ruthless People (1986),Comedy,M,25,2,90068
2371,1307,4,974338129,When Harry Met Sally... (1989),Comedy|Romance,F,35,7,06082
2547,1276,5,974040477,Cool Hand Luke (1967),Comedy|Drama,F,35,0,37920
2589,587,1,973863555,Ghost (1990),Comedy|Romance|Thriller,M,25,0,19004
2624,1372,4,973642707,Star Trek VI: The Undiscovered Country (1991),Action|Adventure|Sci-Fi,F,35,0,44313
2798,1235,1,972868274,Harold and Maude (1971),Comedy,M,35,20,10038
2982,2335,1,970936742,"Waterboy, The (1998)",Comedy,M,25,4,54902
2665,1294,5,973450214,M*A*S*H (1970),Comedy|War,M,35,11,98443
2302,3481,4,974496908,High Fidelity (2000),Comedy,M,50,12,48104
2409,3481,2,991522345,High Fidelity (2000),Comedy,F,35,9,06074
2621,3481,4,1016912103,High Fidelity (2000),Comedy,M,18,0,46304
2290,2371,3,974520982,Fletch (1985),Comedy,M,25,0,61021
2340,1148,5,974424368,"Wrong Trousers, The (1993)",Animation|Comedy,M,35,2,48104
2435,1210,5,974224056,Star Wars: Episode VI - Return of the Jedi (1983),Action|Adventure|Romance|Sci-Fi|War,M,25,4,22903
2572,1210,4,973910374,Star Wars: Episode VI - Return of the Jedi (1983),Action|Adventure|Romance|Sci-Fi|War,M,35,14,75005
2581,2804,5,973888399,"Christmas Story, A (1983)",Comedy|Drama,M,25,11,60611
2785,2371,3,972990310,Fletch (1985),Comedy,M,56,13,29928
2866,806,2,972485178,American Buffalo (1996),Drama,M,25,7,53717
2534,3548,4,974642925,Auntie Mame (1958),Comedy|Drama,F,50,6,37922
2620,2723,1,973656286,Mystery Men (1999),Action|Adventure|Comedy,M,18,4,47306
2962,2939,3,978981113,Niagara (1953),Drama|Thriller,M,35,3,94109
2453,2006,4,974190040,"Mask of Zorro, The (1998)",Action|Adventure|Romance,M,25,7,55429
2840,223,4,972569476,Clerks (1994),Comedy,M,25,0,60660
2986,2692,5,970812095,Run Lola Run (Lola rennt) (1998),Action|Crime|Romance,M,25,4,24060
2860,1208,4,972651890,Apocalypse Now (1979),Drama|War,M,35,17,20009
2302,1777,3,974497395,"Wedding Singer, The (1998)",Comedy|Romance,M,50,12,48104
2623,1777,4,973643938,"Wedding Singer, The (1998)",Comedy|Romance,M,56,1,30345
2933,2502,3,971977645,Office Space (1999),Comedy|Romance,M,35,11,32082
2994,1777,3,970707492,"Wedding Singer, The (1998)",Comedy|Romance,M,35,5,95008
2910,2789,3,1016472409,Damien: Omen II (1978),Horror,M,1,19,75602
2323,3108,2,974444911,"Fisher King, The (1991)",Comedy|Drama|Romance,M,35,3,13088
2544,3108,3,1024887683,"Fisher King, The (1991)",Comedy|Drama|Romance,M,45,1,52001
2589,2288,3,973866888,"Thing, The (1982)",Action|Horror|Sci-Fi|Thriller,M,25,0,19004
2967,1249,3,971125426,Nikita (La Femme Nikita) (1990),Thriller,M,25,0,94110
2273,924,3,974568071,2001: A Space Odyssey (1968),Drama|Mystery|Sci-Fi|Thriller,M,25,6,23235
2419,924,3,974240304,2001: A Space Odyssey (1968),Drama|Mystery|Sci-Fi|Thriller,M,25,0,06096
2506,2724,2,974078499,Runaway Bride (1999),Comedy|Romance,F,25,14,98225
2302,367,3,974497476,"Mask, The (1994)",Comedy|Crime|Fantasy,M,50,12,48104
2599,367,4,973796455,"Mask, The (1994)",Comedy|Crime|Fantasy,M,25,12,53154
2691,2791,3,976387761,Airplane! (1980),Comedy,M,18,4,06459
2847,539,4,1028961811,Sleepless in Seattle (1993),Comedy|Romance,M,18,4,10027
2941,246,5,971351258,Hoop Dreams (1994),Documentary,M,35,12,98033
2605,3504,5,973746668,Network (1976),Comedy|Drama,M,35,7,75013
2303,2064,4,974495117,Roger & Me (1989),Comedy|Documentary,M,50,17,08055
2370,2612,5,974508304,Mildred Pierce (1945),Drama,M,50,1,13215
2799,2064,3,972867013,Roger & Me (1989),Comedy|Documentary,M,18,0,55404
2928,2064,4,971557320,Roger & Me (1989),Comedy|Documentary,M,25,2,90068
2775,2109,5,979442784,"Jerk, The (1979)",Comedy,F,18,4,90038
2872,1244,5,972416936,Manhattan (1979),Comedy|Drama|Romance,M,25,20,94014
2555,1206,4,973997121,"Clockwork Orange, A (1971)",Sci-Fi,M,56,7,10522
2629,3104,5,973628353,Midnight Run (1988),Action|Adventure|Comedy|Crime,M,25,11,15237
2643,3104,3,973564124,Midnight Run (1988),Action|Adventure|Comedy|Crime,M,45,17,99005
2271,1542,4,1007158887,Brassed Off (1996),Comedy|Drama|Romance,M,50,14,13210
2641,2616,2,1017964209,Dick Tracy (1990),Action|Crime,M,25,6,19428
2781,1694,3,977333392,"Apostle, The (1997)",Drama,M,35,4,45205
2907,355,3,971845026,"Flintstones, The (1994)",Children's|Comedy,F,35,5,12345
2338,1306,4,974422017,Until the End of the World (Bis ans Ende der Welt) (1991),Drama|Sci-Fi,M,45,17,13152
2383,955,4,974323878,Bringing Up Baby (1938),Comedy,F,25,14,95125
2447,2796,5,974215470,Funny Farm (1988),Comedy,M,25,14,03051
2683,1266,4,979966345,Unforgiven (1992),Western,M,35,7,60188
2699,912,4,973476256,Casablanca (1942),Drama|Romance|War,F,56,13,74128
2740,912,4,973222188,Casablanca (1942),Drama|Romance|War,M,45,17,22181
2804,748,4,972791708,"Arrival, The (1996)",Action|Sci-Fi|Thriller,F,35,0,46234
2485,2329,5,974482872,American History X (1998),Drama,M,35,14,95746
2759,1247,4,973172039,"Graduate, The (1967)",Drama|Romance,M,25,7,36102
2841,3752,4,1004046749,"Me, Myself and Irene (2000)",Comedy,M,50,12,98056
2883,2329,5,972267731,American History X (1998),Drama,M,18,20,30101
2918,2329,3,971903703,American History X (1998),Drama,M,25,12,98112
2403,1,5,974260837,Toy Story (1995),Animation|Children's|Comedy,M,18,4,37743
2575,1391,2,973906303,Mars Attacks! (1996),Action|Comedy|Sci-Fi|War,M,35,7,76248
2840,1391,2,972572850,Mars Attacks! (1996),Action|Comedy|Sci-Fi|War,M,25,0,60660
2994,1,4,970706107,Toy Story (1995),Animation|Children's|Comedy,M,35,5,95008
2860,52,4,1028300875,Mighty Aphrodite (1995),Comedy,M,35,17,20009
2807,3006,3,972785447,"Insider, The (1999)",Drama,F,35,11,22043
2807,674,2,972866320,Barbarella (1968),Adventure|Sci-Fi,F,35,11,22043
2368,3111,4,974339859,Places in the Heart (1984),Drama,F,56,13,13057
2824,1722,2,972621909,Tomorrow Never Dies (1997),Action|Romance|Thriller,M,18,4,02111
2445,3197,3,974217556,"Presidio, The (1988)",Action,M,25,0,48104
2304,348,4,974503204,Bullets Over Broadway (1994),Comedy,M,45,12,94103
2334,218,3,974427511,Boys on the Side (1995),Comedy|Drama,F,56,7,01562
2680,1663,5,973389634,Stripes (1981),Comedy,M,25,12,01864
2683,440,4,980029715,Dave (1993),Comedy|Romance,M,35,7,60188
2793,440,4,972933694,Dave (1993),Comedy|Romance,M,35,7,70116
2335,1267,5,974423659,"Manchurian Candidate, The (1962)",Film-Noir|Thriller,M,50,17,48197
2805,1952,4,972785736,Midnight Cowboy (1969),Drama,M,56,19,06040
2353,1242,5,974402085,Glory (1989),Action|Drama|War,F,35,9,61270
2352,1130,4,974401374,"Howling, The (1980)",Horror,M,50,13,41076
2398,3893,5,974276319,Nurse Betty (2000),Comedy|Thriller,M,25,0,98122
2808,3793,5,991920855,X-Men (2000),Action|Sci-Fi,M,56,16,60610
2994,1171,3,970707187,Bob Roberts (1992),Comedy,M,35,5,95008
3012,500,2,970512307,Mrs. Doubtfire (1993),Comedy,M,25,12,78660
2479,1994,3,974148887,Poltergeist (1982),Horror|Thriller,F,25,1,23454
2507,2071,4,975382600,And the Band Played On (1993),Drama,M,25,4,94107
2380,431,4,974390475,Carlito's Way (1993),Crime|Drama,M,25,4,22903
2469,2712,3,974159975,Eyes Wide Shut (1999),Drama,M,25,4,90048
2303,920,4,974583336,Gone with the Wind (1939),Drama|Romance|War,M,50,17,08055
2617,920,5,973686516,Gone with the Wind (1939),Drama|Romance|War,F,45,15,60081
2705,920,5,973297921,Gone with the Wind (1939),Drama|Romance|War,M,25,1,27713
2474,3871,4,974149697,Shane (1953),Drama|Western,M,25,12,83815
2506,1968,2,974079180,"Breakfast Club, The (1985)",Comedy|Drama,F,25,14,98225
2663,1968,5,973459398,"Breakfast Club, The (1985)",Comedy|Drama,F,25,4,02215
2419,3649,3,974240576,American Gigolo (1980),Drama,M,25,0,06096
2750,1517,4,973200247,Austin Powers: International Man of Mystery (1997),Comedy,F,25,15,91360
2977,919,3,971020845,"Wizard of Oz, The (1939)",Adventure|Children's|Drama|Musical,F,18,4,48104
2665,1917,3,974736594,Armageddon (1998),Action|Adventure|Sci-Fi|Thriller,M,35,11,98443
2896,1028,4,971996183,Mary Poppins (1964),Children's|Comedy|Musical,M,18,14,60073
2376,491,2,974335539,"Man Without a Face, The (1993)",Drama,M,25,1,13210
2454,2640,4,974234338,Superman (1978),Action|Adventure|Sci-Fi,M,18,0,97005
2457,3534,4,974179077,28 Days (2000),Comedy,M,25,0,60656
2737,3534,3,973225653,28 Days (2000),Comedy,M,25,3,50311
2761,2245,3,973150769,Working Girl (1988),Comedy|Drama,M,35,6,80917
2810,2485,2,972770961,She's All That (1999),Comedy|Romance,F,1,10,64093
2753,452,3,973197299,Widows' Peak (1994),Drama,F,50,20,27516
2764,1029,4,973137239,Dumbo (1941),Animation|Children's|Musical,M,25,7,91403
2444,48,3,974578880,Pocahontas (1995),Animation|Children's|Musical|Romance,F,45,4,42420
2844,507,4,972530405,"Perfect World, A (1993)",Action|Drama,M,25,20,87103
2288,258,1,974521759,"Kid in King Arthur's Court, A (1995)",Adventure|Children's|Comedy|Fantasy|Romance,M,1,10,13066
2996,2072,3,972702968,"'burbs, The (1989)",Comedy,M,18,0,63011
2353,2571,2,974401459,"Matrix, The (1999)",Action|Sci-Fi|Thriller,F,35,9,61270
2638,3635,4,973706330,"Spy Who Loved Me, The (1977)",Action,M,25,14,06405
2781,3947,4,989597175,Get Carter (1971),Thriller,M,35,4,45205
2939,2571,5,972281524,"Matrix, The (1999)",Action|Sci-Fi|Thriller,F,25,15,94901
2484,1541,3,974147202,Addicted to Love (1997),Comedy|Romance,M,45,5,31901
2899,2374,4,971920405,Gung Ho (1986),Comedy|Drama,M,35,14,94133
2559,257,4,974598514,Just Cause (1995),Mystery|Thriller,M,18,10,53207
2303,1220,4,974582330,"Blues Brothers, The (1980)",Action|Comedy|Musical,M,50,17,08055
2576,1222,4,973898873,Full Metal Jacket (1987),Action|Drama|War,M,18,17,97030
2625,1222,3,973634595,Full Metal Jacket (1987),Action|Drama|War,M,35,7,61910
2644,1222,4,973561155,Full Metal Jacket (1987),Action|Drama|War,M,18,15,45215
2909,1603,4,971972261,Mimic (1997),Sci-Fi|Thriller,M,25,7,43228
2952,1225,4,971212695,Amadeus (1984),Drama,M,25,4,06511
2590,504,2,973930988,No Escape (1994),Action|Sci-Fi,M,18,4,94044
2680,1252,5,973389721,Chinatown (1974),Film-Noir|Mystery|Thriller,M,25,12,01864
2907,1252,3,971842120,Chinatown (1974),Film-Noir|Mystery|Thriller,F,35,5,12345
2925,886,5,971578606,Bulletproof (1996),Action,F,25,4,23454
2994,2286,3,970707257,"Fiendish Plot of Dr. Fu Manchu, The (1980)",Comedy,M,35,5,95008
2507,1035,5,974076001,"Sound of Music, The (1965)",Musical,M,25,4,94107
2684,3285,1,973465843,"Beach, The (2000)",Adventure|Drama,F,18,0,19143
2279,2346,3,974560552,"Stepford Wives, The (1975)",Sci-Fi|Thriller,M,50,7,08816
2676,262,5,973403486,"Little Princess, A (1995)",Children's|Drama,M,56,20,78731
2507,1732,4,974078038,"Big Lebowski, The (1998)",Comedy|Crime|Mystery|Thriller,M,25,4,94107
2621,2106,3,973655881,Swing Kids (1993),Drama|War,M,18,0,46304
2745,1894,2,973220406,Six Days Seven Nights (1998),Adventure|Comedy|Romance,F,35,1,30345
2756,2106,4,985995358,Swing Kids (1993),Drama|War,M,18,4,97331
2996,2278,3,972617346,Ronin (1998),Action|Crime|Thriller,M,18,0,63011
2402,1240,4,974263020,"Terminator, The (1984)",Action|Sci-Fi|Thriller,M,45,17,32024
2886,165,5,972149364,Die Hard: With a Vengeance (1995),Action|Thriller,M,18,4,60073
2414,3723,5,974257024,Hamlet (1990),Drama,M,25,1,49503
2744,1073,1,973215902,Willy Wonka and the Chocolate Factory (1971),Adventure|Children's|Comedy|Fantasy,M,18,17,53818
2753,1950,4,973199862,In the Heat of the Night (1967),Drama|Mystery,F,50,20,27516
2792,590,4,972932871,Dances with Wolves (1990),Adventure|Drama|Western,M,18,4,02452
2792,1073,3,972941309,Willy Wonka and the Chocolate Factory (1971),Adventure|Children's|Comedy|Fantasy,M,18,4,02452
2824,1527,5,972621409,"Fifth Element, The (1997)",Action|Sci-Fi,M,18,4,02111
2919,1073,3,975449071,Willy Wonka and the Chocolate Factory (1971),Adventure|Children's|Comedy|Fantasy,M,18,17,88076
2669,3717,4,987374407,Gone in 60 Seconds (2000),Action|Crime,M,45,0,24541
2712,316,4,973643383,Stargate (1994),Action|Adventure|Sci-Fi,F,18,19,33953
2591,3471,4,973829660,Close Encounters of the Third Kind (1977),Drama|Sci-Fi,M,18,1,50310
2793,3471,3,972930518,Close Encounters of the Third Kind (1977),Drama|Sci-Fi,M,35,7,70116
2636,318,5,973578265,"Shawshank Redemption, The (1994)",Drama,M,18,12,78750
2777,1271,4,973050419,Fried Green Tomatoes (1991),Drama,M,18,4,95326
2826,2819,4,972600986,Three Days of the Condor (1975),Thriller,M,35,12,10011
2942,318,3,971329194,"Shawshank Redemption, The (1994)",Drama,F,50,1,93103
2381,3420,2,974324441,...And Justice for All (1979),Drama|Thriller,F,35,9,13066
3012,2826,2,1044066381,"13th Warrior, The (1999)",Action|Horror|Thriller,M,25,12,78660
2529,552,4,974061494,"Three Musketeers, The (1993)",Action|Adventure|Comedy,F,35,9,95903
2660,17,4,973465133,Sense and Sensibility (1995),Drama|Romance,M,56,17,28704
2670,1219,5,973553063,Psycho (1960),Horror|Thriller,M,35,6,94598
2712,1597,5,973643684,Conspiracy Theory (1997),Action|Mystery|Romance|Thriller,F,18,19,33953
3018,1991,3,970680186,Child's Play (1988),Horror,M,35,0,45242
2888,1967,4,972058454,Labyrinth (1986),Adventure|Children's|Fantasy,M,25,14,55438
2484,2720,3,974148076,Inspector Gadget (1999),Action|Adventure|Children's|Comedy,M,45,5,31901
2407,2206,3,974255864,Suspicion (1941),Mystery|Thriller,M,35,16,11358
2568,2490,4,973935545,Payback (1999),Action|Thriller,M,25,17,31311
2627,3499,3,973629629,Misery (1990),Horror,M,25,1,06877
2790,610,5,972942104,Heavy Metal (1981),Action|Adventure|Animation|Horror|Sci-Fi,M,25,20,85013
2941,2080,4,971347247,Lady and the Tramp (1955),Animation|Children's|Comedy|Musical|Romance,M,35,12,98033
2986,2324,4,970809440,Life Is Beautiful (La Vita è bella) (1997),Comedy|Drama,M,25,4,24060
2620,2716,4,973660109,Ghostbusters (1984),Comedy|Horror,M,18,4,47306
2737,2716,3,973227675,Ghostbusters (1984),Comedy|Horror,M,25,3,50311
2909,1059,4,971967883,William Shakespeare's Romeo and Juliet (1996),Drama|Romance,M,25,7,43228
2913,2716,4,971771908,Ghostbusters (1984),Comedy|Horror,F,35,20,98119
2304,1377,4,974498617,Batman Returns (1992),Action|Adventure|Comedy|Crime,M,45,12,94103
2340,838,5,974424795,Emma (1996),Comedy|Drama|Romance,M,35,2,48104
2414,838,2,974256641,Emma (1996),Comedy|Drama|Romance,M,25,1,49503
2837,1377,3,972572318,Batman Returns (1992),Action|Adventure|Comedy|Crime,M,18,0,49506
3018,1377,3,970522284,Batman Returns (1992),Action|Adventure|Comedy|Crime,M,35,0,45242
2484,1957,3,974150374,Chariots of Fire (1981),Drama,M,45,5,31901
2796,1957,2,997323064,Chariots of Fire (1981),Drama,M,25,14,92104
2491,733,5,974144866,"Rock, The (1996)",Action|Adventure|Thriller,M,35,7,22904
2624,733,5,973642707,"Rock, The (1996)",Action|Adventure|Thriller,F,35,0,44313
2663,2338,3,973800321,I Still Know What You Did Last Summer (1998),Horror|Mystery|Thriller,F,25,4,02215
2784,290,5,973107728,Once Were Warriors (1994),Crime|Drama,M,50,20,20007
2885,2174,4,972185806,Beetlejuice (1988),Comedy|Fantasy,F,18,1,80302
2638,2081,4,973573661,"Little Mermaid, The (1989)",Animation|Children's|Comedy|Musical|Romance,M,25,14,06405
2808,1037,4,991921200,"Lawnmower Man, The (1992)",Action|Sci-Fi|Thriller,M,56,16,60610
2424,1036,5,974688292,Die Hard (1988),Action|Thriller,M,25,17,95035
2539,1036,4,974045750,Die Hard (1988),Action|Thriller,M,35,7,32444
2690,2991,3,973344326,Live and Let Die (1973),Action,M,25,7,24210
2592,1779,2,974057515,Sphere (1998),Adventure|Sci-Fi|Thriller,M,50,7,80004-4448
2718,1779,4,973286063,Sphere (1998),Adventure|Sci-Fi|Thriller,F,25,4,96817
2786,3505,5,973564458,No Way Out (1987),Thriller,M,25,4,60201
2728,2424,4,973264898,You've Got Mail (1998),Comedy|Romance,M,35,12,27614
2793,2424,4,972936248,You've Got Mail (1998),Comedy|Romance,M,35,7,70116
2918,2424,1,999803461,You've Got Mail (1998),Comedy|Romance,M,25,12,98112
2999,8,2,970621145,Tom and Huck (1995),Adventure|Children's,M,25,7,33813
2566,2687,4,973966808,Tarzan (1999),Animation|Children's,M,35,17,94022
2665,1256,1,974737490,Duck Soup (1933),Comedy|War,M,35,11,98443
2719,1256,5,973287783,Duck Soup (1933),Comedy|War,M,25,12,98100
2786,1385,4,973559213,Under Siege (1992),Action,M,25,4,60201
2967,3479,4,971128321,Ladyhawke (1985),Adventure|Fantasy|Romance,M,25,0,94110
2860,2959,3,974149058,Fight Club (1999),Drama,M,35,17,20009
2927,1254,3,971554271,"Treasure of the Sierra Madre, The (1948)",Adventure,M,25,12,24060
2832,1111,4,978994252,Microcosmos (Microcosmos: Le peuple de l'herbe) (1996),Documentary,M,25,17,20036
2896,520,4,972003563,Robin Hood: Men in Tights (1993),Comedy,M,18,14,60073
2986,1287,4,973492465,Ben-Hur (1959),Action|Adventure|Drama,M,25,4,24060
2986,380,3,971848353,True Lies (1994),Action|Adventure|Comedy|Romance,M,25,4,24060
2931,1431,2,972712935,Beverly Hills Ninja (1997),Action|Comedy,M,18,4,16803
2724,446,4,973271540,Farewell My Concubine (1993),Drama|Romance,F,45,2,27514
2272,3543,5,974570768,Diner (1982),Comedy|Drama,M,25,0,71731
2634,1914,4,975934876,Smoke Signals (1998),Comedy|Drama,M,56,1,15701
2716,3251,3,973286865,Agnes of God (1985),Drama|Mystery,F,50,4,96825
2478,1233,4,974240570,"Boat, The (Das Boot) (1981)",Action|Drama|War,M,50,1,37922
2691,1374,5,976390619,Star Trek: The Wrath of Khan (1982),Action|Adventure|Sci-Fi,M,18,4,06459
2872,1594,4,972421254,In the Company of Men (1997),Drama,M,25,20,94014
2500,1673,2,974086261,Boogie Nights (1997),Drama,M,56,1,29672
2506,3454,3,974141509,Whatever It Takes (2000),Comedy|Romance,F,25,14,98225
2627,1673,4,973627667,Boogie Nights (1997),Drama,M,25,1,06877
2913,1673,4,971768659,Boogie Nights (1997),Drama,F,35,20,98119
2629,2921,4,973629818,High Plains Drifter (1972),Western,M,25,11,15237
2541,438,3,974048043,"Cowboy Way, The (1994)",Action|Comedy,F,35,5,49424
2792,3608,1,972930785,Pee-wee's Big Adventure (1985),Comedy,M,18,4,02452
2898,3052,4,1001212772,Dogma (1999),Comedy,M,18,4,02453
2994,3608,4,970707076,Pee-wee's Big Adventure (1985),Comedy,M,35,5,95008
2348,2951,1,974412915,"Fistful of Dollars, A (1964)",Action|Western,M,50,12,06082
2903,1200,3,971855235,Aliens (1986),Action|Sci-Fi|Thriller|War,M,25,16,20850
2507,2194,4,974081980,"Untouchables, The (1987)",Action|Crime|Drama,M,25,4,94107
2858,2194,4,972505073,"Untouchables, The (1987)",Action|Crime|Drama,F,1,10,72601
2888,2143,4,972058807,Legend (1985),Adventure|Fantasy|Romance,M,25,14,55438
2415,524,4,976422398,Rudy (1993),Drama,M,25,7,22407
2456,3361,3,974182301,Bull Durham (1988),Comedy,M,25,5,48103
2592,1960,3,974058338,"Last Emperor, The (1987)",Drama|War,M,50,7,80004-4448
2638,3101,4,980119024,Fatal Attraction (1987),Thriller,M,25,14,06405
2719,3639,4,973285496,"Man with the Golden Gun, The (1974)",Action,M,25,12,98100
2752,3101,3,973196420,Fatal Attraction (1987),Thriller,M,25,15,77006
2793,3101,5,972941554,Fatal Attraction (1987),Thriller,M,35,7,70116
2929,1104,5,971590652,"Streetcar Named Desire, A (1951)",Drama,M,18,2,60614
2719,3771,4,973285632,"Golden Voyage of Sinbad, The (1974)",Action|Adventure,M,25,12,98100
2986,1094,3,970808451,"Crying Game, The (1992)",Drama|Romance|War,M,25,4,24060
2777,848,5,973123912,"Spitfire Grill, The (1996)",Drama,M,18,4,95326
2887,1970,2,972269619,"Nightmare on Elm Street 3: Dream Warriors, A (1987)",Horror,M,25,3,66205
2910,2167,3,1039659150,Blade (1998),Action|Adventure|Horror,M,1,19,75602
3001,10,4,970619102,GoldenEye (1995),Action|Adventure|Thriller,M,18,4,94704
2334,2431,4,974432679,Patch Adams (1998),Comedy|Drama,F,56,7,01562
2546,1214,2,974040725,Alien (1979),Action|Horror|Sci-Fi|Thriller,F,56,13,37931
2627,3168,2,973629759,Easy Rider (1969),Adventure|Drama,M,25,1,06877
2798,3467,4,972867731,Hud (1963),Drama|Western,M,35,20,10038
2892,951,5,980572350,His Girl Friday (1940),Comedy,M,25,4,84064
2372,2671,5,974676541,Notting Hill (1999),Comedy|Romance,F,45,7,01602
2457,2012,5,974179077,Back to the Future Part III (1990),Comedy|Sci-Fi|Western,M,25,0,60656
2507,527,3,974079521,Schindler's List (1993),Drama|War,M,25,4,94107
2796,527,5,997322302,Schindler's List (1993),Drama|War,M,25,14,92104
2583,3724,3,974076823,Coming Home (1978),Drama|War,M,35,7,19610
2857,1667,3,972506795,Mad City (1997),Action|Drama,M,25,0,10469
2269,2722,2,981904680,Deep Blue Sea (1999),Action|Sci-Fi|Thriller,F,45,0,11217
2386,364,5,974308622,"Lion King, The (1994)",Animation|Children's|Musical,F,25,0,06040
2402,249,3,974259977,Immortal Beloved (1994),Drama|Romance,M,45,17,32024
2451,3070,3,974462958,"Adventures of Buckaroo Bonzai Across the 8th Dimension, The (1984)",Adventure|Comedy|Sci-Fi,M,45,12,37853
2742,2311,2,973220739,2010 (1984),Mystery|Sci-Fi,M,25,17,36092
2529,3478,4,974059379,"Bamba, La (1987)",Drama,F,35,9,95903
2710,3354,2,973287856,Mission to Mars (2000),Sci-Fi,M,35,17,94303
2573,356,4,973909036,Forrest Gump (1994),Comedy|Romance|War,M,45,16,94536
2689,1923,4,973348446,There's Something About Mary (1998),Comedy,M,25,12,27511
2733,25,5,973234177,Leaving Las Vegas (1995),Drama|Romance,M,45,17,94002
2962,2596,2,971824771,SLC Punk! (1998),Comedy|Drama,M,35,3,94109
2360,2321,4,974516968,Pleasantville (1998),Comedy,M,50,6,13210
2626,2858,2,973628305,American Beauty (1999),Comedy|Drama,M,56,1,04056
2758,2858,4,973185164,American Beauty (1999),Comedy|Drama,M,56,8,12436
2909,3510,5,971969772,Frequency (2000),Drama|Thriller,M,25,7,43228
2589,1213,4,973864586,GoodFellas (1990),Crime|Drama,M,25,0,19004
2288,1078,4,974518682,Bananas (1971),Comedy|War,M,1,10,13066
2724,2689,2,973273904,Get Bruce (1999),Documentary,F,45,2,27514
2753,1103,4,973197907,Rebel Without a Cause (1955),Drama,F,50,20,27516
2909,160,2,971973951,Congo (1995),Action|Adventure|Mystery|Sci-Fi,M,25,7,43228
2961,3801,5,971135069,Anatomy of a Murder (1959),Drama|Mystery,M,50,17,91977
2518,3755,4,974069943,"Perfect Storm, The (2000)",Action|Adventure|Thriller,M,25,7,11793
2749,3035,4,983468814,Mister Roberts (1955),Comedy|Drama|War,M,25,12,10025
2841,3755,3,981581404,"Perfect Storm, The (2000)",Action|Adventure|Thriller,M,50,12,98056
2663,1912,2,973458620,Out of Sight (1998),Action|Crime|Romance,F,25,4,02215
2883,2505,3,972267323,8MM (1999),Thriller,M,18,20,30101
3013,3751,3,997736150,Chicken Run (2000),Animation|Children's|Comedy,M,45,17,97124
2903,480,5,971852437,Jurassic Park (1993),Action|Adventure|Sci-Fi,M,25,16,20850
2927,480,5,971554092,Jurassic Park (1993),Action|Adventure|Sci-Fi,M,25,12,24060
2962,480,4,977248859,Jurassic Park (1993),Action|Adventure|Sci-Fi,M,35,3,94109
2664,1610,4,973455698,"Hunt for Red October, The (1990)",Action|Thriller,M,35,7,52402
2439,3868,2,974225399,"Naked Gun: From the Files of Police Squad!, The (1988)",Comedy,M,45,17,48105
2546,2359,2,974041399,Waking Ned Devine (1998),Comedy,F,56,13,37931
2860,968,5,972506246,Night of the Living Dead (1968),Horror|Sci-Fi,M,35,17,20009
2649,2860,3,973632327,Blue Streak (1999),Comedy,M,25,16,80126
2820,2948,2,972667753,From Russia with Love (1963),Action,F,35,0,02138
2464,1221,5,974166461,"Godfather: Part II, The (1974)",Action|Crime|Drama,F,18,4,44106
2728,2291,3,973264411,Edward Scissorhands (1990),Drama|Romance,M,35,12,27614
2750,2291,5,973201333,Edward Scissorhands (1990),Drama|Romance,F,25,15,91360
2583,1409,5,974066430,Michael (1996),Comedy|Romance,M,35,7,19610
2810,1393,3,972791816,Jerry Maguire (1996),Drama|Romance,F,1,10,64093
2304,2922,4,974513092,Hang 'em High (1967),Western,M,45,12,94103
2888,550,4,972060886,Threesome (1994),Comedy|Romance,M,25,14,55438
2907,1345,3,971842219,Carrie (1976),Horror,F,35,5,12345
2674,866,4,973415641,Bound (1996),Crime|Drama|Romance|Thriller,M,25,4,94110
2778,2300,4,973988401,"Producers, The (1968)",Comedy|Musical,M,56,13,94025
3002,3869,2,970613915,"Naked Gun 2 1/2: The Smell of Fear, The (1991)",Comedy,M,45,11,90028
2672,1450,4,973434032,Prisoner of the Mountains (Kavkazsky Plennik) (1996),War,M,35,7,04096
2752,1185,4,973195813,My Left Foot (1989),Drama,M,25,15,77006
2750,1188,5,973199526,Strictly Ballroom (1992),Comedy|Romance,F,25,15,91360
2664,2533,4,973461780,Escape from the Planet of the Apes (1971),Action|Sci-Fi,M,35,7,52402
3018,3255,4,970608088,"League of Their Own, A (1992)",Comedy|Drama,M,35,0,45242
2900,2352,5,971910265,"Big Chill, The (1983)",Comedy|Drama,M,18,12,95120
2823,32,2,972623945,Twelve Monkeys (1995),Drama|Sci-Fi,M,25,4,02452
2304,786,5,974498746,Eraser (1996),Action|Thriller,M,45,12,94103
2472,662,3,974253295,Fear (1996),Thriller,M,25,18,37922
2494,141,3,974097364,"Birdcage, The (1996)",Comedy,M,18,4,52003
2538,608,4,974049879,Fargo (1996),Crime|Drama|Thriller,M,56,13,37923
2679,899,5,973391583,Singin' in the Rain (1952),Musical|Romance,F,18,4,02143
2938,608,5,971451307,Fargo (1996),Crime|Drama|Thriller,F,25,0,55345
2559,1909,4,974598535,"X-Files: Fight the Future, The (1998)",Mystery|Sci-Fi|Thriller,M,18,10,53207
2796,272,4,997323284,"Madness of King George, The (1994)",Drama,M,25,14,92104
2501,2093,2,994950556,Return to Oz (1985),Adventure|Children's|Fantasy|Sci-Fi,M,25,15,37923
2669,1617,4,978217581,L.A. Confidential (1997),Crime|Film-Noir|Mystery|Thriller,M,45,0,24541
2266,1686,4,974579729,Red Corner (1997),Crime|Thriller,F,50,2,48118
2793,303,2,972937033,"Quick and the Dead, The (1995)",Action|Adventure|Western,M,35,7,70116
2820,426,3,972669409,Body Snatchers (1993),Horror|Sci-Fi|Thriller,F,35,0,02138
2929,426,2,971588668,Body Snatchers (1993),Horror|Sci-Fi|Thriller,M,18,2,60614
2309,1953,3,974488254,"French Connection, The (1971)",Action|Crime|Drama|Thriller,F,45,0,08901
2334,1953,4,974429521,"French Connection, The (1971)",Action|Crime|Drama|Thriller,F,56,7,01562
2436,1268,4,1015941562,Pump Up the Volume (1990),Drama,M,25,7,22902
2445,1544,3,974218041,"Lost World: Jurassic Park, The (1997)",Action|Adventure|Sci-Fi|Thriller,M,25,0,48104
2462,3812,4,991538802,Everything You Always Wanted to Know About Sex (1972),Comedy,M,35,1,44303
2599,1544,3,973795785,"Lost World: Jurassic Park, The (1997)",Action|Adventure|Sci-Fi|Thriller,M,25,12,53154
2888,2373,4,972058788,Red Sonja (1985),Action|Adventure,M,25,14,55438
2934,1544,4,971488391,"Lost World: Jurassic Park, The (1997)",Action|Adventure|Sci-Fi|Thriller,F,35,20,91324
2486,2908,4,974143123,Boys Don't Cry (1999),Drama,M,18,12,98105
2798,3424,2,972868468,Do the Right Thing (1989),Comedy|Drama,M,35,20,10038
2373,913,3,974335835,"Maltese Falcon, The (1941)",Film-Noir|Mystery,M,45,7,94109
2507,105,4,974083401,"Bridges of Madison County, The (1995)",Drama|Romance,M,25,4,94107
2529,2430,4,974058956,Mighty Joe Young (1949),Adventure|Children's|Drama,F,35,9,95903
2661,2518,3,973462216,Night Shift (1982),Comedy,M,56,13,19312
2303,1573,4,974496303,Face/Off (1997),Action|Sci-Fi|Thriller,M,50,17,08055
2411,3362,3,974590595,Dog Day Afternoon (1975),Comedy|Crime|Drama,F,35,14,01536
2417,3362,4,974242854,Dog Day Afternoon (1975),Comedy|Crime|Drama,M,45,1,53045
2900,1370,3,971903077,Die Hard 2 (1990),Action|Thriller,M,18,12,95120
2990,58,5,970954395,"Postino, Il (The Postman) (1994)",Drama|Romance,M,35,12,45243
2288,3735,3,974523884,Serpico (1973),Crime|Drama,M,1,10,13066
2411,11,3,974590922,"American President, The (1995)",Comedy|Drama|Romance,F,35,14,01536
2730,3735,4,973263044,Serpico (1973),Crime|Drama,M,35,11,48640
2271,110,4,974573673,Braveheart (1995),Action|Drama|War,M,50,14,13210
2503,1033,2,974085878,"Fox and the Hound, The (1981)",Animation|Children's,M,35,17,19360
2592,3418,3,973829271,Thelma & Louise (1991),Action|Drama,M,50,7,80004-4448
2683,110,5,979965828,Braveheart (1995),Action|Drama|War,M,35,7,60188
2862,110,3,972503336,Braveheart (1995),Action|Drama|War,M,45,7,55066
2967,1129,4,971127037,Escape from New York (1981),Action|Adventure|Sci-Fi|Thriller,M,25,0,94110
3000,541,4,970620744,Blade Runner (1982),Film-Noir|Sci-Fi,M,25,4,55408
2821,2459,1,972655520,"Texas Chainsaw Massacre, The (1974)",Horror,M,18,20,10036
2786,2028,5,972973186,Saving Private Ryan (1998),Action|Drama|War,M,25,4,60201
2628,147,5,973627815,"Basketball Diaries, The (1995)",Drama,F,25,2,11217
2880,1080,4,989098500,Monty Python's Life of Brian (1979),Comedy,M,18,12,55405
2456,546,3,974181652,Super Mario Bros. (1993),Action|Adventure|Children's|Sci-Fi,M,25,5,48103
2638,805,3,973573336,"Time to Kill, A (1996)",Drama,M,25,14,06405
2700,1672,4,973306193,"Rainmaker, The (1997)",Drama,M,25,7,30117
2978,2946,3,970965199,Help! (1965),Comedy|Musical,M,35,20,45236
2303,1693,4,974494703,Amistad (1997),Drama,M,50,17,08055
2676,2303,4,973401866,Nashville (1975),Drama|Musical,M,56,20,78731
2919,349,4,975445417,Clear and Present Danger (1994),Action|Adventure|Thriller,M,18,17,88076
2266,1678,3,974579729,"Joy Luck Club, The (1993)",Drama,F,50,2,48118
2304,454,4,974512135,"Firm, The (1993)",Drama|Thriller,M,45,12,94103
2398,1958,5,974278397,Terms of Endearment (1983),Comedy|Drama,M,25,0,98122
2484,1753,1,974147144,Half Baked (1998),Comedy,M,45,5,31901
3012,3785,1,1044067248,Scary Movie (2000),Comedy|Horror,M,25,12,78660
2419,2065,3,974248821,"Purple Rose of Cairo, The (1985)",Comedy|Drama|Romance,M,25,0,06096
2974,3250,4,971033917,Alive (1993),Drama,M,18,4,48105
2752,1095,3,973269545,Glengarry Glen Ross (1992),Drama,M,25,15,77006
2885,3881,5,972452947,Bittersweet Motel (2000),Documentary,F,18,1,80302
2903,3146,3,971853272,Deuce Bigalow: Male Gigolo (1999),Comedy,M,25,16,20850
2293,909,5,974508769,"Apartment, The (1960)",Comedy|Drama,F,56,3,48130
2304,3448,3,974502251,"Good Morning, Vietnam (1987)",Comedy|Drama|War,M,45,12,94103
2638,1954,3,973706266,Rocky (1976),Action|Drama,M,25,14,06405
2918,2334,4,999803306,"Siege, The (1998)",Action|Thriller,M,25,12,98112
2967,3448,2,971133977,"Good Morning, Vietnam (1987)",Comedy|Drama|War,M,25,0,94110
2338,2944,4,974429435,"Dirty Dozen, The (1967)",Action|War,M,45,17,13152
2376,778,4,974334213,Trainspotting (1996),Drama,M,25,1,13210
2499,2605,5,974090371,Entrapment (1999),Crime|Thriller,M,50,0,36109
2617,3274,3,973687585,Single White Female (1992),Action,F,45,15,60081
2916,3130,1,971732800,Bonfire of the Vanities (1990),Comedy,M,45,2,98011
2395,999,3,975345908,2 Days in the Valley (1996),Crime,M,35,7,08021
2353,357,3,974401914,Four Weddings and a Funeral (1994),Comedy|Romance,F,35,9,61270
2368,2000,5,974341299,Lethal Weapon (1987),Action|Comedy|Crime|Drama,F,56,13,13057
2547,905,4,974040277,It Happened One Night (1934),Comedy,F,35,0,37920
2552,2144,3,973999677,Sixteen Candles (1984),Comedy,F,25,9,29369
2731,2144,4,973244198,Sixteen Candles (1984),Comedy,M,35,7,11050
2737,357,5,973227860,Four Weddings and a Funeral (1994),Comedy|Romance,M,25,3,50311
2820,2925,3,972658015,"Conformist, The (Il Conformista) (1970)",Drama,F,35,0,02138
2406,1193,5,974255556,One Flew Over the Cuckoo's Nest (1975),Drama,F,56,12,01520
2684,3174,3,973465092,Man on the Moon (1999),Comedy|Drama,F,18,0,19143
2909,1193,5,971881486,One Flew Over the Cuckoo's Nest (1975),Drama,M,25,7,43228
2599,2011,2,973793769,Back to the Future Part II (1989),Comedy|Sci-Fi,M,25,12,53154
2748,3578,3,976414780,Gladiator (2000),Action|Drama,M,25,4,85719
3012,2011,2,1044066531,Back to the Future Part II (1989),Comedy|Sci-Fi,M,25,12,78660
2789,3033,4,972949040,Spaceballs (1987),Comedy|Sci-Fi,M,18,4,90025
2846,2696,4,972526360,"Dinner Game, The (Le Dîner de cons) (1998)",Comedy,F,18,4,91604
2485,3176,3,974146285,"Talented Mr. Ripley, The (1999)",Drama|Mystery|Thriller,M,35,14,95746
2493,3176,2,974105181,"Talented Mr. Ripley, The (1999)",Drama|Mystery|Thriller,M,45,2,90631
2507,1101,4,974083447,Top Gun (1986),Action|Romance,M,25,4,94107
2624,802,5,973651221,Phenomenon (1996),Drama|Romance,F,35,0,44313
2489,2997,5,1010682154,Being John Malkovich (1999),Comedy,F,35,9,37843
2544,2248,4,990395379,Say Anything... (1989),Comedy|Drama|Romance,M,45,1,52001
2561,2997,3,974596649,Being John Malkovich (1999),Comedy,M,25,15,06460
2669,3554,4,977970603,Love and Basketball (2000),Drama|Romance,M,45,0,24541
2324,1674,5,974435406,Witness (1985),Drama|Romance|Thriller,M,35,17,50321
2389,1584,4,974300707,Contact (1997),Drama|Sci-Fi,M,25,16,37922
2917,2186,5,974241756,Strangers on a Train (1951),Film-Noir|Thriller,M,25,0,60201
2621,172,2,973657504,Johnny Mnemonic (1995),Action|Sci-Fi|Thriller,M,18,0,46304
2697,3555,5,973306571,U-571 (2000),Action|Thriller,F,50,17,87031
2304,2976,3,974493894,Bringing Out the Dead (1999),Drama|Horror,M,45,12,94103
2340,2676,3,974422472,Instinct (1999),Drama|Thriller,M,35,2,48104
2683,2289,4,979964982,"Player, The (1992)",Comedy|Drama,M,35,7,60188
2911,252,4,971794390,I.Q. (1994),Comedy|Romance,F,25,4,55455
2454,153,2,974234118,Batman Forever (1995),Action|Adventure|Comedy|Crime,M,18,0,97005
2750,1278,5,973199420,Young Frankenstein (1974),Comedy|Horror,F,25,15,91360
2266,475,3,974579496,In the Name of the Father (1993),Drama,F,50,2,48118
2355,947,4,974399087,My Man Godfrey (1936),Comedy,F,45,9,13203
2638,1246,3,974346726,Dead Poets Society (1989),Drama,M,25,14,06405
2685,1292,5,973376658,Being There (1979),Comedy,M,45,7,02116
2801,3148,3,972845528,"Cider House Rules, The (1999)",Drama,F,25,3,12866
2832,475,5,972588627,In the Name of the Father (1993),Drama,M,25,17,20036
2841,1719,3,972552220,"Sweet Hereafter, The (1997)",Drama,M,50,12,98056
2304,1713,3,974500830,Mouse Hunt (1997),Children's|Comedy,M,45,12,94103
2411,934,4,974590105,Father of the Bride (1950),Comedy,F,35,14,01536
2581,934,5,973889471,Father of the Bride (1950),Comedy,M,25,11,60611
2880,1097,2,989097796,E.T. the Extra-Terrestrial (1982),Children's|Drama|Fantasy|Sci-Fi,M,18,12,55405
2271,468,3,1007159067,"Englishman Who Went Up a Hill, But Came Down a Mountain, The (1995)",Comedy|Romance,M,50,14,13210
2339,180,5,974420824,Mallrats (1995),Comedy,F,56,3,52003
2785,468,2,972990027,"Englishman Who Went Up a Hill, But Came Down a Mountain, The (1995)",Comedy|Romance,M,56,13,29928
2456,2599,4,974178246,Election (1999),Comedy,M,25,5,48103
2645,3688,4,973560798,Porky's (1981),Comedy,M,25,7,60657
2797,1387,1,972876806,Jaws (1975),Action|Horror,F,25,7,94043
2891,2599,4,972009207,Election (1999),Comedy,F,18,4,66044
2445,315,3,974218247,"Specialist, The (1994)",Action,M,25,0,48104
2627,3846,3,988659832,Easy Money (1983),Comedy,M,25,1,06877
2699,36,5,973306231,Dead Man Walking (1995),Drama,F,56,13,74128
2776,3846,4,973054498,Easy Money (1983),Comedy,M,25,14,22205
2655,2706,4,1010071845,American Pie (1999),Comedy,M,35,7,66224
2801,2706,5,972845795,American Pie (1999),Comedy,F,25,3,12866
2844,3825,2,972531054,Coyote Ugly (2000),Drama,M,25,20,87103
2994,2457,3,970706982,Running Scared (1986),Action|Comedy,M,35,5,95008
3025,1088,4,970463426,Dirty Dancing (1987),Musical|Romance,F,35,0,90004
3192,3175,4,968644150,Galaxy Quest (1999),Adventure|Comedy|Sci-Fi,M,18,4,02912
3370,1580,1,967607117,Men in Black (1997),Action|Adventure|Comedy|Sci-Fi,M,18,4,92833
3454,1342,3,968198644,Candyman (1992),Horror,M,18,0,92122
3457,1645,4,967241098,"Devil's Advocate, The (1997)",Crime|Horror|Mystery|Thriller,M,25,20,19083
3683,1088,1,966520975,Dirty Dancing (1987),Musical|Romance,M,25,2,30606
3696,471,3,966302801,"Hudsucker Proxy, The (1994)",Comedy|Romance,M,35,7,19149
3715,1591,4,966266240,Spawn (1997),Action|Adventure|Sci-Fi|Thriller,M,18,5,55428
3760,2366,5,966093496,King Kong (1933),Action|Adventure|Horror,M,50,0,55128
3135,858,5,969063387,"Godfather, The (1972)",Action|Crime|Drama,M,25,15,12345
3272,540,3,971259208,Sliver (1993),Thriller,M,35,0,08330
3430,1721,3,967342011,Titanic (1997),Drama|Romance,F,45,1,15208
3475,858,5,974769064,"Godfather, The (1972)",Action|Crime|Drama,M,25,14,33133
3625,858,5,966561596,"Godfather, The (1972)",Action|Crime|Drama,M,18,10,48439
3626,3698,3,966608999,"Running Man, The (1987)",Action|Adventure|Sci-Fi,M,25,17,75075
3679,1721,4,976299237,Titanic (1997),Drama|Romance,M,25,4,68108
3278,1270,3,968168365,Back to the Future (1985),Comedy|Sci-Fi,M,35,7,10014
3562,1270,5,966795545,Back to the Future (1985),Comedy|Sci-Fi,F,25,6,32812
3669,31,5,966380204,Dangerous Minds (1995),Drama,M,25,14,60148
3058,1265,4,970072798,Groundhog Day (1993),Comedy|Romance,M,18,12,55123
3191,1265,5,968653219,Groundhog Day (1993),Comedy|Romance,M,25,12,27707
3688,3089,5,1011647755,"Bicycle Thief, The (Ladri di biciclette) (1948)",Drama,M,18,6,21202
3713,1265,4,966271151,Groundhog Day (1993),Comedy|Romance,F,25,7,22201
3716,1265,5,966265821,Groundhog Day (1993),Comedy|Romance,M,18,12,36115
3047,2924,5,970184967,Drunken Master (Zui quan) (1979),Action|Comedy,F,25,4,94117
3526,3425,2,967618134,Mo' Better Blues (1990),Drama,M,35,2,62263-3004
3358,3105,5,967693562,Awakenings (1990),Drama,F,25,1,91790
3752,3105,2,966120691,Awakenings (1990),Drama,F,18,1,86314
3075,296,4,969898714,Pulp Fiction (1994),Crime|Drama,F,25,11,06107
3313,2542,4,967953479,"Lock, Stock & Two Smoking Barrels (1998)",Comedy|Crime|Thriller,M,35,20,90292
3333,2542,4,993535493,"Lock, Stock & Two Smoking Barrels (1998)",Comedy|Crime|Thriller,M,18,16,29404-2205
3499,2542,5,966997062,"Lock, Stock & Two Smoking Barrels (1998)",Comedy|Crime|Thriller,M,25,3,77006
3560,1466,4,966797177,Donnie Brasco (1997),Crime|Drama,F,25,6,74105
3283,2396,4,968121705,Shakespeare in Love (1998),Comedy|Romance,M,35,16,66208
3390,2396,5,967601349,Shakespeare in Love (1998),Comedy|Romance,F,45,20,02476
3391,2848,3,970256391,Othello (1952),Drama,M,18,4,48135
3576,918,3,966722691,Meet Me in St. Louis (1944),Musical,M,50,7,68046
3189,3087,3,969862764,Scrooged (1988),Comedy,M,25,16,90292
3735,1212,5,966190548,"Third Man, The (1949)",Mystery|Thriller,M,25,0,10009
3519,1863,2,967573389,Major League: Back to the Minors (1998),Comedy,F,25,14,11215
3648,2294,2,994801269,Antz (1998),Animation|Children's,M,18,4,85210
3081,34,4,969802417,Babe (1995),Children's|Comedy|Drama,M,25,7,77252
3153,2888,5,968907335,Drive Me Crazy (1999),Comedy|Romance,F,25,4,73160
3190,1198,4,968649928,Raiders of the Lost Ark (1981),Action|Adventure,M,1,17,97062
3207,34,2,968555249,Babe (1995),Children's|Comedy|Drama,M,35,7,60610
3356,34,5,967697094,Babe (1995),Children's|Comedy|Drama,M,35,7,95031
3403,368,4,967430534,Maverick (1994),Action|Comedy|Western,M,35,5,48342
3430,368,2,973918395,Maverick (1994),Action|Comedy|Western,F,45,1,15208
3607,1924,1,971916668,Plan 9 from Outer Space (1958),Horror|Sci-Fi,M,35,17,32506
3704,34,5,966284221,Babe (1995),Children's|Comedy|Drama,F,35,0,04255
3401,1500,3,980126199,Grosse Pointe Blank (1997),Comedy|Crime,M,35,7,76109
3454,1183,4,970771793,"English Patient, The (1996)",Drama|Romance|War,M,18,0,92122
3517,1378,4,966962493,Young Guns (1988),Action|Comedy|Western,M,18,12,53713
3520,2003,3,1033784677,Gremlins (1984),Comedy|Horror,M,25,0,40515
3688,1500,5,987309828,Grosse Pointe Blank (1997),Comedy|Crime,M,18,6,21202
3227,830,3,969646274,"First Wives Club, The (1996)",Comedy,F,25,14,60657
3308,81,4,967996160,Things to Do in Denver when You're Dead (1995),Crime|Drama|Romance,F,18,20,15701-1348
3391,3313,2,1005836995,Class Reunion (1982),Comedy,M,18,4,48135
3189,3841,3,968665541,Air America (1990),Action|Comedy,M,25,16,90292
3471,2683,3,968032000,Austin Powers: The Spy Who Shagged Me (1999),Comedy,M,18,4,80302
3539,2683,4,966930881,Austin Powers: The Spy Who Shagged Me (1999),Comedy,F,25,4,77006
3698,2683,1,966976502,Austin Powers: The Spy Who Shagged Me (1999),Comedy,M,25,7,53202
3029,1243,5,972846377,Rosencrantz and Guildenstern Are Dead (1990),Comedy|Drama,M,18,4,92037
3083,2355,3,969762073,"Bug's Life, A (1998)",Animation|Children's|Comedy,F,50,0,97403
3109,1296,3,969487073,"Room with a View, A (1986)",Drama|Romance,F,25,11,43201
3203,2355,5,968570719,"Bug's Life, A (1998)",Animation|Children's|Comedy,M,35,0,90254
3217,497,4,968780819,Much Ado About Nothing (1993),Comedy|Romance,F,35,0,92630
3274,2355,3,979768607,"Bug's Life, A (1998)",Animation|Children's|Comedy,M,25,20,02062
3507,2355,3,966997518,"Bug's Life, A (1998)",Animation|Children's|Comedy,M,25,0,02472
3128,784,5,985045297,"Cable Guy, The (1996)",Comedy,M,18,2,10012
3260,300,3,1019506325,Quiz Show (1994),Drama,M,25,4,44514
3352,1974,4,967744040,Friday the 13th (1980),Horror,M,35,0,30533
3531,1307,4,966997921,When Harry Met Sally... (1989),Comedy|Romance,F,25,11,55409
3688,1307,5,985462907,When Harry Met Sally... (1989),Comedy|Romance,M,18,6,21202
3733,1307,4,966200642,When Harry Met Sally... (1989),Comedy|Romance,M,18,4,02777
3193,76,4,968645871,Screamers (1995),Sci-Fi|Thriller,M,25,0,92019
3515,3435,3,966970091,Double Indemnity (1944),Crime|Film-Noir,M,35,3,55042
3562,2467,2,966787598,"Name of the Rose, The (1986)",Mystery,F,25,6,32812
3237,3811,5,968357762,Breaker Morant (1980),Drama|War,M,35,7,05401
3025,1269,5,970461784,Arsenic and Old Lace (1944),Comedy|Mystery|Thriller,F,35,0,90004
3157,1294,3,968901802,M*A*S*H (1970),Comedy|War,M,25,12,92880
3285,1294,5,968116983,M*A*S*H (1970),Comedy|War,M,25,4,44706
3458,3072,5,967221487,Moonstruck (1987),Comedy,M,45,0,02131
3672,1019,4,966376113,"20,000 Leagues Under the Sea (1954)",Adventure|Children's|Fantasy|Sci-Fi,M,35,5,08406
3453,2644,3,967765659,Dracula (1931),Horror,M,35,7,07981
3621,908,4,966576024,North by Northwest (1959),Drama|Thriller,M,18,4,33023
3088,2804,4,969747357,"Christmas Story, A (1983)",Comedy|Drama,F,25,4,87110
3368,1210,3,968793435,Star Wars: Episode VI - Return of the Jedi (1983),Action|Adventure|Romance|Sci-Fi|War,M,25,14,55435
3507,253,4,966998778,Interview with the Vampire (1994),Drama|Horror,M,25,0,02472
3583,1210,4,966695501,Star Wars: Episode VI - Return of the Jedi (1983),Action|Adventure|Romance|Sci-Fi|War,F,25,9,41075
3681,1210,5,967066010,Star Wars: Episode VI - Return of the Jedi (1983),Action|Adventure|Romance|Sci-Fi|War,M,25,7,29662
3733,1148,3,966200459,"Wrong Trousers, The (1993)",Animation|Comedy,M,18,4,02777
3752,2804,5,966120150,"Christmas Story, A (1983)",Comedy|Drama,F,18,1,86314
3116,2723,3,969464021,Mystery Men (1999),Action|Adventure|Comedy,M,25,12,98034
3336,3196,4,967837877,Stalag 17 (1953),Drama|War,M,35,17,93436
3658,2531,4,966445371,Battle for the Planet of the Apes (1973),Action|Sci-Fi,F,25,7,07090
3762,2939,4,966435669,Niagara (1953),Drama|Thriller,M,50,6,11746
3044,3037,4,970209822,Little Big Man (1970),Comedy|Drama|Western,M,35,16,77301
3471,223,5,968032000,Clerks (1994),Comedy,M,18,4,80302
3301,1208,5,968215006,Apocalypse Now (1979),Drama|War,F,25,2,85719
3192,1777,5,975976244,"Wedding Singer, The (1998)",Comedy|Romance,M,18,4,02912
3771,1978,1,966048768,Friday the 13th Part V: A New Beginning (1985),Horror,M,25,1,14982
3028,1215,2,970441305,Army of Darkness (1993),Action|Adventure|Comedy|Horror|Sci-Fi,M,1,10,12701
3180,2668,2,968775406,Swamp Thing (1982),Horror|Sci-Fi,M,25,14,07430
3323,3814,5,968985737,Love and Death (1975),Comedy,M,35,14,11784
3401,2789,1,980113246,Damien: Omen II (1978),Horror,M,35,7,76109
3759,333,5,966094872,Tommy Boy (1995),Comedy,M,35,6,54751
3598,3108,1,966627272,"Fisher King, The (1991)",Comedy|Drama|Romance,M,56,1,90210
3675,3108,4,966362981,"Fisher King, The (1991)",Comedy|Drama|Romance,M,35,7,06680
3618,1961,3,966600676,Rain Man (1988),Drama,M,56,17,22657
3717,1961,5,967475964,Rain Man (1988),Drama,M,35,17,94533
3760,2407,4,966097245,Cocoon (1985),Comedy|Sci-Fi,M,50,0,55128
3029,493,4,972847087,Menace II Society (1993),Action|Crime|Drama,M,18,4,92037
3032,493,4,970342631,Menace II Society (1993),Action|Crime|Drama,M,25,0,47303
3476,1291,5,967209762,Indiana Jones and the Last Crusade (1989),Action|Adventure,M,50,0,44126
3679,1291,5,966448140,Indiana Jones and the Last Crusade (1989),Action|Adventure,M,25,4,68108
3328,157,5,967910026,Canadian Bacon (1994),Comedy|War,M,56,19,91790-1161
3391,2414,4,967661291,Young Sherlock Holmes (1985),Action|Adventure|Mystery,M,18,4,48135
3551,924,3,966821952,2001: A Space Odyssey (1968),Drama|Mystery|Sci-Fi|Thriller,F,56,0,98374
3741,232,4,966160193,Eat Drink Man Woman (1994),Comedy|Drama,M,25,0,96818
3224,539,5,968522333,Sleepless in Seattle (1993),Comedy|Romance,F,25,14,93428
3262,246,5,968250922,Hoop Dreams (1994),Documentary,M,25,14,55391
3047,1197,4,970184003,"Princess Bride, The (1987)",Action|Adventure|Comedy|Romance,F,25,4,94117
3173,1197,5,968793799,"Princess Bride, The (1987)",Action|Adventure|Comedy|Romance,M,25,12,55317
3327,1197,5,967867380,"Princess Bride, The (1987)",Action|Adventure|Comedy|Romance,M,18,12,91423
3470,1197,5,967148549,"Princess Bride, The (1987)",Action|Adventure|Comedy|Romance,M,35,17,49887
3509,1729,3,967148591,Jackie Brown (1997),Crime|Drama,M,18,4,02115
3565,2628,4,966780834,Star Wars: Episode I - The Phantom Menace (1999),Action|Adventure|Fantasy|Sci-Fi,M,25,18,53572
3445,1207,5,967279363,To Kill a Mockingbird (1962),Drama,F,35,20,92009
3539,2549,4,966930349,Wing Commander (1999),Action|Sci-Fi,F,25,4,77006
3648,47,5,994800402,Seven (Se7en) (1995),Crime|Thriller,M,18,4,85210
3358,2398,3,967693649,Miracle on 34th Street (1947),Drama,F,25,1,91790
3563,3104,3,966788023,Midnight Run (1988),Action|Adventure|Comedy|Crime,M,25,2,33133
3416,1599,4,967406615,Steel (1997),Action,M,25,12,20850
3464,3155,4,967242965,Anna and the King (1999),Drama|Romance,F,25,14,78251
3600,2092,3,966626476,"Return of Jafar, The (1993)",Animation|Children's|Musical,M,35,20,94506
3756,355,3,966102319,"Flintstones, The (1994)",Children's|Comedy,M,18,12,53188
3658,3095,4,971900308,"Grapes of Wrath, The (1940)",Drama,F,25,7,07090
3669,1288,4,966463549,This Is Spinal Tap (1984),Comedy|Drama|Musical,M,25,14,60148
3689,2082,2,966313629,"Mighty Ducks, The (1992)",Children's|Comedy,M,25,0,80906
3341,3753,1,967796965,"Patriot, The (2000)",Action|Drama|War,M,25,20,91730
3556,3753,3,966807282,"Patriot, The (2000)",Action|Drama|War,M,25,17,03038
3562,3020,5,966792273,Falling Down (1993),Action|Drama,F,25,6,32812
3675,473,3,966369075,In the Army Now (1994),Comedy|War,M,35,7,06680
3726,912,5,966227171,Casablanca (1942),Drama|Romance|War,M,25,17,92882
3075,3798,4,969897549,What Lies Beneath (2000),Thriller,F,25,11,06107
3161,1304,3,968870967,Butch Cassidy and the Sundance Kid (1969),Action|Comedy|Western,M,25,7,55408
3205,1304,5,968567398,Butch Cassidy and the Sundance Kid (1969),Action|Comedy|Western,F,35,16,80304
3365,1304,5,967663417,Butch Cassidy and the Sundance Kid (1969),Action|Comedy|Western,M,50,17,23059
3403,1247,5,967428095,"Graduate, The (1967)",Drama|Romance,M,35,5,48342
3441,2329,4,972961058,American History X (1998),Drama,F,25,14,94109
3683,2329,3,966522538,American History X (1998),Drama,M,25,2,30606
3110,3819,4,969485252,Tampopo (1986),Comedy,M,25,0,10002
3391,259,3,1046189115,Kiss of Death (1995),Crime|Drama|Thriller,M,18,4,48135
3065,1,4,970001943,Toy Story (1995),Animation|Children's|Comedy,F,18,4,48135
3390,1172,5,967513675,Cinema Paradiso (1988),Comedy|Drama|Romance,F,45,20,02476
3592,3452,3,1001472936,Romeo Must Die (2000),Action|Romance,F,56,2,99701
3280,2763,3,982260518,"Thomas Crown Affair, The (1999)",Action|Thriller,M,25,7,33486
3410,1302,2,967486359,Field of Dreams (1989),Drama,M,35,1,20653
3565,3147,2,966779812,"Green Mile, The (1999)",Drama|Thriller,M,25,18,53572
3727,3147,4,966224468,"Green Mile, The (1999)",Drama|Thriller,M,35,7,74401
3079,2155,4,980705179,"Slums of Beverly Hills, The (1998)",Comedy,F,25,1,55410
3320,1722,4,968522548,Tomorrow Never Dies (1997),Action|Romance|Thriller,M,25,1,56082
3537,3754,1,966883323,"Adventures of Rocky and Bullwinkle, The (2000)",Animation|Children's|Comedy,M,1,10,97402
3327,442,2,988592456,Demolition Man (1993),Action|Sci-Fi,M,18,12,91423
3683,3197,1,966520750,"Presidio, The (1988)",Action,M,25,2,30606
3159,2337,5,968880797,Velvet Goldmine (1998),Drama,F,25,15,15213
3272,1663,5,968197710,Stripes (1981),Comedy,M,35,0,08330
3563,1663,3,966787957,Stripes (1981),Comedy,M,25,2,33133
3706,1663,5,966376938,Stripes (1981),Comedy,M,25,12,46725
3539,6,3,966929281,Heat (1995),Action|Crime|Thriller,F,25,4,77006
3458,2699,2,967223757,Arachnophobia (1990),Action|Comedy|Sci-Fi|Thriller,M,45,0,02131
3764,1952,5,966091006,Midnight Cowboy (1969),Drama,M,25,1,06111
3193,998,2,968645674,Set It Off (1996),Action|Crime,M,25,0,92019
3336,1242,3,968043516,Glory (1989),Action|Drama|War,M,35,17,93436
3371,2877,2,967663870,Tommy (1975),Drama|Musical,M,25,2,55405
3461,1242,4,967181050,Glory (1989),Action|Drama|War,M,35,0,95409
3610,3549,1,977889112,Guys and Dolls (1955),Musical,M,18,6,30064
3202,2391,1,968573499,"Simple Plan, A (1998)",Crime|Thriller,F,18,4,24060
3439,1275,5,967319571,Highlander (1986),Action|Adventure,M,18,17,76116
3096,3793,5,969642691,X-Men (2000),Action|Sci-Fi,F,45,3,38028
3189,1353,3,969869859,"Mirror Has Two Faces, The (1996)",Comedy|Romance,M,25,16,90292
3244,3793,4,968310666,X-Men (2000),Action|Sci-Fi,F,18,4,92647
3558,500,5,966804093,Mrs. Doubtfire (1993),Comedy,M,18,17,66044
3162,2808,2,968858984,Universal Soldier (1992),Action|Sci-Fi,M,25,1,08854-3115
3209,479,2,968547719,Judgment Night (1993),Action,M,25,0,21555
3217,431,5,968775035,Carlito's Way (1993),Crime|Drama,F,35,0,92630
3246,2712,1,968309245,Eyes Wide Shut (1999),Drama,F,35,1,85258
3620,431,4,966576782,Carlito's Way (1993),Crime|Drama,M,25,7,94117
3023,3863,3,970471396,"Cell, The (2000)",Sci-Fi|Thriller,F,25,7,92108
3320,3489,5,968522304,Hook (1991),Adventure|Fantasy,M,25,1,56082
3390,920,5,967511106,Gone with the Wind (1939),Drama|Romance|War,F,45,20,02476
3032,3932,4,970363674,"Invisible Man, The (1933)",Horror|Sci-Fi,M,25,0,47303
3208,1968,4,968551513,"Breakfast Club, The (1985)",Comedy|Drama,M,25,14,30342
3435,3871,3,967333136,Shane (1953),Drama|Western,M,45,1,48867
3720,647,3,966251789,Courage Under Fire (1996),Drama|War,M,45,7,43065
3080,3388,2,1015019399,Harry and the Hendersons (1987),Comedy,M,25,20,55410
3154,2177,3,973792727,Family Plot (1976),Comedy|Thriller,F,25,4,95616
3450,292,4,967245935,Outbreak (1995),Action|Drama|Thriller,M,25,5,78251
3512,292,2,967482499,Outbreak (1995),Action|Drama|Thriller,M,18,17,02140
3709,339,3,966276148,While You Were Sleeping (1995),Comedy|Romance,M,25,12,89502
3713,3269,3,966271403,Forever Young (1992),Adventure|Romance|Sci-Fi,F,25,7,22201
3032,1499,5,970344271,Anaconda (1997),Action|Adventure|Thriller,M,25,0,47303
3281,1917,5,968168352,Armageddon (1998),Action|Adventure|Sci-Fi|Thriller,M,25,17,79705
3401,2779,3,967434227,Heaven Can Wait (1978),Comedy,M,35,7,76109
3424,3827,5,967357651,Space Cowboys (2000),Action|Sci-Fi,M,25,6,92111
3483,491,5,967070571,"Man Without a Face, The (1993)",Drama,F,45,7,30260
3693,2640,4,966304272,Superman (1978),Action|Adventure|Sci-Fi,M,25,15,94062
3754,2613,2,966120128,Night of the Comet (1984),Action|Horror|Sci-Fi,M,56,7,94612
3108,1701,3,969496121,Deconstructing Harry (1997),Comedy|Drama,M,50,6,22039
3220,3702,3,968452051,Mad Max (1979),Action|Sci-Fi,M,35,7,54016
3410,3702,2,967419036,Mad Max (1979),Action|Sci-Fi,M,35,1,20653
3715,1032,5,966266495,Alice in Wonderland (1951),Animation|Children's|Musical,M,18,5,55428
3140,266,5,969039635,Legends of the Fall (1994),Drama|Romance|War|Western,F,25,4,78728
3208,266,5,968555120,Legends of the Fall (1994),Drama|Romance|War|Western,M,25,14,30342
3526,544,2,966907667,Striking Distance (1993),Action,M,35,2,62263-3004
3756,507,4,966098704,"Perfect World, A (1993)",Action|Drama,M,18,12,53188
3172,3007,4,968792410,American Movie (1999),Documentary,M,18,12,55408
3675,2252,3,966363443,Hero (1992),Comedy|Drama,M,35,7,06680
3702,2499,4,966290190,God Said 'Ha!' (1998),Comedy,M,35,15,53095
3157,1748,3,968960174,Dark City (1998),Film-Noir|Sci-Fi|Thriller,M,25,12,92880
3726,1748,4,966226088,Dark City (1998),Film-Noir|Sci-Fi|Thriller,M,25,17,92882
3058,2571,3,970591276,"Matrix, The (1999)",Action|Sci-Fi|Thriller,M,18,12,55123
3270,2761,3,969934134,"Iron Giant, The (1999)",Animation|Children's,M,18,11,45220
3400,2571,4,967466802,"Matrix, The (1999)",Action|Sci-Fi|Thriller,M,25,14,08742
3526,3039,5,966906114,Trading Places (1983),Comedy,M,35,2,62263-3004
3731,2571,5,966209495,"Matrix, The (1999)",Action|Sci-Fi|Thriller,M,25,17,67443
3445,2664,5,967278510,Invasion of the Body Snatchers (1956),Horror|Sci-Fi,F,35,20,92009
3662,2664,5,966429006,Invasion of the Body Snatchers (1956),Horror|Sci-Fi,M,35,16,08753
3705,553,3,966287875,Tombstone (1993),Western,M,45,7,30076
3163,780,4,968868962,Independence Day (ID4) (1996),Action|Sci-Fi|War,M,18,15,95616
3401,780,5,980113823,Independence Day (ID4) (1996),Action|Sci-Fi|War,M,35,7,76109
3454,780,2,968199031,Independence Day (ID4) (1996),Action|Sci-Fi|War,M,18,0,92122
3224,1569,3,968522243,My Best Friend's Wedding (1997),Comedy|Romance,F,25,14,93428
3311,1497,2,967955665,Double Team (1997),Action,M,25,4,90039
3313,1186,3,967953261,"Sex, Lies, and Videotape (1989)",Drama,M,35,20,90292
3529,1186,3,966897612,"Sex, Lies, and Videotape (1989)",Drama,F,45,1,97361
3694,1250,3,966302633,"Bridge on the River Kwai, The (1957)",Drama|War,M,25,12,28227
3182,1225,4,968774612,Amadeus (1984),Drama,M,25,12,12866
3350,1222,5,967747855,Full Metal Jacket (1987),Action|Drama|War,F,18,0,20815
3519,2987,3,968340999,Who Framed Roger Rabbit? (1988),Adventure|Animation|Film-Noir,F,25,14,11215
3639,2987,3,966487930,Who Framed Roger Rabbit? (1988),Adventure|Animation|Film-Noir,M,18,4,78250
3754,1222,4,966119227,Full Metal Jacket (1987),Action|Drama|War,M,56,7,94612
3032,1252,4,970356701,Chinatown (1974),Film-Noir|Mystery|Thriller,M,25,0,47303
3032,3694,3,970358670,"Toxic Avenger, Part II, The (1989)",Comedy|Horror,M,25,0,47303
3274,1375,3,979767165,Star Trek III: The Search for Spock (1984),Action|Adventure|Sci-Fi,M,25,20,02062
3739,1252,4,966180283,Chinatown (1974),Film-Noir|Mystery|Thriller,M,56,11,48070
3053,425,3,970170672,Blue Sky (1994),Drama|Romance,F,25,3,55102
3365,931,4,967661101,Spellbound (1945),Mystery|Romance|Thriller,M,50,17,23059
3378,1321,1,967756520,"American Werewolf in London, An (1981)",Horror,M,18,4,48135
3724,904,5,966224024,Rear Window (1954),Mystery|Thriller,M,35,6,77083
3681,1035,5,967065867,"Sound of Music, The (1965)",Musical,M,25,7,29662
3129,2420,2,969293789,"Karate Kid, The (1984)",Drama,M,25,7,21117
3186,3789,3,968699221,"Pawnbroker, The (1965)",Drama,M,50,1,92122
3401,2346,3,980114108,"Stepford Wives, The (1975)",Sci-Fi|Thriller,M,35,7,76109
3487,1136,4,967058313,Monty Python and the Holy Grail (1974),Comedy,M,18,4,60611
3490,1136,3,967048663,Monty Python and the Holy Grail (1974),Comedy,M,25,0,74136
3693,1136,5,966355444,Monty Python and the Holy Grail (1974),Comedy,M,25,15,94062
3032,3040,5,970348056,Meatballs (1979),Comedy,M,25,0,47303
3230,3527,5,968389892,Predator (1987),Action|Sci-Fi|Thriller,M,35,16,92630
3556,3527,4,966807251,Predator (1987),Action|Sci-Fi|Thriller,M,25,17,03038
3626,511,4,966609330,"Program, The (1993)",Action|Drama,M,25,17,75075
3022,112,2,970507321,Rumble in the Bronx (1995),Action|Adventure|Crime,M,25,17,78730
3265,1263,2,968365803,"Deer Hunter, The (1978)",Drama|War,M,25,15,53704
3509,1732,3,985771458,"Big Lebowski, The (1998)",Comedy|Crime|Mystery|Thriller,M,18,4,02115
3292,2019,5,968098912,Seven Samurai (The Magnificent Seven) (Shichinin no samurai) (1954),Action|Drama,F,50,6,79410
3526,3262,3,967618526,Twin Peaks: Fire Walk with Me (1992),Drama|Mystery,M,35,2,62263-3004
3621,3262,5,966575860,Twin Peaks: Fire Walk with Me (1992),Drama|Mystery,M,18,4,33023
3526,1831,4,966907771,Lost in Space (1998),Action|Sci-Fi|Thriller,M,35,2,62263-3004
3732,2732,1,986750945,Jules and Jim (Jules et Jim) (1961),Drama,M,25,17,60153
3315,590,4,967942631,Dances with Wolves (1990),Adventure|Drama|Western,M,25,12,78731
3562,1073,4,966794875,Willy Wonka and the Chocolate Factory (1971),Adventure|Children's|Comedy|Fantasy,F,25,6,32812
3507,2468,3,967066056,Jumpin' Jack Flash (1986),Action|Comedy|Romance|Thriller,M,25,0,02472
3597,1396,5,966631051,Sneakers (1992),Crime|Drama|Sci-Fi,M,25,17,55446
3755,2336,5,966098231,Elizabeth (1998),Drama,F,50,14,08810
3760,1334,4,966093563,"Blob, The (1958)",Horror|Sci-Fi,M,50,0,55128
3374,3471,5,967601970,Close Encounters of the Third Kind (1977),Drama|Sci-Fi,M,35,5,64801
3578,3334,5,966711654,Key Largo (1948),Crime|Drama|Film-Noir|Thriller,M,50,3,96714
3658,3471,5,971900938,Close Encounters of the Third Kind (1977),Drama|Sci-Fi,F,25,7,07090
3091,3476,4,969659286,Jacob's Ladder (1990),Horror|Mystery|Thriller,F,25,0,19107
3140,318,5,969034839,"Shawshank Redemption, The (1994)",Drama,F,25,4,78728
3300,2657,4,969938456,"Rocky Horror Picture Show, The (1975)",Comedy|Horror|Musical|Sci-Fi,M,35,5,19119
3333,318,5,967855067,"Shawshank Redemption, The (1994)",Drama,M,18,16,29404-2205
3446,3476,4,967263788,Jacob's Ladder (1990),Horror|Mystery|Thriller,M,25,7,30620
3464,3476,4,967174521,Jacob's Ladder (1990),Horror|Mystery|Thriller,F,25,14,78251
3503,318,5,1005441719,"Shawshank Redemption, The (1994)",Drama,M,18,4,59715
3509,2735,2,967478382,"Golden Child, The (1986)",Action|Adventure|Comedy,M,18,4,02115
3624,3476,5,966564199,Jacob's Ladder (1990),Horror|Mystery|Thriller,M,25,12,60068
3683,1248,5,966355359,Touch of Evil (1958),Crime|Film-Noir|Thriller,M,25,2,30606
3752,1271,3,966121711,Fried Green Tomatoes (1991),Drama,F,18,1,86314
3445,2968,3,967278606,Time Bandits (1981),Adventure|Fantasy|Sci-Fi,F,35,20,92009
3526,2926,5,966906114,Hairspray (1988),Comedy|Drama,M,35,2,62263-3004
3471,2805,3,968032464,Mickey Blue Eyes (1999),Comedy|Romance,M,18,4,80302
3159,586,3,968879291,Home Alone (1990),Children's|Comedy,F,25,15,15213
3327,2770,3,967872216,Bowfinger (1999),Comedy,M,18,12,91423
3338,3779,3,967828156,Project Moon Base (1953),Sci-Fi,M,45,16,08053
3591,586,4,966646299,Home Alone (1990),Children's|Comedy,M,35,6,96158
3648,3051,1,994802679,Anywhere But Here (1999),Drama,M,18,4,85210
3026,2688,2,970459515,"General's Daughter, The (1999)",Drama|Thriller,F,18,4,45750
3189,2107,3,969790525,Halloween: H20 (1998),Horror|Thriller,M,25,16,90292
3191,2107,1,968653120,Halloween: H20 (1998),Horror|Thriller,M,25,12,27707
3658,2783,4,971900760,"Tomb of Ligeia, The (1965)",Horror,F,25,7,07090
3712,3114,4,966270338,Toy Story 2 (1999),Animation|Children's|Comedy,M,25,17,60042
3715,2087,5,966265474,Peter Pan (1953),Animation|Children's|Fantasy|Musical,M,18,5,55428
3313,1017,4,967954452,Swiss Family Robinson (1960),Adventure|Children's,M,35,20,90292
3022,3408,3,970500718,Erin Brockovich (2000),Drama,M,25,17,78730
3229,3408,5,970352129,Erin Brockovich (2000),Drama,F,56,1,93105
3313,3408,4,967952190,Erin Brockovich (2000),Drama,M,35,20,90292
3476,1982,1,968949941,Halloween (1978),Horror,M,50,0,44126
3751,1982,4,966132425,Halloween (1978),Horror,F,35,12,55555
3288,850,3,979847759,Cyclo (1995),Crime|Drama,M,25,14,94133
3292,3499,5,968126991,Misery (1990),Horror,F,50,6,79410
3313,2915,4,967953261,Risky Business (1983),Comedy,M,35,20,90292
3394,3468,5,967491249,"Hustler, The (1961)",Drama,M,35,7,90069
3510,2324,5,967046711,Life Is Beautiful (La Vita è bella) (1997),Comedy|Drama,F,18,4,02142
3154,2875,3,968904526,Sommersby (1993),Drama|Mystery|Romance,F,25,4,95616
3312,1059,2,1002701684,William Shakespeare's Romeo and Juliet (1996),Drama|Romance,F,18,4,90039
3509,2716,3,967478382,Ghostbusters (1984),Comedy|Horror,M,18,4,02115
3569,1059,3,967143465,William Shakespeare's Romeo and Juliet (1996),Drama|Romance,F,18,2,48823
3571,2716,4,966737745,Ghostbusters (1984),Comedy|Horror,M,18,4,10044
3648,2716,5,1002822961,Ghostbusters (1984),Comedy|Horror,M,18,4,85210
3648,3740,4,1002817997,Big Trouble in Little China (1986),Action|Comedy,M,18,4,85210
3745,2716,5,966139606,Ghostbusters (1984),Comedy|Horror,F,25,9,49442
3121,1513,3,969335489,Romy and Michele's High School Reunion (1997),Comedy,M,25,2,32118
3180,1377,2,968801320,Batman Returns (1992),Action|Adventure|Comedy|Crime,M,25,14,07430
3182,1377,1,968772920,Batman Returns (1992),Action|Adventure|Comedy|Crime,M,25,12,12866
3358,900,2,967696254,"American in Paris, An (1951)",Musical|Romance,F,25,1,91790
3401,3102,3,967434382,Jagged Edge (1985),Thriller,M,35,7,76109
3512,2297,5,967482348,What Dreams May Come (1998),Drama|Romance,M,18,17,02140
3648,2273,5,994801452,Rush Hour (1998),Action|Thriller,M,18,4,85210
3084,3129,3,969753155,Sweet and Lowdown (1999),Comedy|Drama,M,25,16,01581
3253,2369,4,968622024,Desperately Seeking Susan (1985),Comedy|Romance,F,35,4,26505
3411,1272,4,967757025,Patton (1970),Drama|War,M,18,4,02139
3732,1945,4,974061265,On the Waterfront (1954),Crime|Drama,M,25,17,60153
3182,441,5,968772308,Dazed and Confused (1993),Comedy,M,25,12,12866
3367,3422,5,982809463,She's Gotta Have It (1986),Comedy|Romance,M,50,16,10025
3464,800,4,967246792,Lone Star (1996),Drama|Mystery,F,25,14,78251
3648,733,3,988938910,"Rock, The (1996)",Action|Adventure|Thriller,M,18,4,85210
3029,326,4,970362793,To Live (Huozhe) (1994),Drama,M,18,4,92037
3196,3273,3,971756374,Scream 3 (2000),Horror|Mystery|Thriller,F,18,4,45219
3155,1036,4,968896739,Die Hard (1988),Action|Thriller,M,25,7,55112
3178,2872,4,968782065,Excalibur (1981),Action|Drama|Fantasy|Romance,F,35,5,44313
3414,173,4,967486649,Judge Dredd (1995),Action|Adventure|Sci-Fi,M,25,17,75146
3579,2872,4,966710116,Excalibur (1981),Action|Drama|Fantasy|Romance,M,18,0,32219
3626,2402,4,966609206,Rambo: First Blood Part II (1985),Action|War,M,25,17,75075
3726,173,3,966226320,Judge Dredd (1995),Action|Adventure|Sci-Fi,M,25,17,92882
3051,2993,4,970816170,Thunderball (1965),Action,M,18,17,94063
3198,3093,5,968701774,McCabe & Mrs. Miller (1971),Drama|Western,M,25,12,94110
3378,2046,4,967757530,Flight of the Navigator (1986),Adventure|Children's|Sci-Fi,M,18,4,48135
3224,3629,4,968444507,"Gold Rush, The (1925)",Comedy,F,25,14,93428
3278,1256,5,971622500,Duck Soup (1933),Comedy|War,M,35,7,10014
3316,1385,2,967940089,Under Siege (1992),Action,M,1,19,92557
3441,555,5,967308087,True Romance (1993),Action|Crime|Romance,F,25,14,94109
3577,1066,4,966710812,Shall We Dance? (1937),Comedy|Musical|Romance,F,56,0,00231
3692,3479,3,966396134,Ladyhawke (1985),Adventure|Fantasy|Romance,M,35,17,89147
3698,3479,2,966294050,Ladyhawke (1985),Adventure|Fantasy|Romance,M,25,7,53202
3219,2959,3,978358920,Fight Club (1999),Drama,F,18,4,54302
3235,3157,4,968360266,Stuart Little (1999),Children's|Comedy,M,18,4,87801
3335,1060,4,967839727,Swingers (1996),Comedy|Drama,M,25,0,10023
3483,1015,4,971898410,Homeward Bound: The Incredible Journey (1993),Adventure|Children's,F,45,7,30260
3600,3157,4,966619600,Stuart Little (1999),Children's|Comedy,M,35,20,94506
3635,39,4,966517089,Clueless (1995),Comedy|Romance,M,50,1,60062
3313,380,4,979700918,True Lies (1994),Action|Adventure|Comedy|Romance,M,35,20,90292
3591,3263,3,966644110,White Men Can't Jump (1992),Comedy,M,35,6,96158
3416,2034,4,967401072,"Black Hole, The (1979)",Sci-Fi,M,25,12,20850
3423,514,4,967364693,"Ref, The (1994)",Comedy,M,25,7,84088
3079,2912,2,979079360,"Limey, The (1999)",Action|Crime|Drama,F,25,1,55410
3101,648,5,969583659,Mission: Impossible (1996),Action|Adventure|Mystery,M,18,15,91101
3180,2918,3,968800601,Ferris Bueller's Day Off (1986),Comedy,M,25,14,07430
3182,2918,4,1041602685,Ferris Bueller's Day Off (1986),Comedy,M,25,12,12866
3388,2918,4,967520292,Ferris Bueller's Day Off (1986),Comedy,F,25,1,92646
3483,2918,5,967069895,Ferris Bueller's Day Off (1986),Comedy,F,45,7,30260
3031,1601,3,970363301,Hoodlum (1997),Crime|Drama|Film-Noir,M,18,4,48135
3032,1601,4,970350923,Hoodlum (1997),Crime|Drama|Film-Noir,M,25,0,47303
3403,3169,3,967428973,"Falcon and the Snowman, The (1984)",Drama,M,35,5,48342
3507,1358,5,966996757,Sling Blade (1996),Drama|Thriller,M,25,0,02472
3512,3916,3,1001442771,Remember the Titans (2000),Drama,M,18,17,02140
3693,728,3,1031464550,Cold Comfort Farm (1995),Comedy,M,25,15,94062
3029,1374,5,970367596,Star Trek: The Wrath of Khan (1982),Action|Adventure|Sci-Fi,M,18,4,92037
3208,585,3,968554307,"Brady Bunch Movie, The (1995)",Comedy,M,25,14,30342
3218,3516,4,968454100,"Bell, Book and Candle (1958)",Comedy|Romance,M,56,6,48070
3224,3516,4,1023864612,"Bell, Book and Candle (1958)",Comedy|Romance,F,25,14,93428
3724,1673,3,966225224,Boogie Nights (1997),Drama,M,35,6,77083
3240,994,4,968351345,Big Night (1996),Drama,M,18,4,55403
3134,3763,4,969083508,F/X (1986),Action|Crime|Thriller,M,18,4,55455
3529,3763,3,966898447,F/X (1986),Action|Crime|Thriller,F,45,1,97361
3563,3608,3,966787834,Pee-wee's Big Adventure (1985),Comedy,M,25,2,33133
3160,1200,5,968877507,Aliens (1986),Action|Sci-Fi|Thriller|War,M,25,17,77521
3430,1200,3,969162323,Aliens (1986),Action|Sci-Fi|Thriller|War,F,45,1,15208
3453,2951,3,967766364,"Fistful of Dollars, A (1964)",Action|Western,M,35,7,07981
3032,3430,5,970355503,Death Wish (1974),Action|Drama,M,25,0,47303
3116,2194,4,969465251,"Untouchables, The (1987)",Action|Crime|Drama,M,25,12,98034
3308,2143,5,967975346,Legend (1985),Adventure|Fantasy|Romance,F,18,20,15701-1348
3513,1876,1,966974905,Deep Impact (1998),Action|Drama|Sci-Fi|Thriller,M,25,16,01890
3603,543,2,966621147,So I Married an Axe Murderer (1993),Comedy|Romance|Thriller,F,35,7,78704
3612,543,4,966605524,So I Married an Axe Murderer (1993),Comedy|Romance|Thriller,M,25,14,29609
3621,2194,4,966576607,"Untouchables, The (1987)",Action|Crime|Drama,M,18,4,33023
3096,1690,3,969643046,Alien: Resurrection (1997),Action|Horror|Sci-Fi,F,45,3,38028
3505,3357,2,966979852,East-West (Est-ouest) (1999),Drama|Romance,F,25,15,55455
3081,1347,4,969801157,"Nightmare on Elm Street, A (1984)",Horror,M,25,7,77252
3205,1356,4,968564767,Star Trek: First Contact (1996),Action|Adventure|Sci-Fi,F,35,16,80304
3311,234,3,967959767,Exit to Eden (1994),Comedy,M,25,4,90039
3620,2020,4,972866889,Dangerous Liaisons (1988),Drama|Romance,M,25,7,94117
3367,1104,5,970080946,"Streetcar Named Desire, A (1951)",Drama,M,50,16,10025
3082,3526,3,969779215,Parenthood (1989),Comedy|Drama,F,35,6,45459
3430,3386,3,967341760,JFK (1991),Drama|Mystery,F,45,1,15208
3509,3386,5,967478845,JFK (1991),Drama|Mystery,M,18,4,02115
3538,1625,4,966883510,"Game, The (1997)",Mystery|Thriller,M,35,0,40504
3590,1094,5,966652161,"Crying Game, The (1992)",Drama|Romance|War,F,18,15,02115
3687,509,2,966316948,"Piano, The (1993)",Drama|Romance,F,50,1,62221
3246,361,2,968309307,It Could Happen to You (1994),Drama|Romance,F,35,1,85258
3485,589,3,967094772,Terminator 2: Judgment Day (1991),Action|Sci-Fi|Thriller,M,25,0,94121
3491,1647,5,967069750,Playing God (1997),Crime|Thriller,M,25,16,28542
3336,2641,4,968043695,Superman II (1980),Action|Adventure|Sci-Fi,M,35,17,93436
3197,50,4,968637042,"Usual Suspects, The (1995)",Crime|Thriller,F,18,14,94110
3329,1214,5,967865948,Alien (1979),Action|Horror|Sci-Fi|Thriller,M,50,18,72601
3352,1214,2,967742358,Alien (1979),Action|Horror|Sci-Fi|Thriller,M,35,0,30533
3430,750,5,970888431,Dr. Strangelove or: How I Learned to Stop Worrying and Love the Bomb (1963),Sci-Fi|War,F,45,1,15208
3493,3168,2,967039287,Easy Rider (1969),Adventure|Drama,M,25,17,61350
3774,50,5,966041136,"Usual Suspects, The (1995)",Crime|Thriller,M,25,0,52556
3328,2012,4,967911822,Back to the Future Part III (1990),Comedy|Sci-Fi|Western,M,56,19,91790-1161
3347,527,4,967756697,Schindler's List (1993),Drama|War,F,35,7,91362
3394,527,5,967491350,Schindler's List (1993),Drama|War,M,35,7,90069
3469,293,5,967227924,"Professional, The (a.k.a. Leon: The Professional) (1994)",Crime|Drama|Romance|Thriller,M,45,17,02176
3470,293,5,967148879,"Professional, The (a.k.a. Leon: The Professional) (1994)",Crime|Drama|Romance|Thriller,M,35,17,49887
3568,527,5,966745853,Schindler's List (1993),Drama|War,M,25,0,98503
3620,293,4,966576782,"Professional, The (a.k.a. Leon: The Professional) (1994)",Crime|Drama|Romance|Thriller,M,25,7,94117
3712,2012,4,966272450,Back to the Future Part III (1990),Comedy|Sci-Fi|Western,M,25,17,60042
3210,1704,5,969031136,Good Will Hunting (1997),Drama,F,45,0,02115
3305,45,4,968002627,To Die For (1995),Comedy|Drama,M,56,20,94708
3471,45,3,1039903714,To Die For (1995),Comedy|Drama,M,18,4,80302
3709,3014,2,966276887,Bustin' Loose (1981),Comedy,M,25,12,89502
3108,952,3,969490988,Around the World in 80 Days (1956),Adventure|Comedy,M,50,6,22039
3189,2889,4,969869589,"Mystery, Alaska (1999)",Comedy,M,25,16,90292
3342,2719,3,967785698,"Haunting, The (1999)",Horror|Thriller,F,25,5,92705
3469,2311,4,967232179,2010 (1984),Mystery|Sci-Fi,M,45,17,02176
3499,2378,2,966996066,Police Academy (1984),Comedy,M,25,3,77006
3539,364,4,966928571,"Lion King, The (1994)",Animation|Children's|Musical,F,25,4,77006
3669,2378,2,966464033,Police Academy (1984),Comedy,M,25,14,60148
3167,3354,1,968815866,Mission to Mars (2000),Sci-Fi,M,25,2,77056
3342,3354,3,967785806,Mission to Mars (2000),Sci-Fi,F,25,5,92705
3367,3317,4,970873357,Wonder Boys (2000),Comedy|Drama,M,50,16,10025
3472,3478,3,967142288,"Bamba, La (1987)",Drama,M,25,6,33156
3635,945,5,966517369,Top Hat (1935),Comedy|Musical|Romance,M,50,1,60062
3365,356,5,967664156,Forrest Gump (1994),Comedy|Romance|War,M,50,17,23059
3426,3551,5,967350541,Marathon Man (1976),Thriller,M,25,20,90046
3713,289,2,966271471,Only You (1994),Comedy|Romance,F,25,7,22201
3484,1923,3,967063505,There's Something About Mary (1998),Comedy,M,18,4,28403
3265,2858,5,968259841,American Beauty (1999),Comedy|Drama,M,25,15,53704
3526,2539,5,966904985,Analyze This (1999),Comedy,M,35,2,62263-3004
3561,1126,4,967060468,Drop Dead Fred (1991),Comedy|Fantasy,M,35,14,63304
3582,3461,2,966698722,Lord of the Flies (1963),Adventure|Drama|Thriller,F,35,0,52405
3589,3508,5,966656253,"Outlaw Josey Wales, The (1976)",Western,F,45,0,80010
3590,2858,5,966915462,American Beauty (1999),Comedy|Drama,F,18,15,02115
3608,2858,5,966612154,American Beauty (1999),Comedy|Drama,F,35,9,02879
3620,3510,3,973487604,Frequency (2000),Drama|Thriller,M,25,7,94117
3685,2858,5,966948163,American Beauty (1999),Comedy|Drama,M,25,5,55100
3756,2321,5,966097392,Pleasantville (1998),Comedy,M,18,12,53188
3468,1103,4,967156224,Rebel Without a Cause (1955),Drama,M,25,20,94546
3669,818,1,966380400,"Very Brady Sequel, A (1996)",Comedy,M,25,14,60148
3031,3751,5,977118834,Chicken Run (2000),Animation|Children's|Comedy,M,18,4,48135
3771,1912,4,966049316,Out of Sight (1998),Action|Crime|Romance,M,25,1,14982
3224,3391,2,968523467,Who's That Girl? (1987),Comedy,F,25,14,93428
3645,480,5,966468786,Jurassic Park (1993),Action|Adventure|Sci-Fi,M,35,17,97232
3692,3576,4,966397208,"Hidden, The (1987)",Action|Horror|Sci-Fi,M,35,17,89147
3118,1610,3,969403061,"Hunt for Red October, The (1990)",Action|Thriller,M,25,0,77025
3314,1610,5,967945001,"Hunt for Red October, The (1990)",Action|Thriller,M,25,7,06516
3358,1083,4,967695724,"Great Race, The (1965)",Comedy|Musical,F,25,1,91790
3479,1610,4,967089605,"Hunt for Red October, The (1990)",Action|Thriller,M,18,4,78626
3715,2408,3,966266240,Cocoon: The Return (1988),Comedy|Sci-Fi,M,18,5,55428
3045,968,5,970189035,Night of the Living Dead (1968),Horror|Sci-Fi,M,45,1,90631
3207,968,5,968569430,Night of the Living Dead (1968),Horror|Sci-Fi,M,35,7,60610
3246,1784,4,968308006,As Good As It Gets (1997),Comedy|Drama,F,35,1,85258
3590,1784,5,966658868,As Good As It Gets (1997),Comedy|Drama,F,18,15,02115
3611,2359,4,966613485,Waking Ned Devine (1998),Comedy,M,25,2,84321
3024,464,4,970539811,Hard Target (1993),Action|Adventure|Crime|Thriller,M,35,17,14302
3075,2125,3,969898986,Ever After: A Cinderella Story (1998),Drama|Romance,F,25,11,06107
3472,1221,5,967142575,"Godfather: Part II, The (1974)",Action|Crime|Drama,M,25,6,33156
3345,21,4,967775712,Get Shorty (1995),Action|Comedy|Drama,M,25,7,18655
3756,1587,3,966106122,Conan the Barbarian (1982),Action|Adventure,M,18,12,53188
3760,21,4,966094675,Get Shorty (1995),Action|Comedy|Drama,M,50,0,55128
3026,1079,4,970461818,"Fish Called Wanda, A (1988)",Comedy,F,18,4,45750
3038,1079,4,1018061402,"Fish Called Wanda, A (1988)",Comedy,F,35,2,97401
3095,1079,3,970774379,"Fish Called Wanda, A (1988)",Comedy,F,25,3,06810
3336,1552,2,967853795,Con Air (1997),Action|Adventure|Thriller,M,35,17,93436
3353,1552,4,968126455,Con Air (1997),Action|Adventure|Thriller,M,35,17,92688
3610,1283,1,977890022,High Noon (1952),Western,M,18,6,30064
3643,1283,5,966470047,High Noon (1952),Western,M,25,17,22302
3643,1552,4,966475088,Con Air (1997),Action|Adventure|Thriller,M,25,17,22302
3402,1179,5,967433124,"Grifters, The (1990)",Crime|Drama|Film-Noir,M,35,20,30306
3621,338,4,966575407,Virtuosity (1995),Sci-Fi|Thriller,M,18,4,33023
3410,1936,4,995514283,Mrs. Miniver (1942),Drama|War,M,35,1,20653
3422,195,1,967411617,Something to Talk About (1995),Comedy|Drama|Romance,M,25,5,43221
3464,3275,3,973283124,"Boondock Saints, The (1999)",Action|Comedy,F,25,14,78251
3618,2100,3,966603668,Splash (1984),Comedy|Fantasy|Romance,M,56,17,22657
3675,595,5,966364404,Beauty and the Beast (1991),Animation|Children's|Musical,M,35,7,06680
3705,2435,3,966284002,Hurlyburly (1998),Drama,M,45,7,30076
3745,3466,3,966141662,Heart and Souls (1993),Comedy|Fantasy,F,25,9,49442
3051,3255,3,970194278,"League of Their Own, A (1992)",Comedy|Drama,M,18,17,94063
3384,828,2,967566097,"Adventures of Pinocchio, The (1996)",Adventure|Children's,M,35,7,91304
3520,3307,5,966947172,City Lights (1931),Comedy|Drama|Romance,M,25,0,40515
3266,1150,4,968213007,"Return of Martin Guerre, The (Retour de Martin Guerre, Le) (1982)",Drama,F,25,4,95616
3390,2352,5,967511106,"Big Chill, The (1983)",Comedy|Drama,F,45,20,02476
3648,809,4,1002818487,Fled (1996),Action|Adventure,M,18,4,85210
3136,32,5,969055568,Twelve Monkeys (1995),Drama|Sci-Fi,F,25,4,72801
3527,3081,2,966901997,Sleepy Hollow (1999),Horror|Romance,M,25,0,53213
3751,2450,1,966133534,Howard the Duck (1986),Adventure|Children's|Sci-Fi,F,35,12,55555
3675,1282,4,966364270,Fantasia (1940),Animation|Children's|Musical,M,35,7,06680
3290,2530,1,968095112,Beneath the Planet of the Apes (1970),Action|Sci-Fi,M,25,14,90292
3442,457,4,967306737,"Fugitive, The (1993)",Action|Thriller,M,18,12,20878
3547,265,4,966835845,Like Water for Chocolate (Como agua para chocolate) (1992),Drama|Romance,M,35,16,94108
3683,3788,4,966354922,Blowup (1966),Drama|Mystery,M,25,2,30606
3308,141,4,967994337,"Birdcage, The (1996)",Comedy,F,18,20,15701-1348
3591,141,4,966645370,"Birdcage, The (1996)",Comedy,M,35,6,96158
3696,608,5,966302901,Fargo (1996),Crime|Drama|Thriller,M,35,7,19149
3760,953,3,966096450,It's a Wonderful Life (1946),Drama,M,50,0,55128
3428,272,4,967347402,"Madness of King George, The (1994)",Drama,M,45,1,47933
3662,2660,5,966429140,"Thing From Another World, The (1951)",Sci-Fi,M,35,16,08753
3224,3247,4,968522333,Sister Act (1992),Comedy|Crime,F,25,14,93428
3246,1617,3,968307353,L.A. Confidential (1997),Crime|Film-Noir|Mystery|Thriller,F,35,1,85258
3265,1617,3,968262947,L.A. Confidential (1997),Crime|Film-Noir|Mystery|Thriller,M,25,15,53704
3626,487,3,966606645,Lightning Jack (1994),Comedy|Western,M,25,17,75075
3029,1281,5,970369465,"Great Dictator, The (1940)",Comedy,M,18,4,92037
3080,1281,5,976306436,"Great Dictator, The (1940)",Comedy,M,25,20,55410
3387,1408,3,967525458,"Last of the Mohicans, The (1992)",Action|Romance|War,M,18,1,94706
3576,426,3,966722375,Body Snatchers (1993),Horror|Sci-Fi|Thriller,M,50,7,68046
3675,574,3,966363366,Spanking the Monkey (1994),Comedy|Drama,M,35,7,06680
3705,574,4,966287246,Spanking the Monkey (1994),Comedy|Drama,M,45,7,30076
3751,303,3,966128662,"Quick and the Dead, The (1995)",Action|Adventure|Western,F,35,12,55555
3058,1196,3,970591146,Star Wars: Episode V - The Empire Strikes Back (1980),Action|Adventure|Drama|Sci-Fi|War,M,18,12,55123
3270,1196,5,968197755,Star Wars: Episode V - The Empire Strikes Back (1980),Action|Adventure|Drama|Sci-Fi|War,M,18,11,45220
3321,1953,5,967917626,"French Connection, The (1971)",Action|Crime|Drama|Thriller,M,35,1,95380
3470,708,3,967150067,"Truth About Cats & Dogs, The (1996)",Comedy|Romance,M,35,17,49887
3484,1544,4,967063197,"Lost World: Jurassic Park, The (1997)",Action|Adventure|Sci-Fi|Thriller,M,18,4,28403
3478,2936,2,967119728,Sullivan's Travels (1942),Comedy,M,25,7,10019
3313,3203,4,967952921,Dead Calm (1989),Thriller,M,35,20,90292
3377,1744,4,967588732,Firestorm (1998),Action|Adventure|Thriller,M,25,17,03570
3697,3203,3,966301700,Dead Calm (1989),Thriller,M,25,15,68516
3724,913,3,966224054,"Maltese Falcon, The (1941)",Film-Noir|Mystery,M,35,6,77083
3410,3362,4,993520910,Dog Day Afternoon (1975),Comedy|Crime|Drama,M,35,1,20653
3434,2126,2,967336157,Snake Eyes (1998),Action|Crime|Mystery|Thriller,M,18,4,48867
3442,1573,2,967305554,Face/Off (1997),Action|Sci-Fi|Thriller,M,18,12,20878
3475,2916,3,1015738573,Total Recall (1990),Action|Adventure|Sci-Fi|Thriller,M,25,14,33133
3607,2916,4,971915099,Total Recall (1990),Action|Adventure|Sci-Fi|Thriller,M,35,17,32506
3691,2916,4,966308993,Total Recall (1990),Action|Adventure|Sci-Fi|Thriller,M,25,7,21030
3213,11,4,968517661,"American President, The (1995)",Comedy|Drama|Romance,F,25,1,83705
3285,3735,5,968117005,Serpico (1973),Crime|Drama,M,25,4,44706
3305,1794,4,968003022,Love and Death on Long Island (1997),Comedy|Drama,M,56,20,94708
3526,11,4,966904400,"American President, The (1995)",Comedy|Drama|Romance,M,35,2,62263-3004
3716,575,3,966266976,"Little Rascals, The (1994)",Children's|Comedy,M,18,12,36115
3716,2058,4,966264658,"Negotiator, The (1998)",Action|Thriller,M,18,12,36115
3160,541,5,968877507,Blade Runner (1982),Film-Noir|Sci-Fi,M,25,17,77521
3170,541,4,968806517,Blade Runner (1982),Film-Noir|Sci-Fi,M,25,0,08461
3200,150,4,968629141,Apollo 13 (1995),Drama,F,25,1,98144
3335,3178,3,967838876,"Hurricane, The (1999)",Drama,M,25,0,10023
3340,541,4,967845749,Blade Runner (1982),Film-Noir|Sci-Fi,M,45,16,48097
3355,110,5,967705901,Braveheart (1995),Action|Drama|War,M,25,1,400060
3402,541,4,967433445,Blade Runner (1982),Film-Noir|Sci-Fi,M,35,20,30306
3469,369,4,967230108,Mrs. Parker and the Vicious Circle (1994),Drama,M,45,17,02176
3491,110,4,967066360,Braveheart (1995),Action|Drama|War,M,25,16,28542
3505,3903,5,974413402,Urbania (2000),Drama,F,25,15,55455
3580,110,5,966707720,Braveheart (1995),Action|Drama|War,F,18,3,32219
3638,1129,5,966580318,Escape from New York (1981),Action|Adventure|Sci-Fi|Thriller,M,25,2,90038
3695,110,4,966304761,Braveheart (1995),Action|Drama|War,M,25,2,98502
3713,413,3,966271016,Airheads (1994),Comedy,F,25,7,22201
3108,2474,4,969497246,"Color of Money, The (1986)",Drama,M,50,6,22039
3118,260,5,969401638,Star Wars: Episode IV - A New Hope (1977),Action|Adventure|Fantasy|Sci-Fi,M,25,0,77025
3281,260,5,968167201,Star Wars: Episode IV - A New Hope (1977),Action|Adventure|Fantasy|Sci-Fi,M,25,17,79705
3539,3347,4,967017897,Never Cry Wolf (1983),Drama,F,25,4,77006
3600,2917,5,966624873,Body Heat (1981),Crime|Thriller,M,35,20,94506
3646,260,5,966467897,Star Wars: Episode IV - A New Hope (1977),Action|Adventure|Fantasy|Sci-Fi,M,35,20,98106
3190,2028,5,968649735,Saving Private Ryan (1998),Action|Drama|War,M,1,17,97062
3428,2028,3,967343010,Saving Private Ryan (1998),Action|Drama|War,M,45,1,47933
3491,2263,3,967065417,"Seventh Sign, The (1988)",Thriller,M,25,16,28542
3217,805,4,968784069,"Time to Kill, A (1996)",Drama,F,35,0,92630
3499,198,4,966996432,Strange Days (1995),Action|Crime|Sci-Fi,M,25,3,77006
3651,2478,4,966457934,Three Amigos! (1986),Comedy|Western,M,25,14,98103
3183,349,4,968729141,Clear and Present Danger (1994),Action|Adventure|Thriller,M,50,7,60510
3337,3623,3,967834874,Mission: Impossible 2 (2000),Action|Thriller,M,25,4,97214
3585,1658,3,966695386,"Life Less Ordinary, A (1997)",Romance|Thriller,M,35,20,60640
3618,424,3,967116688,Blue Chips (1994),Drama,M,56,17,22657
3029,1958,4,970366945,Terms of Endearment (1983),Comedy|Drama,M,18,4,92037
3036,3100,4,972133215,"River Runs Through It, A (1992)",Drama,M,56,13,14843
3327,342,4,967897100,Muriel's Wedding (1994),Comedy|Romance,M,18,12,91423
3433,3785,2,967414227,Scary Movie (2000),Comedy|Horror,M,18,12,55113
3261,2065,3,968938039,"Purple Rose of Cairo, The (1985)",Comedy|Drama|Romance,M,45,20,87505
3308,158,3,967992959,Casper (1995),Adventure|Children's,F,18,20,15701-1348
3685,3250,3,966862591,Alive (1993),Drama,M,25,5,55100
3205,2762,5,968566420,"Sixth Sense, The (1999)",Thriller,F,35,16,80304
3216,1095,4,968462224,Glengarry Glen Ross (1992),Drama,M,35,1,54481
3311,3355,2,967961057,"Ninth Gate, The (2000)",Thriller,M,25,4,90039
3346,1095,4,967773544,Glengarry Glen Ross (1992),Drama,M,35,7,54016
3410,2611,5,967491593,"Winslow Boy, The (1998)",Drama,M,35,1,20653
3498,1606,1,967000936,Kull the Conqueror (1997),Action|Adventure,M,25,17,28052
3712,2617,5,966271567,"Mummy, The (1999)",Action|Adventure|Horror|Thriller,M,25,17,60042
3032,1954,5,970342466,Rocky (1976),Action|Drama,M,25,0,47303
3080,1262,5,976307325,"Great Escape, The (1963)",Adventure|War,M,25,20,55410
3128,3556,4,969296245,"Virgin Suicides, The (1999)",Comedy|Drama,M,18,2,10012
3568,3366,4,966746061,Where Eagles Dare (1969),Action|Adventure|War,M,25,0,98503
3576,2,4,966723297,Jumanji (1995),Adventure|Children's|Fantasy,M,50,7,68046
3588,3366,5,966659945,Where Eagles Dare (1969),Action|Adventure|War,M,25,2,90068
3760,2944,5,966094530,"Dirty Dozen, The (1967)",Action|War,M,50,0,55128
3768,2944,3,966069197,"Dirty Dozen, The (1967)",Action|War,M,25,4,86314
3095,3536,5,969645105,Keeping the Faith (2000),Comedy|Romance,F,25,3,06810
3189,3917,4,969790272,Hellraiser (1987),Horror,M,25,16,90292
3206,2605,4,968561010,Entrapment (1999),Crime|Thriller,M,18,20,44089
3254,2302,4,968281367,My Cousin Vinny (1992),Comedy,F,35,6,95843
3513,2166,2,966973769,Return to Paradise (1998),Drama|Romance,M,25,16,01890
3562,2302,4,966786326,My Cousin Vinny (1992),Comedy,F,25,6,32812
3771,1984,1,966048950,Halloween III: Season of the Witch (1983),Horror,M,25,1,14982
3747,999,4,966136208,2 Days in the Valley (1996),Crime,M,45,13,89109
3756,2115,4,966105287,Indiana Jones and the Temple of Doom (1984),Action|Adventure,M,18,12,53188
3129,2144,5,969290732,Sixteen Candles (1984),Comedy,M,25,7,21117
3751,529,4,966128339,Searching for Bobby Fischer (1993),Drama,F,35,12,55555
3057,3186,1,970594029,"Girl, Interrupted (1999)",Drama,F,25,12,55438
3762,2642,2,966094001,Superman III (1983),Action|Adventure|Sci-Fi,M,50,6,11746
3032,1011,5,970345347,Herbie Rides Again (1974),Adventure|Children's|Comedy,M,25,0,47303
3411,1193,5,967755020,One Flew Over the Cuckoo's Nest (1975),Drama,M,18,4,02139
3574,3174,4,966731287,Man on the Moon (1999),Comedy|Drama,F,35,6,33314
3688,1193,3,991371190,One Flew Over the Cuckoo's Nest (1975),Drama,M,18,6,21202
3719,3174,4,966261288,Man on the Moon (1999),Comedy|Drama,M,25,1,39759
3191,3515,2,968654417,Me Myself I (2000),Comedy,M,25,12,27707
3309,2243,3,967968564,Broadcast News (1987),Comedy|Drama|Romance,M,25,17,20707
3621,2011,3,966575148,Back to the Future Part II (1989),Comedy|Sci-Fi,M,18,4,33023
3669,3578,5,966464889,Gladiator (2000),Action|Drama,M,25,14,60148
3224,2696,4,968522828,"Dinner Game, The (Le Dîner de cons) (1998)",Comedy,F,25,14,93428
3294,1090,4,968072742,Platoon (1986),Drama|War,M,18,4,78749
3118,405,1,969402212,Highlander III: The Sorcerer (1994),Action|Sci-Fi,M,25,0,77025
3260,1012,3,1019506229,Old Yeller (1957),Children's|Drama,M,25,4,44514
3293,3758,4,968128134,Communion (1989),Drama|Sci-Fi|Thriller,M,45,14,37343
3558,700,4,966804293,Angus (1995),Comedy,M,18,17,66044
3605,3176,5,966615491,"Talented Mr. Ripley, The (1999)",Drama|Mystery|Thriller,M,18,12,60640
3032,1376,4,970343018,Star Trek IV: The Voyage Home (1986),Action|Adventure|Sci-Fi,M,25,0,47303
3125,802,4,993075607,Phenomenon (1996),Drama|Romance,M,25,7,10025
3363,186,3,995426721,Nine Months (1995),Comedy,F,35,9,04046
3112,3159,4,969475201,Fantasia 2000 (1999),Animation|Children's|Musical,M,18,12,98133
3265,535,4,968261604,Short Cuts (1993),Drama,M,25,15,53704
3301,2997,5,968035112,Being John Malkovich (1999),Comedy,F,25,2,85719
3401,2423,5,967432471,Christmas Vacation (1989),Comedy,M,35,7,76109
3682,2621,5,966354820,Xiu Xiu: The Sent-Down Girl (Tian yu) (1998),Drama|Romance,F,50,1,10706
3683,3134,5,966352565,"Grand Illusion (Grande illusion, La) (1937)",Drama|War,M,25,2,30606
3097,1674,4,969910449,Witness (1985),Drama|Romance|Thriller,F,25,5,10021
3116,3809,4,969413425,What About Bob? (1991),Comedy,M,25,12,98034
3196,1584,2,971538819,Contact (1997),Drama|Sci-Fi,F,18,4,45219
3390,1674,4,967601079,Witness (1985),Drama|Romance|Thriller,F,45,20,02476
3412,410,4,969589629,Addams Family Values (1993),Comedy,M,25,18,85213
3715,2900,1,966266074,Monkey Shines (1988),Horror|Sci-Fi,M,18,5,55428
3032,3701,4,970350700,Alien Nation (1988),Crime|Drama|Sci-Fi,M,25,0,47303
3425,2976,2,967351109,Bringing Out the Dead (1999),Drama|Horror,M,18,20,48135
3526,551,3,967610617,"Nightmare Before Christmas, The (1993)",Children's|Comedy|Musical,M,35,2,62263-3004
3711,1676,3,966271343,Starship Troopers (1997),Action|Adventure|Sci-Fi|War,M,35,0,32506
3626,1013,3,966623027,"Parent Trap, The (1961)",Children's|Drama,M,25,17,75075
3677,1278,4,966363820,Young Frankenstein (1974),Comedy|Horror,F,25,12,06906
3691,3949,4,1007790827,Requiem for a Dream (2000),Drama,M,25,7,21030
3735,3308,3,966921653,"Flamingo Kid, The (1984)",Comedy|Drama,M,25,0,10009
3361,1246,4,967685211,Dead Poets Society (1989),Drama,M,25,4,91790
3539,1246,4,967018013,Dead Poets Society (1989),Drama,F,25,4,77006
3611,1246,5,966614231,Dead Poets Society (1989),Drama,M,25,2,84321
3340,1204,4,967845684,Lawrence of Arabia (1962),Adventure|War,M,45,16,48097
3345,1097,3,967774449,E.T. the Extra-Terrestrial (1982),Children's|Drama|Fantasy|Sci-Fi,M,25,7,18655
3547,1258,5,966912208,"Shining, The (1980)",Horror,M,35,16,94108
3519,2140,2,980182339,"Dark Crystal, The (1982)",Children's|Fantasy|Sci-Fi,F,25,14,11215
3569,2140,5,966740541,"Dark Crystal, The (1982)",Children's|Fantasy|Sci-Fi,F,18,2,48823
3618,2265,3,966865391,Nothing But Trouble (1991),Adventure|Comedy,M,56,17,22657
3725,104,4,966217972,Happy Gilmore (1996),Comedy,M,18,4,32608
3515,2973,4,966970642,Crimes and Misdemeanors (1989),Comedy,M,35,3,55042
3524,407,4,970889359,In the Mouth of Madness (1995),Horror|Thriller,F,25,0,83355
3058,1387,4,970591939,Jaws (1975),Action|Horror,M,18,12,55123
3521,3688,3,966924935,Porky's (1981),Comedy,M,25,0,53213
3341,36,4,967798943,Dead Man Walking (1995),Drama,M,25,20,91730
3422,2706,4,967410863,American Pie (1999),Comedy,M,25,5,43221
3681,2457,3,968950917,Running Scared (1986),Action|Comedy,M,25,7,29662
3713,2706,5,966270654,American Pie (1999),Comedy,F,25,7,22201
3807,1591,2,970440672,Spawn (1997),Action|Adventure|Sci-Fi|Thriller,F,35,19,32095
3808,2122,4,965970100,Children of the Corn (1984),Horror|Thriller,M,25,7,60010
3892,3175,4,965796941,Galaxy Quest (1999),Adventure|Comedy|Sci-Fi,M,25,20,91505
4298,2122,4,965447039,Children of the Corn (1984),Horror|Thriller,F,18,14,85705
4303,1645,4,965269389,"Devil's Advocate, The (1997)",Crime|Horror|Mystery|Thriller,M,25,2,91910
4001,3179,4,965582702,Angela's Ashes (1999),Drama,F,25,1,01860
4407,1721,5,965155859,Titanic (1997),Drama|Romance,M,18,4,02143
3971,1270,5,969490359,Back to the Future (1985),Comedy|Sci-Fi,F,18,4,80228
4089,2996,4,965583791,Music of the Heart (1999),Drama,M,25,7,79416
4238,2393,5,965341897,Star Trek: Insurrection (1998),Action|Sci-Fi,M,35,16,44691
3847,2025,3,965884621,Lolita (1997),Drama|Romance,M,25,7,12801
4261,2748,3,965307012,Allan Quartermain and the Lost City of Gold (1987),Action|Adventure,F,35,6,07950
4416,1265,5,965324973,Groundhog Day (1993),Comedy|Romance,M,18,4,02134
3778,3425,2,966047943,Mo' Better Blues (1990),Drama,M,25,0,61832
4211,3834,2,965318885,Bronco Billy (1980),Adventure|Drama|Romance,M,45,5,77662
3884,799,2,965817628,"Frighteners, The (1996)",Comedy|Horror,M,18,4,78759
4015,3105,5,965533120,Awakenings (1990),Drama,F,45,3,75605
4092,2247,5,965420583,Married to the Mob (1988),Comedy,F,25,0,19063
4104,799,4,965408551,"Frighteners, The (1996)",Comedy|Horror,M,18,16,42141
4224,804,2,965318622,She's the One (1996),Comedy|Romance,F,45,1,48198
4277,3028,3,975250422,"Taming of the Shrew, The (1967)",Comedy,M,35,16,98133
4416,296,5,965323896,Pulp Fiction (1994),Crime|Drama,M,18,4,02134
4467,1888,3,1032407143,Hope Floats (1998),Comedy|Drama|Romance,F,50,6,15333
4480,296,5,965027503,Pulp Fiction (1994),Crime|Drama,M,25,0,94403
4505,1888,4,964983380,Hope Floats (1998),Comedy|Drama|Romance,M,50,7,39648
3947,3703,4,965688312,Mad Max 2 (a.k.a. The Road Warrior) (1981),Action|Sci-Fi,M,25,0,90019
4138,2396,5,970008203,Shakespeare in Love (1998),Comedy|Romance,M,25,7,91423
4285,1016,3,965278750,"Shaggy Dog, The (1959)",Children's|Comedy,M,35,0,62704
4430,2396,4,965104379,Shakespeare in Love (1998),Comedy|Romance,F,25,0,94403
4506,3703,4,964982964,Mad Max 2 (a.k.a. The Road Warrior) (1981),Action|Sci-Fi,M,50,16,29464
4181,1468,2,965332100,Booty Call (1997),Comedy|Romance,F,25,7,33177
4256,593,3,965305494,"Silence of the Lambs, The (1991)",Drama|Thriller,F,1,2,78945
4380,593,5,965175726,"Silence of the Lambs, The (1991)",Drama|Thriller,F,25,1,37153
4038,2739,4,965506463,"Color Purple, The (1985)",Drama,M,50,6,11510-2001
4480,3844,3,965023022,Steel Magnolias (1989),Drama,M,25,0,94403
3796,1198,5,966016876,Raiders of the Lost Ark (1981),Action|Adventure,M,45,14,02021
3842,1344,5,965990594,Cape Fear (1962),Film-Noir|Thriller,F,35,16,92054
3966,1198,4,965668618,Raiders of the Lost Ark (1981),Action|Adventure,M,25,0,30096
4048,1198,4,965498048,Raiders of the Lost Ark (1981),Action|Adventure,F,35,1,89431
4080,1198,5,965441266,Raiders of the Lost Ark (1981),Action|Adventure,M,35,1,48912
4094,1198,5,966222148,Raiders of the Lost Ark (1981),Action|Adventure,M,25,17,49017
3792,1500,5,966635590,Grosse Pointe Blank (1997),Comedy|Crime,M,25,6,68108
3908,101,5,965757066,Bottle Rocket (1996),Comedy,M,25,0,10021
4458,2261,3,965095844,One Crazy Summer (1986),Comedy,F,25,4,15701-2017
4373,1259,4,965179209,Stand by Me (1986),Adventure|Comedy|Drama,M,50,12,32920
4471,1259,3,965063372,Stand by Me (1986),Adventure|Comedy|Drama,M,25,6,94108
3821,1201,4,974760306,"Good, The Bad and The Ugly, The (1966)",Action|Western,M,25,20,44313
4058,2463,5,965492613,Ruthless People (1986),Comedy,M,25,6,73118
4251,3685,4,965322203,Prizzi's Honor (1985),Comedy|Drama|Romance,M,45,7,60139
4302,2463,3,965585823,Ruthless People (1986),Comedy,M,50,1,45385
4343,762,3,965228956,Striptease (1996),Comedy|Crime,M,25,12,75007
4085,1752,3,986186117,Hard Rain (1998),Action|Thriller,F,25,6,79416
4335,1752,3,965238309,Hard Rain (1998),Action|Thriller,M,35,0,74011
3942,2015,2,969567941,"Absent Minded Professor, The (1961)",Children's|Comedy|Fantasy,M,18,4,49855
4169,3403,2,971581056,Raise the Titanic (1980),Drama|Thriller,M,50,0,66048
4408,3296,3,965161070,To Sir with Love (1967),Drama,F,45,2,19033
4032,2871,5,965513641,Deliverance (1972),Adventure|Thriller,M,25,12,56301
4497,2467,5,972445059,"Name of the Rose, The (1986)",Mystery,M,50,0,29678
3821,3133,3,965944669,Go West (1925),Comedy,M,25,20,44313
3957,2335,5,965677595,"Waterboy, The (1998)",Comedy,M,35,11,40242
4112,3133,5,965366865,Go West (1925),Comedy,M,45,18,47129
4442,2023,3,965092518,"Godfather: Part III, The (1990)",Action|Crime|Drama,M,50,15,94303
4453,3811,2,965086013,Breaker Morant (1980),Drama|War,M,35,0,95667
4525,2023,4,964808312,"Godfather: Part III, The (1990)",Action|Crime|Drama,M,25,14,10021
4028,2750,5,966107288,Radio Days (1987),Comedy|Drama,M,25,4,02140
4037,1269,4,965507454,Arsenic and Old Lace (1944),Comedy|Mystery|Thriller,M,50,16,80206
4180,1019,3,965331778,"20,000 Leagues Under the Sea (1954)",Adventure|Children's|Fantasy|Sci-Fi,M,56,13,13502
3793,2169,4,966018888,Dead Man on Campus (1998),Comedy,M,18,4,21093
4031,3744,3,965512859,Shaft (2000),Action|Crime,M,25,0,42445
4112,2134,4,965368896,Weird Science (1985),Comedy,M,45,18,47129
4161,3783,5,965336315,Croupier (1998),Crime|Drama,M,45,0,90404
4480,2134,4,965027198,Weird Science (1985),Comedy,M,25,0,94403
4499,908,4,964997583,North by Northwest (1959),Drama|Thriller,M,25,6,62702
4312,2804,5,965483393,"Christmas Story, A (1983)",Comedy|Drama,M,25,18,78757
4482,2076,5,965017196,Blue Velvet (1986),Drama|Mystery,F,35,1,94044
4482,2804,5,965016784,"Christmas Story, A (1983)",Comedy|Drama,F,35,1,94044
3985,3456,4,975725916,"Color of Paradise, The (Rang-e Khoda) (1999)",Drama,M,45,16,01880
4018,329,3,965528696,Star Trek: Generations (1994),Action|Adventure|Sci-Fi,F,45,20,75214
4156,2531,2,965342208,Battle for the Planet of the Apes (1973),Action|Sci-Fi,M,56,20,95123
4422,1093,3,965181401,"Doors, The (1991)",Drama|Musical,M,25,5,10463
4511,2409,4,964980023,Rocky II (1979),Action|Drama,M,35,7,62234
3976,2692,5,965650905,Run Lola Run (Lola rennt) (1998),Action|Crime|Romance,F,25,0,44107
3994,3037,4,965587257,Little Big Man (1970),Comedy|Drama|Western,M,50,7,43081
4215,223,4,965325607,Clerks (1994),Comedy,M,25,7,77006
4051,1208,3,965493970,Apocalypse Now (1979),Drama|War,M,18,14,01604
4291,548,2,965278865,Terminal Velocity (1994),Action,M,35,14,98125
3989,3450,3,965599655,Grumpy Old Men (1993),Comedy,M,50,12,30030
4122,2772,4,965359475,Detroit Rock City (1999),Comedy,M,18,19,82070
4169,3184,2,988324880,Montana (1998),Action|Comedy|Crime|Drama,M,50,0,66048
4388,333,2,966142880,Tommy Boy (1995),Comedy,M,45,3,75074
3834,1824,5,965927625,Homegrown (1998),Comedy|Thriller,M,18,2,02322
3940,2288,4,965748049,"Thing, The (1982)",Action|Horror|Sci-Fi|Thriller,M,35,20,32708
4381,3108,4,965176613,"Fisher King, The (1991)",Comedy|Drama|Romance,M,25,4,65804
3808,2407,3,965966391,Cocoon (1985),Comedy|Sci-Fi,M,25,7,60010
3942,2407,2,965691978,Cocoon (1985),Comedy|Sci-Fi,M,18,4,49855
3976,22,3,965650246,Copycat (1995),Crime|Drama|Thriller,F,25,0,44107
4009,330,1,965544909,Tales from the Hood (1995),Comedy|Horror,M,18,7,44039
4165,372,2,965334877,Reality Bites (1994),Comedy|Drama,F,25,14,94114
4523,2407,4,964817966,Cocoon (1985),Comedy|Sci-Fi,M,18,2,55304
4473,319,4,965063497,Shallow Grave (1994),Thriller,M,35,1,94121
4018,2414,3,965527384,Young Sherlock Holmes (1985),Action|Adventure|Mystery,F,45,20,75214
3909,725,2,965755822,"Great White Hype, The (1996)",Comedy,M,18,17,19104
4150,367,4,965344949,"Mask, The (1994)",Comedy|Crime|Fantasy,M,25,0,29672
4167,3244,5,965425742,"Goodbye Girl, The (1977)",Comedy|Romance,M,25,20,22032
4169,539,4,975804570,Sleepless in Seattle (1993),Comedy|Romance,M,50,0,66048
4418,346,4,1018135001,Backbeat (1993),Drama|Musical,F,50,0,02139
4430,539,2,965105633,Sleepless in Seattle (1993),Comedy|Romance,F,25,0,94403
3790,3504,4,966039400,Network (1976),Comedy|Drama,F,25,17,94618
3825,1785,3,965939935,King of New York (1990),Action|Crime,M,18,1,06279
3839,2628,5,965917346,Star Wars: Episode I - The Phantom Menace (1999),Action|Adventure|Fantasy|Sci-Fi,M,50,14,02651
4458,111,3,967689077,Taxi Driver (1976),Drama|Thriller,F,25,4,15701-2017
4508,2628,2,964981550,Star Wars: Episode I - The Phantom Menace (1999),Action|Adventure|Fantasy|Sci-Fi,M,25,20,15701
4227,1456,2,965315151,"Pest, The (1997)",Comedy,M,25,19,11414-2520
4277,2064,5,967622073,Roger & Me (1989),Comedy|Documentary,M,35,16,98133
4448,47,5,966449756,Seven (Se7en) (1995),Crime|Thriller,M,25,14,06880
3940,3498,4,966007015,Midnight Express (1978),Drama,M,35,20,32708
4249,185,4,965310886,"Net, The (1995)",Sci-Fi|Thriller,F,18,17,65203
4261,2092,3,965305696,"Return of Jafar, The (1993)",Animation|Children's|Musical,F,35,6,07950
3824,1288,5,965940425,This Is Spinal Tap (1984),Comedy|Drama|Musical,M,25,17,32308
4060,1288,4,965491591,This Is Spinal Tap (1984),Comedy|Drama|Musical,M,25,18,55412
4258,2108,3,968175504,L.A. Story (1991),Comedy|Romance,M,25,17,19711
4004,748,2,965562130,"Arrival, The (1996)",Action|Sci-Fi|Thriller,M,50,0,21050
4220,912,4,965883619,Casablanca (1942),Drama|Romance|War,M,35,0,97225
4291,1590,1,965279125,Event Horizon (1997),Action|Mystery|Sci-Fi|Thriller,M,35,14,98125
3956,3752,2,965673113,"Me, Myself and Irene (2000)",Comedy,M,25,0,94930-2010
3976,3421,5,965652628,Animal House (1978),Comedy,F,25,0,44107
3981,1247,5,965628211,"Graduate, The (1967)",Drama|Romance,F,45,0,97701
4062,3798,4,965479848,What Lies Beneath (2000),Thriller,M,25,7,60559
4276,1304,4,965296376,Butch Cassidy and the Sundance Kid (1969),Action|Comedy|Western,F,45,0,96821
4508,3421,4,964986980,Animal House (1978),Comedy,M,25,20,15701
4517,3421,4,991034957,Animal House (1978),Comedy,F,18,1,48067
3841,2781,3,966000888,"Tingler, The (1959)",Horror,M,45,18,26101
4277,3826,4,984837839,Hollow Man (2000),Horror|Sci-Fi|Thriller,M,35,16,98133
3850,1,4,965880424,Toy Story (1995),Animation|Children's|Comedy,M,18,3,92278
3868,1,4,965855312,Toy Story (1995),Animation|Children's|Comedy,M,18,12,73112
4272,1391,2,965301833,Mars Attacks! (1996),Action|Comedy|Sci-Fi|War,M,45,17,37923
4343,2296,2,965227322,"Night at the Roxbury, A (1998)",Comedy,M,25,12,75007
3884,1902,2,965816473,Dream for an Insomniac (1996),Drama|Romance,M,18,4,78759
4071,3147,5,965451490,"Green Mile, The (1999)",Drama|Thriller,M,25,17,33823
4233,2763,4,965313320,"Thomas Crown Affair, The (1999)",Action|Thriller,M,35,4,37917
4356,3622,4,965192347,"Twelve Chairs, The (1970)",Comedy,M,35,16,85730
4370,3060,4,965181013,"Commitments, The (1991)",Comedy|Drama,M,25,16,07701
4466,1302,3,965070562,Field of Dreams (1989),Drama,M,35,11,10022
4510,2475,2,964989553,52 Pick-Up (1986),Action|Mystery|Thriller,M,45,7,92503
4517,52,4,964863887,Mighty Aphrodite (1995),Comedy,F,18,1,48067
3998,2637,3,965577124,"Mummy's Hand, The (1940)",Horror,M,45,0,74354
3929,3210,4,965709302,Fast Times at Ridgemont High (1982),Comedy,M,25,5,80227
4287,1722,4,965277775,Tomorrow Never Dies (1997),Action|Romance|Thriller,M,25,7,35244
4404,3272,3,965157871,Bad Lieutenant (1992),Crime|Drama,M,25,1,57106
4425,1608,4,965114673,Air Force One (1997),Action|Thriller,M,35,7,98607
4507,1644,3,964983536,I Know What You Did Last Summer (1997),Horror|Mystery|Thriller,M,18,4,61820
4318,2471,3,965339412,Crocodile Dundee II (1988),Adventure|Comedy,M,25,5,02891
3855,6,4,965872994,Heat (1995),Action|Crime|Thriller,M,25,17,20886
3892,2102,4,965796031,Steamboat Willie (1940),Animation|Children's|Comedy|Musical,M,25,20,91505
4309,86,4,965723199,White Squall (1996),Adventure|Drama,M,25,0,36301
4508,474,3,964982042,In the Line of Fire (1993),Action|Thriller,M,25,20,15701
3864,852,4,965856105,Tin Cup (1996),Comedy|Romance,M,50,20,29630
4312,852,3,966114493,Tin Cup (1996),Comedy|Romance,M,25,18,78757
4411,1952,3,971740909,Midnight Cowboy (1969),Drama,M,18,4,92122
4265,1380,3,965306212,Grease (1978),Comedy|Musical|Romance,M,25,12,03060
4311,2537,2,965258431,Beyond the Poseidon Adventure (1979),Adventure,M,50,13,68502
4478,1242,3,985369182,Glory (1989),Action|Drama|War,M,1,12,02138
3892,1646,1,972175891,Rocket Man (1997),Comedy,M,25,20,91505
4053,2040,4,965496693,"Computer Wore Tennis Shoes, The (1970)",Children's|Comedy,M,25,18,36264
4344,2852,4,966266858,"Soldier's Story, A (1984)",Drama,M,25,1,44240
3942,2161,2,965775009,"NeverEnding Story, The (1984)",Adventure|Children's|Fantasy,M,18,4,49855
4093,1997,5,965421253,"Exorcist, The (1973)",Horror,M,25,4,70806
4447,1275,2,965167290,Highlander (1986),Action|Adventure,M,45,5,32953
4115,1994,1,965365155,Poltergeist (1982),Horror|Thriller,M,25,15,99353
4161,3539,4,965336315,"Filth and the Fury, The (2000)",Documentary,M,45,0,90404
4227,1144,3,965411718,"Line King: Al Hirschfeld, The (1996)",Documentary,M,25,19,11414-2520
4162,2712,4,965336325,Eyes Wide Shut (1999),Drama,F,25,14,23221
4380,3791,4,965175266,Footloose (1984),Drama,F,25,1,37153
4414,2712,1,965560570,Eyes Wide Shut (1999),Drama,M,25,4,40504
4072,377,3,965454091,Speed (1994),Action|Romance|Thriller,M,50,6,93111
4079,1394,4,965445316,Raising Arizona (1987),Comedy,M,35,17,26505
4406,1394,5,971032868,Raising Arizona (1987),Comedy,M,25,16,80013
4408,1301,2,965162113,Forbidden Planet (1956),Sci-Fi,F,45,2,19033
3792,570,3,966610243,"Slingshot, The (Kådisbellan ) (1993)",Comedy|Drama,M,25,6,68108
3832,920,5,1013716158,Gone with the Wind (1939),Drama|Romance|War,F,25,7,43214
3934,3699,2,965703811,Starman (1984),Adventure|Drama|Romance|Sci-Fi,M,25,0,44512
4054,920,5,965497007,Gone with the Wind (1939),Drama|Romance|War,M,35,3,68122
4448,3699,4,965134008,Starman (1984),Adventure|Drama|Romance|Sci-Fi,M,25,14,06880
3823,1968,3,965941534,"Breakfast Club, The (1985)",Comedy|Drama,M,56,7,93711
3853,2405,3,965875346,"Jewel of the Nile, The (1985)",Action|Adventure|Comedy|Romance,M,25,14,92614
4033,1615,4,965528351,"Edge, The (1997)",Adventure|Thriller,M,25,6,43551
4268,3613,4,965303414,Things Change (1988),Comedy,F,45,20,04046
4283,1968,3,965278610,"Breakfast Club, The (1985)",Comedy|Drama,F,25,9,98632
4112,1517,4,965367821,Austin Powers: International Man of Mystery (1997),Comedy,M,45,18,47129
4352,292,4,965227240,Outbreak (1995),Action|Drama|Thriller,M,18,4,11010
4508,292,2,964982408,Outbreak (1995),Action|Drama|Thriller,M,25,20,15701
4521,3730,4,964837954,"Conversation, The (1974)",Drama|Mystery,M,35,12,15202
3843,2485,5,965909538,She's All That (1999),Comedy|Romance,F,1,10,32043
4021,2613,4,965520359,Night of the Comet (1984),Action|Horror|Sci-Fi,M,50,20,95236
4115,2640,4,965362612,Superman (1978),Action|Adventure|Sci-Fi,M,25,15,99353
4497,3350,4,964999043,"Raisin in the Sun, A (1961)",Drama,M,50,0,29678
3806,3663,3,965966461,Puppet Master 4 (1993),Horror|Sci-Fi|Thriller,M,18,4,55104
4140,1518,4,965348662,Breakdown (1997),Action|Thriller,M,25,0,32112
4461,3702,4,965071928,Mad Max (1979),Action|Sci-Fi,M,25,20,81101
4252,2803,2,965308331,"Pelican Brief, The (1993)",Thriller,F,35,3,28262
4277,544,3,966423238,Striking Distance (1993),Action,M,35,16,98133
4425,1835,3,965115218,City of Angels (1998),Romance,M,35,7,98607
3850,1711,4,965883390,Midnight in the Garden of Good and Evil (1997),Comedy|Crime|Drama|Mystery,M,18,3,92278
3953,2985,3,976925892,Robocop (1987),Action|Crime|Sci-Fi,M,25,12,55117
4123,2985,4,965359040,Robocop (1987),Action|Crime|Sci-Fi,F,25,4,46807
4368,163,3,965184422,Desperado (1995),Action|Romance|Thriller,M,18,17,22043
3967,1357,2,968872633,Shine (1996),Drama|Romance,F,18,2,13603
4001,3552,5,965570228,Caddyshack (1980),Comedy,F,25,1,01860
4085,2268,4,965434672,"Few Good Men, A (1992)",Crime|Drama,F,25,6,79416
4345,2268,4,966267019,"Few Good Men, A (1992)",Crime|Drama,F,25,14,44304
4422,2072,3,965118077,"'burbs, The (1989)",Comedy,M,25,5,10463
4140,2105,3,965348756,Tron (1982),Action|Adventure|Fantasy|Sci-Fi,M,25,0,32112
3842,2571,1,965914448,"Matrix, The (1999)",Action|Sci-Fi|Thriller,F,35,16,92054
4070,2571,5,965453144,"Matrix, The (1999)",Action|Sci-Fi|Thriller,M,25,15,93107
4118,2085,5,983347354,101 Dalmatians (1961),Animation|Children's,M,25,3,91221
4179,2571,5,965332883,"Matrix, The (1999)",Action|Sci-Fi|Thriller,F,35,20,94949
4245,2571,5,965309017,"Matrix, The (1999)",Action|Sci-Fi|Thriller,M,50,12,44286
4277,2554,4,975759132,Children of the Damned (1963),Horror|Sci-Fi|Thriller,M,35,16,98133
4506,2571,4,964981945,"Matrix, The (1999)",Action|Sci-Fi|Thriller,M,50,16,29464
4373,2664,4,965182522,Invasion of the Body Snatchers (1956),Horror|Sci-Fi,M,50,12,32920
4140,780,3,965353178,Independence Day (ID4) (1996),Action|Sci-Fi|War,M,25,0,32112
4406,780,5,965156190,Independence Day (ID4) (1996),Action|Sci-Fi|War,M,25,16,80013
3942,1250,4,966547158,"Bridge on the River Kwai, The (1957)",Drama|War,M,18,4,49855
3989,1569,3,965602535,My Best Friend's Wedding (1997),Comedy|Romance,M,50,12,30030
3822,1299,4,966300794,"Killing Fields, The (1984)",Drama|War,M,45,20,98027
4344,1220,5,965239462,"Blues Brothers, The (1980)",Action|Comedy|Musical,M,25,1,44240
4447,1222,4,965166802,Full Metal Jacket (1987),Action|Drama|War,M,45,5,32953
4488,1222,3,965012262,Full Metal Jacket (1987),Action|Drama|War,M,35,7,72703
4510,1225,3,964988733,Amadeus (1984),Drama,M,45,7,92503
3929,886,3,965708081,Bulletproof (1996),Action,M,25,5,80227
4020,1375,4,965524533,Star Trek III: The Search for Spock (1984),Action|Adventure|Sci-Fi,M,25,6,77034
4137,1252,5,965348575,Chinatown (1974),Film-Noir|Mystery|Thriller,M,25,7,91941
4305,1252,5,965263310,Chinatown (1974),Film-Noir|Mystery|Thriller,F,45,17,27616
4458,1298,4,965095587,Pink Floyd - The Wall (1982),Drama|Musical|War,F,25,4,15701-2017
3891,425,5,965798482,Blue Sky (1994),Drama|Romance,F,56,16,90039
4189,904,5,965326626,Rear Window (1954),Mystery|Thriller,M,35,14,91364
4425,1321,4,965108502,"American Werewolf in London, An (1981)",Horror,M,35,7,98607
4473,41,4,965063744,Richard III (1995),Drama|War,M,35,1,94121
3865,3285,3,965853567,"Beach, The (2000)",Adventure|Drama,F,1,10,95864
3940,3256,2,965747513,Patriot Games (1992),Action|Thriller,M,35,20,32708
4064,455,3,965482053,Free Willy (1993),Adventure|Children's|Drama,M,45,0,20851
4373,1035,5,965181953,"Sound of Music, The (1965)",Musical,M,50,12,32920
3823,3638,4,965945251,Moonraker (1979),Action|Romance|Sci-Fi,M,56,7,93711
3930,2346,3,965706854,"Stepford Wives, The (1975)",Sci-Fi|Thriller,M,56,3,52240
4045,3789,5,965498976,"Pawnbroker, The (1965)",Drama,M,56,13,40511
4288,2420,4,965275998,"Karate Kid, The (1984)",Drama,F,25,9,46580
4437,1136,2,965100629,Monty Python and the Holy Grail (1974),Comedy,F,35,5,47129
4035,511,5,965509437,"Program, The (1993)",Action|Drama,M,18,4,45251
4408,3527,2,965171416,Predator (1987),Action|Sci-Fi|Thriller,F,45,2,19033
3878,1947,4,965918524,West Side Story (1961),Musical|Romance,M,35,16,22124
3850,2841,4,965879380,Stir of Echoes (1999),Thriller,M,18,3,92278
3858,3674,4,965876599,For the Love of Benji (1977),Adventure|Children's,F,45,9,63119
4079,2794,3,990622061,European Vacation (1985),Comedy,M,35,17,26505
4021,2428,4,965520653,"Faculty, The (1998)",Horror|Sci-Fi,M,50,20,95236
4312,1240,4,965258628,"Terminator, The (1984)",Action|Sci-Fi|Thriller,M,25,18,78757
4354,3074,5,965198523,Jeremiah Johnson (1972),Western,M,35,14,78611
4476,2428,1,965059907,"Faculty, The (1998)",Horror|Sci-Fi,M,45,1,50588
4482,2734,4,965017724,"Mosquito Coast, The (1986)",Drama,F,35,1,94044
3920,590,5,965732042,Dances with Wolves (1990),Adventure|Drama|Western,M,35,17,63126
4318,2942,3,965380020,Flashdance (1983),Drama|Romance,M,25,5,02891
4448,1747,5,966968572,Wag the Dog (1997),Comedy|Drama,M,25,14,06880
3865,3301,3,965853544,"Whole Nine Yards, The (2000)",Comedy|Crime,F,1,10,95864
3965,3301,5,965705401,"Whole Nine Yards, The (2000)",Comedy|Crime,M,18,11,65202
4351,3301,4,965438341,"Whole Nine Yards, The (2000)",Comedy|Crime,M,25,12,37919
4467,2067,3,1032410720,Doctor Zhivago (1965),Drama|Romance|War,F,50,6,15333
4277,1725,5,965645287,"Education of Little Tree, The (1997)",Drama,M,35,16,98133
4410,3471,4,965151271,Close Encounters of the Third Kind (1977),Drama|Sci-Fi,M,18,19,40475
4433,3471,3,965099319,Close Encounters of the Third Kind (1977),Drama|Sci-Fi,M,25,0,43081
3841,3476,3,966000606,Jacob's Ladder (1990),Horror|Mystery|Thriller,M,45,18,26101
3847,2060,3,965883323,BASEketball (1998),Comedy,M,25,7,12801
4016,1271,3,965536173,Fried Green Tomatoes (1991),Drama,M,50,0,33901
4053,3697,2,965494618,Predator 2 (1990),Action|Sci-Fi|Thriller,M,25,18,36264
4089,3068,3,965503913,"Verdict, The (1982)",Drama,M,25,7,79416
4114,3068,3,965364705,"Verdict, The (1982)",Drama,M,35,14,48187
4377,547,3,965177324,Surviving the Game (1994),Action|Adventure|Thriller,M,25,0,32444
4482,3476,4,965020067,Jacob's Ladder (1990),Horror|Mystery|Thriller,F,35,1,94044
3841,2926,4,965998705,Hairspray (1988),Comedy|Drama,M,45,18,26101
4171,2926,1,965334980,Hairspray (1988),Comedy|Drama,M,56,16,79705
4253,3671,3,965309779,Blazing Saddles (1974),Comedy|Western,M,45,11,03301
4517,2926,3,965106350,Hairspray (1988),Comedy|Drama,F,18,1,48067
4074,231,4,965499617,Dumb & Dumber (1994),Comedy,M,35,6,78746
4152,1219,3,965341394,Psycho (1960),Horror|Thriller,M,25,14,74114
4204,1219,5,965321569,Psycho (1960),Horror|Thriller,M,35,7,06905
4238,1991,2,965416798,Child's Play (1988),Horror,M,35,16,44691
4418,17,4,1018134313,Sense and Sensibility (1995),Drama|Romance,F,50,0,02139
3812,1967,3,965956752,Labyrinth (1986),Adventure|Children's|Fantasy,M,35,17,78749
4089,2770,4,965429991,Bowfinger (1999),Comedy,M,25,7,79416
4175,3619,5,965332661,"Hollywood Knights, The (1980)",Comedy,M,35,0,66204
4344,3254,2,966519829,Wayne's World 2 (1993),Comedy,M,25,1,44240
4352,3254,3,965192982,Wayne's World 2 (1993),Comedy,M,18,4,11010
4252,2107,3,965308605,Halloween: H20 (1998),Horror|Thriller,F,35,3,28262
3847,3300,4,965881421,Pitch Black (2000),Action|Sci-Fi,M,25,7,12801
4014,3300,2,965538233,Pitch Black (2000),Action|Sci-Fi,M,25,0,48316-5601
4116,423,3,968554486,Blown Away (1994),Action|Thriller,M,35,7,07040
4274,695,2,965302697,True Crime (1995),Mystery|Thriller,F,45,1,04258
4457,1865,4,965078363,Wild Man Blues (1998),Documentary,M,35,14,95492
3808,1589,4,965968233,Cop Land (1997),Crime|Drama|Mystery,M,25,7,60010
3830,2324,5,965933373,Life Is Beautiful (La Vita è bella) (1997),Comedy|Drama,M,18,4,60630
3951,2080,4,965677826,Lady and the Tramp (1955),Animation|Children's|Comedy|Musical|Romance,F,18,4,60014
3963,2324,5,977982647,Life Is Beautiful (La Vita è bella) (1997),Comedy|Drama,M,50,20,30030
4058,2324,5,965491397,Life Is Beautiful (La Vita è bella) (1997),Comedy|Drama,M,25,6,73118
4344,3468,4,966452303,"Hustler, The (1961)",Drama,M,25,1,44240
3841,2947,4,965995227,Goldfinger (1964),Action,M,45,18,26101
4037,2947,4,965507192,Goldfinger (1964),Action,M,50,16,80206
4064,3740,4,965478457,Big Trouble in Little China (1986),Action|Comedy,M,45,0,20851
4077,3740,4,965446476,Big Trouble in Little China (1986),Action|Comedy,F,35,2,22030
4478,2947,4,983908866,Goldfinger (1964),Action,M,1,12,02138
3821,2906,2,985550859,Random Hearts (1999),Drama|Romance,M,25,20,44313
4051,838,3,965495165,Emma (1996),Comedy|Drama|Romance,M,18,14,01604
4169,2523,2,971579182,Rollercoaster (1977),Drama|Thriller,M,50,0,66048
4344,1513,4,965223139,Romy and Michele's High School Reunion (1997),Comedy,M,25,1,44240
4456,900,4,965231022,"American in Paris, An (1951)",Musical|Romance,F,35,2,49770
4506,2099,4,964985525,Song of the South (1946),Adventure|Animation|Children's|Musical,M,50,16,29464
3824,196,3,970246082,Species (1995),Horror|Sci-Fi,M,25,17,32308
4026,2469,2,965521765,Peggy Sue Got Married (1986),Comedy|Romance,M,25,7,68164
4294,1438,4,1041053606,Dante's Peak (1997),Action|Thriller,M,1,10,75633
4328,1272,5,965245660,Patton (1970),Drama|War,M,50,3,75650
4436,2369,3,965101036,Desperately Seeking Susan (1985),Comedy|Romance,M,25,12,19067
4482,456,5,965019131,Fresh (1994),Drama,F,35,1,94044
3821,441,3,974760894,Dazed and Confused (1993),Comedy,M,25,20,44313
4298,441,3,965270527,Dazed and Confused (1993),Comedy,F,18,14,85705
4392,2174,1,965160423,Beetlejuice (1988),Comedy|Fantasy,M,18,4,43402
4448,800,3,966287409,Lone Star (1996),Drama|Mystery,M,25,14,06880
4156,1037,3,965341862,"Lawnmower Man, The (1992)",Action|Sci-Fi|Thriller,M,56,20,95123
4523,1037,3,964815509,"Lawnmower Man, The (1992)",Action|Sci-Fi|Thriller,M,18,2,55304
3862,2111,1,965855445,"Man with Two Brains, The (1983)",Comedy,M,25,17,10025
3892,1036,4,969754215,Die Hard (1988),Action|Thriller,M,25,20,91505
3957,2872,3,965673143,Excalibur (1981),Action|Drama|Fantasy|Romance,M,35,11,40242
4009,220,1,965958239,Castle Freak (1995),Horror,M,18,7,44039
4054,2970,4,965504134,Fitzcarraldo (1982),Adventure|Drama,M,35,3,68122
4210,1205,3,965320131,"Transformers: The Movie, The (1986)",Action|Animation|Children's|Sci-Fi|Thriller|War,M,25,17,85710
3842,3505,4,965991044,No Way Out (1987),Thriller,F,35,16,92054
4281,2424,3,965284432,You've Got Mail (1998),Comedy|Romance,M,56,13,92120
4169,1256,5,965693140,Duck Soup (1933),Comedy|War,M,50,0,66048
4401,2937,5,965158433,"Palm Beach Story, The (1942)",Comedy,M,18,4,10027
3823,1254,4,965945931,"Treasure of the Sierra Madre, The (1948)",Adventure,M,56,7,93711
4064,1022,4,965476406,Cinderella (1950),Animation|Children's|Musical,M,45,0,20851
4162,2959,5,965334577,Fight Club (1999),Drama,F,25,14,23221
4169,2440,3,976587629,Another Day in Paradise (1998),Drama,M,50,0,66048
4253,1022,3,965309879,Cinderella (1950),Animation|Children's|Musical,M,45,11,03301
4497,2854,3,964998769,Don't Look in the Basement! (1973),Horror,M,50,0,29678
3889,1041,3,966233982,Secrets & Lies (1996),Drama,M,45,6,66203
4285,380,5,965280886,True Lies (1994),Action|Adventure|Comedy|Romance,M,35,0,62704
4311,1287,5,965258554,Ben-Hur (1959),Action|Adventure|Drama,M,50,13,68502
4375,380,4,965186353,True Lies (1994),Action|Adventure|Comedy|Romance,F,25,5,40241
4524,380,3,964812676,True Lies (1994),Action|Adventure|Comedy|Romance,M,25,2,55113
4482,514,4,965020462,"Ref, The (1994)",Comedy,F,35,1,94044
3942,2717,3,968594842,Ghostbusters II (1989),Comedy|Horror,M,18,4,49855
4054,2988,4,965501585,Melvin and Howard (1980),Drama,M,35,3,68122
3824,1849,3,1029449085,Prince Valiant (1997),Adventure,M,25,17,32308
3854,1358,5,965873390,Sling Blade (1996),Drama|Thriller,M,25,14,30340
3942,1601,1,966381288,Hoodlum (1997),Crime|Drama|Film-Noir,M,18,4,49855
4011,1358,5,965543541,Sling Blade (1996),Drama|Thriller,M,25,17,85210
4235,1358,5,965311049,Sling Blade (1996),Drama|Thriller,M,50,2,90029
4448,1422,3,966287409,Murder at 1600 (1997),Mystery|Thriller,M,25,14,06880
4078,3251,4,965603810,Agnes of God (1985),Drama|Mystery,M,25,15,28226
4418,728,4,1018134923,Cold Comfort Farm (1995),Comedy,F,50,0,02139
4482,627,4,965101156,"Last Supper, The (1995)",Drama|Thriller,F,35,1,94044
3951,1374,4,965678365,Star Trek: The Wrath of Khan (1982),Action|Adventure|Sci-Fi,F,18,4,60014
4112,1374,4,965365925,Star Trek: The Wrath of Khan (1982),Action|Adventure|Sci-Fi,M,45,18,47129
4328,1594,5,965244381,In the Company of Men (1997),Drama,M,50,3,75650
4506,1374,3,964981169,Star Trek: The Wrath of Khan (1982),Action|Adventure|Sci-Fi,M,50,16,29464
3841,2814,3,966000641,"Bat, The (1959)",Horror,M,45,18,26101
4053,1620,3,965493930,Kiss the Girls (1997),Crime|Drama|Thriller,M,25,18,36264
4058,1673,5,996712735,Boogie Nights (1997),Drama,M,25,6,73118
4451,585,2,965087917,"Brady Bunch Movie, The (1995)",Comedy,M,25,14,30101
3824,3090,2,966539329,Matewan (1987),Drama,M,25,17,32308
3938,2921,4,965703822,High Plains Drifter (1972),Western,M,25,2,92711-0571
3985,994,5,965620423,Big Night (1996),Drama,M,45,16,01880
4335,277,4,965240731,Miracle on 34th Street (1994),Drama,M,35,0,74011
3821,3608,3,974762200,Pee-wee's Big Adventure (1985),Comedy,M,25,20,44313
4037,2863,4,965507044,"Hard Day's Night, A (1964)",Comedy|Musical,M,50,16,80206
4079,532,1,990633810,Serial Mom (1994),Comedy|Crime|Horror,M,35,17,26505
4230,3763,3,965312408,F/X (1986),Action|Crime|Thriller,M,56,13,34235
4323,1297,5,965285913,Real Genius (1985),Comedy,M,18,4,82072
4332,3052,4,965239081,Dogma (1999),Comedy,F,25,3,60606
4352,532,3,965226685,Serial Mom (1994),Comedy|Crime|Horror,M,18,4,11010
4381,3052,1,965177025,Dogma (1999),Comedy,M,25,4,65804
4393,3052,3,965158912,Dogma (1999),Comedy,M,18,4,43402
3808,1234,4,965964967,"Sting, The (1973)",Comedy|Crime,M,25,7,60010
3829,448,4,965937572,Fearless (1993),Drama,F,25,1,22307
3978,1200,5,965630996,Aliens (1986),Action|Sci-Fi|Thriller|War,M,35,13,78252
4253,2951,3,965309963,"Fistful of Dollars, A (1964)",Action|Western,M,45,11,03301
4408,3469,4,965154177,Inherit the Wind (1960),Drama,F,45,2,19033
4506,1200,2,964982964,Aliens (1986),Action|Sci-Fi|Thriller|War,M,50,16,29464
3793,1020,3,966017843,Cool Runnings (1993),Comedy,M,18,4,21093
3887,2394,5,965806954,"Prince of Egypt, The (1998)",Animation|Musical,M,18,4,80513
3945,1317,2,965690548,I'm Not Rappaport (1996),Comedy,F,45,1,96778
4088,97,5,965430453,"Hate (Haine, La) (1995)",Drama,M,25,3,77057
4150,1020,2,965346322,Cool Runnings (1993),Comedy,M,25,0,29672
4386,1876,3,965241895,Deep Impact (1998),Action|Drama|Sci-Fi|Thriller,M,25,5,74055
4426,1230,4,965107876,Annie Hall (1977),Comedy|Romance,M,45,17,93401
3985,3357,3,975726047,East-West (Est-ouest) (1999),Drama|Romance,M,45,16,01880
4026,524,3,965521579,Rudy (1993),Drama,M,25,7,68164
4156,1690,4,965340953,Alien: Resurrection (1997),Action|Horror|Sci-Fi,M,56,20,95123
4407,533,1,965156799,"Shadow, The (1994)",Action,M,18,4,02143
3997,1356,4,965581137,Star Trek: First Contact (1996),Action|Adventure|Sci-Fi,M,35,17,45255
4115,1356,5,965362868,Star Trek: First Contact (1996),Action|Adventure|Sci-Fi,M,25,15,99353
4508,1347,3,964980536,"Nightmare on Elm Street, A (1984)",Horror,M,25,20,15701
4345,1104,4,966387278,"Streetcar Named Desire, A (1951)",Drama,F,25,14,44304
3903,1625,1,965765891,"Game, The (1997)",Mystery|Thriller,M,25,0,02542
3974,3633,3,965654215,On Her Majesty's Secret Service (1969),Action,M,35,0,30741
4447,589,4,965166906,Terminator 2: Judgment Day (1991),Action|Sci-Fi|Thriller,M,45,5,32953
4488,1007,2,965011862,"Apple Dumpling Gang, The (1975)",Children's|Comedy|Western,M,35,7,72703
4489,2167,4,971397703,Blade (1998),Action|Adventure|Horror,M,18,4,78613
4245,3375,5,965309327,Destination Moon (1950),Sci-Fi,M,50,12,44286
3827,50,5,966127931,"Usual Suspects, The (1995)",Crime|Thriller,M,50,2,87020
3868,2431,3,965853462,Patch Adams (1998),Comedy|Drama,M,18,12,73112
3904,1214,4,965764993,Alien (1979),Action|Horror|Sci-Fi|Thriller,M,1,10,48445
4018,1214,4,965526770,Alien (1979),Action|Horror|Sci-Fi|Thriller,F,45,20,75214
4033,2395,5,965512363,Rushmore (1998),Comedy,M,25,6,43551
4049,3807,4,965496585,Sinbad and the Eye of the Tiger (1977),Action|Adventure,M,45,11,33133
4066,1214,3,965469859,Alien (1979),Action|Horror|Sci-Fi|Thriller,M,25,0,19010
4193,750,4,965328497,Dr. Strangelove or: How I Learned to Stop Worrying and Love the Bomb (1963),Sci-Fi|War,M,56,13,93907
4215,750,5,965318147,Dr. Strangelove or: How I Learned to Stop Worrying and Love the Bomb (1963),Sci-Fi|War,M,25,7,77006
4423,1214,4,965115042,Alien (1979),Action|Horror|Sci-Fi|Thriller,M,18,4,52241
3850,1343,4,965880495,Cape Fear (1991),Thriller,M,18,3,92278
4006,2012,3,965552532,Back to the Future Part III (1990),Comedy|Sci-Fi|Western,M,1,7,48038
4123,527,2,965357210,Schindler's List (1993),Drama|War,F,25,4,46807
4161,2671,2,965336196,Notting Hill (1999),Comedy|Romance,M,45,0,90404
4310,527,5,965258640,Schindler's List (1993),Drama|War,M,25,4,57006
3892,1704,3,972172431,Good Will Hunting (1997),Drama,M,25,20,91505
3942,1333,4,971830917,"Birds, The (1963)",Horror,M,18,4,49855
3947,2091,4,965688811,Return from Witch Mountain (1978),Children's|Sci-Fi,M,25,0,90019
4008,3618,4,965545991,Small Time Crooks (2000),Comedy,M,18,1,92802
4139,45,3,965349824,To Die For (1995),Comedy|Drama,M,56,14,40207
4217,1704,4,965317572,Good Will Hunting (1997),Drama,M,18,4,18042
4483,1704,3,965016707,Good Will Hunting (1997),Drama,F,25,6,72703
4140,1320,3,965353413,Alien³ (1992),Action|Horror|Sci-Fi|Thriller,M,25,0,32112
4328,952,4,965246068,Around the World in 80 Days (1956),Adventure|Comedy,M,50,3,75650
3836,2793,3,965970442,"American Werewolf in Paris, An (1997)",Comedy|Horror,F,50,8,84770
3865,2889,2,965853518,"Mystery, Alaska (1999)",Comedy,F,1,10,95864
4139,2889,4,965350878,"Mystery, Alaska (1999)",Comedy,M,56,14,40207
4161,1918,1,965341083,Lethal Weapon 4 (1998),Action|Comedy|Crime|Drama,M,45,0,90404
4352,2793,2,965226743,"American Werewolf in Paris, An (1997)",Comedy|Horror,M,18,4,11010
4375,1405,4,965179742,Beavis and Butt-head Do America (1996),Animation|Comedy,F,25,5,40241
4414,2889,5,965704017,"Mystery, Alaska (1999)",Comedy,M,25,4,40504
4043,364,5,965503140,"Lion King, The (1994)",Animation|Children's|Musical,F,25,15,94002
4359,364,4,965189062,"Lion King, The (1994)",Animation|Children's|Musical,M,18,4,33168
4360,364,3,965187573,"Lion King, The (1994)",Animation|Children's|Musical,F,25,9,98001
4169,3354,2,971578508,Mission to Mars (2000),Sci-Fi,M,50,0,66048
3891,356,5,965798032,Forrest Gump (1994),Comedy|Romance|War,F,56,16,90039
4183,356,4,965330472,Forrest Gump (1994),Comedy|Romance|War,M,25,1,91730
4193,3551,3,965329519,Marathon Man (1976),Thriller,M,56,13,93907
3841,2316,3,965999955,Practical Magic (1998),Drama|Romance,M,45,18,26101
3894,2596,4,965791237,SLC Punk! (1998),Comedy|Drama,M,35,16,02139
4028,1923,5,965765082,There's Something About Mary (1998),Comedy,M,25,4,02140
3792,3461,4,970580293,Lord of the Flies (1963),Adventure|Drama|Thriller,M,25,6,68108
3834,1126,4,966405678,Drop Dead Fred (1991),Comedy|Fantasy,M,18,2,02322
3841,3461,4,965998473,Lord of the Flies (1963),Adventure|Drama|Thriller,M,45,18,26101
4041,2539,3,965713189,Analyze This (1999),Comedy,M,18,3,48005
4508,3438,2,964980229,Teenage Mutant Ninja Turtles (1990),Action|Children's|Fantasy,M,25,20,15701
3778,1213,5,966044982,GoodFellas (1990),Crime|Drama,M,25,0,61832
4124,2552,2,965445523,My Boyfriend's Back (1993),Comedy,M,25,18,62330-1408
3963,1071,3,977982833,For the Moment (1994),Romance|War,M,50,20,30030
4026,24,4,965517126,Powder (1995),Drama|Sci-Fi,M,25,7,68164
4303,1103,5,965267000,Rebel Without a Cause (1955),Drama,M,25,2,91910
4422,160,2,965155120,Congo (1995),Action|Adventure|Mystery|Sci-Fi,M,25,5,10463
3821,3219,2,974758507,Pacific Heights (1990),Thriller,M,25,20,44313
4378,3219,3,965175776,Pacific Heights (1990),Thriller,M,18,17,06040
4426,921,4,965108382,My Favorite Year (1982),Comedy,M,45,17,93401
3819,3265,4,965997042,Hard-Boiled (Lashou shentan) (1992),Action|Crime,M,25,12,36115
3908,125,5,965756701,Flirting With Disaster (1996),Comedy,M,25,0,10021
4076,121,4,965444841,"Boys of St. Vincent, The (1993)",Drama,M,25,17,55344
4524,2529,4,964817870,Planet of the Apes (1968),Action|Sci-Fi,M,25,2,55113
3793,1592,1,966018639,Air Bud (1997),Children's|Comedy,M,18,4,21093
3994,480,5,966700939,Jurassic Park (1993),Action|Adventure|Sci-Fi,M,50,7,43081
4150,480,4,965343654,Jurassic Park (1993),Action|Adventure|Sci-Fi,M,25,0,29672
4328,480,3,965251393,Jurassic Park (1993),Action|Adventure|Sci-Fi,M,50,3,75650
4354,3591,4,965192445,Mr. Mom (1983),Comedy|Drama,M,35,14,78611
4483,3591,3,965016220,Mr. Mom (1983),Comedy|Drama,F,25,6,72703
4238,1687,3,965341919,"Jackal, The (1997)",Action|Thriller,M,35,16,44691
4335,2359,2,965238800,Waking Ned Devine (1998),Comedy,M,35,0,74011
3880,1221,4,965829519,"Godfather: Part II, The (1974)",Action|Crime|Drama,M,25,7,54942
3853,1801,3,965875544,"Man in the Iron Mask, The (1998)",Action|Drama|Romance,M,25,14,92614
3931,1409,3,965711288,Michael (1996),Comedy|Romance,M,25,5,92117
3945,1393,3,965690841,Jerry Maguire (1996),Drama|Romance,F,45,1,96778
4078,1587,2,965604818,Conan the Barbarian (1982),Action|Adventure,M,25,15,28226
4257,1393,3,965306184,Jerry Maguire (1996),Drama|Romance,M,50,16,38122
4459,3253,4,965497619,Wayne's World (1992),Comedy,M,25,1,28027
4497,3847,2,972443618,"Ilsa, She Wolf of the SS (1974)",Horror,M,50,0,29678
4511,1587,4,964978861,Conan the Barbarian (1982),Action|Adventure,M,35,7,62234
3945,1345,3,965687964,Carrie (1976),Horror,F,45,1,96778
4386,1079,5,965230020,"Fish Called Wanda, A (1988)",Comedy,M,25,5,74055
4446,1552,3,965091546,Con Air (1997),Action|Adventure|Thriller,M,18,18,60435
3821,492,3,975777615,Manhattan Murder Mystery (1993),Comedy|Mystery,M,25,20,44313
3841,338,3,966003232,Virtuosity (1995),Sci-Fi|Thriller,M,45,18,26101
3977,1179,4,965644872,"Grifters, The (1990)",Crime|Drama|Film-Noir,M,35,14,22180
4449,3775,4,965087137,Make Mine Music (1946),Animation|Children's|Musical,M,25,12,27513
3948,933,3,965682508,To Catch a Thief (1955),Comedy|Romance|Thriller,F,45,12,61554
4054,2016,2,965513714,"Apple Dumpling Gang Rides Again, The (1979)",Children's|Comedy|Western,M,35,3,68122
4071,1257,4,965611534,Better Off Dead... (1985),Comedy,M,25,17,33823
3796,595,3,966017481,Beauty and the Beast (1991),Animation|Children's|Musical,M,45,14,02021
4055,345,3,965491974,"Adventures of Priscilla, Queen of the Desert, The (1994)",Comedy|Drama,M,50,0,98826
4344,490,4,965936007,Malice (1993),Thriller,M,25,1,44240
3819,1920,4,965948934,Small Soldiers (1998),Animation|Children's|Fantasy|War,M,25,12,36115
4107,3255,4,965689368,"League of Their Own, A (1992)",Comedy|Drama,F,25,0,23221
4126,3255,3,1005057116,"League of Their Own, A (1992)",Comedy|Drama,M,25,17,53188
4508,2314,4,964985614,Beloved (1998),Drama,M,25,20,15701
4523,3307,4,964818924,City Lights (1931),Comedy|Drama|Romance,M,18,2,55304
4021,1284,5,965521031,"Big Sleep, The (1946)",Film-Noir|Mystery,M,50,20,95236
4390,809,3,965162755,Fled (1996),Action|Adventure,M,25,0,11201
4447,1284,3,965088469,"Big Sleep, The (1946)",Film-Noir|Mystery,M,45,5,32953
3834,3081,5,965926901,Sleepy Hollow (1999),Horror|Romance,M,18,2,02322
3847,3081,4,965880732,Sleepy Hollow (1999),Horror|Romance,M,25,7,12801
4064,3684,3,965478326,"Fabulous Baker Boys, The (1989)",Drama|Romance,M,45,0,20851
3963,1282,4,1018672824,Fantasia (1940),Animation|Children's|Musical,M,50,20,30030
3951,2421,3,965679892,"Karate Kid, Part II, The (1986)",Action|Adventure|Drama,F,18,4,60014
3963,265,4,971297675,Like Water for Chocolate (Como agua para chocolate) (1992),Drama|Romance,M,50,20,30030
4380,662,3,965176086,Fear (1996),Thriller,F,25,1,37153
4409,2806,3,965152743,Teaching Mrs. Tingle (1999),Comedy|Thriller,M,25,14,65023
4490,457,4,965010101,"Fugitive, The (1993)",Action|Thriller,M,35,5,70123
3864,608,5,965854535,Fargo (1996),Crime|Drama|Thriller,M,50,20,29630
4150,151,4,965343001,Rob Roy (1995),Drama|Romance|War,M,25,0,29672
4379,141,2,965176156,"Birdcage, The (1996)",Comedy,M,25,4,27278
4452,608,5,965087087,Fargo (1996),Crime|Drama|Thriller,F,25,7,78666
4490,151,3,965010446,Rob Roy (1995),Drama|Romance|War,M,35,5,70123
3894,751,1,965790452,Careful (1992),Comedy,M,35,16,02139
4411,1909,3,970364419,"X-Files: Fight the Future, The (1998)",Mystery|Sci-Fi|Thriller,M,18,4,92122
4016,2710,1,965533778,"Blair Witch Project, The (1999)",Horror,M,50,0,33901
4112,3614,4,965368518,Honeymoon in Vegas (1992),Comedy|Romance,M,45,18,47129
4234,2043,3,965310780,Darby O'Gill and the Little People (1959),Adventure|Children's|Fantasy,F,45,3,48130
4411,272,5,969332760,"Madness of King George, The (1994)",Drama,M,18,4,92122
3821,2283,2,975780267,"Sheltering Sky, The (1990)",Drama,M,25,20,44313
3823,1726,3,965944262,"Postman, The (1997)",Drama,M,56,7,93711
4086,2093,1,965516966,Return to Oz (1985),Adventure|Children's|Fantasy|Sci-Fi,F,1,10,55391
4387,1617,4,965170149,L.A. Confidential (1997),Crime|Film-Noir|Mystery|Thriller,F,18,4,63109
3834,2253,5,966406275,Toys (1992),Action|Comedy|Fantasy,M,18,2,02322
4086,2506,5,965433991,"Other Sister, The (1999)",Comedy|Drama|Romance,F,1,10,55391
4095,3879,4,968875584,"Art of War, The (2000)",Action,M,25,0,10013
4404,1623,1,965159109,Wishmaster (1997),Horror,M,25,1,57106
4141,1120,4,965351453,"People vs. Larry Flynt, The (1996)",Drama,M,35,17,95014
4194,1281,3,965323665,"Great Dictator, The (1940)",Comedy,M,18,4,60637
4335,1408,4,965241379,"Last of the Mohicans, The (1992)",Action|Romance|War,M,35,0,74011
3808,2373,1,965964538,Red Sonja (1985),Action|Adventure,M,25,7,60010
3842,1162,5,969006354,"Ruling Class, The (1972)",Comedy,F,35,16,92054
3923,1196,4,965711429,Star Wars: Episode V - The Empire Strikes Back (1980),Action|Adventure|Drama|Sci-Fi|War,M,35,2,92115
3971,708,4,967070272,"Truth About Cats & Dogs, The (1996)",Comedy|Romance,F,18,4,80228
4213,1953,5,965843769,"French Connection, The (1971)",Action|Crime|Drama|Thriller,M,35,7,63125
4271,1196,4,965302251,Star Wars: Episode V - The Empire Strikes Back (1980),Action|Adventure|Drama|Sci-Fi|War,M,35,7,83405
4489,1196,5,965010304,Star Wars: Episode V - The Empire Strikes Back (1980),Action|Adventure|Drama|Sci-Fi|War,M,18,4,78613
4505,1196,4,964992464,Star Wars: Episode V - The Empire Strikes Back (1980),Action|Adventure|Drama|Sci-Fi|War,M,50,7,39648
3886,2527,5,965808974,Westworld (1973),Action|Sci-Fi|Thriller|Western,M,35,7,95008
4169,2146,3,971581320,St. Elmo's Fire (1985),Drama|Romance,M,50,0,66048
4310,2908,3,965258670,Boys Don't Cry (1999),Drama,M,25,4,57006
4328,2908,5,1014824166,Boys Don't Cry (1999),Drama,M,50,3,75650
4404,612,2,965158676,"Pallbearer, The (1996)",Comedy,M,25,1,57106
4489,611,2,980883377,Hellraiser: Bloodline (1996),Action|Horror|Sci-Fi,M,18,4,78613
3807,3203,5,970438661,Dead Calm (1989),Thriller,F,35,19,32095
4193,913,5,965328197,"Maltese Falcon, The (1941)",Film-Noir|Mystery,M,56,13,93907
4310,2707,4,966027024,Arlington Road (1999),Thriller,M,25,4,57006
4447,3203,4,965173669,Dead Calm (1989),Thriller,M,45,5,32953
3789,3145,3,966022079,"Cradle Will Rock, The (1999)",Drama,F,25,0,94110
3807,188,3,965966348,"Prophecy, The (1995)",Horror,F,35,19,32095
4035,1370,5,965509376,Die Hard 2 (1990),Action|Thriller,M,18,4,45251
4096,3362,3,965423474,Dog Day Afternoon (1975),Comedy|Crime|Drama,M,25,15,60004
3807,2121,1,965966532,Cujo (1983),Horror|Thriller,F,35,19,32095
3988,1794,2,965708090,Love and Death on Long Island (1997),Comedy|Drama,F,25,14,60647
4318,3109,4,965379961,"River, The (1984)",Drama,M,25,5,02891
4121,1129,3,965357392,Escape from New York (1981),Action|Adventure|Sci-Fi|Thriller,M,45,7,08876
4162,1821,4,965336847,"Object of My Affection, The (1998)",Comedy|Romance,F,25,14,23221
4248,110,5,965308700,Braveheart (1995),Action|Drama|War,M,25,4,26508
3830,3238,4,965933760,Eye of the Beholder (1999),Thriller,M,18,4,60630
3993,2001,4,965589171,Lethal Weapon 2 (1989),Action|Comedy|Crime|Drama,M,25,0,22015
4213,2917,5,965843637,Body Heat (1981),Crime|Thriller,M,35,7,63125
4277,260,5,965293814,Star Wars: Episode IV - A New Hope (1977),Action|Adventure|Fantasy|Sci-Fi,M,35,16,98133
4302,2001,4,965585500,Lethal Weapon 2 (1989),Action|Comedy|Crime|Drama,M,50,1,45385
4345,3358,4,966267496,Defending Your Life (1991),Comedy|Romance,F,25,14,44304
4471,260,4,965063311,Star Wars: Episode IV - A New Hope (1977),Action|Adventure|Fantasy|Sci-Fi,M,25,6,94108
4477,260,5,969030560,Star Wars: Episode IV - A New Hope (1977),Action|Adventure|Fantasy|Sci-Fi,M,25,7,98908
3999,2379,3,965577297,Police Academy 2: Their First Assignment (1985),Comedy,M,35,17,30701
4055,2353,3,965490874,Enemy of the State (1998),Action|Thriller,M,50,0,98826
4111,2028,5,965364897,Saving Private Ryan (1998),Action|Drama|War,M,25,15,32603
4354,2379,1,965192844,Police Academy 2: Their First Assignment (1985),Comedy,M,35,14,78611
4361,2028,5,965187993,Saving Private Ryan (1998),Action|Drama|War,M,35,15,83616
3778,147,4,966046744,"Basketball Diaries, The (1995)",Drama,M,25,0,61832
3992,1797,4,1025360415,Everest (1998),Documentary,M,25,4,32653
4060,1080,5,965491615,Monty Python's Life of Brian (1979),Comedy,M,25,18,55412
4312,1972,3,1001624179,"Nightmare on Elm Street 5: The Dream Child, A (1989)",Horror,M,25,18,78757
4088,1680,4,965431474,Sliding Doors (1998),Drama|Romance,M,25,3,77057
4302,1672,4,965267966,"Rainmaker, The (1997)",Drama,M,50,1,45385
4433,198,3,965099530,Strange Days (1995),Action|Crime|Sci-Fi,M,25,0,43081
4298,3623,3,965269621,Mission: Impossible 2 (2000),Action|Thriller,F,18,14,85705
4310,424,3,965259886,Blue Chips (1994),Drama,M,25,4,57006
4318,349,4,965338310,Clear and Present Danger (1994),Action|Adventure|Thriller,M,25,5,02891
4528,3623,4,981321269,Mission: Impossible 2 (2000),Action|Thriller,M,25,14,27605
3900,1018,4,965876881,That Darn Cat! (1965),Children's|Comedy|Mystery,F,25,14,55343
3945,971,5,965687984,Cat on a Hot Tin Roof (1958),Drama,F,45,1,96778
4007,3360,4,965549374,Hoosiers (1986),Drama,M,35,12,88005
4042,379,3,965506150,Timecop (1994),Action|Sci-Fi,M,35,15,94002
4079,1958,4,990618482,Terms of Endearment (1983),Comedy|Drama,M,35,17,26505
4092,1958,4,965420613,Terms of Endearment (1983),Comedy|Drama,F,25,0,19063
4271,1958,2,965308358,Terms of Endearment (1983),Comedy|Drama,M,35,7,83405
4318,3100,4,965379333,"River Runs Through It, A (1992)",Drama,M,25,5,02891
4344,832,1,965936072,Ransom (1996),Drama|Thriller,M,25,1,44240
4387,971,2,987135126,Cat on a Hot Tin Roof (1958),Drama,F,18,4,63109
3894,2065,4,965791682,"Purple Rose of Cairo, The (1985)",Comedy|Drama|Romance,M,35,16,02139
4447,2065,3,965175224,"Purple Rose of Cairo, The (1985)",Comedy|Drama|Romance,M,45,5,32953
4483,1086,3,965015351,Dial M for Murder (1954),Mystery|Thriller,F,25,6,72703
3808,499,3,965967425,Mr. Wonderful (1993),Comedy|Romance,M,25,7,60010
3887,2611,5,965805365,"Winslow Boy, The (1998)",Drama,M,18,4,80513
4117,3946,4,1022810288,Get Carter (2000),Action|Drama|Thriller,M,18,4,43551
4268,135,1,965307010,Down Periscope (1996),Comedy,F,45,20,04046
4354,3142,3,965198815,U2: Rattle and Hum (1988),Documentary|Musical,M,35,14,78611
4404,2762,5,965156629,"Sixth Sense, The (1999)",Thriller,M,25,1,57106
4407,2762,5,965155034,"Sixth Sense, The (1999)",Thriller,M,18,4,02143
4411,3355,4,970361627,"Ninth Gate, The (2000)",Thriller,M,18,4,92122
4451,522,4,965089241,Romper Stomper (1992),Action|Drama,M,25,14,30101
3825,3448,3,965941346,"Good Morning, Vietnam (1987)",Comedy|Drama|War,M,18,1,06279
3900,3160,4,965873972,Magnolia (1999),Drama,F,25,14,55343
4167,2124,3,965425798,"Addams Family, The (1991)",Comedy,M,25,20,22032
4381,3113,2,969679255,End of Days (1999),Action|Thriller,M,25,4,65804
4343,2266,2,965228495,"Butcher's Wife, The (1991)",Comedy|Romance,M,25,12,75007
4511,2944,5,964980205,"Dirty Dozen, The (1967)",Action|War,M,35,7,62234
3908,2302,4,965932465,My Cousin Vinny (1992),Comedy,M,25,0,10021
3974,2302,5,965654215,My Cousin Vinny (1992),Comedy,M,35,0,30741
3992,3107,4,965591946,Backdraft (1991),Action|Drama,M,25,4,32653
4430,2302,2,965104890,My Cousin Vinny (1992),Comedy,F,25,0,94403
3993,2548,1,965699325,"Rage: Carrie 2, The (1999)",Horror,M,25,0,22015
4305,2548,2,965263971,"Rage: Carrie 2, The (1999)",Horror,F,45,17,27616
4311,2115,3,965258188,Indiana Jones and the Temple of Doom (1984),Action|Adventure,M,50,13,68502
3895,357,4,965784759,Four Weddings and a Funeral (1994),Comedy|Romance,F,35,0,20723
3940,529,3,965693871,Searching for Bobby Fischer (1993),Drama,M,35,20,32708
4085,529,4,965434577,Searching for Bobby Fischer (1993),Drama,F,25,6,79416
4344,1612,1,966520699,"Kiss Me, Guido (1997)",Comedy,M,25,1,44240
4430,294,3,965106095,"Perez Family, The (1995)",Comedy|Romance,F,25,0,94403
4012,3617,1,965542575,Road Trip (2000),Comedy,M,18,4,49503-1313
4194,1449,5,965326994,Waiting for Guffman (1996),Comedy,M,18,4,60637
4480,3174,1,965022968,Man on the Moon (1999),Comedy|Drama,M,25,0,94403
4018,2406,4,965527384,Romancing the Stone (1984),Action|Adventure|Comedy|Romance,F,45,20,75214
4089,3225,2,965428363,Down to You (2000),Comedy|Romance,M,25,7,79416
3894,3578,4,965788801,Gladiator (2000),Action|Drama,M,35,16,02139
3963,2243,5,1014434691,Broadcast News (1987),Comedy|Drama|Romance,M,50,20,30030
4007,3578,4,965546469,Gladiator (2000),Action|Drama,M,35,12,88005
4087,3005,4,965431010,"Bone Collector, The (1999)",Thriller,M,1,4,63376
4302,2011,4,965585970,Back to the Future Part II (1989),Comedy|Sci-Fi,M,50,1,45385
4303,3578,4,965267769,Gladiator (2000),Action|Drama,M,25,2,91910
4521,3578,5,964835199,Gladiator (2000),Action|Drama,M,35,12,15202
3890,3033,5,965799076,Spaceballs (1987),Comedy|Sci-Fi,M,18,4,33143
4080,1090,5,965442080,Platoon (1986),Drama|War,M,35,1,48912
4318,1371,4,965338796,Star Trek: The Motion Picture (1979),Action|Adventure|Sci-Fi,M,25,5,02891
4381,3176,4,965264667,"Talented Mr. Ripley, The (1999)",Drama|Mystery|Thriller,M,25,4,65804
4169,2995,2,981324348,"House on Haunted Hill, The (1999)",Horror,M,50,0,66048
4390,2504,2,965165221,200 Cigarettes (1999),Comedy|Drama,M,25,0,11201
4411,2949,4,970365307,Dr. No (1962),Action,M,18,4,92122
3857,2248,3,970150798,Say Anything... (1989),Comedy|Drama|Romance,M,18,14,08822
4046,2997,3,965498638,Being John Malkovich (1999),Comedy,M,45,17,53545
3919,3156,4,965736842,Bicentennial Man (1999),Comedy|Drama|Sci-Fi,M,45,0,73702
3992,3809,3,965617359,What About Bob? (1991),Comedy,M,25,4,32653
4079,1674,4,990622525,Witness (1985),Drama|Romance|Thriller,M,35,17,26505
4213,1584,3,965927299,Contact (1997),Drama|Sci-Fi,M,35,7,63125
4354,1674,4,965196940,Witness (1985),Drama|Romance|Thriller,M,35,14,78611
4447,996,3,965167982,Last Man Standing (1996),Action|Drama|Western,M,45,5,32953
4305,716,3,966734583,Switchblade Sisters (1975),Crime,F,45,17,27616
4411,1948,5,971740266,Tom Jones (1963),Comedy,M,18,4,92122
4522,1429,2,964997973,Jackie Chan's First Strike (1996),Action,M,45,1,81004
3977,2289,4,965645319,"Player, The (1992)",Comedy|Drama,M,35,14,22180
4004,1676,1,965561346,Starship Troopers (1997),Action|Adventure|Sci-Fi|War,M,50,0,21050
4193,1676,3,965326693,Starship Troopers (1997),Action|Adventure|Sci-Fi|War,M,56,13,93907
4335,1676,4,965239668,Starship Troopers (1997),Action|Adventure|Sci-Fi|War,M,35,0,74011
3813,1278,5,965955177,Young Frankenstein (1974),Comedy|Horror,M,35,7,80910
3823,153,3,965942065,Batman Forever (1995),Action|Adventure|Comedy|Crime,M,56,7,93711
4064,1278,4,965477110,Young Frankenstein (1974),Comedy|Horror,M,45,0,20851
4167,2528,3,965334150,Logan's Run (1976),Action|Adventure|Sci-Fi,M,25,20,22032
3853,2002,4,965875544,Lethal Weapon 3 (1992),Action|Comedy|Crime|Drama,M,25,14,92614
4318,3705,4,965338968,Bird on a Wire (1990),Action|Adventure|Romance|Thriller,M,25,5,02891
4058,1246,4,996713023,Dead Poets Society (1989),Drama,M,25,6,73118
4169,2066,5,967165015,Out of the Past (1947),Film-Noir,M,50,0,66048
4227,2377,2,965324701,Lifeforce (1985),Horror|Sci-Fi,M,25,19,11414-2520
4386,1204,5,968949714,Lawrence of Arabia (1962),Adventure|War,M,25,5,74055
3880,180,4,965830048,Mallrats (1995),Comedy,M,25,7,54942
3967,1416,3,967553200,Evita (1996),Drama|Musical,F,18,2,13603
4121,2140,3,965357361,"Dark Crystal, The (1982)",Children's|Fantasy|Sci-Fi,M,45,7,08876
4404,991,4,965157742,Michael Collins (1996),Drama|War,M,25,1,57106
3896,788,4,965783210,"Nutty Professor, The (1996)",Comedy|Fantasy|Romance|Sci-Fi,M,35,0,60914
3818,2713,4,965948812,Lake Placid (1999),Horror|Thriller,M,45,17,32837
4359,2690,3,965188474,"Ideal Husband, An (1999)",Comedy,M,18,4,33168
4414,2599,1,965703056,Election (1999),Comedy,M,25,4,40504
4448,2021,5,966362532,Dune (1984),Fantasy|Sci-Fi,M,25,14,06880
4498,2690,4,964998405,"Ideal Husband, An (1999)",Comedy,M,50,7,76054
4508,1387,5,964980414,Jaws (1975),Action|Horror,M,25,20,15701
4510,2690,2,964991602,"Ideal Husband, An (1999)",Comedy,M,45,7,92503
3988,3712,3,965708524,Soapdish (1991),Comedy,F,25,14,60647
4055,393,1,965491524,Street Fighter (1994),Action,M,50,0,98826
4169,2558,2,976589129,Forces of Nature (1999),Comedy|Romance,M,50,0,66048
4366,2746,4,965183919,Little Shop of Horrors (1986),Comedy|Horror|Musical,M,18,15,02215
4447,2746,3,965175543,Little Shop of Horrors (1986),Comedy|Horror|Musical,M,45,5,32953
4130,2457,4,965353123,Running Scared (1986),Action|Comedy,M,35,6,48439
4250,1476,1,965311404,Private Parts (1997),Comedy|Drama,F,50,0,33313
4512,2376,4,964978956,"View to a Kill, A (1985)",Action,M,25,1,16508
4591,1645,3,964328805,"Devil's Advocate, The (1997)",Crime|Horror|Mystery|Thriller,M,25,15,02143
4802,3175,4,962940910,Galaxy Quest (1999),Adventure|Comedy|Sci-Fi,M,56,1,40601
5044,1238,5,962503923,Local Hero (1983),Comedy,F,35,6,23507
4604,1127,1,989760900,"Abyss, The (1989)",Action|Adventure|Sci-Fi|Thriller,M,25,15,10461
5171,1127,5,961888608,"Abyss, The (1989)",Action|Adventure|Sci-Fi|Thriller,M,56,17,92009
4611,1270,3,964151937,Back to the Future (1985),Comedy|Sci-Fi,F,18,4,78705
4631,1270,3,964039445,Back to the Future (1985),Comedy|Sci-Fi,M,18,4,94111
4907,2572,4,962681374,10 Things I Hate About You (1999),Comedy|Romance,F,50,7,55082
4572,1265,3,964461648,Groundhog Day (1993),Comedy|Romance,F,1,10,17036
4708,580,4,963515213,Princess Caraboo (1994),Drama,M,25,0,60647
4754,1265,4,963184634,Groundhog Day (1993),Comedy|Romance,F,18,0,91107
5172,1265,4,1020019801,Groundhog Day (1993),Comedy|Romance,F,35,11,05602
4841,3566,4,962851956,"Big Kahuna, The (2000)",Comedy|Drama,M,25,12,94114
4979,2656,2,962602459,Tarantula (1955),Horror|Sci-Fi,M,35,2,55423
4874,296,5,962781999,Pulp Fiction (1994),Crime|Drama,F,25,4,70808
5114,3062,1,962687253,"Longest Day, The (1962)",Action|Drama|War,F,1,10,22932
5275,296,5,961109080,Pulp Fiction (1994),Crime|Drama,M,25,17,60611
4796,321,4,962986065,Strawberry and Chocolate (Fresa y chocolate) (1993),Drama,M,35,7,98103
4831,2971,5,962903134,All That Jazz (1979),Musical,F,25,1,04210
5283,362,3,961165112,"Jungle Book, The (1994)",Adventure|Children's|Romance,M,18,2,63138
4747,1653,4,963242980,Gattaca (1997),Drama|Sci-Fi|Thriller,M,18,4,26201
4771,1199,5,963150525,Brazil (1985),Sci-Fi,F,25,4,04101
4894,593,5,962734052,"Silence of the Lambs, The (1991)",Drama|Thriller,M,35,7,14607
4897,3441,3,962714972,Red Dawn (1984),Action|War,M,35,16,16844
4921,1653,4,962782205,Gattaca (1997),Drama|Sci-Fi|Thriller,F,25,15,92507
5242,1199,4,962155411,Brazil (1985),Sci-Fi,M,25,1,14608
5278,1653,4,963263510,Gattaca (1997),Drama|Sci-Fi|Thriller,F,25,7,55122
4750,2739,5,963533981,"Color Purple, The (1985)",Drama,F,25,0,91107
5138,2739,2,962062085,"Color Purple, The (1985)",Drama,M,25,17,35205
4738,1198,5,963274897,Raiders of the Lost Ark (1981),Action|Adventure,M,56,1,23608
5026,34,3,962578495,Babe (1995),Children's|Comedy|Drama,M,25,17,92584
4662,2907,1,963867097,Superstar (1999),Comedy,F,18,4,84109
4666,3198,2,964809745,Papillon (1973),Drama,M,35,1,53704
4654,1259,4,963935247,Stand by Me (1986),Adventure|Comedy|Drama,M,35,20,94574
4788,1259,4,962998640,Stand by Me (1986),Adventure|Comedy|Drama,M,35,7,85331
4902,1201,4,965149552,"Good, The Bad and The Ugly, The (1966)",Action|Western,M,35,14,84057
5042,1175,4,962506811,Delicatessen (1991),Comedy|Sci-Fi,F,18,2,55408
5011,2355,4,962584948,"Bug's Life, A (1998)",Animation|Children's|Comedy,M,18,4,64154
4591,1030,3,964325680,Pete's Dragon (1977),Adventure|Animation|Children's|Musical,M,25,15,02143
4715,784,4,963508595,"Cable Guy, The (1996)",Comedy,M,25,2,97205
4876,300,3,962766025,Quiz Show (1994),Drama,F,35,17,98201
4897,1030,3,962717655,Pete's Dragon (1977),Adventure|Animation|Children's|Musical,M,35,16,16844
5282,1489,2,961165084,Cats Don't Dance (1997),Animation|Children's|Musical,F,18,4,63146
4662,587,3,963866416,Ghost (1990),Comedy|Romance|Thriller,F,18,4,84109
5182,587,5,961790367,Ghost (1990),Comedy|Romance|Thriller,F,35,7,55441
5281,2240,4,961100270,My Bodyguard (1980),Drama,M,25,2,90210
4705,3725,3,964292869,American Pop (1981),Animation|Musical,F,18,0,75115
4997,1889,4,962591241,Insomnia (1997),Thriller,M,1,10,90210
5100,3252,4,962717914,Scent of a Woman (1992),Drama,M,50,6,193122042
4834,2857,2,979065605,Yellow Submarine (1968),Animation|Musical,F,45,9,03862
5090,1235,5,962389544,Harold and Maude (1971),Comedy,F,35,19,75069
5182,577,4,961787976,Andre (1994),Adventure|Children's,F,35,7,55441
4686,1294,5,963627046,M*A*S*H (1970),Comedy|War,M,18,1,50201
4753,1269,3,971726824,Arsenic and Old Lace (1944),Comedy|Mystery|Thriller,M,56,1,03825
4593,3528,2,964238378,"Prince of Tides, The (1991)",Drama|Romance,F,45,1,43202
4736,2076,5,963300053,Blue Velvet (1986),Drama|Mystery,M,18,20,91505
5032,2804,5,962561343,"Christmas Story, A (1983)",Comedy|Drama,M,18,17,02139
5034,1210,4,962560546,Star Wars: Episode VI - Return of the Jedi (1983),Action|Adventure|Romance|Sci-Fi|War,F,25,15,62901
5070,2069,4,962469797,"Trip to Bountiful, The (1985)",Drama,M,25,2,55344
4790,1093,3,963105924,"Doors, The (1991)",Drama|Musical,F,25,2,94133
5021,350,3,962582753,"Client, The (1994)",Drama|Mystery|Thriller,M,50,6,90504
5039,350,3,962512980,"Client, The (1994)",Drama|Mystery|Thriller,F,35,4,97068
5181,2723,2,1037809893,Mystery Men (1999),Action|Adventure|Comedy,M,25,7,19003
4579,2701,1,1015868789,Wild Wild West (1999),Action|Sci-Fi|Western,F,18,4,63332
4708,223,5,963517936,Clerks (1994),Comedy,M,25,0,60647
4808,223,3,962934273,Clerks (1994),Comedy,M,35,0,96707-1321
5020,3171,3,962581924,Room at the Top (1959),Drama,F,56,13,90241
5071,2692,5,962458114,Run Lola Run (Lola rennt) (1998),Action|Crime|Romance,F,25,7,75093
5220,388,5,961541196,Boys Life (1995),Drama,M,25,7,91436
4543,2502,4,966916343,Office Space (1999),Comedy|Romance,M,25,2,11105
5253,926,4,961292483,All About Eve (1950),Drama,F,56,13,02838
4658,2668,3,963879163,Swamp Thing (1982),Horror|Sci-Fi,M,25,4,99163
4708,1290,4,963516895,Some Kind of Wonderful (1987),Drama|Romance,M,25,0,60647
4728,1290,4,973325652,Some Kind of Wonderful (1987),Drama|Romance,M,25,19,31401
4812,707,1,962932341,Mulholland Falls (1996),Crime|Film-Noir|Thriller,M,18,14,25301
5102,3450,4,982890888,Grumpy Old Men (1993),Comedy,M,25,12,90240
4600,3108,2,967480986,"Fisher King, The (1991)",Comedy|Drama|Romance,M,25,0,46240
4869,3108,3,962816818,"Fisher King, The (1991)",Comedy|Drama|Romance,F,45,6,04578
5111,3108,2,962330747,"Fisher King, The (1991)",Comedy|Drama|Romance,M,35,2,78006
5268,3108,2,961172061,"Fisher King, The (1991)",Comedy|Drama|Romance,F,25,2,68502
5270,2288,4,961174797,"Thing, The (1982)",Action|Horror|Sci-Fi|Thriller,M,25,12,87571
4591,1961,5,967405687,Rain Man (1988),Drama,M,25,15,02143
4601,1961,4,964211831,Rain Man (1988),Drama,M,35,14,55415
4678,1961,3,963706676,Rain Man (1988),Drama,M,35,2,90292
4782,2407,3,963007558,Cocoon (1985),Comedy|Sci-Fi,M,45,1,78212
4802,1961,5,962943257,Rain Man (1988),Drama,M,56,1,40601
4854,2407,4,962834094,Cocoon (1985),Comedy|Sci-Fi,F,50,13,03851
4592,1291,5,964299208,Indiana Jones and the Last Crusade (1989),Action|Adventure,M,18,4,66044
5047,2013,2,962496889,"Poseidon Adventure, The (1972)",Action|Adventure,M,45,6,23452
5131,1291,3,962132459,Indiana Jones and the Last Crusade (1989),Action|Adventure,F,25,1,77707
4911,2724,3,962678000,Runaway Bride (1999),Comedy|Romance,F,25,0,55421
4948,599,2,962649668,"Wild Bunch, The (1969)",Western,M,45,2,94618
4577,2404,2,964404499,Rambo III (1988),Action|War,M,35,7,48306
4742,1729,4,963330231,Jackie Brown (1997),Crime|Drama,M,25,3,94118
4909,3222,4,962678871,Carmen (1984),Drama,F,35,12,94014
5207,1197,5,961626135,"Princess Bride, The (1987)",Action|Adventure|Comedy|Romance,M,25,0,98102
4544,1207,3,964661605,To Kill a Mockingbird (1962),Drama,M,56,1,53705
4979,2064,3,984545596,Roger & Me (1989),Comedy|Documentary,M,35,2,55423
5011,2612,4,1019878813,Mildred Pierce (1945),Drama,M,18,4,64154
5217,47,4,963799961,Seven (Se7en) (1995),Crime|Thriller,M,25,17,01060
4977,1206,5,962601531,"Clockwork Orange, A (1971)",Sci-Fi,M,25,4,92507
4727,3155,3,963352843,Anna and the King (1999),Drama|Romance,F,56,0,98801
4984,1694,3,962595035,"Apostle, The (1997)",Drama,M,35,0,55405
4704,955,4,963533593,Bringing Up Baby (1938),Comedy,M,18,20,02601
4711,473,3,963491635,In the Army Now (1994),Comedy|War,M,25,17,32250
4750,3261,5,964842806,Singles (1992),Comedy|Drama|Romance,F,25,0,91107
4945,3421,4,962641893,Animal House (1978),Comedy,M,50,0,62234
5128,1247,5,962434699,"Graduate, The (1967)",Drama|Romance,M,50,7,94709
4607,3125,5,964306908,"End of the Affair, The (1999)",Drama,M,25,0,27403
4708,1,4,963517435,Toy Story (1995),Animation|Children's|Comedy,M,25,0,60647
5021,1391,3,962584362,Mars Attacks! (1996),Action|Comedy|Sci-Fi|War,M,50,6,90504
5026,1391,1,962581043,Mars Attacks! (1996),Action|Comedy|Sci-Fi|War,M,25,17,92584
5115,3125,4,962307079,"End of the Affair, The (1999)",Drama,M,56,12,02143
5243,1,1,961390737,Toy Story (1995),Animation|Children's|Comedy,M,1,10,54220
4827,3030,4,962908578,Yojimbo (1961),Comedy|Drama|Western,M,35,0,13045
5046,2138,4,962507226,Watership Down (1978),Animation|Children's|Drama|Fantasy,M,25,16,60614
5134,3147,4,962088891,"Green Mile, The (1999)",Drama|Thriller,M,25,17,95014
4557,2155,4,964539998,"Slums of Beverly Hills, The (1998)",Comedy,M,25,14,02134
5033,2967,4,962559461,"Bad Seed, The (1956)",Drama|Thriller,F,56,13,60506
4808,1722,3,963031675,Tomorrow Never Dies (1997),Action|Romance|Thriller,M,35,0,96707-1321
4610,442,2,984859749,Demolition Man (1993),Action|Sci-Fi,F,25,4,53951
4708,3032,3,964990819,"Omega Man, The (1971)",Sci-Fi,M,25,0,60647
4556,1682,4,1010610906,"Truman Show, The (1998)",Drama,M,45,16,55011
5054,440,3,962586168,Dave (1993),Comedy|Romance,M,35,2,20818
4682,1089,4,965655951,Reservoir Dogs (1992),Crime|Thriller,M,25,7,05346
4884,1089,4,962744311,Reservoir Dogs (1992),Crime|Thriller,M,35,14,90266
4694,1952,3,963603338,Midnight Cowboy (1969),Drama,M,56,7,40505
4734,168,2,963323693,First Knight (1995),Action|Adventure|Drama|Romance,M,50,1,93105
4738,2470,2,963276639,Crocodile Dundee (1986),Adventure|Comedy,M,56,1,23608
4867,2470,2,962892194,Crocodile Dundee (1986),Adventure|Comedy,M,25,16,04101
5142,2470,4,962042366,Crocodile Dundee (1986),Adventure|Comedy,M,25,1,92101
5193,2699,3,961699421,Arachnophobia (1990),Action|Comedy|Sci-Fi|Thriller,M,35,12,14619
5092,1380,4,962567903,Grease (1978),Comedy|Musical|Romance,M,56,14,18954
4754,1130,4,963185845,"Howling, The (1980)",Horror,F,18,0,91107
4774,1783,4,963113231,Palmetto (1998),Film-Noir|Mystery|Thriller,M,45,14,07458
4808,328,3,962952273,Tales From the Crypt Presents: Demon Knight (1995),Horror,M,35,0,96707-1321
5077,328,4,962568077,Tales From the Crypt Presents: Demon Knight (1995),Horror,M,25,2,20037
5103,3557,5,962411324,Jennifer 8 (1992),Thriller,F,35,16,78222
5151,328,1,961986281,Tales From the Crypt Presents: Demon Knight (1995),Horror,M,18,19,30662
4653,164,4,975533989,Devil in a Blue Dress (1995),Crime|Film-Noir|Mystery|Thriller,M,35,12,95051
4964,3708,3,962731772,Firestarter (1984),Horror|Thriller,M,35,0,94110
5020,1275,4,962582643,Highlander (1986),Action|Adventure,F,56,13,90241
5123,3115,4,962203630,Flawless (1999),Drama,M,50,12,34761
5264,1275,3,961180486,Highlander (1986),Action|Adventure,M,18,4,15217
4808,500,3,963031215,Mrs. Doubtfire (1993),Comedy,M,35,0,96707-1321
5090,3764,5,962389743,F/X 2 (1992),Action|Crime|Thriller,F,35,19,75069
4552,2808,2,964559963,Universal Soldier (1992),Action|Sci-Fi,M,25,0,22306
4821,2736,3,962946214,Brighton Beach Memoirs (1986),Comedy,M,18,19,75080
4937,377,4,962647040,Speed (1994),Action|Romance|Thriller,M,35,0,02108
5077,1394,4,962417774,Raising Arizona (1987),Comedy,M,25,2,20037
4591,2653,2,964328754,Son of Dracula (1943),Horror,M,25,15,02143
4655,920,5,963902361,Gone with the Wind (1939),Drama|Romance|War,F,25,1,92037
4745,3489,3,963245312,Hook (1991),Adventure|Fantasy,F,18,4,06268
4893,3489,4,962733164,Hook (1991),Adventure|Fantasy,M,25,17,48092
4946,920,5,962640924,Gone with the Wind (1939),Drama|Romance|War,F,35,1,91106
5002,3489,1,962597888,Hook (1991),Adventure|Fantasy,M,25,17,90505
5169,3699,2,961892532,Starman (1984),Adventure|Drama|Romance|Sci-Fi,F,50,4,53562
5249,3699,4,961600185,Starman (1984),Adventure|Drama|Romance|Sci-Fi,F,45,14,75006
4919,1968,4,962675538,"Breakfast Club, The (1985)",Comedy|Drama,M,18,0,84058
5153,647,4,961971278,Courage Under Fire (1996),Drama|War,M,25,7,60046
4578,292,4,964389485,Outbreak (1995),Action|Drama|Thriller,M,25,0,02134
4712,919,4,963456940,"Wizard of Oz, The (1939)",Adventure|Children's|Drama|Musical,M,35,17,03824
4932,306,2,962650531,Three Colors: Red (1994),Drama,M,25,7,63303
5100,923,5,962738620,Citizen Kane (1941),Drama,M,50,6,193122042
4725,2640,3,963368981,Superman (1978),Action|Adventure|Sci-Fi,M,35,5,96707-1321
5011,1665,4,962635996,Bean (1997),Comedy,M,18,4,64154
5196,1665,2,961698141,Bean (1997),Comedy,M,56,7,20814
5198,1191,3,961686566,Madonna: Truth or Dare (1991),Documentary,F,18,4,55118
4732,1518,4,963636039,Breakdown (1997),Action|Thriller,M,25,14,24450
4835,3702,3,962895572,Mad Max (1979),Action|Sci-Fi,M,25,20,14450
4726,1835,1,963988880,City of Angels (1998),Romance,F,35,16,95828
4611,3249,2,964153753,"Hand That Rocks the Cradle, The (1992)",Thriller,F,18,4,78705
4578,3677,5,974474657,Baraka (1992),Documentary,M,25,0,02134
4682,1010,3,965656941,"Love Bug, The (1969)",Children's|Comedy,M,25,7,05346
4726,1357,3,963988547,Shine (1996),Drama|Romance,F,35,16,95828
4754,3552,5,963184988,Caddyshack (1980),Comedy,F,18,0,91107
4957,2268,4,962759784,"Few Good Men, A (1992)",Crime|Drama,M,25,2,48197
4910,2105,5,962679146,Tron (1982),Action|Adventure|Fantasy|Sci-Fi,M,18,12,84041
4824,3039,4,962918475,Trading Places (1983),Comedy,M,25,7,55411
4980,553,3,963975560,Tombstone (1993),Western,M,25,1,55403
4994,3676,5,962592346,Eraserhead (1977),Drama|Horror,M,45,17,56001
5268,836,1,961170696,Chain Reaction (1996),Action|Adventure|Thriller,F,25,2,68502
4673,780,4,963770340,Independence Day (ID4) (1996),Action|Sci-Fi|War,M,35,16,94705
4711,780,2,963491343,Independence Day (ID4) (1996),Action|Sci-Fi|War,M,25,17,32250
4916,1569,2,962676242,My Best Friend's Wedding (1997),Comedy|Romance,M,18,20,85054
4632,2987,4,964039507,Who Framed Roger Rabbit? (1988),Adventure|Animation|Film-Noir,M,25,0,98040
4815,3181,5,972240802,Titus (1999),Drama,F,50,18,04849
4975,1299,4,962607595,"Killing Fields, The (1984)",Drama|War,M,35,0,90065
5026,1222,4,962582855,Full Metal Jacket (1987),Action|Drama|War,M,25,17,92584
5065,1222,3,962477803,Full Metal Jacket (1987),Action|Drama|War,M,25,14,28715
5169,1220,5,961892693,"Blues Brothers, The (1980)",Action|Comedy|Musical,F,50,4,53562
5197,1375,3,961691066,Star Trek III: The Search for Spock (1984),Action|Adventure|Sci-Fi,F,56,3,75001
4764,2150,5,964391266,"Gods Must Be Crazy, The (1980)",Comedy,M,1,10,03608
4771,2150,3,963151030,"Gods Must Be Crazy, The (1980)",Comedy,F,25,4,04101
4780,904,5,963015949,Rear Window (1954),Mystery|Thriller,M,25,12,94114
4837,1321,5,962891398,"American Werewolf in London, An (1981)",Horror,M,25,5,46254
5090,1189,4,963862706,"Thin Blue Line, The (1988)",Documentary,F,35,19,75069
5098,904,5,962373857,Rear Window (1954),Mystery|Thriller,M,50,7,19380
5185,1688,3,963068808,Anastasia (1997),Animation|Children's|Musical,F,35,4,44485
5249,3256,2,961600498,Patriot Games (1992),Action|Thriller,F,45,14,75006
5281,2410,3,961100423,Rocky III (1982),Action|Drama,M,25,2,90210
4579,3638,3,970626681,Moonraker (1979),Action|Romance|Sci-Fi,F,18,4,63332
5253,3686,2,961290740,Flatliners (1990),Thriller,F,56,13,02838
5034,3527,3,962560947,Predator (1987),Action|Sci-Fi|Thriller,F,25,15,62901
5178,3040,2,961997065,Meatballs (1979),Comedy,M,50,0,45420
4980,1947,4,963972174,West Side Story (1961),Musical|Romance,M,25,1,55403
4728,849,3,982382924,Escape from L.A. (1996),Action|Adventure|Sci-Fi|Thriller,M,25,19,31401
4732,2278,5,963635854,Ronin (1998),Action|Crime|Thriller,M,25,14,24450
4774,2278,5,963113494,Ronin (1998),Action|Crime|Thriller,M,45,14,07458
5074,2841,3,981036961,Stir of Echoes (1999),Thriller,M,1,0,20132
4674,1240,5,963749716,"Terminator, The (1984)",Action|Sci-Fi|Thriller,F,35,7,08318
4985,165,4,962594513,Die Hard: With a Vengeance (1995),Action|Thriller,M,35,0,29063
5005,2764,3,962592870,"Thomas Crown Affair, The (1968)",Crime|Drama|Thriller,M,45,16,92807
5108,2019,4,962340835,Seven Samurai (The Magnificent Seven) (Shichinin no samurai) (1954),Action|Drama,F,25,9,93940
5118,165,2,962294872,Die Hard: With a Vengeance (1995),Action|Thriller,M,1,10,95123
4890,1286,2,962738415,Somewhere in Time (1980),Drama|Romance,F,25,1,79928
5018,3330,4,962584693,Splendor in the Grass (1961),Drama,F,56,12,90290
4855,1073,2,962847153,Willy Wonka and the Chocolate Factory (1971),Adventure|Children's|Comedy|Fantasy,M,25,12,90034
5046,1527,2,962500796,"Fifth Element, The (1997)",Action|Sci-Fi,M,25,16,60614
4605,2336,5,964203990,Elizabeth (1998),Drama,M,25,15,92656
4927,1396,3,962660741,Sneakers (1992),Crime|Drama|Sci-Fi,M,45,0,97520
5251,1396,3,961900263,Sneakers (1992),Crime|Drama|Sci-Fi,F,25,17,97330
4816,523,5,965868307,Ruby in Paradise (1993),Drama,F,45,6,04240
4889,316,4,962910438,Stargate (1994),Action|Adventure|Sci-Fi,M,18,4,63108
4855,3471,3,962845431,Close Encounters of the Third Kind (1977),Drama|Sci-Fi,M,25,12,90034
4979,3471,3,962601839,Close Encounters of the Third Kind (1977),Drama|Sci-Fi,M,35,2,55423
5111,903,5,962424589,Vertigo (1958),Mystery|Thriller,M,35,2,78006
5220,3398,3,961542751,"Muppets Take Manhattan, The (1984)",Children's|Comedy,M,25,7,91436
4543,1271,3,966030485,Fried Green Tomatoes (1991),Drama,M,25,2,11105
4616,318,4,964138836,"Shawshank Redemption, The (1994)",Drama,M,25,20,11717
5039,1248,3,962513246,Touch of Evil (1958),Crime|Film-Noir|Thriller,F,35,4,97068
5282,2060,1,961168049,BASEketball (1998),Comedy,F,18,4,63146
4552,202,4,964560066,Total Eclipse (1995),Drama|Romance,M,25,0,22306
4685,2968,4,963643579,Time Bandits (1981),Adventure|Fantasy|Sci-Fi,M,35,1,55454
5011,3671,4,962588272,Blazing Saddles (1974),Comedy|Western,M,18,4,64154
4655,1597,4,963901888,Conspiracy Theory (1997),Action|Mystery|Romance|Thriller,F,25,1,92037
4858,3952,4,975452977,"Contender, The (2000)",Drama|Thriller,M,25,1,04086
5001,17,5,1019971858,Sense and Sensibility (1995),Drama|Romance,F,25,2,63119
5026,552,4,962581263,"Three Musketeers, The (1993)",Action|Adventure|Comedy,M,25,17,92584
4626,2688,4,964116876,"General's Daughter, The (1999)",Drama|Thriller,M,25,14,97219
4867,1293,5,962818358,Gandhi (1982),Drama,M,25,16,04101
4879,1293,4,962769140,Gandhi (1982),Drama,M,25,3,60626
4897,2078,5,962718826,"Jungle Book, The (1967)",Animation|Children's|Comedy|Musical,M,35,16,16844
4950,3615,3,962639011,Dinosaur (2000),Animation|Children's,M,25,16,55421
5097,2598,4,962374818,Pushing Tin (1999),Comedy,M,56,16,19131
5096,3392,1,962391017,She-Devil (1989),Comedy,M,25,11,75206
5269,3392,1,961167868,She-Devil (1989),Comedy,M,18,0,37211
5039,695,1,962512603,True Crime (1995),Mystery|Thriller,F,35,4,97068
5139,3408,5,962059108,Erin Brockovich (2000),Drama,M,50,16,12866
4634,2490,4,964713914,Payback (1999),Action|Thriller,M,50,20,98119
4950,2490,3,962948100,Payback (1999),Action|Thriller,M,25,16,55421
5001,381,4,1019974267,When a Man Loves a Woman (1994),Drama,F,25,2,63119
4537,2080,4,964714170,Lady and the Tramp (1955),Animation|Children's|Comedy|Musical|Romance,F,45,1,01379
4607,3499,4,964196643,Misery (1990),Horror,M,25,0,27403
4568,2716,3,964477629,Ghostbusters (1984),Comedy|Horror,F,25,4,90034
4631,3681,5,964042258,For a Few Dollars More (1965),Western,M,18,4,94111
4866,2716,5,962817970,Ghostbusters (1984),Comedy|Horror,M,56,12,04085
4887,2716,5,962848968,Ghostbusters (1984),Comedy|Horror,M,18,2,19072
4950,2947,4,1038170947,Goldfinger (1964),Action,M,25,16,55421
4671,2273,5,963795849,Rush Hour (1998),Action|Thriller,M,25,12,94043
5098,900,3,962373917,"American in Paris, An (1951)",Musical|Romance,M,50,7,19380
5173,1377,3,962213784,Batman Returns (1992),Action|Adventure|Comedy|Crime,M,1,10,60423
4708,1272,5,963515868,Patton (1970),Drama|War,M,25,0,60647
4977,2369,2,962637541,Desperately Seeking Susan (1985),Comedy|Romance,M,25,4,92507
5077,2174,4,963203622,Beetlejuice (1988),Comedy|Fantasy,M,25,2,20037
5249,1833,3,961600851,Mercury Rising (1998),Action|Drama|Thriller,F,45,14,75006
5269,2174,3,961168346,Beetlejuice (1988),Comedy|Fantasy,M,18,0,37211
4967,307,5,962610822,Three Colors: Blue (1993),Drama,M,18,4,94708
5074,1096,4,986218131,Sophie's Choice (1982),Drama,M,1,0,20132
4666,2991,3,964809745,Live and Let Die (1973),Action,M,35,1,53704
4685,2970,3,963645988,Fitzcarraldo (1982),Adventure|Drama,M,35,1,55454
4879,2991,5,962764528,Live and Let Die (1973),Action,M,25,3,60626
4984,2929,4,962595573,Reds (1981),Drama,M,35,0,55405
5011,494,4,962590663,Executive Decision (1996),Action|Thriller,M,18,4,64154
5102,3018,5,962348499,Re-Animator (1985),Horror,M,25,12,90240
5220,2111,3,961552978,"Man with Two Brains, The (1983)",Comedy,M,25,7,91436
5282,1205,4,961095954,"Transformers: The Movie, The (1986)",Action|Animation|Children's|Sci-Fi|Thriller|War,F,18,4,63146
4946,1669,2,962641544,"Tango Lesson, The (1997)",Romance,F,35,1,91106
4808,450,3,962958707,With Honors (1994),Comedy|Drama,M,35,0,96707-1321
5163,450,4,961904360,With Honors (1994),Comedy|Drama,M,45,6,53216
4828,555,3,962905906,True Romance (1993),Action|Crime|Romance,F,18,20,60194
5201,1256,4,961646410,Duck Soup (1933),Comedy|War,M,50,7,95376
4634,922,5,964714595,Sunset Blvd. (a.k.a. Sunset Boulevard) (1950),Film-Noir,M,50,20,98119
4662,39,2,963866388,Clueless (1995),Comedy|Romance,F,18,4,84109
4694,1254,5,963603010,"Treasure of the Sierra Madre, The (1948)",Adventure,M,56,7,40505
4922,1060,5,962670185,Swingers (1996),Comedy|Drama,M,18,17,98121
4578,3263,4,967048225,White Men Can't Jump (1992),Comedy,M,25,0,02134
4771,1111,4,969916524,Microcosmos (Microcosmos: Le peuple de l'herbe) (1996),Documentary,F,25,4,04101
5120,736,1,962257260,Twister (1996),Action|Adventure|Romance|Thriller,M,50,7,80302
4750,514,4,963190632,"Ref, The (1994)",Comedy,F,25,0,91107
5002,2034,4,962593402,"Black Hole, The (1979)",Sci-Fi,M,25,17,90505
5026,2034,3,962585098,"Black Hole, The (1979)",Sci-Fi,M,25,17,92584
4802,2677,5,962942000,Buena Vista Social Club (1999),Documentary,M,56,1,40601
4924,2677,5,962667479,Buena Vista Social Club (1999),Documentary,F,35,0,99801
5263,648,3,961190829,Mission: Impossible (1996),Action|Adventure|Mystery,M,35,7,40601
4531,720,5,965155368,Wallace & Gromit: The Best of Aardman Animation (1996),Animation,M,18,4,85701
4575,84,5,964446371,Last Summer in the Hamptons (1995),Comedy|Drama,F,1,10,03608
4867,3864,4,1021222823,Godzilla 2000 (Gojira ni-sen mireniamu) (1999),Action|Adventure|Sci-Fi,M,25,16,04101
4578,1594,3,974474056,In the Company of Men (1997),Drama,M,25,0,02134
4978,1374,4,962599239,Star Trek: The Wrath of Khan (1982),Action|Adventure|Sci-Fi,M,35,14,68108
4728,273,3,1032136338,Mary Shelley's Frankenstein (1994),Drama|Horror,M,25,19,31401
4826,3516,2,963004524,"Bell, Book and Candle (1958)",Comedy|Romance,M,45,12,55436
4802,3090,5,962977198,Matewan (1987),Drama,M,56,1,40601
5107,994,5,962337837,Big Night (1996),Drama,F,45,0,08081
4543,3763,4,964670720,F/X (1986),Action|Crime|Thriller,M,25,2,11105
4635,1388,4,964143466,Jaws 2 (1978),Action|Horror,M,18,4,94703
4788,3608,3,962999047,Pee-wee's Big Adventure (1985),Comedy,M,35,7,85331
5000,1619,4,962596934,Seven Years in Tibet (1997),Drama|War,M,25,4,46254
5124,3038,3,962198483,"Face in the Crowd, A (1957)",Drama,M,35,2,20818
4579,928,4,970625091,Rebecca (1940),Romance|Thriller,F,18,4,63332
4731,1234,5,963337592,"Sting, The (1973)",Comedy|Crime,M,25,17,98033
4889,2951,5,962925560,"Fistful of Dollars, A (1964)",Action|Western,M,18,4,63108
5082,3469,5,962407822,Inherit the Wind (1960),Drama,M,35,1,23185
5246,69,5,961375666,Friday (1995),Comedy,F,18,0,64030
4542,1230,4,964673240,Annie Hall (1977),Comedy|Romance,M,35,0,94610
4589,1230,5,999463688,Annie Hall (1977),Comedy|Romance,M,25,17,02139
4762,1230,3,963093353,Annie Hall (1977),Comedy|Romance,F,25,14,94110
4950,1876,3,962948025,Deep Impact (1998),Action|Drama|Sci-Fi|Thriller,M,25,16,55421
4601,1356,5,964206682,Star Trek: First Contact (1996),Action|Adventure|Sci-Fi,M,35,14,55415
4828,869,3,962905362,Kansas City (1996),Crime,F,18,20,60194
4627,3526,2,964109925,Parenthood (1989),Comedy|Drama,M,56,1,45224
4647,509,4,963965822,"Piano, The (1993)",Drama|Romance,M,35,20,80222
4834,1625,4,1003765437,"Game, The (1997)",Mystery|Thriller,F,45,9,03862
5041,1625,4,962506843,"Game, The (1997)",Mystery|Thriller,F,45,6,60031
5054,3386,3,965151602,JFK (1991),Drama|Mystery,M,35,2,20818
4578,1459,3,964449541,Absolute Power (1997),Mystery|Thriller,M,25,0,02134
4591,2167,3,964327393,Blade (1998),Action|Adventure|Horror,M,25,15,02143
5091,589,5,962388745,Terminator 2: Judgment Day (1991),Action|Sci-Fi|Thriller,M,25,17,19810
5199,589,2,961652971,Terminator 2: Judgment Day (1991),Action|Sci-Fi|Thriller,F,25,1,35243
4882,1214,5,962754809,Alien (1979),Action|Horror|Sci-Fi|Thriller,M,45,11,03301
4918,50,5,965014080,"Usual Suspects, The (1995)",Crime|Thriller,F,18,12,84107
5026,1214,4,962584690,Alien (1979),Action|Horror|Sci-Fi|Thriller,M,25,17,92584
4654,527,5,963934914,Schindler's List (1993),Drama|War,M,35,20,94574
4700,2012,3,963590592,Back to the Future Part III (1990),Comedy|Sci-Fi|Western,F,18,4,48109
4898,527,5,963314453,Schindler's List (1993),Drama|War,M,25,1,27713
4957,527,5,962638446,Schindler's List (1993),Drama|War,M,25,2,48197
5065,527,5,962477712,Schindler's List (1993),Drama|War,M,25,14,28715
5070,1639,4,963771238,Chasing Amy (1997),Drama|Romance,M,25,2,55344
5255,527,5,966572610,Schindler's List (1993),Drama|War,M,1,10,55305
4790,1704,3,963104475,Good Will Hunting (1997),Drama,F,25,2,94133
5185,3014,3,963402686,Bustin' Loose (1981),Comedy,F,35,4,44485
4866,952,4,962818320,Around the World in 80 Days (1956),Adventure|Comedy,M,56,12,04085
4933,3182,5,962652668,Mr. Death: The Rise and Fall of Fred A. Leuchter Jr. (1999),Documentary,M,25,15,94040
5021,2986,3,962584613,Robocop 2 (1990),Action|Crime|Sci-Fi,M,50,6,90504
4860,2889,4,962827454,"Mystery, Alaska (1999)",Comedy,M,25,2,60640
5049,3462,5,962493502,Modern Times (1936),Comedy,M,25,12,60613
5158,1405,3,962834034,Beavis and Butt-head Do America (1996),Animation|Comedy,F,18,4,44509
5273,946,4,961110343,To Be or Not to Be (1942),Comedy|Drama|War,M,56,20,91030
4953,364,4,962640854,"Lion King, The (1994)",Animation|Children's|Musical,M,35,12,55082
4958,2311,1,962635113,2010 (1984),Mystery|Sci-Fi,M,18,7,55403
4821,3480,4,962946122,Lucas (1986),Drama,M,18,19,75080
4994,3760,5,962600566,"Kentucky Fried Movie, The (1977)",Comedy,M,45,17,56001
5222,945,4,961533060,Top Hat (1935),Comedy|Musical|Romance,M,25,12,94501
4793,356,2,963435527,Forrest Gump (1994),Comedy|Romance|War,F,25,6,48108
4855,356,3,962848208,Forrest Gump (1994),Comedy|Romance|War,M,25,12,90034
5015,3590,2,962584353,"Lords of Flatbush, The (1974)",Comedy,M,35,6,92672
4808,1923,3,963029351,There's Something About Mary (1998),Comedy,M,35,0,96707-1321
4589,2858,5,999463688,American Beauty (1999),Comedy|Drama,M,25,17,02139
4693,2858,5,963602528,American Beauty (1999),Comedy|Drama,M,18,1,60626
4728,2321,3,963354041,Pleasantville (1998),Comedy,M,25,19,31401
4795,2858,5,969656703,American Beauty (1999),Comedy|Drama,M,45,16,10962
5029,2858,5,962565504,American Beauty (1999),Comedy|Drama,M,25,4,70115
5099,2858,2,962367300,American Beauty (1999),Comedy|Drama,M,18,0,02780
4605,24,2,964205311,Powder (1995),Drama|Sci-Fi,M,25,15,92656
4658,1479,1,963967707,"Saint, The (1997)",Action|Romance|Thriller,M,25,4,99163
4819,2846,5,962928048,"Adventures of Milo and Otis, The (1986)",Children's,M,35,18,17350
5107,3096,4,962336729,My Man Godfrey (1957),Comedy,F,45,0,08081
5225,1897,3,961519302,High Art (1998),Drama|Romance,M,18,4,55120
4705,62,4,963671157,Mr. Holland's Opus (1995),Drama,F,18,0,75115
4736,1912,3,963298532,Out of Sight (1998),Action|Crime|Romance,M,18,20,91505
4883,3751,2,962753631,Chicken Run (2000),Animation|Children's|Comedy,F,1,10,02906
4965,480,5,962611927,Jurassic Park (1993),Action|Adventure|Sci-Fi,M,1,10,63123-1507
4973,3591,3,962607278,Mr. Mom (1983),Comedy|Drama,F,56,2,949702
5219,480,3,961541717,Jurassic Park (1993),Action|Adventure|Sci-Fi,M,18,4,94706
5220,3591,3,961542835,Mr. Mom (1983),Comedy|Drama,M,25,7,91436
4673,2009,3,963767903,Soylent Green (1973),Sci-Fi|Thriller,M,35,16,94705
4947,2359,3,962643097,Waking Ned Devine (1998),Comedy,M,35,17,90035
5046,1784,4,962500962,As Good As It Gets (1997),Comedy|Drama,M,25,16,60614
5087,2145,3,962896812,Pretty in Pink (1986),Comedy|Drama|Romance,F,25,6,19102
5268,2133,2,961171207,Adventures in Babysitting (1987),Adventure|Comedy,F,25,2,68502
5187,2948,5,961724301,From Russia with Love (1963),Action,M,18,16,06510
4647,2749,3,963980182,"Morning After, The (1986)",Drama|Mystery,M,35,20,80222
4830,558,3,962906097,"Pagemaster, The (1994)",Action|Adventure|Animation|Children's|Fantasy,M,1,10,55317
5005,1221,4,962592693,"Godfather: Part II, The (1974)",Action|Crime|Drama,M,45,16,92807
5180,2749,3,961804391,"Morning After, The (1986)",Drama|Mystery,M,35,11,85044
5249,2291,2,961602513,Edward Scissorhands (1990),Drama|Romance,F,45,14,75006
4600,1393,4,967478095,Jerry Maguire (1996),Drama|Romance,M,25,0,46240
4663,21,4,963863730,Get Shorty (1995),Action|Comedy|Drama,M,25,4,92037
4728,1393,4,973325484,Jerry Maguire (1996),Drama|Romance,M,25,19,31401
4796,3253,4,962986318,Wayne's World (1992),Comedy,M,35,7,98103
4836,214,5,964275521,Before the Rain (Pred dozhdot) (1994),Drama,F,45,16,04074
4927,1393,4,962662355,Jerry Maguire (1996),Drama|Romance,M,45,0,97520
5142,653,3,962147487,Dragonheart (1996),Action|Adventure|Fantasy,M,25,1,92101
5241,1409,3,961438191,Michael (1996),Comedy|Romance,F,25,4,02138
5026,1911,1,962571096,Doctor Dolittle (1998),Comedy,M,25,17,92584
5162,1079,4,961906196,"Fish Called Wanda, A (1988)",Comedy,M,25,17,94043
4728,866,3,973325222,Bound (1996),Crime|Drama|Romance|Thriller,M,25,19,31401
5097,2300,5,962375368,"Producers, The (1968)",Comedy|Musical,M,56,16,19131
4647,1185,4,963968186,My Left Foot (1989),Drama,M,35,20,80222
4806,256,4,962937542,Junior (1994),Comedy|Sci-Fi,M,25,17,90031
5074,3507,3,962433090,"Odd Couple, The (1968)",Comedy,M,1,0,20132
5100,1185,5,962362606,My Left Foot (1989),Drama,M,50,6,193122042
5256,1185,4,961296168,My Left Foot (1989),Drama,M,25,16,30269
5106,595,5,962334821,Beauty and the Beast (1991),Animation|Children's|Musical,F,35,1,19348
5236,595,2,961445860,Beauty and the Beast (1991),Animation|Children's|Musical,M,25,14,46268
5256,1188,4,961272014,Strictly Ballroom (1992),Comedy|Romance,M,25,16,30269
4808,3255,3,962957874,"League of Their Own, A (1992)",Comedy|Drama,M,35,0,96707-1321
5183,3255,4,961770035,"League of Their Own, A (1992)",Comedy|Drama,F,18,20,45202
4682,1562,2,965531366,Batman & Robin (1997),Action|Adventure|Crime,M,25,7,05346
4928,2352,5,962663695,"Big Chill, The (1983)",Comedy|Drama,F,25,3,92103
5076,3521,3,962421573,Mystery Train (1989),Comedy|Crime|Drama,M,25,3,19147
5070,371,2,963382562,"Paper, The (1994)",Comedy|Drama,M,25,2,55344
5002,786,2,962594093,Eraser (1996),Action|Thriller,M,25,17,90505
4615,457,3,964141998,"Fugitive, The (1993)",Action|Thriller,M,25,17,61615
4626,457,5,964112571,"Fugitive, The (1993)",Action|Thriller,M,25,14,97219
4906,3082,2,962736120,"World Is Not Enough, The (1999)",Action|Thriller,M,50,17,49506
4543,141,3,965111173,"Birdcage, The (1996)",Comedy,M,25,2,11105
4763,608,5,969536881,Fargo (1996),Crime|Drama|Thriller,M,56,11,04259
4837,141,3,962895182,"Birdcage, The (1996)",Comedy,M,25,5,46254
5201,899,2,961646242,Singin' in the Rain (1952),Musical|Romance,M,50,7,95376
4579,953,5,969752039,It's a Wonderful Life (1946),Drama,F,18,4,63332
4679,2670,3,963705107,"Run Silent, Run Deep (1958)",War,M,56,13,76051
4742,1909,4,963331703,"X-Files: Fight the Future, The (1998)",Mystery|Sci-Fi|Thriller,M,25,3,94118
4980,953,4,962597286,It's a Wonderful Life (1946),Drama,M,25,1,55403
5111,978,4,962332290,"Blue Angel, The (Blaue Engel, Der) (1930)",Drama,M,35,2,78006
5087,940,3,962397455,"Adventures of Robin Hood, The (1938)",Action|Adventure,F,25,6,19102
4531,1281,3,964740700,"Great Dictator, The (1940)",Comedy,M,18,4,85701
5220,1408,2,961546050,"Last of the Mohicans, The (1992)",Action|Romance|War,M,25,7,91436
4868,1196,4,966445071,Star Wars: Episode V - The Empire Strikes Back (1980),Action|Adventure|Drama|Sci-Fi|War,M,35,17,03820
5046,2367,2,962507099,King Kong (1976),Action|Adventure|Horror,M,25,16,60614
5124,1196,4,962201098,Star Wars: Episode V - The Empire Strikes Back (1980),Action|Adventure|Drama|Sci-Fi|War,M,35,2,20818
5232,1196,3,961457537,Star Wars: Episode V - The Empire Strikes Back (1980),Action|Adventure|Drama|Sci-Fi|War,M,25,4,14607
5277,1196,2,969584024,Star Wars: Episode V - The Empire Strikes Back (1980),Action|Adventure|Drama|Sci-Fi|War,M,25,20,91740
4607,3342,5,964197647,Birdy (1984),Drama|War,M,25,0,27403
4884,2146,3,962743519,St. Elmo's Fire (1985),Drama|Romance,M,35,14,90266
5281,2527,4,961164877,Westworld (1973),Action|Sci-Fi|Thriller|Western,M,25,2,90210
5205,3203,4,979350038,Dead Calm (1989),Thriller,M,25,1,02908
4601,1573,4,964206721,Face/Off (1997),Action|Sci-Fi|Thriller,M,35,14,55415
4961,2916,4,962633349,Total Recall (1990),Action|Adventure|Sci-Fi|Thriller,M,25,7,46220
5133,1370,2,962089589,Die Hard 2 (1990),Action|Thriller,M,18,11,10028
4663,3428,3,963869632,"Champ, The (1979)",Drama,M,25,4,92037
4635,1821,4,964034532,"Object of My Affection, The (1998)",Comedy|Romance,M,18,4,94703
4932,541,5,962652334,Blade Runner (1982),Film-Noir|Sci-Fi,M,25,7,63303
4933,541,2,962651635,Blade Runner (1982),Film-Noir|Sci-Fi,M,25,15,94040
4977,1129,5,962601671,Escape from New York (1981),Action|Adventure|Sci-Fi|Thriller,M,25,4,92507
5008,1129,3,967432738,Escape from New York (1981),Action|Adventure|Sci-Fi|Thriller,M,25,20,60615
5120,541,4,962257333,Blade Runner (1982),Film-Noir|Sci-Fi,M,50,7,80302
5205,1129,3,961640603,Escape from New York (1981),Action|Adventure|Sci-Fi|Thriller,M,25,1,02908
4946,260,5,962643129,Star Wars: Episode IV - A New Hope (1977),Action|Adventure|Fantasy|Sci-Fi,F,35,1,91106
5022,260,5,962581775,Star Wars: Episode IV - A New Hope (1977),Action|Adventure|Fantasy|Sci-Fi,M,35,7,91001
4568,1080,5,964479509,Monty Python's Life of Brian (1979),Comedy,F,25,4,90034
4734,910,5,963325945,Some Like It Hot (1959),Comedy|Crime,M,50,1,93105
4865,1224,5,962818566,Henry V (1989),Drama|War,F,35,14,02130
5002,1080,4,962589772,Monty Python's Life of Brian (1979),Comedy,M,25,17,90505
5223,14,4,961530083,Nixon (1995),Drama,M,56,10,11361
5245,2946,5,961380762,Help! (1965),Comedy|Musical,F,45,1,27615
4682,1285,4,965532191,Heathers (1989),Comedy,M,25,7,05346
4927,349,4,962661105,Clear and Present Danger (1994),Action|Adventure|Thriller,M,45,0,97520
5198,832,3,961686549,Ransom (1996),Drama|Thriller,F,18,4,55118
4579,2617,4,1008575634,"Mummy, The (1999)",Action|Adventure|Horror|Thriller,F,18,4,63332
4809,2611,5,994702750,"Winslow Boy, The (1998)",Drama,F,50,4,20902
4894,902,4,962732312,Breakfast at Tiffany's (1961),Drama|Romance,M,35,7,14607
4927,1095,3,962662340,Glengarry Glen Ross (1992),Drama,M,45,0,97520
5044,2762,5,962503705,"Sixth Sense, The (1999)",Thriller,F,35,6,23507
5100,3948,4,997652119,Meet the Parents (2000),Comedy,M,50,6,193122042
4543,2005,2,964670939,"Goonies, The (1985)",Adventure|Children's|Fantasy,M,25,2,11105
4784,2266,4,963254132,"Butcher's Wife, The (1991)",Comedy|Romance,F,35,6,48105
4904,3447,5,962685324,"Good Earth, The (1937)",Drama,M,50,15,63121
5019,778,4,986270884,Trainspotting (1996),Drama,M,25,7,10025
5090,3447,5,1011213540,"Good Earth, The (1937)",Drama,F,35,19,75069
5185,2944,4,963403828,"Dirty Dozen, The (1967)",Action|War,F,35,4,44485
4556,2115,3,964625805,Indiana Jones and the Temple of Doom (1984),Action|Adventure,M,45,16,55011
4783,1092,5,963005670,Basic Instinct (1992),Mystery|Thriller,M,25,0,60618
4923,1839,5,962667416,My Giant (1998),Comedy,M,45,18,99826
4950,999,2,962946839,2 Days in the Valley (1996),Crime,M,25,16,55421
4543,2000,3,964670471,Lethal Weapon (1987),Action|Comedy|Crime|Drama,M,25,2,11105
5091,2000,5,962553936,Lethal Weapon (1987),Action|Comedy|Crime|Drama,M,25,17,19810
5201,529,4,961647231,Searching for Bobby Fischer (1993),Drama,M,50,7,95376
5260,1187,4,961201316,Passion Fish (1992),Drama,M,35,7,78705
4562,2348,3,967431345,Sid and Nancy (1986),Drama,M,35,10,94133
4819,1390,4,962925914,My Fellow Americans (1996),Comedy,M,35,18,17350
4888,2348,4,962739867,Sid and Nancy (1986),Drama,F,56,0,08055
5142,3617,4,962041350,Road Trip (2000),Comedy,M,25,1,92101
4750,2137,5,968201983,Charlotte's Web (1973),Animation|Children's,F,25,0,91107
4768,1193,4,963085105,One Flew Over the Cuckoo's Nest (1975),Drama,M,25,4,22030
5097,1193,5,962373308,One Flew Over the Cuckoo's Nest (1975),Drama,M,56,16,19131
5153,1011,1,961969666,Herbie Rides Again (1974),Adventure|Children's|Comedy,M,25,7,60046
4684,2883,3,963667650,Mumford (1999),Comedy,F,25,0,04473
4819,2406,4,962927412,Romancing the Stone (1984),Action|Adventure|Comedy|Romance,M,35,18,17350
5082,3733,2,962408424,"Paper Chase, The (1973)",Drama,M,35,1,23185
5156,3733,5,961946454,"Paper Chase, The (1973)",Drama,M,18,14,10024
4613,1805,5,964145100,Wild Things (1998),Crime|Drama|Mystery|Thriller,M,25,12,41042
4734,3005,4,963325163,"Bone Collector, The (1999)",Thriller,M,50,1,93105
5234,2243,5,961449221,Broadcast News (1987),Comedy|Drama|Romance,F,25,0,60657
5282,2011,4,961166178,Back to the Future Part II (1989),Comedy|Sci-Fi,F,18,4,63146
4725,3248,2,963379357,Sister Act 2: Back in the Habit (1993),Comedy,M,35,5,96707-1321
4607,3176,5,964306908,"Talented Mr. Ripley, The (1999)",Drama|Mystery|Thriller,M,25,0,27403
4658,66,1,963879520,Lawnmower Man 2: Beyond Cyberspace (1996),Sci-Fi|Thriller,M,25,4,99163
5112,3176,3,962326657,"Talented Mr. Ripley, The (1999)",Drama|Mystery|Thriller,M,35,13,89128
4725,2995,2,963365160,"House on Haunted Hill, The (1999)",Horror,M,35,5,96707-1321
5065,802,4,962489238,Phenomenon (1996),Drama|Romance,M,25,14,28715
5113,1101,1,971968929,Top Gun (1986),Action|Romance,M,25,0,55408
4608,2997,5,964189945,Being John Malkovich (1999),Comedy,F,25,0,02144
4949,2997,5,962640212,Being John Malkovich (1999),Comedy,M,18,4,55104
4666,1054,4,963844643,Get on the Bus (1996),Drama,M,35,1,53704
4728,3555,2,1032132249,U-571 (2000),Action|Thriller,M,25,19,31401
4812,716,3,962932478,Switchblade Sisters (1975),Crime,M,18,14,25301
4647,2976,4,963966612,Bringing Out the Dead (1999),Drama|Horror,M,35,20,80222
4829,1676,4,964232819,Starship Troopers (1997),Action|Adventure|Sci-Fi|War,M,25,0,20008
4932,2340,2,962651782,Meet Joe Black (1998),Romance,M,25,7,63303
5011,2340,5,962588633,Meet Joe Black (1998),Romance,M,18,4,64154
5077,2976,2,962560121,Bringing Out the Dead (1999),Drama|Horror,M,25,2,20037
5136,1676,4,962092716,Starship Troopers (1997),Action|Adventure|Sci-Fi|War,M,25,12,91106
5140,1411,4,964875106,Hamlet (1996),Drama,M,25,6,35205
5244,1676,3,961383133,Starship Troopers (1997),Action|Adventure|Sci-Fi|War,M,18,4,01095
4708,2528,4,963595425,Logan's Run (1976),Action|Adventure|Sci-Fi,M,25,0,60647
4939,153,1,962643380,Batman Forever (1995),Action|Adventure|Comedy|Crime,M,25,7,63105
4571,745,5,964468032,"Close Shave, A (1995)",Animation|Comedy|Thriller,M,35,7,21013
4578,3308,2,964389092,"Flamingo Kid, The (1984)",Comedy|Drama,M,25,0,02134
4579,745,4,969750547,"Close Shave, A (1995)",Animation|Comedy|Thriller,F,18,4,63332
5035,2002,4,962557171,Lethal Weapon 3 (1992),Action|Comedy|Crime|Drama,F,25,17,19810
5275,1734,5,961109358,My Life in Pink (Ma vie en rose) (1997),Comedy|Drama,M,25,17,60611
5026,1762,2,962774970,Deep Rising (1998),Action|Horror|Sci-Fi,M,25,17,92584
5038,2859,4,962520346,Stop Making Sense (1984),Documentary,M,25,20,10010
5086,2859,5,962395999,Stop Making Sense (1984),Documentary,M,25,1,23462
5172,1292,4,995328169,Being There (1979),Comedy,F,35,11,05602
4578,1097,4,964388769,E.T. the Extra-Terrestrial (1982),Children's|Drama|Fantasy|Sci-Fi,M,25,0,02134
4939,2509,2,962648723,Eight Days a Week (1997),Comedy,M,25,7,63105
5197,3729,4,961691152,Shaft (1971),Action|Crime,F,56,3,75001
5200,1097,3,961648642,E.T. the Extra-Terrestrial (1982),Children's|Drama|Fantasy|Sci-Fi,F,35,15,43065
5271,932,4,961140985,"Affair to Remember, An (1957)",Romance,F,25,0,94110
4869,2973,3,962886721,Crimes and Misdemeanors (1989),Comedy,F,45,6,04578
5273,2973,3,961110188,Crimes and Misdemeanors (1989),Comedy,M,56,20,91030
4585,788,3,964321418,"Nutty Professor, The (1996)",Comedy|Fantasy|Romance|Sci-Fi,M,35,7,30324
4531,1387,3,964837269,Jaws (1975),Action|Horror,M,18,4,85701
5076,2599,3,962420680,Election (1999),Comedy,M,25,3,19147
4725,2746,3,963364335,Little Shop of Horrors (1986),Comedy|Horror|Musical,M,35,5,96707-1321
4989,2746,2,962592304,Little Shop of Horrors (1986),Comedy|Horror|Musical,M,25,0,55121
5220,3712,4,961546588,Soapdish (1991),Comedy,M,25,7,91436
5236,36,3,961445471,Dead Man Walking (1995),Drama,M,25,14,46268
4535,2457,4,964722307,Running Scared (1986),Action|Comedy,M,18,19,17517
4952,2965,1,962638322,"Omega Code, The (1999)",Action,F,25,14,48067
5148,2706,5,962014631,American Pie (1999),Comedy,M,25,20,98101
5395,471,3,960323988,"Hudsucker Proxy, The (1994)",Comedy|Romance,M,50,1,13224
5523,3175,5,959645186,Galaxy Quest (1999),Adventure|Comedy|Sci-Fi,M,35,0,60187
5717,1580,2,958509631,Men in Black (1997),Action|Adventure|Comedy|Sci-Fi,M,25,0,03766
5871,2366,5,957801138,King Kong (1933),Action|Adventure|Horror,F,25,4,01002
5298,1127,5,961005552,"Abyss, The (1989)",Action|Adventure|Sci-Fi|Thriller,M,35,17,55126
5394,1483,3,981231554,Crash (1996),Drama|Thriller,M,18,0,60618
5558,1460,1,959391725,That Darn Cat! (1997),Children's|Comedy|Mystery,M,1,10,02446
5627,1721,3,959045037,Titanic (1997),Drama|Romance,M,25,0,07040
5675,1127,3,958677224,"Abyss, The (1989)",Action|Adventure|Sci-Fi|Thriller,M,35,14,30030
5872,858,5,996420605,"Godfather, The (1972)",Action|Crime|Drama,M,25,17,61265
6010,1127,4,956858846,"Abyss, The (1989)",Action|Adventure|Sci-Fi|Thriller,M,35,0,79606
6011,1127,3,956783817,"Abyss, The (1989)",Action|Adventure|Sci-Fi|Thriller,M,35,15,80538
6021,858,4,956756375,"Godfather, The (1972)",Action|Crime|Drama,M,25,12,08876
6040,1127,3,956715988,"Abyss, The (1989)",Action|Adventure|Sci-Fi|Thriller,M,25,6,11106
5298,2393,5,961006149,Star Trek: Insurrection (1998),Action|Sci-Fi,M,35,17,55126
5458,1270,4,1026622877,Back to the Future (1985),Comedy|Sci-Fi,F,18,2,98102
5530,516,2,959994253,Renaissance Man (1994),Comedy|Drama|War,F,18,4,63141
5613,1270,3,959135212,Back to the Future (1985),Comedy|Sci-Fi,F,35,0,98622
5684,1303,3,958608227,"Man Who Would Be King, The (1975)",Adventure,M,18,16,94110
5740,2393,3,958406112,Star Trek: Insurrection (1998),Action|Sci-Fi,M,25,1,60613
5982,2393,2,956935415,Star Trek: Insurrection (1998),Action|Sci-Fi,M,35,1,56082
5788,1975,1,958523340,Friday the 13th Part 2 (1981),Horror,M,25,0,92646
5880,2249,4,957550412,My Blue Heaven (1990),Comedy,M,25,1,08904
5615,2247,3,959306888,Married to the Mob (1988),Comedy,M,35,7,07028
5643,2247,4,958892744,Married to the Mob (1988),Comedy,F,35,1,84108
5367,2542,4,960501707,"Lock, Stock & Two Smoking Barrels (1998)",Comedy|Crime|Thriller,M,18,4,55344
5488,296,4,959817566,Pulp Fiction (1994),Crime|Drama,M,25,15,91125
5448,918,5,959966157,Meet Me in St. Louis (1944),Musical,M,45,19,60626
5480,2396,4,959866658,Shakespeare in Love (1998),Comedy|Romance,F,25,14,07030
5682,78,1,1029457828,"Crossing Guard, The (1995)",Drama,M,18,0,23455-4959
5956,2396,2,957077393,Shakespeare in Love (1998),Comedy|Romance,F,18,4,02142
5530,3087,3,959993608,Scrooged (1988),Comedy,F,18,4,63141
5812,3087,4,992071553,Scrooged (1988),Comedy,F,25,7,92120
5350,2797,2,960663057,Big (1988),Comedy|Fantasy,M,18,5,55344
5351,597,5,960658048,Pretty Woman (1990),Comedy|Romance,F,45,1,85259
5432,1212,5,960055822,"Third Man, The (1949)",Mystery|Thriller,M,56,13,01742
5468,1199,5,959898426,Brazil (1985),Sci-Fi,M,25,12,94618
5491,2797,4,959816357,Big (1988),Comedy|Fantasy,M,18,7,10016
5501,2797,4,959797876,Big (1988),Comedy|Fantasy,M,25,2,33334
5667,2797,4,958757621,Big (1988),Comedy|Fantasy,M,35,7,10009
5978,593,4,964184779,"Silence of the Lambs, The (1991)",Drama|Thriller,M,35,1,49307
5987,597,3,956882064,Pretty Woman (1990),Comedy|Romance,M,25,16,10003
5431,34,4,960069574,Babe (1995),Children's|Comedy|Drama,M,56,1,19026
5492,34,1,997204496,Babe (1995),Children's|Comedy|Drama,M,18,4,55104
5812,1198,5,968567428,Raiders of the Lost Ark (1981),Action|Adventure,F,25,7,92120
5813,1198,5,957916964,Raiders of the Lost Ark (1981),Action|Adventure,M,25,7,94117
5830,34,5,957891809,Babe (1995),Children's|Comedy|Drama,F,18,4,78209
5367,1500,5,980391092,Grosse Pointe Blank (1997),Comedy|Crime,M,18,4,55344
5339,1259,4,960714225,Stand by Me (1986),Adventure|Comedy|Drama,M,18,17,60193
5458,1259,4,1004327154,Stand by Me (1986),Adventure|Comedy|Drama,F,18,2,98102
5812,2007,2,992074512,Polish Wedding (1998),Comedy,F,25,7,92120
5651,596,4,958847645,Pinocchio (1940),Animation|Children's,F,25,6,74105
5751,2355,4,958308251,"Bug's Life, A (1998)",Animation|Children's|Comedy,F,1,0,14167
5851,596,3,957758158,Pinocchio (1940),Animation|Children's,F,18,20,55410
5992,2355,4,956865287,"Bug's Life, A (1998)",Animation|Children's|Comedy,F,18,4,21046
5779,300,4,958160424,Quiz Show (1994),Drama,M,25,5,10011
5954,1772,1,957650925,Blues Brothers 2000 (1998),Action|Comedy|Musical,M,45,11,70802
5333,2240,2,960827911,My Bodyguard (1980),Drama,F,25,7,02332
5334,3624,3,960796821,Shanghai Noon (2000),Action,F,56,13,46140
5720,1276,3,958577411,Cool Hand Luke (1967),Comedy|Drama,M,25,0,60610
5857,3296,3,957741605,To Sir with Love (1967),Drama,F,45,2,43229
6010,2094,4,956859898,"Rocketeer, The (1991)",Action|Adventure|Sci-Fi,M,35,0,79606
5317,914,5,997839583,My Fair Lady (1964),Musical|Romance,F,25,0,02138
5345,1372,4,960671503,Star Trek VI: The Undiscovered Country (1991),Action|Adventure|Sci-Fi,F,25,17,80003
5355,2871,4,960595862,Deliverance (1972),Adventure|Thriller,M,56,0,78232
5520,2023,3,959737468,"Godfather: Part III, The (1990)",Action|Crime|Drama,M,45,1,18901
5614,2439,3,959204348,Affliction (1997),Drama,M,25,0,12833
5669,1235,4,958746003,Harold and Maude (1971),Comedy,M,56,1,90024
5788,2023,3,958107764,"Godfather: Part III, The (1990)",Action|Crime|Drama,M,25,0,92646
5594,1269,5,959226739,Arsenic and Old Lace (1944),Comedy|Mystery|Thriller,F,45,0,55419
5424,3481,4,976325222,High Fidelity (2000),Comedy,F,35,2,80012
5747,3017,1,958353428,Creepshow 2 (1987),Horror,M,25,0,03755
5766,3481,2,958176645,High Fidelity (2000),Comedy,M,56,14,96744
5916,606,2,957460073,Candyman: Farewell to the Flesh (1995),Horror,M,50,20,48230
5613,2804,3,959135073,"Christmas Story, A (1983)",Comedy|Drama,F,35,0,98622
5650,2371,3,958868256,Fletch (1985),Comedy,F,35,12,91104
5667,2076,5,958768885,Blue Velvet (1986),Drama|Mystery,M,35,7,10009
5848,1210,3,957783196,Star Wars: Episode VI - Return of the Jedi (1983),Action|Adventure|Romance|Sci-Fi|War,M,50,20,20009
6035,1689,5,956713330,"Man Who Knew Too Little, The (1997)",Comedy|Mystery,F,25,1,78734
5524,3258,4,959640810,Death Becomes Her (1992),Comedy,F,1,10,26505
5649,2062,1,958868866,"Governess, The (1998)",Drama|Romance,F,18,4,90025
5873,329,5,957563957,Star Trek: Generations (1994),Action|Adventure|Sci-Fi,M,18,12,10021
5881,1873,5,957552919,"Misérables, Les (1998)",Drama,M,35,17,30303
5555,350,3,959809845,"Client, The (1994)",Drama|Mystery|Thriller,M,1,10,37830
5571,3196,4,959304688,Stalag 17 (1953),Drama|War,F,25,9,07307
5583,2723,2,959280912,Mystery Men (1999),Action|Adventure|Comedy,M,56,15,37830
5981,973,4,956932075,Meet John Doe (1941),Drama,M,35,7,01776
5394,2692,5,961438212,Run Lola Run (Lola rennt) (1998),Action|Crime|Romance,M,18,0,60618
5501,2701,1,959796080,Wild Wild West (1999),Action|Sci-Fi|Western,M,25,2,33334
5936,1208,5,957214753,Apocalypse Now (1979),Drama|War,M,18,4,37130
5950,1077,3,957443880,Sleeper (1973),Comedy|Sci-Fi,M,25,4,19713
5965,2975,4,956975395,"Best Man, The (1999)",Drama,M,25,17,77449
6036,1077,4,956711642,Sleeper (1973),Comedy|Sci-Fi,F,25,15,32603
5443,1457,4,959983206,Fools Rush In (1997),Comedy|Romance,M,25,12,01915
5709,2288,4,961729605,"Thing, The (1982)",Action|Horror|Sci-Fi|Thriller,M,18,4,90024
5652,22,5,958846544,Copycat (1995),Crime|Drama|Thriller,M,18,0,47901
5873,1961,3,957563896,Rain Man (1988),Drama,M,18,12,10021
5890,1961,4,957469184,Rain Man (1988),Drama,M,35,20,77008
5974,22,3,956946990,Copycat (1995),Crime|Drama|Thriller,F,25,1,32303
5831,225,4,957889226,Disclosure (1994),Drama|Thriller,M,25,1,92120
5987,232,4,956881721,Eat Drink Man Woman (1994),Comedy|Drama,M,25,16,10003
5569,539,4,959310574,Sleepless in Seattle (1993),Comedy|Romance,F,18,1,07666
5363,2628,5,960506085,Star Wars: Episode I - The Phantom Menace (1999),Action|Adventure|Fantasy|Sci-Fi,M,56,13,30673
5616,3504,4,959133527,Network (1976),Comedy|Drama,M,45,1,08840
5694,1197,4,958595434,"Princess Bride, The (1987)",Action|Adventure|Comedy|Romance,F,25,12,90640
5833,111,4,957879257,Taxi Driver (1976),Drama|Thriller,F,35,0,78253
5888,2628,3,957478953,Star Wars: Episode I - The Phantom Menace (1999),Action|Adventure|Fantasy|Sci-Fi,M,25,20,64114
5550,2064,3,959472895,Roger & Me (1989),Comedy|Documentary,M,35,15,48187
6016,2398,3,956958261,Miracle on 34th Street (1947),Drama,M,45,1,37209
5679,3104,4,958617916,Midnight Run (1988),Action|Adventure|Comedy|Crime,M,35,2,33020
5797,1206,5,958059063,"Clockwork Orange, A (1971)",Sci-Fi,M,25,7,78757
5870,1206,5,957568515,"Clockwork Orange, A (1971)",Sci-Fi,M,25,14,98109
5556,2045,4,959445005,"Far Off Place, A (1993)",Adventure|Children's|Drama|Romance,M,45,6,92103
5567,305,3,959349971,Ready to Wear (Pret-A-Porter) (1994),Comedy,M,50,3,78704
5643,185,2,959649478,"Net, The (1995)",Sci-Fi|Thriller,F,35,1,84108
5434,2108,5,960043271,L.A. Story (1991),Comedy|Romance,F,25,7,60618
5443,1288,3,959980662,This Is Spinal Tap (1984),Comedy|Drama|Musical,M,25,12,01915
5809,2108,3,957989768,L.A. Story (1991),Comedy|Romance,M,25,7,37206
5880,1306,3,982800482,Until the End of the World (Bis ans Ende der Welt) (1991),Drama|Sci-Fi,M,25,1,08904
5333,912,4,968399548,Casablanca (1942),Drama|Romance|War,F,25,7,02332
5443,912,4,959979539,Casablanca (1942),Drama|Romance|War,M,25,12,01915
5504,1382,4,959736058,Marked for Death (1990),Action|Drama,M,45,7,85287-2702
5597,1266,1,959215575,Unforgiven (1992),Western,F,18,4,95008
5939,912,3,957212812,Casablanca (1942),Drama|Romance|War,F,45,15,77040
5840,1304,5,957829096,Butch Cassidy and the Sundance Kid (1969),Action|Comedy|Western,F,1,0,44260
5888,1247,5,957479080,"Graduate, The (1967)",Drama|Romance,M,25,20,64114
5362,2941,3,960514359,South Pacific (1958),Musical|Romance|War,M,35,13,63130
5305,1,4,960939471,Toy Story (1995),Animation|Children's|Comedy,F,18,4,95602
5535,1172,4,959581194,Cinema Paradiso (1988),Comedy|Drama|Romance,M,25,15,94538
5644,1,4,958881146,Toy Story (1995),Animation|Children's|Comedy,F,18,4,92833
5686,2780,1,958690864,"Raven, The (1963)",Comedy|Horror,M,56,16,60610
6006,1172,1,957031570,Cinema Paradiso (1988),Comedy|Drama|Romance,F,1,0,01036
5312,52,4,962235808,Mighty Aphrodite (1995),Comedy,M,25,1,10463
5404,52,3,960256029,Mighty Aphrodite (1995),Comedy,M,25,0,30068
5643,2763,4,959647909,"Thomas Crown Affair, The (1999)",Action|Thriller,F,35,1,84108
5319,674,5,960875175,Barbarella (1968),Adventure|Sci-Fi,M,18,17,94941
5530,1047,3,959622906,"Long Kiss Goodnight, The (1996)",Action|Thriller,F,18,4,63141
6001,2600,4,1004811365,eXistenZ (1999),Action|Sci-Fi|Thriller,F,25,7,94117
5473,2989,4,959886242,For Your Eyes Only (1981),Action,M,25,1,20120-6354
5795,3210,5,958147671,Fast Times at Ridgemont High (1982),Comedy,M,25,1,92688
5955,2989,3,957108794,For Your Eyes Only (1981),Action,F,25,7,34952
5350,1608,1,960660817,Air Force One (1997),Action|Thriller,M,18,5,55344
5663,1608,4,958769404,Air Force One (1997),Action|Thriller,F,35,20,75093
5496,348,3,959808872,Bullets Over Broadway (1994),Comedy,M,25,7,90069
5496,2318,4,959810083,Happiness (1998),Comedy,M,25,7,90069
5627,348,3,959051089,Bullets Over Broadway (1994),Comedy,M,25,0,07040
5643,2455,1,958891077,"Fly, The (1986)",Horror|Sci-Fi,F,35,1,84108
5650,13,3,958862718,Balto (1995),Animation|Children's,F,35,12,91104
5652,218,3,958847294,Boys on the Side (1995),Comedy|Drama,M,18,0,47901
6016,3022,5,956779941,"General, The (1927)",Comedy,M,45,1,37209
5550,6,4,959470014,Heat (1995),Action|Crime|Thriller,M,35,15,48187
5745,474,5,958364167,In the Line of Fire (1993),Action|Thriller,F,18,4,90024
5780,1089,4,958153467,Reservoir Dogs (1992),Crime|Thriller,M,18,17,92886
5861,1267,3,960790451,"Manchurian Candidate, The (1962)",Film-Noir|Thriller,F,50,1,98499
5974,1267,5,956946714,"Manchurian Candidate, The (1962)",Film-Noir|Thriller,F,25,1,32303
5450,2699,3,971898473,Arachnophobia (1990),Action|Comedy|Sci-Fi|Thriller,M,18,12,02143
5675,852,3,958685145,Tin Cup (1996),Comedy|Romance,M,35,14,30030
5888,2699,1,957794970,Arachnophobia (1990),Action|Comedy|Sci-Fi|Thriller,M,25,20,64114
6025,852,3,956731528,Tin Cup (1996),Comedy|Romance,F,25,1,32607
5312,2879,3,962157977,Operation Condor (Feiying gaiwak) (1990),Action|Adventure|Comedy,M,25,1,10463
5455,1242,4,959915486,Glory (1989),Action|Drama|War,F,18,17,55449
5333,2161,3,960829842,"NeverEnding Story, The (1984)",Adventure|Children's|Fantasy,F,25,7,02332
5603,1997,1,959210657,"Exorcist, The (1973)",Horror,M,50,7,02461
6001,1275,4,956805279,Highlander (1986),Action|Adventure,F,25,7,94117
5511,2193,3,959715713,Willow (1988),Action|Adventure|Fantasy,M,45,1,92407
5654,2193,3,958847019,Willow (1988),Action|Adventure|Fantasy,M,25,4,95616
5554,1994,3,959656108,Poltergeist (1982),Horror|Thriller,M,25,1,92116
5570,1994,3,959771995,Poltergeist (1982),Horror|Thriller,M,25,1,07666
5458,1394,4,967881300,Raising Arizona (1987),Comedy,F,18,2,98102
5594,3067,2,959226113,Women on the Verge of a Nervous Breakdown (1988),Comedy|Drama,F,45,0,55419
5684,2867,3,958605554,Fright Night (1985),Comedy|Horror,M,18,16,94110
5795,1394,2,958147159,Raising Arizona (1987),Comedy,M,25,1,92688
5916,1394,4,957320545,Raising Arizona (1987),Comedy,M,50,20,48230
5752,2384,5,958275613,Babe: Pig in the City (1998),Children's|Comedy,F,56,0,14850
5831,3489,3,957898632,Hook (1991),Adventure|Fantasy,M,25,1,92120
5547,1968,4,959478129,"Breakfast Club, The (1985)",Comedy|Drama,F,18,4,10025
5728,1968,4,958469896,"Breakfast Club, The (1985)",Comedy|Drama,F,35,20,09824
5734,1968,3,983393624,"Breakfast Club, The (1985)",Comedy|Drama,F,25,14,10022
5286,339,2,961092250,While You Were Sleeping (1995),Comedy|Romance,M,45,16,97068
5311,923,5,960932021,Citizen Kane (1941),Drama,M,50,0,62025-8000
5312,919,4,962157219,"Wizard of Oz, The (1939)",Adventure|Children's|Drama|Musical,M,25,1,10463
5312,3388,2,964669244,Harry and the Hendersons (1987),Comedy,M,25,1,10463
5330,923,4,961013071,Citizen Kane (1941),Drama,F,25,0,19143
5432,1251,4,960056181,8 1/2 (1963),Drama,M,56,13,01742
5490,3269,3,959816189,Forever Young (1992),Adventure|Romance|Sci-Fi,M,45,17,80907
5493,339,2,959813591,While You Were Sleeping (1995),Comedy|Romance,M,35,12,96797
5530,919,5,959623293,"Wizard of Oz, The (1939)",Adventure|Children's|Drama|Musical,F,18,4,63141
5556,919,5,959442185,"Wizard of Oz, The (1939)",Adventure|Children's|Drama|Musical,M,45,6,92103
5580,339,3,960408934,While You Were Sleeping (1995),Comedy|Romance,M,45,7,01581
5795,3506,3,958148619,North Dallas Forty (1979),Comedy|Drama,M,25,1,92688
5805,919,5,958107878,"Wizard of Oz, The (1939)",Adventure|Children's|Drama|Musical,F,25,0,90802
5827,1517,3,957895038,Austin Powers: International Man of Mystery (1997),Comedy,M,25,2,55118
5689,1028,3,958611397,Mary Poppins (1964),Children's|Comedy|Musical,M,25,0,84119
5744,1028,5,958531750,Mary Poppins (1964),Children's|Comedy|Musical,F,25,4,66044
5812,1028,5,957946677,Mary Poppins (1964),Children's|Comedy|Musical,F,25,7,92120
5400,3534,3,960283941,28 Days (2000),Comedy,F,18,4,30010
5536,491,2,959816252,"Man Without a Face, The (1993)",Drama,M,25,16,67204
5689,2485,3,960784871,She's All That (1999),Comedy|Romance,M,25,0,84119
5996,491,4,956874403,"Man Without a Face, The (1993)",Drama,F,25,0,87114
5517,235,5,959779327,Ed Wood (1994),Comedy|Drama,M,56,0,80210
5433,1518,3,960050698,Breakdown (1997),Action|Thriller,F,35,17,45014
5738,1518,4,958417193,Breakdown (1997),Action|Thriller,M,25,12,55406
5312,544,1,962158208,Striking Distance (1993),Action,M,25,1,10463
5483,48,4,959889450,Pocahontas (1995),Animation|Children's|Musical|Romance,F,25,6,15202
5890,1711,4,957565269,Midnight in the Garden of Good and Evil (1997),Comedy|Crime|Drama|Mystery,M,35,20,77008
5924,2985,2,957284697,Robocop (1987),Action|Crime|Sci-Fi,M,35,0,55417
5627,1357,3,959049142,Shine (1996),Drama|Romance,M,25,0,07040
5631,2268,4,959135136,"Few Good Men, A (1992)",Crime|Drama,M,35,12,01944
5634,2072,4,959011296,"'burbs, The (1989)",Comedy,M,25,14,55406
5923,3552,5,957470872,Caddyshack (1980),Comedy,M,25,7,05401
5985,2268,4,960648961,"Few Good Men, A (1992)",Crime|Drama,F,18,4,78705-5221
5312,19,4,998492341,Ace Ventura: When Nature Calls (1995),Comedy,M,25,1,10463
5331,3039,3,960832140,Trading Places (1983),Comedy,M,35,14,06880
5333,2085,4,960832896,101 Dalmatians (1961),Animation|Children's,F,25,7,02332
5483,19,3,959889288,Ace Ventura: When Nature Calls (1995),Comedy,F,25,6,15202
5627,2950,2,959050398,"Blue Lagoon, The (1980)",Adventure|Drama|Romance,M,25,0,07040
5888,2950,1,957479837,"Blue Lagoon, The (1980)",Adventure|Drama|Romance,M,25,20,64114
6021,2571,5,956756822,"Matrix, The (1999)",Action|Sci-Fi|Thriller,M,25,12,08876
5366,553,3,960502961,Tombstone (1993),Western,M,18,12,90045
5446,2785,4,959970703,Tales of Terror (1962),Horror,F,50,1,65203
5570,780,2,959541878,Independence Day (ID4) (1996),Action|Sci-Fi|War,M,25,1,07666
5867,2856,2,957594525,I Saw What You Did (1965),Thriller,F,45,3,91306
5312,1250,5,1012315069,"Bridge on the River Kwai, The (1957)",Drama|War,M,25,1,10463
5599,1569,5,959214175,My Best Friend's Wedding (1997),Comedy|Romance,M,35,7,90020
5557,1220,4,959441755,"Blues Brothers, The (1980)",Action|Comedy|Musical,M,35,14,33701
5650,1220,4,958863651,"Blues Brothers, The (1980)",Action|Comedy|Musical,F,35,12,91104
5702,1225,4,958578785,Amadeus (1984),Drama,M,18,0,90034
5445,1252,3,959972982,Chinatown (1974),Film-Noir|Mystery|Thriller,M,25,0,43223
5679,504,4,958619988,No Escape (1994),Action|Sci-Fi,M,35,2,33020
5466,1189,5,959902827,"Thin Blue Line, The (1988)",Documentary,M,25,12,98033
5636,1321,4,959055640,"American Werewolf in London, An (1981)",Horror,M,25,7,98102
5605,1688,5,959195395,Anastasia (1997),Animation|Children's|Musical,F,18,2,95008
5483,1136,5,959859631,Monty Python and the Holy Grail (1974),Comedy,F,25,6,15202
5576,3638,5,959291645,Moonraker (1979),Action|Romance|Sci-Fi,M,25,4,55369
5620,2346,3,969985272,"Stepford Wives, The (1975)",Sci-Fi|Thriller,M,35,14,55330
5623,2420,4,959093261,"Karate Kid, The (1984)",Drama,M,25,11,84109
6037,1253,5,956801620,"Day the Earth Stood Still, The (1951)",Drama|Sci-Fi,F,45,1,76006
5523,3527,5,959645128,Predator (1987),Action|Sci-Fi|Thriller,M,35,0,60187
5950,2565,2,957181200,"King and I, The (1956)",Musical,M,25,4,19713
5448,3015,3,960052839,Coma (1978),Thriller,M,45,19,60626
5488,1947,5,969571622,West Side Story (1961),Musical|Romance,M,25,15,91125
6018,2524,3,956763932,"Towering Inferno, The (1974)",Action|Drama,M,35,1,48906
5317,1732,2,960909812,"Big Lebowski, The (1998)",Comedy|Crime|Mystery|Thriller,F,25,0,02138
5813,1732,5,957918509,"Big Lebowski, The (1998)",Comedy|Crime|Mystery|Thriller,M,25,7,94117
5393,2764,2,960321325,"Thomas Crown Affair, The (1968)",Crime|Drama|Thriller,M,35,7,10471
5333,2157,4,976900013,"Chambermaid on the Titanic, The (1998)",Romance,F,25,7,02332
5576,590,5,959709907,Dances with Wolves (1990),Adventure|Drama|Western,M,25,4,55369
5605,2413,4,959195171,Clue (1985),Comedy|Mystery,F,18,2,95008
5657,1527,4,1041646875,"Fifth Element, The (1997)",Action|Sci-Fi,M,50,14,92026
5659,590,1,958790164,Dances with Wolves (1990),Adventure|Drama|Western,M,25,0,20874
5664,2413,5,958847919,Clue (1985),Comedy|Mystery,M,18,4,48363
5621,2241,3,961029353,Class (1983),Comedy,M,25,7,02135
5621,1747,2,986427078,Wag the Dog (1997),Comedy|Drama,M,25,7,02135
6010,383,4,957463882,Wyatt Earp (1994),Western,M,35,0,79606
5432,3163,2,960055940,Topsy-Turvy (1999),Drama,M,56,13,01742
5787,2067,5,1001122489,Doctor Zhivago (1965),Drama|Romance|War,M,25,20,90802
5797,316,2,958059341,Stargate (1994),Action|Adventure|Sci-Fi,M,25,7,78757
5317,531,5,960906426,"Secret Garden, The (1993)",Children's|Drama,F,25,0,02138
5445,3471,4,959972697,Close Encounters of the Third Kind (1977),Drama|Sci-Fi,M,25,0,43223
5595,3471,2,975534932,Close Encounters of the Third Kind (1977),Drama|Sci-Fi,M,25,20,90027
5824,3471,5,957897983,Close Encounters of the Third Kind (1977),Drama|Sci-Fi,M,18,12,18052
5928,3334,5,957269864,Key Largo (1948),Crime|Drama|Film-Noir|Thriller,M,45,1,14760
5414,2657,2,960236684,"Rocky Horror Picture Show, The (1975)",Comedy|Horror|Musical|Sci-Fi,M,1,10,07652
5824,2657,1,957898009,"Rocky Horror Picture Show, The (1975)",Comedy|Horror|Musical|Sci-Fi,M,18,12,18052
5374,2926,4,960431797,Hairspray (1988),Comedy|Drama,M,35,7,38018
5554,2968,4,959451546,Time Bandits (1981),Adventure|Fantasy|Sci-Fi,M,25,1,92116
5650,107,2,1027918722,Muppet Treasure Island (1996),Adventure|Children's|Comedy|Musical,F,35,12,91104
5359,3952,5,971501252,"Contender, The (2000)",Drama|Thriller,M,18,16,27705
5578,2805,3,959289846,Mickey Blue Eyes (1999),Comedy|Romance,F,18,1,02109
5663,17,5,958770291,Sense and Sensibility (1995),Drama|Romance,F,35,20,75093
5705,2141,4,958546553,"American Tail, An (1986)",Animation|Children's|Comedy,F,18,4,90024
5880,586,2,982800124,Home Alone (1990),Children's|Comedy,M,25,1,08904
5937,1967,5,957214749,Labyrinth (1986),Adventure|Children's|Fantasy,M,25,12,60622
5386,3615,4,960349847,Dinosaur (2000),Animation|Children's,M,25,14,60045
5395,2759,4,960317814,Dick (1999),Comedy,M,50,1,13224
5452,2759,2,959933465,Dick (1999),Comedy,M,35,6,10011
5650,2078,4,960961347,"Jungle Book, The (1967)",Animation|Children's|Comedy|Musical,F,35,12,91104
6025,2759,3,956813210,Dick (1999),Comedy,F,25,1,32607
5762,2720,2,958219694,Inspector Gadget (1999),Action|Adventure|Children's|Comedy,F,35,6,55125
5324,3408,4,976844104,Erin Brockovich (2000),Drama,M,25,7,02150
5508,3408,4,959723739,Erin Brockovich (2000),Drama,M,25,20,94519
5784,2490,3,958149201,Payback (1999),Action|Thriller,M,18,10,56137
5313,2080,3,960919866,Lady and the Tramp (1955),Animation|Children's|Comedy|Musical|Romance,M,56,0,55406
5394,3571,4,980666709,Time Code (2000),Drama,M,18,0,60618
5673,3545,4,958678599,Cabaret (1972),Musical|War,F,35,1,55417
5688,2080,3,958603161,Lady and the Tramp (1955),Animation|Children's|Comedy|Musical|Romance,F,18,4,78666
5733,3545,5,958433408,Cabaret (1972),Musical|War,M,25,4,48109
5949,1589,3,962582715,Cop Land (1997),Crime|Drama|Mystery,M,18,17,47901
5956,3499,4,957079597,Misery (1990),Horror,F,18,4,02142
5992,3499,4,956867724,Misery (1990),Horror,F,18,4,21046
5289,2947,3,961080318,Goldfinger (1964),Action,M,45,2,94102
5374,2716,4,962391248,Ghostbusters (1984),Comedy|Horror,M,35,7,38018
5441,2716,4,959989145,Ghostbusters (1984),Comedy|Horror,M,50,7,95762
5763,2356,1,960677894,Celebrity (1998),Comedy,F,25,1,08904
5932,1379,1,957224863,Young Guns II (1990),Action|Comedy|Western,M,18,14,90038
5321,1377,1,960862270,Batman Returns (1992),Action|Adventure|Comedy|Crime,M,25,4,02457
5683,485,3,961261880,Last Action Hero (1993),Action|Comedy,F,18,9,94538
5795,3102,3,958154263,Jagged Edge (1985),Thriller,M,25,1,92688
5995,1513,1,956855775,Romy and Michele's High School Reunion (1997),Comedy,F,35,1,14618
6024,1513,4,956749410,Romy and Michele's High School Reunion (1997),Comedy,M,25,12,53705
5347,1438,3,960668436,Dante's Peak (1997),Action|Thriller,M,25,6,53705
5532,2369,3,959620475,Desperately Seeking Susan (1985),Comedy|Romance,M,25,17,27408
5808,1272,4,957982761,Patton (1970),Drama|War,F,25,7,37206
5287,2174,3,961088545,Beetlejuice (1988),Comedy|Fantasy,M,25,8,85203
5329,1735,4,961008759,Great Expectations (1998),Drama|Romance,F,25,5,91773
5364,2174,3,960523198,Beetlejuice (1988),Comedy|Fantasy,F,25,3,55408
5401,2174,4,963434684,Beetlejuice (1988),Comedy|Fantasy,F,18,1,20003
5511,2561,5,959715171,True Crime (1999),Crime|Thriller,M,45,1,92407
5686,2174,3,958604799,Beetlejuice (1988),Comedy|Fantasy,M,56,16,60610
6016,800,5,956957751,Lone Star (1996),Drama|Mystery,M,45,1,37209
5501,537,3,959799293,Sirens (1994),Comedy|Drama,M,25,2,33334
5697,3513,5,958589867,Rules of Engagement (2000),Drama|Thriller,M,25,0,95826
5857,1727,5,957736948,"Horse Whisperer, The (1998)",Drama,F,45,2,43229
5646,2872,2,958873834,Excalibur (1981),Action|Drama|Fantasy|Romance,M,18,4,96744
5837,494,4,957844821,Executive Decision (1996),Action|Thriller,M,25,7,60607
5872,494,2,958263749,Executive Decision (1996),Action|Thriller,M,25,17,61265
5701,2581,1,958588966,Never Been Kissed (1999),Comedy|Romance,M,25,7,55311
5837,3505,5,957845358,No Way Out (1987),Thriller,M,25,7,60607
6025,4,3,956813456,Waiting to Exhale (1995),Comedy|Drama,F,25,1,32607
5504,450,4,959738208,With Honors (1994),Comedy|Drama,M,45,7,85287-2702
5569,2574,3,959649547,"Out-of-Towners, The (1999)",Comedy,F,18,1,07666
5679,3443,4,958619701,Born American (1986),Action|Drama|Thriller,M,35,2,33020
5831,450,4,957897400,With Honors (1994),Comedy|Drama,M,25,1,92120
5996,2424,4,957297164,You've Got Mail (1998),Comedy|Romance,F,25,0,87114
5614,3479,4,959205085,Ladyhawke (1985),Adventure|Fantasy|Romance,M,25,0,12833
5852,1397,4,957755908,Bastard Out of Carolina (1996),Drama,F,25,1,94044
5987,1279,4,956881795,Night on Earth (1991),Comedy|Drama,M,25,16,10003
6006,2687,1,957032936,Tarzan (1999),Animation|Children's,F,1,0,01036
5306,922,4,961014700,Sunset Blvd. (a.k.a. Sunset Boulevard) (1950),Film-Noir,F,25,17,92121
5317,1022,4,997840526,Cinderella (1950),Animation|Children's|Musical,F,25,0,02138
5357,3157,4,960573074,Stuart Little (1999),Children's|Comedy,F,18,20,60123
5698,1015,4,958595061,Homeward Bound: The Incredible Journey (1993),Adventure|Children's,M,35,14,55418
5744,39,4,959995995,Clueless (1995),Comedy|Romance,F,25,4,66044
5824,1060,4,957968203,Swingers (1996),Comedy|Drama,M,18,12,18052
5936,2959,5,957214552,Fight Club (1999),Drama,M,18,4,37130
5491,380,2,959868407,True Lies (1994),Action|Adventure|Comedy|Romance,M,18,7,10016
5710,380,4,958519549,True Lies (1994),Action|Adventure|Comedy|Romance,M,25,15,90034
5964,736,2,956996478,Twister (1996),Action|Adventure|Romance|Thriller,M,18,5,97202
6003,1041,5,956796913,Secrets & Lies (1996),Drama,F,45,17,78722
5452,2436,3,959934026,Tea with Mussolini (1999),Comedy,M,35,6,10011
5301,2918,4,960975794,Ferris Bueller's Day Off (1986),Comedy,M,25,17,00693
5738,2912,2,958416969,"Limey, The (1999)",Action|Crime|Drama,M,25,12,55406
5746,2918,4,958354366,Ferris Bueller's Day Off (1986),Comedy,M,18,15,94061
6013,2704,5,956782313,"Lovers on the Bridge, The (Les Amants du Pont-Neuf) (1991)",Drama|Romance,F,25,20,32301
5466,2940,5,959898778,Gilda (1946),Film-Noir,M,25,12,98033
5650,2083,2,958864384,"Muppet Christmas Carol, The (1992)",Children's|Musical,F,35,12,91104
5654,247,4,965417979,Heavenly Creatures (1994),Drama|Fantasy|Romance|Thriller,M,25,4,95616
5916,2097,3,957459650,Something Wicked This Way Comes (1983),Children's|Horror,M,50,20,48230
5324,1673,4,960858322,Boogie Nights (1997),Drama,M,25,7,02150
5393,1673,4,960321263,Boogie Nights (1997),Drama,M,35,7,10471
5511,956,3,959801376,Penny Serenade (1941),Drama|Romance,M,45,1,92407
5530,585,2,959994555,"Brady Bunch Movie, The (1995)",Comedy,F,18,4,63141
5530,343,1,959624211,"Baby-Sitters Club, The (1995)",Children's,F,18,4,63141
5779,1673,2,958158350,Boogie Nights (1997),Drama,M,25,5,10011
6040,1673,4,997454212,Boogie Nights (1997),Drama,M,25,6,11106
5734,2333,4,985272721,Gods and Monsters (1998),Drama,F,25,14,10022
5378,3608,4,960403694,Pee-wee's Big Adventure (1985),Comedy,M,35,18,10463
5434,3608,3,960044516,Pee-wee's Big Adventure (1985),Comedy,F,25,7,60618
5684,1200,5,958606247,Aliens (1986),Action|Sci-Fi|Thriller|War,M,18,16,94110
5861,928,5,960791069,Rebecca (1940),Romance|Thriller,F,50,1,98499
5423,1230,4,960148983,Annie Hall (1977),Comedy|Romance,F,50,5,60714
5607,3430,2,959190575,Death Wish (1974),Action|Drama,M,18,4,11209
5738,1876,3,958417193,Deep Impact (1998),Action|Drama|Sci-Fi|Thriller,M,25,12,55406
5824,1876,3,957898514,Deep Impact (1998),Action|Drama|Sci-Fi|Thriller,M,18,12,18052
5394,3933,1,1009820717,"Killer Shrews, The (1959)",Horror|Sci-Fi,M,18,0,60618
5473,1690,1,1012590023,Alien: Resurrection (1997),Action|Horror|Sci-Fi,M,25,1,20120-6354
5531,533,3,959620941,"Shadow, The (1994)",Action,M,50,17,09056
5663,2328,3,958770080,Vampires (1998),Horror,F,35,20,75093
5823,1965,4,957901678,Repo Man (1984),Comedy|Sci-Fi,M,25,12,02144
5605,239,3,959200135,"Goofy Movie, A (1995)",Animation|Children's|Comedy|Romance,F,18,2,95008
5636,2919,4,960524590,Year of Living Dangerously (1982),Drama|Romance,M,25,7,98102
5794,1581,1,958072465,Out to Sea (1997),Comedy,M,35,17,53703
5888,2020,4,957479160,Dangerous Liaisons (1988),Drama|Romance,M,25,20,64114
5900,2020,2,957425831,Dangerous Liaisons (1988),Drama|Romance,M,25,7,60628
5845,3417,4,957797990,"Crimson Pirate, The (1952)",Adventure|Comedy|Sci-Fi,F,25,3,79411
5318,10,3,960886665,GoldenEye (1995),Action|Adventure|Thriller,M,18,17,98122
5397,589,4,960311099,Terminator 2: Judgment Day (1991),Action|Sci-Fi|Thriller,M,18,0,60451
5603,589,1,959211217,Terminator 2: Judgment Day (1991),Action|Sci-Fi|Thriller,M,50,7,02461
5614,1346,5,964399748,Cat People (1982),Horror,M,25,0,12833
5627,10,3,959041812,GoldenEye (1995),Action|Adventure|Thriller,M,25,0,07040
5643,361,2,959648250,It Could Happen to You (1994),Drama|Romance,F,35,1,84108
5675,589,4,958677119,Terminator 2: Judgment Day (1991),Action|Sci-Fi|Thriller,M,35,14,30030
5734,589,3,959892287,Terminator 2: Judgment Day (1991),Action|Sci-Fi|Thriller,F,25,14,10022
5787,1007,3,1001121485,"Apple Dumpling Gang, The (1975)",Children's|Comedy|Western,M,25,20,90802
5890,589,5,957468475,Terminator 2: Judgment Day (1991),Action|Sci-Fi|Thriller,M,35,20,77008
6011,589,5,956783615,Terminator 2: Judgment Day (1991),Action|Sci-Fi|Thriller,M,35,15,80538
5408,3061,3,960246470,Holiday Inn (1942),Comedy|Musical,M,25,20,11230-1710
5453,50,5,959927649,"Usual Suspects, The (1995)",Crime|Thriller,M,18,4,30305
5454,1214,5,959923123,Alien (1979),Action|Horror|Sci-Fi|Thriller,M,35,7,10001
5717,750,4,958743185,Dr. Strangelove or: How I Learned to Stop Worrying and Love the Bomb (1963),Sci-Fi|War,M,25,0,03766
5733,1214,5,958430411,Alien (1979),Action|Horror|Sci-Fi|Thriller,M,25,4,48109
5759,1214,5,959558330,Alien (1979),Action|Horror|Sci-Fi|Thriller,F,25,1,08904
6000,50,3,956878721,"Usual Suspects, The (1995)",Crime|Thriller,M,45,17,30075
5490,1343,3,959962895,Cape Fear (1991),Thriller,M,45,17,80907
5600,2671,5,959226124,Notting Hill (1999),Comedy|Romance,F,45,0,12833-2000
5623,527,5,959094023,Schindler's List (1993),Drama|War,M,25,11,84109
5665,527,5,958758967,Schindler's List (1993),Drama|War,M,18,4,10461-1301
5716,3429,4,960325277,Creature Comforts (1990),Animation|Comedy,M,1,10,03756
5964,1343,4,958998808,Cape Fear (1991),Thriller,M,18,5,97202
5387,1333,4,961190317,"Birds, The (1963)",Horror,F,25,1,45056
5599,3618,2,959213457,Small Time Crooks (2000),Comedy,M,35,7,90020
5922,1704,3,957818733,Good Will Hunting (1997),Drama,M,56,3,94561
5569,1667,2,959823536,Mad City (1997),Action|Drama,F,18,1,07666
5769,3646,3,961190568,Big Momma's House (2000),Comedy,M,45,14,05602
5302,261,5,960953653,Little Women (1994),Drama,F,1,10,02332
6010,946,4,957461309,To Be or Not to Be (1942),Comedy|Drama|War,M,35,0,79606
6023,1918,4,956751809,Lethal Weapon 4 (1998),Action|Comedy|Crime|Drama,M,25,0,43213
5667,364,5,958757827,"Lion King, The (1994)",Animation|Children's|Musical,M,35,7,10009
5706,364,2,958529080,"Lion King, The (1994)",Animation|Children's|Musical,M,18,17,08550
5317,3044,5,972360854,Dead Again (1991),Mystery|Romance|Thriller,F,25,0,02138
5329,3480,4,960841112,Lucas (1986),Drama,F,25,5,91773
5471,3185,3,959894883,Snow Falling on Cedars (1999),Drama,M,18,7,10016
5623,356,5,959094229,Forrest Gump (1994),Comedy|Romance|War,M,25,11,84109
5788,1389,1,958108319,Jaws 3-D (1983),Action|Horror,M,25,0,92646
5888,289,3,957479556,Only You (1994),Comedy|Romance,M,25,20,64114
6038,356,4,956707005,Forrest Gump (1994),Comedy|Romance|War,F,56,1,14706
5913,1923,3,957357792,There's Something About Mary (1998),Comedy,F,18,0,47901
6014,1147,4,956779955,When We Were Kings (1996),Documentary,M,45,1,80634
5312,2321,3,960924043,Pleasantville (1998),Comedy,M,25,1,10463
5318,3438,3,960886898,Teenage Mutant Ninja Turtles (1990),Action|Children's|Fantasy,M,18,17,98122
5434,2321,3,960043513,Pleasantville (1998),Comedy,F,25,7,60618
5520,2858,4,959736957,American Beauty (1999),Comedy|Drama,M,45,1,18901
5627,2539,3,959048367,Analyze This (1999),Comedy,M,25,0,07040
5678,3510,3,958625730,Frequency (2000),Drama|Thriller,M,35,17,98103
5682,3510,5,1026789202,Frequency (2000),Drama|Thriller,M,18,0,23455-4959
5725,3510,4,958496335,Frequency (2000),Drama|Thriller,M,18,2,10018
5938,2321,4,981067170,Pleasantville (1998),Comedy,M,25,1,35401
5950,3508,4,957181505,"Outlaw Josey Wales, The (1976)",Western,M,25,4,19713
5448,1213,1,959964679,GoodFellas (1990),Crime|Drama,M,45,19,60626
5831,1213,5,957887906,GoodFellas (1990),Crime|Drama,M,25,1,92120
5845,1213,4,957797117,GoodFellas (1990),Crime|Drama,F,25,3,79411
5855,1213,3,957733719,GoodFellas (1990),Crime|Drama,M,50,7,19462
5367,1103,4,960506117,Rebel Without a Cause (1955),Drama,M,18,4,55344
5786,1078,4,958267615,Bananas (1971),Comedy|War,M,25,6,53211
5329,3755,3,981350899,"Perfect Storm, The (2000)",Action|Adventure|Thriller,F,25,5,91773
5615,921,5,959306797,My Favorite Year (1982),Comedy,M,35,7,07028
5837,3259,4,958144535,Far and Away (1992),Drama|Romance,M,25,7,60607
6037,921,3,956719240,My Favorite Year (1982),Comedy,F,45,1,76006
5848,2075,4,957783106,Mephisto (1981),Drama|War,M,50,20,20009
5874,3204,3,957564391,"Boys from Brazil, The (1978)",Thriller,M,25,4,01002
5441,480,3,959988309,Jurassic Park (1993),Action|Adventure|Sci-Fi,M,50,7,95762
5490,480,4,959816086,Jurassic Park (1993),Action|Adventure|Sci-Fi,M,45,17,80907
5536,3591,2,959816237,Mr. Mom (1983),Comedy|Drama,M,25,16,67204
5546,3576,3,959480753,"Hidden, The (1987)",Action|Horror|Sci-Fi,M,18,14,26301
5722,480,2,977245902,Jurassic Park (1993),Action|Adventure|Sci-Fi,M,25,20,48103
5892,480,4,1010005812,Jurassic Park (1993),Action|Adventure|Sci-Fi,M,45,2,10920
5798,95,2,959194295,Broken Arrow (1996),Action|Thriller,M,35,0,80027
5853,2145,4,957747855,Pretty in Pink (1986),Comedy|Drama|Romance,M,50,19,13903
6023,1687,4,956751943,"Jackal, The (1997)",Action|Thriller,M,25,0,43213
5708,741,5,958523268,Ghost in the Shell (Kokaku kidotai) (1995),Animation|Sci-Fi,M,35,1,90034
5649,2125,4,958865906,Ever After: A Cinderella Story (1998),Drama|Romance,F,18,4,90025
5312,1393,4,962986164,Jerry Maguire (1996),Drama|Romance,M,25,1,10463
5618,1393,3,964154993,Jerry Maguire (1996),Drama|Romance,F,18,4,92612
5878,1177,5,957550455,Enchanted April (1991),Drama,F,25,0,60640
5881,1393,3,957550488,Jerry Maguire (1996),Drama|Romance,M,35,17,30303
6017,2708,2,956763318,"Autumn Tale, An (Conte d'automne) (1998)",Romance,F,35,7,21117
5465,1911,2,959898296,Doctor Dolittle (1998),Comedy,F,25,0,10019
5501,2116,3,959797079,"Lord of the Rings, The (1978)",Adventure|Animation|Children's|Sci-Fi,M,25,2,33334
5738,1079,3,958415747,"Fish Called Wanda, A (1988)",Comedy,M,25,12,55406
5797,2116,4,958059106,"Lord of the Rings, The (1978)",Adventure|Animation|Children's|Sci-Fi,M,25,7,78757
5806,3246,5,957986270,Malcolm X (1992),Drama,F,50,1,08826
5948,1079,3,957272160,"Fish Called Wanda, A (1988)",Comedy,M,56,13,12124
5364,3063,3,960583711,Poison Ivy (1992),Thriller,F,25,3,55408
5519,3385,2,959656199,Volunteers (1985),Comedy,M,35,15,33167
5916,1337,2,957359706,"Body Snatcher, The (1945)",Horror,M,50,20,48230
5557,2100,3,959441300,Splash (1984),Comedy|Fantasy|Romance,M,35,14,33701
5573,933,5,959301302,To Catch a Thief (1955),Comedy|Romance|Thriller,F,35,1,14619
5359,1188,4,1029123687,Strictly Ballroom (1992),Comedy|Romance,M,18,16,27705
5653,345,4,958939330,"Adventures of Priscilla, Queen of the Desert, The (1994)",Comedy|Drama,M,50,1,74105
5848,595,3,957782125,Beauty and the Beast (1991),Animation|Children's|Musical,M,50,20,20009
5892,1188,3,957466232,Strictly Ballroom (1992),Comedy|Romance,M,45,2,10920
5905,345,5,957375976,"Adventures of Priscilla, Queen of the Desert, The (1994)",Comedy|Drama,F,35,20,78006
6025,1188,4,956731215,Strictly Ballroom (1992),Comedy|Romance,F,25,1,32607
5333,1593,4,960825509,Picture Perfect (1997),Comedy|Romance,F,25,7,02332
5431,3255,5,960070822,"League of Their Own, A (1992)",Comedy|Drama,M,56,1,19026
5627,3255,3,959047753,"League of Their Own, A (1992)",Comedy|Drama,M,25,0,07040
5787,3307,5,1022891075,City Lights (1931),Comedy|Drama|Romance,M,25,20,90802
5996,1173,2,956874232,"Cook the Thief His Wife & Her Lover, The (1989)",Drama,F,25,0,87114
5755,1150,4,958266398,"Return of Martin Guerre, The (Retour de Martin Guerre, Le) (1982)",Drama,F,35,2,78744
5333,1014,3,960827984,Pollyanna (1960),Children's|Comedy|Drama,F,25,7,02332
5472,3684,1,959898643,"Fabulous Baker Boys, The (1989)",Drama|Romance,M,35,1,27909
5831,3684,4,1024072772,"Fabulous Baker Boys, The (1989)",Drama|Romance,M,25,1,92120
5397,2088,2,963525200,Popeye (1980),Adventure|Comedy|Musical,M,18,0,60451
6035,1027,4,956712526,Robin Hood: Prince of Thieves (1991),Drama,F,25,1,78734
5319,835,4,960873631,Foxfire (1996),Drama,M,18,17,94941
5492,1515,3,996710815,Volcano (1997),Drama|Thriller,M,18,4,55104
5512,3082,4,959714286,"World Is Not Enough, The (1999)",Action|Thriller,F,25,17,01701
5684,1906,3,958611558,Mr. Jealousy (1997),Comedy|Romance,M,18,16,94110
5747,1895,3,958359363,Can't Hardly Wait (1998),Comedy|Drama|Romance,M,25,0,03755
5889,3396,5,961533708,"Muppet Movie, The (1979)",Children's|Comedy,M,50,20,06033
5917,457,4,957315584,"Fugitive, The (1993)",Action|Thriller,F,50,1,94550
6016,1237,4,956957549,"Seventh Seal, The (Sjunde inseglet, Det) (1957)",Drama,M,45,1,37209
5394,2160,3,1009819484,Rosemary's Baby (1968),Horror|Thriller,M,18,0,60618
5827,151,4,957896026,Rob Roy (1995),Drama|Romance|War,M,25,2,55118
5504,1909,3,959734029,"X-Files: Fight the Future, The (1998)",Mystery|Sci-Fi|Thriller,M,45,7,85287-2702
5511,3494,4,959800754,True Grit (1969),Adventure|Western,M,45,1,92407
5795,3494,5,958076838,True Grit (1969),Adventure|Western,M,25,1,92688
5816,1909,4,957915204,"X-Files: Fight the Future, The (1998)",Mystery|Sci-Fi|Thriller,M,25,0,70119
5331,2372,1,961004332,Fletch Lives (1989),Comedy,M,35,14,06880
5580,3594,4,1017427535,Center Stage (2000),Drama,M,45,7,01581
5643,376,3,959648205,"River Wild, The (1994)",Action|Thriller,F,35,1,84108
5747,515,4,958360487,"Remains of the Day, The (1993)",Drama,M,25,0,03755
5880,3614,3,957545005,Honeymoon in Vegas (1992),Comedy|Romance,M,25,1,08904
5954,2710,3,957705514,"Blair Witch Project, The (1999)",Horror,M,45,11,70802
5333,3247,4,970456813,Sister Act (1992),Comedy|Crime,F,25,7,02332
5555,3247,3,959648329,Sister Act (1992),Comedy|Crime,M,1,10,37830
5661,1617,3,958778796,L.A. Confidential (1997),Crime|Film-Noir|Mystery|Thriller,F,25,15,03255
5851,940,4,957757293,"Adventures of Robin Hood, The (1938)",Action|Adventure,F,18,20,55410
5319,3019,4,960871951,Drugstore Cowboy (1989),Crime|Drama,M,18,17,94941
5881,2506,5,957541379,"Other Sister, The (1999)",Comedy|Drama|Romance,M,35,17,30303
5585,1953,5,959277287,"French Connection, The (1971)",Action|Crime|Drama|Thriller,M,25,4,10016
5720,2373,1,958577300,Red Sonja (1985),Action|Adventure,M,25,0,60610
5755,1196,3,958265538,Star Wars: Episode V - The Empire Strikes Back (1980),Action|Adventure|Drama|Sci-Fi|War,F,35,2,78744
5291,2908,3,981591668,Boys Don't Cry (1999),Drama,M,45,1,44406
5387,783,3,960400857,"Hunchback of Notre Dame, The (1996)",Animation|Children's|Musical,F,25,1,45056
5812,2908,2,957938380,Boys Don't Cry (1999),Drama,F,25,7,92120
5824,2527,4,957898009,Westworld (1973),Action|Sci-Fi|Thriller|Western,M,18,12,18052
5996,2527,4,956940125,Westworld (1973),Action|Sci-Fi|Thriller|Western,F,25,0,87114
5526,913,4,963099418,"Maltese Falcon, The (1941)",Film-Noir|Mystery,F,35,2,27514
5689,3203,4,960781815,Dead Calm (1989),Thriller,M,25,0,84119
5833,3203,4,957880641,Dead Calm (1989),Thriller,F,35,0,78253
5861,2916,3,960791370,Total Recall (1990),Action|Adventure|Sci-Fi|Thriller,F,50,1,98499
5880,2916,4,958404603,Total Recall (1990),Action|Adventure|Sci-Fi|Thriller,M,25,1,08904
5881,2916,5,957551642,Total Recall (1990),Action|Adventure|Sci-Fi|Thriller,M,35,17,30303
6001,1573,3,956811141,Face/Off (1997),Action|Sci-Fi|Thriller,F,25,7,94117
5557,2058,2,959441805,"Negotiator, The (1998)",Action|Thriller,M,35,14,33701
5306,150,5,961015861,Apollo 13 (1995),Drama,F,25,17,92121
5355,150,4,960693912,Apollo 13 (1995),Drama,M,56,0,78232
5423,110,4,960147861,Braveheart (1995),Action|Drama|War,F,50,5,60714
5536,3418,5,959713748,Thelma & Louise (1991),Action|Drama,M,25,16,67204
5682,150,5,1026882918,Apollo 13 (1995),Drama,M,18,0,23455-4959
6036,110,5,956714644,Braveheart (1995),Action|Drama|War,F,25,15,32603
5406,260,4,960306314,Star Wars: Episode IV - A New Hope (1977),Action|Adventure|Fantasy|Sci-Fi,F,35,0,49504
5605,2459,5,987376364,"Texas Chainsaw Massacre, The (1974)",Horror,F,18,2,95008
5675,2917,5,958690775,Body Heat (1981),Crime|Thriller,M,35,14,30030
5880,2001,2,957920513,Lethal Weapon 2 (1989),Action|Comedy|Crime|Drama,M,25,1,08904
5306,3409,3,961013085,Final Destination (2000),Drama|Thriller,F,25,17,92121
5592,1224,5,959268664,Henry V (1989),Drama|War,M,25,1,53706
5689,1797,3,959701764,Everest (1998),Documentary,M,25,0,84119
5893,1080,5,957463710,Monty Python's Life of Brian (1979),Comedy,M,25,7,02139
5901,1224,1,957396642,Henry V (1989),Drama|War,F,35,7,92075
6036,1797,4,956712724,Everest (1998),Documentary,F,25,15,32603
5598,1680,4,959214717,Sliding Doors (1998),Drama|Romance,M,18,4,27607
5682,317,1,1026796847,"Santa Clause, The (1994)",Children's|Comedy|Fantasy,M,18,0,23455-4959
5723,198,3,999112645,Strange Days (1995),Action|Crime|Sci-Fi,M,18,12,55057
5794,2478,1,958072221,Three Amigos! (1986),Comedy|Western,M,35,17,53703
5812,2478,3,963642833,Three Amigos! (1986),Comedy|Western,F,25,7,92120
5349,1285,3,960664895,Heathers (1989),Comedy,F,50,2,97424
5830,1285,4,957891899,Heathers (1989),Comedy,F,18,4,78209
5403,965,3,960311561,"39 Steps, The (1935)",Thriller,M,1,10,59801
5526,1678,4,963100144,"Joy Luck Club, The (1993)",Drama,F,35,2,27514
5604,454,4,959460345,"Firm, The (1993)",Drama|Thriller,M,35,15,63117
5749,3100,3,962843299,"River Runs Through It, A (1992)",Drama,M,25,2,94117
5736,2416,2,958419753,Back to School (1986),Comedy,M,25,1,08904
5916,3535,2,957459741,American Psycho (2000),Comedy|Horror|Thriller,M,50,20,48230
5329,2890,4,960838518,Three Kings (1999),Drama|War,F,25,5,91773
5385,2762,5,960329496,"Sixth Sense, The (1999)",Thriller,M,25,12,85226
5392,2762,5,960323716,"Sixth Sense, The (1999)",Thriller,M,50,1,98112
5394,3948,3,980666536,Meet the Parents (2000),Comedy,M,18,0,60618
5514,2762,5,959707974,"Sixth Sense, The (1999)",Thriller,F,1,10,76501
5689,2762,5,961608845,"Sixth Sense, The (1999)",Thriller,M,25,0,84119
5739,2762,5,959021981,"Sixth Sense, The (1999)",Thriller,M,25,7,90212
5820,2762,4,957905220,"Sixth Sense, The (1999)",Thriller,M,45,0,43615
5861,902,4,957672646,Breakfast at Tiffany's (1961),Drama|Romance,F,50,1,98499
5900,2890,4,957426083,Three Kings (1999),Drama|War,M,25,7,60628
5972,3948,2,986916093,Meet the Parents (2000),Comedy,F,25,20,55428
5995,2762,4,956855795,"Sixth Sense, The (1999)",Thriller,F,35,1,14618
5323,909,5,960848119,"Apartment, The (1960)",Comedy|Drama,M,25,20,94122
5387,2124,4,960329128,"Addams Family, The (1991)",Comedy,F,25,1,45056
5420,1566,3,960157825,Hercules (1997),Adventure|Animation|Children's|Comedy|Musical,F,1,19,14850
5493,3448,3,1004129769,"Good Morning, Vietnam (1987)",Comedy|Drama|War,M,35,12,96797
5510,1954,4,959718156,Rocky (1976),Action|Drama,M,18,4,191004
5858,909,4,957716111,"Apartment, The (1960)",Comedy|Drama,M,25,4,01002
5954,2334,5,957650605,"Siege, The (1998)",Action|Thriller,M,45,11,70802
6004,2005,3,956796065,"Goonies, The (1985)",Adventure|Children's|Fantasy,F,25,15,28401
6010,3448,4,957461629,"Good Morning, Vietnam (1987)",Comedy|Drama|War,M,35,0,79606
6011,337,3,956787844,What's Eating Gilbert Grape (1993),Drama,M,35,15,80538
6012,3113,1,956780818,End of Days (1999),Action|Thriller,M,35,15,02871
5568,2,5,959310761,Jumanji (1995),Adventure|Children's|Fantasy,M,18,4,49841
5679,2944,5,958617765,"Dirty Dozen, The (1967)",Action|War,M,35,2,33020
5917,3366,4,957315514,Where Eagles Dare (1969),Action|Adventure|War,F,50,1,94550
5537,2624,5,959566662,After Life (1998),Drama,F,56,1,10543
5682,3130,3,1026804121,Bonfire of the Vanities (1990),Comedy,M,18,0,23455-4959
5766,357,4,958177933,Four Weddings and a Funeral (1994),Comedy|Romance,M,56,14,96744
5812,2144,5,957940823,Sixteen Candles (1984),Comedy,F,25,7,92120
5906,357,4,957390094,Four Weddings and a Funeral (1994),Comedy|Romance,F,18,4,19803
5333,1390,3,970457450,My Fellow Americans (1996),Comedy,F,25,7,02332
5450,2642,2,971898610,Superman III (1983),Action|Adventure|Sci-Fi,M,18,12,02143
5488,1373,1,959818707,Star Trek V: The Final Frontier (1989),Action|Adventure|Sci-Fi,M,25,15,91125
5518,1373,4,959659626,Star Trek V: The Final Frontier (1989),Action|Adventure|Sci-Fi,M,50,17,78666
5890,2348,4,957469163,Sid and Nancy (1986),Drama,M,35,20,77008
5972,1885,4,963614573,"Opposite of Sex, The (1998)",Comedy|Drama,F,25,20,55428
6035,1503,1,956713420,8 Heads in a Duffel Bag (1997),Comedy,F,25,1,78734
5371,2137,3,978983814,Charlotte's Web (1973),Animation|Children's,M,25,11,55408
5425,1193,5,960109839,One Flew Over the Cuckoo's Nest (1975),Drama,M,18,4,53211
5582,1193,5,959283621,One Flew Over the Cuckoo's Nest (1975),Drama,M,45,1,50011
5597,1986,3,959215024,Halloween 5: The Revenge of Michael Myers (1989),Horror,F,18,4,95008
5287,2406,3,961088592,Romancing the Stone (1984),Action|Adventure|Comedy|Romance,M,25,8,85203
5390,2406,4,960327215,Romancing the Stone (1984),Action|Adventure|Comedy|Romance,M,1,0,78130
5475,2792,4,960833198,Airplane II: The Sequel (1982),Comedy,M,25,4,94110
5705,3225,1,958545504,Down to You (2000),Comedy|Romance,F,18,4,90024
5779,2406,3,958160743,Romancing the Stone (1984),Action|Adventure|Comedy|Romance,M,25,5,10011
5823,2406,3,957900974,Romancing the Stone (1984),Action|Adventure|Comedy|Romance,M,25,12,02144
5706,2011,4,958530595,Back to the Future Part II (1989),Comedy|Sci-Fi,M,18,17,08550
5722,3515,3,958501984,Me Myself I (2000),Comedy,M,25,20,48103
5345,1371,2,960671672,Star Trek: The Motion Picture (1979),Action|Adventure|Sci-Fi,F,25,17,80003
5475,3033,4,994749776,Spaceballs (1987),Comedy|Sci-Fi,M,25,4,94110
5728,901,3,958470695,Funny Face (1957),Comedy|Musical,F,35,20,09824
5763,3033,1,960677821,Spaceballs (1987),Comedy|Sci-Fi,F,25,1,08904
5990,1202,3,956868826,Withnail and I (1987),Comedy,F,25,20,90046
5306,1376,4,961014398,Star Trek IV: The Voyage Home (1986),Action|Adventure|Sci-Fi,F,25,17,92121
5679,1101,5,958618726,Top Gun (1986),Action|Romance,M,35,2,33020
5717,1376,2,958509508,Star Trek IV: The Voyage Home (1986),Action|Adventure|Sci-Fi,M,25,0,03766
5761,186,4,982012915,Nine Months (1995),Comedy,M,25,20,90048
5795,2949,4,958143844,Dr. No (1962),Action,M,25,1,92688
5910,1101,2,957371989,Top Gun (1986),Action|Romance,F,45,20,10033
5286,2248,4,961091606,Say Anything... (1989),Comedy|Drama|Romance,M,45,16,97068
5754,2997,4,958271331,Being John Malkovich (1999),Comedy,F,18,1,60640
5289,2017,3,961080740,Babes in Toyland (1961),Children's|Fantasy|Musical,M,45,2,94102
5450,1535,4,959953214,Love! Valour! Compassion! (1997),Drama|Romance,M,18,12,02143
5289,3363,4,961083293,American Graffiti (1973),Comedy|Drama,M,45,2,94102
5539,1674,4,968385443,Witness (1985),Drama|Romance|Thriller,F,25,20,91403
5545,1584,5,960694926,Contact (1997),Drama|Sci-Fi,F,35,16,98072
5556,1584,2,959442550,Contact (1997),Drama|Sci-Fi,M,45,6,92103
5333,3555,4,971652838,U-571 (2000),Action|Thriller,F,25,7,02332
5294,1676,1,961040371,Starship Troopers (1997),Action|Adventure|Sci-Fi|War,M,25,2,60626
5375,551,4,960414714,"Nightmare Before Christmas, The (1993)",Children's|Comedy|Musical,M,25,0,02131
5831,551,3,957897336,"Nightmare Before Christmas, The (1993)",Children's|Comedy|Musical,M,25,1,92120
5650,1278,3,1027917775,Young Frankenstein (1974),Comedy|Horror,F,35,12,91104
5717,1278,3,958743414,Young Frankenstein (1974),Comedy|Horror,M,25,0,03766
6002,144,4,999473641,"Brothers McMullen, The (1995)",Comedy,M,50,0,43231
5541,949,3,959523605,East of Eden (1955),Drama,M,56,7,93924
5613,745,5,959135099,"Close Shave, A (1995)",Animation|Comedy|Thriller,F,35,0,98622
5458,3148,3,1014696959,"Cider House Rules, The (1999)",Drama,F,18,2,98102
5569,1246,5,959309768,Dead Poets Society (1989),Drama,F,18,1,07666
5654,3148,4,1045161266,"Cider House Rules, The (1999)",Drama,M,25,4,95616
5836,3148,4,957844408,"Cider House Rules, The (1999)",Drama,M,25,0,91604
5359,1258,4,960603406,"Shining, The (1980)",Horror,M,18,16,27705
6018,1097,5,956764339,E.T. the Extra-Terrestrial (1982),Children's|Drama|Fantasy|Sci-Fi,M,35,1,48906
6040,1258,4,997453909,"Shining, The (1980)",Horror,M,25,6,11106
5394,1416,3,981231072,Evita (1996),Drama|Musical,M,18,0,60618
5544,2700,3,959498939,"South Park: Bigger, Longer and Uncut (1999)",Animation|Comedy,M,25,15,08876
5794,2700,4,958070625,"South Park: Bigger, Longer and Uncut (1999)",Animation|Comedy,M,35,17,53703
5809,2700,5,957983287,"South Park: Bigger, Longer and Uncut (1999)",Animation|Comedy,M,25,7,37206
5963,2700,5,957018262,"South Park: Bigger, Longer and Uncut (1999)",Animation|Comedy,M,25,15,02140
5759,2417,4,959819321,Heartburn (1986),Comedy|Drama,F,25,1,08904
5571,1009,4,959304387,Escape to Witch Mountain (1975),Adventure|Children's|Fantasy,F,25,9,07307
5614,1387,4,959188650,Jaws (1975),Action|Horror,M,25,0,12833
5324,36,4,960857146,Dead Man Walking (1995),Drama,M,25,7,02150
5367,3444,2,960500390,Bloodsport (1988),Action,M,18,4,55344
5603,1217,1,959210896,Ran (1985),Drama|War,M,50,7,02461
5664,2746,4,958846922,Little Shop of Horrors (1986),Comedy|Horror|Musical,M,18,4,48363
5333,3668,4,960825261,Romeo and Juliet (1968),Drama|Romance,F,25,7,02332
5340,1413,4,960701455,"Whole Wide World, The (1996)",Drama,F,50,3,95032
5649,2706,5,958867765,American Pie (1999),Comedy,F,18,4,90025
5813,2706,4,957916769,American Pie (1999),Comedy,M,25,7,94117
