user_id,movie_id,rating,timestamp,title,genres,gender,age,occupation,zip_code
174,1580,3,977149770,Men in Black (1997),Action|Adventure|Comedy|Sci-Fi,M,25,16,21203
216,2366,4,976868926,King Kong (1933),Action|Adventure|Horror,M,45,13,52761
498,1238,3,977848721,Local Hero (1983),Comedy,M,35,17,55113
26,540,3,978271857,Sliver (1993),Thriller,M,25,7,23112
33,1721,5,978109979,Titanic (1997),Drama|Romance,M,45,3,55421
146,1721,4,1022003814,Titanic (1997),Drama|Romance,F,35,20,10954
175,1721,4,977112263,Titanic (1997),Drama|Romance,F,25,2,95123
195,392,5,1029556813,"Secret Adventures of Tom Thumb, The (1993)",Adventure|Children's,M,25,12,10458
200,1127,4,976957926,"Abyss, The (1989)",Action|Adventure|Sci-Fi|Thriller,F,18,4,84321
256,858,5,976677508,"Godfather, The (1972)",Action|Crime|Drama,M,45,16,55076
329,1721,4,976392792,Titanic (1997),Drama|Romance,M,35,7,02115
360,1127,3,976316465,"Abyss, The (1989)",Action|Adventure|Sci-Fi|Thriller,M,35,17,28208
365,1721,4,976404373,Titanic (1997),Drama|Romance,F,18,4,02138
377,1084,3,976303337,Bonnie and Clyde (1967),Crime|Drama,M,25,17,55418
445,3179,4,976241502,Angela's Ashes (1999),Drama,M,45,12,55117
524,1483,5,976171529,Crash (1996),Drama|Thriller,M,18,0,91320
646,1127,4,975781502,"Abyss, The (1989)",Action|Adventure|Sci-Fi|Thriller,M,35,7,08505
676,858,5,975685384,"Godfather, The (1972)",Action|Crime|Drama,M,18,16,55129
53,1352,3,977974445,Albino Alligator (1996),Crime|Thriller,M,25,0,96931
69,1699,2,977882255,"Butcher Boy, The (1998)",Drama,F,25,1,02143
195,1339,5,977086202,Bram Stoker's Dracula (1992),Horror|Romance,M,25,12,10458
216,2572,3,976863023,10 Things I Hate About You (1999),Comedy|Romance,M,45,13,52761
242,3000,4,982725424,"Princess Mononoke, The (Mononoke Hime) (1997)",Action|Adventure|Animation,F,18,4,53706
442,2393,4,997231582,Star Trek: Insurrection (1998),Action|Sci-Fi,M,25,1,55105
522,1270,4,976197097,Back to the Future (1985),Comedy|Sci-Fi,M,25,12,55124
712,1339,5,976140627,Bram Stoker's Dracula (1992),Horror|Romance,M,25,0,95136
142,1265,2,977352483,Groundhog Day (1993),Comedy|Romance,M,25,7,10011
208,1265,2,984509966,Groundhog Day (1993),Comedy|Romance,M,35,17,55432
229,3089,4,1046325739,"Bicycle Thief, The (Ladri di biciclette) (1948)",Drama,M,18,10,04576
371,1265,2,976314895,Groundhog Day (1993),Comedy|Romance,M,18,4,02141
549,1265,5,976070010,Groundhog Day (1993),Comedy|Romance,M,25,6,53217
655,2443,3,975699198,Playing by Heart (1998),Drama|Romance,F,25,2,92629
677,3089,4,975610164,"Bicycle Thief, The (Ladri di biciclette) (1948)",Drama,M,50,2,94122
78,2096,3,977811665,Sleeping Beauty (1959),Animation|Children's|Musical,F,45,1,98029
190,804,3,977028491,She's the One (1996),Comedy|Romance,M,25,17,55125
271,3105,4,986184119,Awakenings (1990),Drama,M,18,4,48202
333,898,5,996355975,"Philadelphia Story, The (1940)",Comedy|Romance,M,35,2,55410
340,3028,3,976342548,"Taming of the Shrew, The (1967)",Comedy,F,25,3,28001
539,588,3,976140491,Aladdin (1992),Animation|Children's|Comedy|Musical,M,25,2,55103
22,2542,4,980065957,"Lock, Stock & Two Smoking Barrels (1998)",Comedy|Crime|Thriller,M,18,15,53706
173,2238,5,1023478112,Seven Beauties (Pasqualino Settebellezze) (1976),Comedy|Drama,M,25,0,45237
208,2542,4,980714487,"Lock, Stock & Two Smoking Barrels (1998)",Comedy|Crime|Thriller,M,35,17,55432
299,296,5,998517948,Pulp Fiction (1994),Crime|Drama,M,25,12,97370
329,296,5,976393368,Pulp Fiction (1994),Crime|Drama,M,35,7,02115
352,1466,5,976331508,Donnie Brasco (1997),Crime|Drama,M,18,4,60115
620,2542,3,975800387,"Lock, Stock & Two Smoking Barrels (1998)",Comedy|Crime|Thriller,M,18,0,13210
687,296,5,975599899,Pulp Fiction (1994),Crime|Drama,F,25,7,14136
716,296,5,976500025,Pulp Fiction (1994),Crime|Drama,M,18,4,98188
135,2396,5,977417066,Shakespeare in Love (1998),Comedy|Romance,M,18,4,20006
224,2396,4,991699485,Shakespeare in Love (1998),Comedy|Romance,F,18,4,14850
549,3703,3,976117102,Mad Max 2 (a.k.a. The Road Warrior) (1981),Action|Sci-Fi,M,25,6,53217
509,362,3,976296465,"Jungle Book, The (1994)",Adventure|Children's|Romance,M,25,2,55125
631,3087,2,975779209,Scrooged (1988),Comedy,M,35,17,28601
148,1653,2,977354128,Gattaca (1997),Drama|Sci-Fi|Thriller,M,50,17,57747
163,1468,2,977322749,Booty Call (1997),Comedy|Romance,M,18,4,85013
359,1653,4,976317246,Gattaca (1997),Drama|Sci-Fi|Thriller,M,25,17,55128
453,3441,4,976335867,Red Dawn (1984),Action|War,M,18,4,55102
475,3441,4,976220600,Red Dawn (1984),Action|War,F,25,2,55421
516,593,5,976205567,"Silence of the Lambs, The (1991)",Drama|Thriller,F,56,14,55033
532,1653,4,976140601,Gattaca (1997),Drama|Sci-Fi|Thriller,M,25,7,94301
552,1199,3,976064458,Brazil (1985),Sci-Fi,M,50,18,23456
566,593,4,976210365,"Silence of the Lambs, The (1991)",Drama|Thriller,M,25,17,92122
735,593,5,975478390,"Silence of the Lambs, The (1991)",Drama|Thriller,M,25,14,04240
516,950,4,976205378,"Thin Man, The (1934)",Mystery,F,56,14,55033
528,3844,4,980655204,Steel Magnolias (1989),Drama,F,18,17,83843
608,3661,3,975865107,Puppet Master II (1990),Horror|Sci-Fi|Thriller,M,18,4,18011
678,950,5,989501604,"Thin Man, The (1934)",Mystery,M,25,0,34952
749,950,3,1007969900,"Thin Man, The (1934)",Mystery,M,35,18,56303
752,1561,3,991951687,Wedding Bell Blues (1996),Comedy,F,25,3,97401
166,34,3,977187223,Babe (1995),Children's|Comedy|Drama,M,18,4,92802
195,368,4,980135698,Maverick (1994),Action|Comedy|Western,M,25,12,10458
331,34,5,976848780,Babe (1995),Children's|Comedy|Drama,M,25,7,55902
691,34,5,1010907849,Babe (1995),Children's|Comedy|Drama,M,35,11,96813
692,1198,5,975738425,Raiders of the Lost Ark (1981),Action|Adventure,F,25,0,85207
45,1500,1,977990604,Grosse Pointe Blank (1997),Comedy|Crime,F,45,16,94110
73,2003,3,981605211,Gremlins (1984),Comedy|Horror,M,18,4,53706
402,2003,3,976296270,Gremlins (1984),Comedy|Horror,M,25,11,55427
566,1378,2,976041262,Young Guns (1988),Action|Comedy|Western,M,25,17,92122
343,2662,4,988596399,"War of the Worlds, The (1953)",Action|Sci-Fi|War,F,35,3,55127
415,2463,3,976287661,Ruthless People (1986),Comedy,F,35,0,55406
552,1441,4,976063367,Benny & Joon (1993),Comedy|Romance,M,50,18,23456
660,3841,3,975691679,Air America (1990),Action|Comedy,M,45,16,70507
57,1274,4,977936099,Akira (1988),Adventure|Animation|Sci-Fi|Thriller,M,18,19,30350
422,2355,2,1042065136,"Bug's Life, A (1998)",Animation|Children's|Comedy,M,56,17,55104
438,596,3,976249545,Pinocchio (1940),Animation|Children's,M,18,11,53705
524,596,4,976172617,Pinocchio (1940),Animation|Children's,M,18,0,91320
692,1243,5,977702096,Rosencrantz and Guildenstern Are Dead (1990),Comedy|Drama,F,25,0,85207
716,596,4,982884202,Pinocchio (1940),Animation|Children's,M,18,4,98188
749,2355,3,975477163,"Bug's Life, A (1998)",Animation|Children's|Comedy,M,35,18,56303
327,1163,3,976397718,Mina Tannenbaum (1994),Drama,M,35,18,55448
699,1752,3,975557465,Hard Rain (1998),Action|Thriller,M,18,0,73505
216,1307,4,976862194,When Harry Met Sally... (1989),Comedy|Romance,M,45,13,52761
274,1276,5,976594335,Cool Hand Luke (1967),Comedy|Drama,M,18,4,55455
429,3624,3,976257749,Shanghai Noon (2000),Action,M,18,0,54901
481,587,4,976218540,Ghost (1990),Comedy|Romance|Thriller,M,45,7,55115
533,2094,3,976209523,"Rocketeer, The (1991)",Action|Adventure|Sci-Fi,M,25,12,27514
655,2015,2,975704968,"Absent Minded Professor, The (1961)",Children's|Comedy|Fantasy,F,25,2,92629
539,1480,5,976129475,Smilla's Sense of Snow (1997),Action|Drama|Thriller,M,25,2,55103
337,332,2,976349552,Village of the Damned (1995),Horror|Sci-Fi,M,18,19,80205
735,3270,3,975479066,"Cutting Edge, The (1992)",Drama,M,25,14,04240
91,1294,4,977666384,M*A*S*H (1970),Comedy|War,M,35,7,07650
297,1294,4,976511751,M*A*S*H (1970),Comedy|War,M,18,2,97211
343,1019,3,988596419,"20,000 Leagues Under the Sea (1954)",Adventure|Children's|Fantasy|Sci-Fi,F,35,3,55127
360,1019,4,976316627,"20,000 Leagues Under the Sea (1954)",Adventure|Children's|Fantasy|Sci-Fi,M,35,17,28208
19,2644,4,978555222,Dracula (1931),Horror,M,1,10,48073
167,3481,5,977177471,High Fidelity (2000),Comedy,F,25,11,10022
244,3528,4,976736716,"Prince of Tides, The (1991)",Drama|Romance,M,50,7,19072
264,1350,1,976712924,"Omen, The (1976)",Horror,M,35,0,20755
319,3783,4,1011922168,Croupier (1998),Crime|Drama,F,50,6,33436
161,1280,5,977219164,Raise the Red Lantern (1991),Drama,M,45,16,98107-2117
271,1148,5,976635424,"Wrong Trousers, The (1993)",Animation|Comedy,M,18,4,48202
368,1689,3,976670387,"Man Who Knew Too Little, The (1997)",Comedy|Mystery,M,25,0,90293
390,1148,5,976312673,"Wrong Trousers, The (1993)",Animation|Comedy,M,25,4,55405
406,1210,4,976290750,Star Wars: Episode VI - Return of the Jedi (1983),Action|Adventure|Romance|Sci-Fi|War,M,25,20,55105
424,1363,3,1017850758,"Preacher's Wife, The (1996)",Drama,M,25,17,55112
435,1210,4,976247801,Star Wars: Episode VI - Return of the Jedi (1983),Action|Adventure|Romance|Sci-Fi|War,M,25,7,55125
440,1210,3,976241904,Star Wars: Episode VI - Return of the Jedi (1983),Action|Adventure|Romance|Sci-Fi|War,M,56,1,32940
610,1210,4,975862248,Star Wars: Episode VI - Return of the Jedi (1983),Action|Adventure|Romance|Sci-Fi|War,M,25,4,77025
624,1210,3,975786710,Star Wars: Episode VI - Return of the Jedi (1983),Action|Adventure|Romance|Sci-Fi|War,M,25,1,75207
48,329,3,978064743,Star Trek: Generations (1994),Action|Adventure|Sci-Fi,M,25,4,92107
235,1260,5,976770448,M (1931),Crime|Film-Noir|Thriller,M,25,0,98153
249,1093,5,976730666,"Doors, The (1991)",Drama|Musical,F,18,14,48126
321,2723,3,976415510,Mystery Men (1999),Action|Adventure|Comedy,M,18,4,55128
445,2723,2,976241801,Mystery Men (1999),Action|Adventure|Comedy,M,45,12,55117
469,3196,5,976225220,Stalag 17 (1953),Drama|War,M,35,6,55122
512,350,3,976206212,"Client, The (1994)",Drama|Mystery|Thriller,M,35,0,55379
699,350,3,975562842,"Client, The (1994)",Drama|Mystery|Thriller,M,18,0,73505
712,1093,3,975537440,"Doors, The (1991)",Drama|Musical,M,25,0,95136
753,1046,5,1012165921,Beautiful Thing (1996),Drama|Romance,M,1,10,42754
9,2692,4,978225429,Run Lola Run (Lola rennt) (1998),Action|Crime|Romance,M,25,17,61614
390,2692,4,976298011,Run Lola Run (Lola rennt) (1998),Action|Crime|Romance,M,25,4,55405
425,223,4,976281414,Clerks (1994),Comedy,M,25,12,55303
429,223,3,976255592,Clerks (1994),Comedy,M,18,0,54901
533,2692,4,976141160,Run Lola Run (Lola rennt) (1998),Action|Crime|Romance,M,25,12,27514
655,223,4,975704551,Clerks (1994),Comedy,F,25,2,92629
720,2006,3,975530188,"Mask of Zorro, The (1998)",Action|Adventure|Romance,M,18,0,55129
456,1208,2,976300620,Apocalypse Now (1979),Drama|War,M,35,0,55105
637,2753,4,975734314,"Bedroom Window, The (1987)",Thriller,M,35,12,97132
645,1208,5,975715439,Apocalypse Now (1979),Drama|War,M,35,20,11215
651,1208,5,975708088,Apocalypse Now (1979),Drama|War,M,35,7,20895
31,1777,3,978121447,"Wedding Singer, The (1998)",Comedy|Romance,M,56,7,06840
308,1077,2,976484078,Sleeper (1973),Comedy|Sci-Fi,M,25,2,10025
390,1978,3,976311418,Friday the 13th Part V: A New Beginning (1985),Horror,M,25,4,55405
735,2502,4,975646688,Office Space (1999),Comedy|Romance,M,25,14,04240
19,2789,3,978554929,Damien: Omen II (1978),Horror,M,1,10,48073
235,3546,4,977093578,What Ever Happened to Baby Jane? (1962),Drama|Thriller,M,25,0,98153
264,2255,2,976715108,Young Doctors in Love (1982),Comedy,M,35,0,20755
636,2668,3,975752288,Swamp Thing (1982),Horror|Sci-Fi,M,18,20,92055
587,1249,2,976899720,Nikita (La Femme Nikita) (1990),Thriller,M,25,20,92649
31,3200,3,978121652,"Last Detail, The (1973)",Comedy|Drama,M,56,7,06840
31,2407,4,978121675,Cocoon (1985),Comedy|Sci-Fi,M,56,7,06840
44,2407,4,978040851,Cocoon (1985),Comedy|Sci-Fi,M,45,17,98052
313,1961,4,976474191,Rain Man (1988),Drama,F,18,4,02138
331,1961,4,1000331075,Rain Man (1988),Drama,M,25,7,55902
687,22,3,975690901,Copycat (1995),Crime|Drama|Thriller,F,25,7,14136
482,230,2,976242876,Dolores Claiborne (1994),Drama|Thriller,M,25,14,55305
139,2414,5,977361967,Young Sherlock Holmes (1985),Action|Adventure|Mystery,F,25,20,45409
175,924,5,977114786,2001: A Space Odyssey (1968),Drama|Mystery|Sci-Fi|Thriller,F,25,2,95123
187,232,4,977076881,Eat Drink Man Woman (1994),Comedy|Drama,F,45,1,94061
319,225,2,976420569,Disclosure (1994),Drama|Thriller,F,50,6,33436
396,232,3,976297230,Eat Drink Man Woman (1994),Comedy|Drama,M,25,1,56187
456,924,3,976300856,2001: A Space Odyssey (1968),Drama|Mystery|Sci-Fi|Thriller,M,35,0,55105
490,924,1,976215864,2001: A Space Odyssey (1968),Drama|Mystery|Sci-Fi|Thriller,M,1,10,55345
506,233,2,976207932,Exotica (1994),Drama,M,25,16,55103-1006
678,2042,3,992096073,D2: The Mighty Ducks (1994),Children's|Comedy,M,25,0,34952
731,2724,3,975530631,Runaway Bride (1999),Comedy|Romance,M,45,3,55410
26,1588,2,978142647,George of the Jungle (1997),Children's|Comedy,M,25,7,23112
205,861,5,976922339,Supercop (1992),Action|Thriller,M,35,12,97333
302,539,4,976506535,Sleepless in Seattle (1993),Comedy|Romance,M,18,4,04901
412,3244,4,976560182,"Goodbye Girl, The (1977)",Comedy|Romance,M,35,15,55117
587,2791,5,975946580,Airplane! (1980),Comedy,M,25,20,92649
670,2791,4,975627921,Airplane! (1980),Comedy,M,25,12,30303
118,2628,5,977501154,Star Wars: Episode I - The Phantom Menace (1999),Action|Adventure|Fantasy|Sci-Fi,M,35,17,22315
169,3504,2,977197993,Network (1976),Comedy|Drama,M,25,7,55439
299,2628,3,976660671,Star Wars: Episode I - The Phantom Menace (1999),Action|Adventure|Fantasy|Sci-Fi,M,25,12,97370
406,2628,3,976295764,Star Wars: Episode I - The Phantom Menace (1999),Action|Adventure|Fantasy|Sci-Fi,M,25,20,55105
449,2628,4,976234539,Star Wars: Episode I - The Phantom Menace (1999),Action|Adventure|Fantasy|Sci-Fi,M,25,7,85037
488,2628,3,976215088,Star Wars: Episode I - The Phantom Menace (1999),Action|Adventure|Fantasy|Sci-Fi,M,25,12,55107
522,1197,5,976196961,"Princess Bride, The (1987)",Action|Adventure|Comedy|Romance,M,25,12,55124
621,1729,5,975800032,Jackie Brown (1997),Crime|Drama,M,18,4,93560
685,1197,4,975601460,"Princess Bride, The (1987)",Action|Adventure|Comedy|Romance,M,25,4,27514
18,1207,5,978156168,To Kill a Mockingbird (1962),Drama,F,18,3,95825
163,47,2,977213837,Seven (Se7en) (1995),Crime|Thriller,M,18,4,85013
289,47,4,976567657,Seven (Se7en) (1995),Crime|Thriller,F,25,0,11801
466,2109,4,976227464,"Jerk, The (1979)",Comedy,M,25,5,55405
438,1206,5,976248315,"Clockwork Orange, A (1971)",Sci-Fi,M,18,11,53705
34,353,4,978104414,"Crow, The (1994)",Action|Romance|Thriller,F,18,0,02135
58,1586,3,977936040,G.I. Jane (1997),Action|Drama|War,M,25,2,30303
269,2616,4,976640505,Dick Tracy (1990),Action|Crime,M,25,2,55408
412,1542,3,976288749,Brassed Off (1996),Comedy|Drama|Romance,M,35,15,55117
470,2092,3,976224103,"Return of Jafar, The (1993)",Animation|Children's|Musical,F,1,10,55068
528,1542,4,976410691,Brassed Off (1996),Comedy|Drama|Romance,F,18,17,83843
549,1542,5,976068845,Brassed Off (1996),Comedy|Drama|Romance,M,25,6,53217
698,3379,5,1015124986,On the Beach (1959),Drama,M,18,4,76401
195,1306,4,988478363,Until the End of the World (Bis ans Ende der Welt) (1991),Drama|Sci-Fi,M,25,12,10458
264,2108,4,976712762,L.A. Story (1991),Comedy|Romance,M,35,0,20755
346,1288,5,976334292,This Is Spinal Tap (1984),Comedy|Drama|Musical,F,25,0,55110
518,955,5,1037916421,Bringing Up Baby (1938),Comedy,F,35,12,75240
531,955,5,979156918,Bringing Up Baby (1938),Comedy,F,18,14,22206
656,3095,4,975696779,"Grapes of Wrath, The (1940)",Drama,F,45,16,92106
22,473,2,978154448,In the Army Now (1994),Comedy|War,M,18,15,53706
33,912,3,978557865,Casablanca (1942),Drama|Romance|War,M,45,3,55421
53,581,5,977990888,"Celluloid Closet, The (1995)",Documentary,M,25,0,96931
117,1681,2,977501864,Mortal Kombat: Annihilation (1997),Action|Adventure,M,25,17,33314
323,2840,4,976974844,Stigmata (1999),Thriller,M,45,12,53716
403,912,3,976301833,Casablanca (1942),Drama|Romance|War,M,18,4,02138
601,3753,4,975879842,"Patriot, The (2000)",Action|Drama|War,F,18,20,06320
604,3753,4,975869550,"Patriot, The (2000)",Action|Drama|War,M,45,17,32256
624,912,3,975787603,Casablanca (1942),Drama|Romance|War,M,25,1,75207
674,1266,5,975619809,Unforgiven (1992),Western,M,25,17,22042
53,3927,4,977976093,Fantastic Voyage (1966),Adventure|Sci-Fi,M,25,0,96931
139,1304,4,977361121,Butch Cassidy and the Sundance Kid (1969),Action|Comedy|Western,F,25,20,45409
202,3421,4,976940032,Animal House (1978),Comedy,M,18,4,53706
295,3798,4,976526948,What Lies Beneath (2000),Thriller,M,18,0,80203
392,1247,5,976551100,"Graduate, The (1967)",Drama|Romance,M,18,7,20037
721,2329,3,983719835,American History X (1998),Drama,F,35,9,97520
333,2941,3,996353065,South Pacific (1958),Musical|Romance|War,M,35,2,55410
1,1,5,978824268,Toy Story (1995),Animation|Children's|Comedy,F,1,10,48067
343,1,5,1003251499,Toy Story (1995),Animation|Children's|Comedy,F,35,3,55127
436,1391,1,976245075,Mars Attacks! (1996),Action|Comedy|Sci-Fi|War,M,18,4,43023
706,3125,3,975544160,"End of the Affair, The (1999)",Drama,M,35,20,78664
33,1302,2,978109513,Field of Dreams (1989),Drama,M,45,3,55421
242,1485,4,976751158,Liar Liar (1997),Comedy,F,18,4,53706
299,3060,5,976689353,"Commitments, The (1991)",Comedy|Drama,M,25,12,97370
302,3147,4,976505208,"Green Mile, The (1999)",Drama|Thriller,M,18,4,04901
566,2138,4,976209959,Watership Down (1978),Animation|Children's|Drama|Fantasy,M,25,17,92122
601,1302,2,975884390,Field of Dreams (1989),Drama,F,18,20,06320
639,3147,4,975811088,"Green Mile, The (1999)",Drama|Thriller,M,45,17,85202
713,3861,3,975536621,"Replacements, The (2000)",Comedy,M,35,7,79912
147,1722,4,977336736,Tomorrow Never Dies (1997),Action|Romance|Thriller,M,18,4,91360
346,3111,4,976336881,Places in the Heart (1984),Drama,F,25,0,55110
438,3210,4,976674403,Fast Times at Ridgemont High (1982),Comedy,M,18,11,53705
475,1616,4,976220580,"Peacemaker, The (1997)",Action|Thriller|War,F,25,2,55421
123,1608,2,977530089,Air Force One (1997),Action|Thriller,M,35,9,67208
165,3032,5,977199986,"Omega Man, The (1971)",Sci-Fi,M,18,16,98502
310,2059,3,976482754,"Parent Trap, The (1998)",Children's|Drama,F,18,4,31207
319,1644,2,976427154,I Know What You Did Last Summer (1997),Horror|Mystery|Thriller,F,50,6,33436
328,1608,3,976396337,Air Force One (1997),Action|Thriller,M,35,12,80401
476,3032,5,976219797,"Omega Man, The (1971)",Sci-Fi,M,35,0,55127
549,442,2,976470225,Demolition Man (1993),Action|Sci-Fi,M,25,6,53217
31,1663,4,978121088,Stripes (1981),Comedy,M,56,7,06840
34,2471,2,978104253,Crocodile Dundee II (1988),Adventure|Comedy,F,18,0,02135
53,280,5,977974218,Murder in the First (1995),Drama|Thriller,M,25,0,96931
123,2455,4,977531106,"Fly, The (1986)",Horror|Sci-Fi,M,35,9,67208
302,1663,4,976504638,Stripes (1981),Comedy,M,18,4,04901
134,474,4,978038302,In the Line of Fire (1993),Action|Thriller,M,25,0,66212
199,1100,3,976978742,Days of Thunder (1990),Action|Romance,M,18,4,83706
331,2433,3,978884570,"Civil Action, A (1998)",Drama,M,25,7,55902
424,1100,4,1016720311,Days of Thunder (1990),Action|Romance,M,25,17,55112
609,1089,4,975868264,Reservoir Dogs (1992),Crime|Thriller,M,25,7,10012
673,86,1,975620270,White Squall (1996),Adventure|Drama,M,25,20,10023
692,6,5,977701221,Heat (1995),Action|Crime|Thriller,F,25,0,85207
3,2470,4,978297777,Crocodile Dundee (1986),Adventure|Comedy,M,25,15,55117
52,2699,3,977947651,Arachnophobia (1990),Action|Comedy|Sci-Fi|Thriller,M,18,4,72212
111,852,4,977512552,Tin Cup (1996),Comedy|Romance,M,35,15,55416
265,1952,4,976648898,Midnight Cowboy (1969),Drama,F,35,7,55116
636,2699,4,975752740,Arachnophobia (1990),Action|Comedy|Sci-Fi|Thriller,M,18,20,92055
710,2699,4,975741215,Arachnophobia (1990),Action|Comedy|Sci-Fi|Thriller,M,25,20,85207
73,2196,2,977867653,Knock Off (1998),Action,M,18,4,53706
139,1218,5,977361734,"Killer, The (Die xue shuang xiong) (1989)",Action|Thriller,F,25,20,45409
245,2422,1,976735634,"Karate Kid III, The (1989)",Action|Adventure|Drama,M,35,16,66046
264,1380,3,976714698,Grease (1978),Comedy|Musical|Romance,M,35,0,20755
272,1834,3,976696929,"Spanish Prisoner, The (1997)",Drama|Thriller,M,18,0,80302
306,998,4,979169525,Set It Off (1996),Action|Crime,M,18,0,53051
329,3,4,976473371,Grumpier Old Men (1995),Comedy|Romance,M,35,7,02115
402,1242,4,976294941,Glory (1989),Action|Drama|War,M,25,11,55427
424,2877,3,1017695332,Tommy (1975),Drama|Musical,M,25,17,55112
536,1218,3,976137786,"Killer, The (Die xue shuang xiong) (1989)",Action|Thriller,M,25,20,01267
424,328,3,1018275797,Tales From the Crypt Presents: Demon Knight (1995),Horror,M,25,17,55112
83,2161,5,977720896,"NeverEnding Story, The (1984)",Adventure|Children's|Fantasy,F,25,2,94609
150,2161,4,978162233,"NeverEnding Story, The (1984)",Adventure|Children's|Fantasy,M,35,7,98144
202,20,1,976939541,Money Train (1995),Action,M,18,4,53706
295,2686,2,976526829,"Red Violin, The (Le Violon rouge) (1998)",Drama|Mystery,M,18,0,80203
390,1997,4,976300697,"Exorcist, The (1973)",Horror,M,25,4,55405
411,2391,2,976894767,"Simple Plan, A (1998)",Crime|Thriller,F,45,1,43214
678,1275,4,988637650,Highlander (1986),Action|Adventure,M,25,0,34952
716,2161,5,975559238,"NeverEnding Story, The (1984)",Adventure|Children's|Fantasy,M,18,4,98188
62,500,3,977903676,Mrs. Doubtfire (1993),Comedy,F,35,3,98105
271,500,4,979881446,Mrs. Doubtfire (1993),Comedy,M,18,4,48202
698,3793,1,975558661,X-Men (2000),Action|Sci-Fi,M,18,4,76401
117,1994,4,977496422,Poltergeist (1982),Horror|Thriller,M,25,17,33314
517,2736,5,976203626,Brighton Beach Memoirs (1986),Comedy,F,25,14,55408
637,1994,3,975737806,Poltergeist (1982),Horror|Thriller,M,35,12,97132
136,3791,1,977423978,Footloose (1984),Drama,M,18,2,21202
195,340,5,983814305,"War, The (1994)",Adventure|Drama,M,25,12,10458
117,377,4,977501402,Speed (1994),Action|Romance|Thriller,M,25,17,33314
151,377,2,978681865,Speed (1994),Action|Romance|Thriller,F,25,20,85013
406,377,4,976655039,Speed (1994),Action|Romance|Thriller,M,25,20,55105
420,1273,5,976300195,Down by Law (1986),Comedy|Drama,M,35,1,55406
424,2560,4,1022507284,Ravenous (1999),Drama|Horror,M,25,17,55112
438,3120,4,976256941,"Distinguished Gentleman, The (1992)",Comedy,M,18,11,53705
527,1394,4,976161078,Raising Arizona (1987),Comedy,F,25,2,11201
705,2867,3,975546581,Fright Night (1985),Comedy|Horror,M,25,4,48065
710,3863,4,975539467,"Cell, The (2000)",Sci-Fi|Thriller,M,25,20,85207
98,920,5,977619248,Gone with the Wind (1939),Drama|Romance|War,F,35,7,33547
324,3489,4,976407731,Hook (1991),Adventure|Fantasy,M,35,17,55106
531,920,4,976141100,Gone with the Wind (1939),Drama|Romance|War,F,18,14,22206
546,920,5,976068196,Gone with the Wind (1939),Drama|Romance|War,F,25,0,37211
569,2384,2,976237840,Babe: Pig in the City (1998),Children's|Comedy,F,18,4,97339
613,3699,4,975811685,Starman (1984),Adventure|Drama|Romance|Sci-Fi,M,35,20,10562
153,2694,5,978483205,Big Daddy (1999),Comedy,M,1,10,51537
402,2405,3,976293330,"Jewel of the Nile, The (1985)",Action|Adventure|Comedy|Romance,M,25,11,55427
463,1968,4,976227717,"Breakfast Club, The (1985)",Comedy|Drama,M,25,7,55105
658,1968,5,975691602,"Breakfast Club, The (1985)",Comedy|Drama,F,25,0,10021
19,919,4,978555814,"Wizard of Oz, The (1939)",Adventure|Children's|Drama|Musical,M,1,10,48073
102,923,4,1039275228,Citizen Kane (1941),Drama,M,35,19,20871
253,306,4,976688088,Three Colors: Red (1994),Drama,F,25,11,97370
340,923,4,976341219,Citizen Kane (1941),Drama,F,25,3,28001
605,292,4,975870294,Outbreak (1995),Action|Drama|Thriller,F,18,4,44425
624,1355,1,1028382102,Nightwatch (1997),Horror|Thriller,M,25,1,75207
664,923,5,975990710,Citizen Kane (1941),Drama,M,35,18,74601
38,1917,3,978045850,Armageddon (1998),Action|Adventure|Sci-Fi|Thriller,F,18,4,02215
328,1917,2,976396511,Armageddon (1998),Action|Adventure|Sci-Fi|Thriller,M,35,12,80401
187,1191,4,977232144,Madonna: Truth or Dare (1991),Documentary,F,45,1,94061
583,2640,3,993161443,Superman (1978),Action|Adventure|Sci-Fi,F,25,0,48067
199,1605,2,976978581,Excess Baggage (1997),Adventure|Romance,M,18,4,83706
474,1701,3,976239445,Deconstructing Harry (1997),Comedy|Drama,M,25,17,92126
8,650,5,978230943,Moll Flanders (1996),Drama,M,25,12,11413
101,1835,3,977577431,City of Angels (1998),Romance,F,18,3,33314
182,507,3,977084563,"Perfect World, A (1993)",Action|Drama,M,18,4,03052
261,2203,4,976667424,Shadow of a Doubt (1943),Film-Noir|Thriller,M,25,20,75801
284,2985,2,976571531,Robocop (1987),Action|Crime|Sci-Fi,M,25,12,91910
549,1407,4,976116335,Scream (1996),Horror|Thriller,M,25,6,53217
549,1855,4,976071513,Krippendorf's Tribe (1998),Comedy,M,25,6,53217
691,2985,4,1010906359,Robocop (1987),Action|Crime|Sci-Fi,M,35,11,96813
10,2072,4,978230923,"'burbs, The (1989)",Comedy,F,35,1,95370
133,3552,1,977423645,Caddyshack (1980),Comedy,F,25,0,55071
161,2268,4,977222366,"Few Good Men, A (1992)",Crime|Drama,M,45,16,98107-2117
205,1232,5,976923595,Stalker (1979),Mystery|Sci-Fi,M,35,12,97333
406,2268,4,976295659,"Few Good Men, A (1992)",Crime|Drama,M,25,20,55105
673,1357,5,975619620,Shine (1996),Drama|Romance,M,25,20,10023
699,2268,4,975561649,"Few Good Men, A (1992)",Crime|Drama,M,18,0,73505
702,3552,4,975564455,Caddyshack (1980),Comedy,M,35,7,90808
454,2105,4,1025235381,Tron (1982),Action|Adventure|Fantasy|Sci-Fi,M,25,20,55092
687,3257,3,975691359,"Bodyguard, The (1992)",Action|Drama|Romance|Thriller,F,25,7,14136
692,2105,4,980622492,Tron (1982),Action|Adventure|Fantasy|Sci-Fi,F,25,0,85207
36,2761,4,978061722,"Iron Giant, The (1999)",Animation|Children's,M,25,3,94123
65,2571,5,977887969,"Matrix, The (1999)",Action|Sci-Fi|Thriller,M,35,12,55803
184,3635,4,1038969851,"Spy Who Loved Me, The (1977)",Action,F,25,0,19001
192,3457,4,992885455,Waking the Dead (1999),Drama,M,18,1,10977
193,2571,3,1035342655,"Matrix, The (1999)",Action|Sci-Fi|Thriller,F,45,15,44106
216,2085,1,976871202,101 Dalmatians (1961),Animation|Children's,M,45,13,52761
225,3457,5,976830842,Waking the Dead (1999),Drama,M,25,7,11215
351,2571,4,976677796,"Matrix, The (1999)",Action|Sci-Fi|Thriller,M,18,4,55105
354,2761,3,976323642,"Iron Giant, The (1999)",Animation|Children's,M,35,1,55117
426,2761,4,976280688,"Iron Giant, The (1999)",Animation|Children's,M,18,4,55455
518,2950,2,980872195,"Blue Lagoon, The (1980)",Adventure|Drama|Romance,F,35,12,75240
730,2571,4,975510362,"Matrix, The (1999)",Action|Sci-Fi|Thriller,M,25,0,10580
292,780,3,976561462,Independence Day (ID4) (1996),Action|Sci-Fi|War,M,35,7,19406
415,2176,4,977500850,Rope (1948),Thriller,F,35,0,55406
687,415,3,975691359,Another Stakeout (1993),Comedy|Thriller,F,25,7,14136
272,1569,2,976696126,My Best Friend's Wedding (1997),Comedy|Romance,M,18,0,80302
325,3243,3,976402812,Encino Man (1992),Comedy,F,50,3,55112
424,1569,3,1016726225,My Best Friend's Wedding (1997),Comedy|Romance,M,25,17,55112
482,1186,3,976218946,"Sex, Lies, and Videotape (1989)",Drama,M,25,14,55305
639,1250,3,980476453,"Bridge on the River Kwai, The (1957)",Drama|War,M,45,17,85202
750,1186,4,976064605,"Sex, Lies, and Videotape (1989)",Drama,F,35,9,13066
265,1220,5,976648575,"Blues Brothers, The (1980)",Action|Comedy|Musical,F,35,7,55116
307,1222,4,976486741,Full Metal Jacket (1987),Action|Drama|War,M,50,16,90027
524,3181,4,976168151,Titus (1999),Drama,M,18,0,91320
688,1222,3,975634420,Full Metal Jacket (1987),Action|Drama|War,M,56,13,13407
11,764,5,978219869,Heavy (1995),Drama|Romance,F,25,1,04093
192,886,3,977782138,Bulletproof (1996),Action,M,18,1,10977
672,1252,4,975625395,Chinatown (1974),Film-Noir|Mystery|Thriller,M,35,7,46845
58,904,4,977936684,Rear Window (1954),Mystery|Thriller,M,25,2,30303
108,3675,3,977527518,White Christmas (1954),Musical,M,25,12,30316
591,2150,4,975909342,"Gods Must Be Crazy, The (1980)",Comedy,M,25,0,76201
321,455,2,976415558,Free Willy (1993),Adventure|Children's|Drama,M,18,4,55128
424,1035,5,989441581,"Sound of Music, The (1965)",Musical,M,25,17,55112
136,1253,4,977421570,"Day the Earth Stood Still, The (1951)",Drama|Sci-Fi,M,18,2,21202
377,1136,5,976302927,Monty Python and the Holy Grail (1974),Comedy,M,25,17,55418
651,1136,5,975709627,Monty Python and the Holy Grail (1974),Comedy,M,35,7,20895
710,1253,4,975741140,"Day the Earth Stood Still, The (1951)",Drama|Sci-Fi,M,25,20,85207
195,262,5,979084521,"Little Princess, A (1995)",Children's|Drama,M,25,12,10458
300,3527,4,976507112,Predator (1987),Action|Sci-Fi|Thriller,M,25,7,78664
431,3527,3,976251270,Predator (1987),Action|Sci-Fi|Thriller,M,18,10,55303
549,3824,1,1043334968,Autumn in New York (2000),Drama|Romance,M,25,6,53217
163,1732,1,977217451,"Big Lebowski, The (1998)",Comedy|Crime|Mystery|Thriller,M,18,4,85013
241,2278,4,976754257,Ronin (1998),Action|Crime|Thriller,M,35,20,55121
306,1894,3,979244233,Six Days Seven Nights (1998),Adventure|Comedy|Romance,M,18,0,53051
468,2106,3,976225801,Swing Kids (1993),Drama|War,F,1,10,55082
588,3404,2,975938426,Titanic (1953),Action|Drama,F,25,11,23220
724,2278,4,975523976,Ronin (1998),Action|Crime|Thriller,M,50,13,90266
117,1240,5,977495697,"Terminator, The (1984)",Action|Sci-Fi|Thriller,M,25,17,33314
205,1240,5,976922283,"Terminator, The (1984)",Action|Sci-Fi|Thriller,M,35,12,97333
216,3074,5,976869667,Jeremiah Johnson (1972),Western,M,45,13,52761
249,1240,4,976727321,"Terminator, The (1984)",Action|Sci-Fi|Thriller,F,18,14,48126
264,1240,4,976654341,"Terminator, The (1984)",Action|Sci-Fi|Thriller,M,35,0,20755
524,165,4,976171529,Die Hard: With a Vengeance (1995),Action|Thriller,M,18,0,91320
562,1240,5,976042862,"Terminator, The (1984)",Action|Sci-Fi|Thriller,M,35,20,48083
425,2734,5,976283793,"Mosquito Coast, The (1986)",Drama,M,25,12,55303
524,2732,5,976172053,Jules and Jim (Jules et Jim) (1961),Drama,M,18,0,91320
531,2036,3,978646535,Blank Check (1994),Children's|Comedy,F,18,14,22206
150,590,5,978162485,Dances with Wolves (1990),Adventure|Drama|Western,M,35,7,98144
173,1073,5,985285908,Willy Wonka and the Chocolate Factory (1971),Adventure|Children's|Comedy|Fantasy,M,25,0,45237
321,590,3,976415461,Dances with Wolves (1990),Adventure|Drama|Western,M,18,4,55128
322,590,5,978048752,Dances with Wolves (1990),Adventure|Drama|Western,M,56,17,55117
355,207,3,977031852,"Walk in the Clouds, A (1995)",Drama|Romance,M,18,3,55107
499,2942,5,976213479,Flashdance (1983),Drama|Romance,F,25,1,55108
587,590,1,977115817,Dances with Wolves (1990),Adventure|Drama|Western,M,25,20,92649
601,1073,5,975880236,Willy Wonka and the Chocolate Factory (1971),Adventure|Children's|Comedy|Fantasy,F,18,20,06320
655,590,1,975699564,Dances with Wolves (1990),Adventure|Drama|Western,F,25,2,92629
716,590,4,982880654,Dances with Wolves (1990),Adventure|Drama|Western,M,18,4,98188
18,2336,5,978156489,Elizabeth (1998),Drama,F,18,3,95825
76,3717,4,989092194,Gone in 60 Seconds (2000),Action|Crime,M,35,7,55413
131,1310,4,977433242,Hype! (1996),Documentary,M,18,4,06520
331,1747,5,976849031,Wag the Dog (1997),Comedy|Drama,M,25,7,55902
372,2336,4,980448130,Elizabeth (1998),Drama,F,18,4,72227
543,383,5,976120713,Wyatt Earp (1994),Western,M,25,5,55057
624,2336,5,1008626784,Elizabeth (1998),Drama,M,25,1,75207
721,2468,3,976465255,Jumpin' Jack Flash (1986),Action|Comedy|Romance|Thriller,F,35,9,97520
728,1747,3,975515102,Wag the Dog (1997),Comedy|Drama,M,25,6,11598
67,2067,5,977886703,Doctor Zhivago (1965),Drama|Romance|War,F,50,5,60181
314,2067,5,976473848,Doctor Zhivago (1965),Drama|Romance|War,F,56,9,46911
33,3334,3,978109054,Key Largo (1948),Crime|Drama|Film-Noir|Thriller,M,45,3,55421
114,531,4,977506076,"Secret Garden, The (1993)",Children's|Drama,F,25,2,83712
192,3471,4,977089551,Close Encounters of the Third Kind (1977),Drama|Sci-Fi,M,18,1,10977
267,531,4,976644537,"Secret Garden, The (1993)",Children's|Drama,M,45,12,55001
319,486,2,976427011,Life with Mikey (1993),Comedy,F,50,6,33436
453,3471,5,976235821,Close Encounters of the Third Kind (1977),Drama|Sci-Fi,M,18,4,55102
514,3471,4,976203632,Close Encounters of the Third Kind (1977),Drama|Sci-Fi,M,25,2,55113
604,3471,3,975871076,Close Encounters of the Third Kind (1977),Drama|Sci-Fi,M,45,17,32256
103,3697,4,977555478,Predator 2 (1990),Action|Sci-Fi|Thriller,M,45,7,92104
199,2657,3,976979469,"Rocky Horror Picture Show, The (1975)",Comedy|Horror|Musical|Sci-Fi,M,18,4,83706
214,1248,5,976899838,Touch of Evil (1958),Crime|Film-Noir|Thriller,M,18,20,80218
352,2657,3,976326128,"Rocky Horror Picture Show, The (1975)",Comedy|Horror|Musical|Sci-Fi,M,18,4,60115
392,318,5,976550921,"Shawshank Redemption, The (1994)",Drama,M,18,7,20037
424,1271,4,1038326419,Fried Green Tomatoes (1991),Drama,M,25,17,55112
424,318,4,1021039542,"Shawshank Redemption, The (1994)",Drama,M,25,17,55112
504,1248,4,976225893,Touch of Evil (1958),Crime|Film-Noir|Thriller,M,25,2,17003
591,3476,5,975908636,Jacob's Ladder (1990),Horror|Mystery|Thriller,M,25,0,76201
654,2735,1,975701401,"Golden Child, The (1986)",Action|Adventure|Comedy,M,50,7,75023
677,3068,3,975610767,"Verdict, The (1982)",Drama,M,50,2,94122
735,3697,3,975480234,Predator 2 (1990),Action|Sci-Fi|Thriller,M,25,14,04240
411,1641,4,997066286,"Full Monty, The (1997)",Comedy,F,45,1,43214
539,2826,5,976128763,"13th Warrior, The (1999)",Action|Horror|Thriller,M,25,2,55103
716,2826,5,975532674,"13th Warrior, The (1999)",Action|Horror|Thriller,M,18,4,98188
731,3671,5,975528827,Blazing Saddles (1974),Comedy|Western,M,45,3,55410
186,2805,4,977060163,Mickey Blue Eyes (1999),Comedy|Romance,M,18,5,91767
223,231,5,976903218,Dumb & Dumber (1994),Comedy,M,25,17,28262
361,3952,4,976640745,"Contender, The (2000)",Drama|Thriller,F,25,14,94115
454,231,2,1025236704,Dumb & Dumber (1994),Comedy,M,25,20,55092
481,3066,4,976219524,Tora! Tora! Tora! (1970),War,M,45,7,55115
528,3298,4,980037360,Boiler Room (2000),Drama,F,18,17,83843
149,2770,4,989246500,Bowfinger (1999),Comedy,M,25,1,29205
166,1967,3,977186282,Labyrinth (1986),Adventure|Children's|Fantasy,M,18,4,92802
482,2861,4,984552470,For Love of the Game (1999),Comedy|Drama,M,25,14,55305
605,586,3,975869656,Home Alone (1990),Children's|Comedy,F,18,4,44425
99,3114,4,977608844,Toy Story 2 (1999),Animation|Children's|Comedy,F,1,10,19390
117,2087,3,977502053,Peter Pan (1953),Animation|Children's|Fantasy|Musical,M,25,17,33314
205,3114,5,976923455,Toy Story 2 (1999),Animation|Children's|Comedy,M,35,12,97333
533,2598,3,976220275,Pushing Tin (1999),Comedy,M,25,12,27514
614,2078,4,975807553,"Jungle Book, The (1967)",Animation|Children's|Comedy|Musical,M,35,1,90024
380,3300,2,976300855,Pitch Black (2000),Action|Sci-Fi,M,25,2,92024
53,1982,5,977980147,Halloween (1978),Horror,M,25,0,96931
225,3408,4,976830816,Erin Brockovich (2000),Drama,M,25,7,11215
301,3408,4,976521181,Erin Brockovich (2000),Drama,M,18,4,61820
425,3408,3,976283467,Erin Brockovich (2000),Drama,M,25,12,55303
506,3408,5,976207889,Erin Brockovich (2000),Drama,M,25,16,55103-1006
210,2490,5,977100092,Payback (1999),Action|Thriller,F,1,10,25801
219,2718,4,976838451,Drop Dead Gorgeous (1999),Comedy,F,25,4,55113
78,3545,5,978570374,Cabaret (1972),Musical|War,F,45,1,98029
148,594,4,979575755,Snow White and the Seven Dwarfs (1937),Animation|Children's|Musical,M,50,17,57747
151,2324,4,992133424,Life Is Beautiful (La Vita è bella) (1997),Comedy|Drama,F,25,20,85013
178,594,4,977108862,Snow White and the Seven Dwarfs (1937),Animation|Children's|Musical,M,56,17,53705
183,3468,5,1024162762,"Hustler, The (1961)",Drama,F,45,1,55407
190,3499,4,977027863,Misery (1990),Horror,M,25,17,55125
195,880,4,977551797,"Island of Dr. Moreau, The (1996)",Sci-Fi|Thriller,M,25,12,10458
245,2080,4,976736114,Lady and the Tramp (1955),Animation|Children's|Comedy|Musical|Romance,M,35,16,66046
272,1589,2,976696443,Cop Land (1997),Crime|Drama|Mystery,M,18,0,80302
319,3499,4,976425539,Misery (1990),Horror,F,50,6,33436
326,3545,3,976402096,Cabaret (1972),Musical|War,M,50,11,25302
329,2324,1,976475340,Life Is Beautiful (La Vita è bella) (1997),Comedy|Drama,M,35,7,02115
424,2875,4,1029934725,Sommersby (1993),Drama|Mystery|Romance,M,25,17,55112
453,2947,5,976236398,Goldfinger (1964),Action,M,18,4,55102
485,2716,4,976216475,Ghostbusters (1984),Comedy|Horror,M,56,7,55042
581,2875,4,975965842,Sommersby (1993),Drama|Mystery|Romance,M,50,14,73543
192,2273,3,977781377,Rush Hour (1998),Action|Thriller,M,18,1,10977
219,1513,2,976838582,Romy and Michele's High School Reunion (1997),Comedy,F,25,4,55113
273,1377,4,976777342,Batman Returns (1992),Action|Adventure|Comedy|Crime,M,18,4,55427
334,900,4,976378826,"American in Paris, An (1951)",Musical|Romance,F,56,2,55113
482,3102,3,976242799,Jagged Edge (1985),Thriller,M,25,14,55305
505,1377,3,976208599,Batman Returns (1992),Action|Adventure|Comedy|Crime,M,35,17,37815
550,2273,4,976159040,Rush Hour (1998),Action|Thriller,M,45,8,21559
744,485,1,975468308,Last Action Hero (1993),Action|Comedy,M,25,17,77007
23,2202,3,978466115,Lifeboat (1944),Drama|Thriller|War,M,35,0,90049
613,1957,2,975811326,Chariots of Fire (1981),Drama,M,35,20,10562
655,2369,2,975707936,Desperately Seeking Susan (1985),Comedy|Romance,F,25,2,92629
190,3422,2,977027766,She's Gotta Have It (1986),Comedy|Romance,M,25,17,55125
199,1735,4,977006289,Great Expectations (1998),Drama|Romance,M,18,4,83706
235,800,5,980129182,Lone Star (1996),Drama|Mystery,M,25,0,98153
303,2171,4,976505582,"Next Stop, Wonderland (1998)",Comedy|Drama|Romance,M,25,7,20006
430,2171,1,976251543,"Next Stop, Wonderland (1998)",Comedy|Drama|Romance,F,18,10,55306
692,2174,4,977774125,Beetlejuice (1988),Comedy|Fantasy,F,25,0,85207
732,3710,4,975496158,Action Jackson (1988),Action|Comedy,M,25,7,07030
19,2081,3,978556083,"Little Mermaid, The (1989)",Animation|Children's|Comedy|Musical|Romance,M,1,10,48073
117,1037,3,977501708,"Lawnmower Man, The (1992)",Action|Sci-Fi|Thriller,M,25,17,33314
202,1727,3,976938001,"Horse Whisperer, The (1998)",Drama,M,18,4,53706
253,307,5,976688169,Three Colors: Blue (1993),Drama,F,25,11,97370
261,2081,4,976669644,"Little Mermaid, The (1989)",Animation|Children's|Comedy|Musical|Romance,M,25,20,75801
370,3273,3,976650987,Scream 3 (2000),Horror|Mystery|Thriller,M,18,17,22304
462,2081,3,976230923,"Little Mermaid, The (1989)",Animation|Children's|Comedy|Musical|Romance,M,18,16,55416
463,2081,3,976227698,"Little Mermaid, The (1989)",Animation|Children's|Comedy|Musical|Romance,M,25,7,55105
482,3273,3,976243166,Scream 3 (2000),Horror|Mystery|Thriller,M,25,14,55305
506,3273,3,976208186,Scream 3 (2000),Horror|Mystery|Thriller,M,25,16,55103-1006
549,1727,2,976069770,"Horse Whisperer, The (1998)",Drama,M,25,6,53217
754,3513,4,975454032,Rules of Engagement (2000),Drama|Thriller,M,35,7,38024
42,2872,3,978041282,Excalibur (1981),Action|Drama|Fantasy|Romance,M,25,8,24502
410,2111,5,976289624,"Man with Two Brains, The (1983)",Comedy,F,25,1,55417
412,2111,4,976562334,"Man with Two Brains, The (1983)",Comedy,M,35,15,55117
438,1036,4,981599721,Die Hard (1988),Action|Thriller,M,18,11,53705
496,1205,5,976213951,"Transformers: The Movie, The (1986)",Action|Animation|Children's|Sci-Fi|Thriller|War,M,18,4,55455
36,3505,5,978103544,No Way Out (1987),Thriller,M,25,3,94123
186,2581,5,977060187,Never Been Kissed (1999),Comedy|Romance,M,18,5,91767
531,1779,4,994109404,Sphere (1998),Adventure|Sci-Fi|Thriller,F,18,14,22206
676,445,3,975650215,Fatal Instinct (1993),Comedy,M,18,16,55129
90,2424,3,993875072,You've Got Mail (1998),Comedy|Romance,M,56,13,85749
376,2574,4,980621430,"Out-of-Towners, The (1999)",Comedy,M,35,1,80026
409,2574,2,976289556,"Out-of-Towners, The (1999)",Comedy,M,18,12,55122
476,930,4,976219053,Notorious (1946),Film-Noir|Romance|Thriller,M,35,0,55127
738,3889,2,976233584,Highlander: Endgame (2000),Action|Adventure|Fantasy,M,18,17,99205
75,2687,5,977850975,Tarzan (1999),Animation|Children's,F,1,10,01748
117,2687,3,977502053,Tarzan (1999),Animation|Children's,M,25,17,33314
541,2687,5,976124717,Tarzan (1999),Animation|Children's,F,18,4,5849574
563,2687,4,976042620,Tarzan (1999),Animation|Children's,M,25,4,53703
571,161,4,975998930,Crimson Tide (1995),Drama|Thriller|War,M,50,5,95401
692,161,4,975780503,Crimson Tide (1995),Drama|Thriller|War,F,25,0,85207
728,161,3,975514849,Crimson Tide (1995),Drama|Thriller|War,M,25,6,11598
752,161,3,1029309659,Crimson Tide (1995),Drama|Thriller|War,F,25,3,97401
73,1015,2,977866550,Homeward Bound: The Incredible Journey (1993),Adventure|Children's,M,18,4,53706
378,1060,5,976302136,Swingers (1996),Comedy|Drama,F,18,0,55105
424,1254,5,1018020848,"Treasure of the Sierra Madre, The (1948)",Adventure,M,25,17,55112
457,39,4,976389958,Clueless (1995),Comedy|Romance,M,18,4,54703
549,39,4,976070083,Clueless (1995),Comedy|Romance,M,25,6,53217
575,1060,4,975990628,Swingers (1996),Comedy|Drama,M,25,12,92130
22,1754,3,980066509,Fallen (1998),Action|Mystery|Thriller,M,18,15,53706
223,380,3,976902526,True Lies (1994),Action|Adventure|Comedy|Romance,M,25,17,28262
329,1041,4,979946975,Secrets & Lies (1996),Drama,M,35,7,02115
424,2315,3,1023883447,Bride of Chucky (1998),Horror|Thriller,M,25,17,55112
493,380,4,976217203,True Lies (1994),Action|Adventure|Comedy|Romance,M,50,7,55016
518,1287,5,978540052,Ben-Hur (1959),Action|Adventure|Drama,F,35,12,75240
30,162,2,978122010,Crumb (1994),Documentary,F,35,7,19143
62,2436,4,977903318,Tea with Mussolini (1999),Comedy,F,35,3,98105
454,162,5,976235083,Crumb (1994),Documentary,M,25,20,55092
562,514,2,976042654,"Ref, The (1994)",Comedy,M,35,20,48083
261,648,4,976667311,Mission: Impossible (1996),Action|Adventure|Mystery,M,25,20,75801
310,2717,2,976478226,Ghostbusters II (1989),Comedy|Horror,F,18,4,31207
343,648,3,976901020,Mission: Impossible (1996),Action|Adventure|Mystery,F,35,3,55127
590,1498,4,975913321,Inventing the Abbotts (1997),Drama|Romance,F,35,6,98032
173,2104,2,1009652993,Tex (1982),Drama,M,25,0,45237
175,1358,5,977111338,Sling Blade (1996),Drama|Thriller,F,25,2,95123
220,3852,5,976836862,"Tao of Steve, The (2000)",Comedy,M,25,12,22903
299,1358,5,998517912,Sling Blade (1996),Drama|Thriller,M,25,12,97370
368,1422,3,976671395,Murder at 1600 (1997),Mystery|Thriller,M,25,0,90293
524,3852,4,976166321,"Tao of Steve, The (2000)",Comedy,M,18,0,91320
624,1358,4,976574944,Sling Blade (1996),Drama|Thriller,M,25,1,75207
724,3852,4,975521622,"Tao of Steve, The (2000)",Comedy,M,50,13,90266
10,2399,4,978224821,Santa Claus: The Movie (1985),Adventure|Children's|Fantasy,F,35,1,95370
83,247,4,977720825,Heavenly Creatures (1994),Drama|Fantasy|Romance|Thriller,F,25,2,94609
148,2147,4,979576779,"Clan of the Cave Bear, The (1986)",Drama,M,50,17,57747
500,2083,3,976643326,"Muppet Christmas Carol, The (1992)",Children's|Musical,F,18,2,55105
505,3543,5,976210358,Diner (1982),Comedy|Drama,M,35,17,37815
625,3916,3,975786387,Remember the Titans (2000),Drama,F,35,12,44106
728,3251,2,975515910,Agnes of God (1985),Drama|Mystery,M,25,6,11598
53,565,3,977980504,Cronos (1992),Horror,M,25,0,96931
332,1594,3,976381952,In the Company of Men (1997),Drama,M,50,1,55109
532,1374,3,976140623,Star Trek: The Wrath of Khan (1982),Action|Adventure|Sci-Fi,M,25,7,94301
696,1374,4,975561007,Star Trek: The Wrath of Khan (1982),Action|Adventure|Sci-Fi,M,25,12,94114
482,434,3,976241448,Cliffhanger (1993),Action|Adventure|Crime,M,25,14,55305
667,2188,3,986073858,54 (1998),Drama,M,25,18,98438
78,2333,5,977811118,Gods and Monsters (1998),Drama,F,45,1,98029
146,2262,4,979940345,About Last Night... (1986),Comedy|Drama|Romance,F,35,20,10954
261,1381,4,976674397,Grease 2 (1982),Comedy|Musical|Romance,M,25,20,75801
721,1381,4,976465528,Grease 2 (1982),Comedy|Musical|Romance,F,35,9,97520
11,3608,4,978903365,Pee-wee's Big Adventure (1985),Comedy,F,25,1,04093
272,532,2,976696490,Serial Mom (1994),Comedy|Crime|Horror,M,18,0,80302
285,532,5,976579125,Serial Mom (1994),Comedy|Crime|Horror,F,35,0,94109
424,532,2,1017243039,Serial Mom (1994),Comedy|Crime|Horror,M,25,17,55112
611,2434,4,975857646,Down in the Delta (1998),Drama,M,35,0,20715
716,3052,4,975558479,Dogma (1999),Comedy,M,18,4,98188
752,1619,2,975460704,Seven Years in Tibet (1997),Drama|War,F,25,3,97401
58,1200,5,977935076,Aliens (1986),Action|Sci-Fi|Thriller|War,M,25,2,30303
140,928,5,986918751,Rebecca (1940),Romance|Thriller,F,35,1,55107
173,3469,5,989525275,Inherit the Wind (1960),Drama,M,25,0,45237
182,69,3,977084735,Friday (1995),Comedy,M,18,4,03052
631,1200,4,975779993,Aliens (1986),Action|Sci-Fi|Thriller|War,M,35,17,28601
28,1230,4,978125607,Annie Hall (1977),Comedy|Romance,F,25,1,14607
58,2194,4,977935106,"Untouchables, The (1987)",Action|Crime|Drama,M,25,2,30303
62,1230,3,977968530,Annie Hall (1977),Comedy|Romance,F,35,3,98105
137,2394,4,1000868946,"Prince of Egypt, The (1998)",Animation|Musical,F,45,6,78758
151,1230,3,993118743,Annie Hall (1977),Comedy|Romance,F,25,20,85013
405,1230,4,976290495,Annie Hall (1977),Comedy|Romance,M,56,1,13077
591,2194,3,975912232,"Untouchables, The (1987)",Action|Crime|Drama,M,25,0,76201
593,1230,3,975899253,Annie Hall (1977),Comedy|Romance,F,50,1,91711
208,1965,3,984512758,Repo Man (1984),Comedy|Sci-Fi,M,35,17,55432
566,3715,2,976040142,Burglar (1987),Comedy,M,25,17,92122
296,1347,1,976521916,"Nightmare on Elm Street, A (1984)",Horror,M,50,5,89432
456,1209,3,976301401,Once Upon a Time in the West (1969),Western,M,35,0,55105
660,234,2,975691947,Exit to Eden (1994),Comedy,M,45,16,70507
660,2020,3,975698284,Dangerous Liaisons (1988),Drama|Romance,M,45,16,70507
530,1960,5,976144055,"Last Emperor, The (1987)",Drama|War,M,25,2,10019
33,3101,4,978107833,Fatal Attraction (1987),Thriller,M,45,3,55421
115,3101,4,977501620,Fatal Attraction (1987),Thriller,M,25,17,28083
249,3639,5,976728288,"Man with the Golden Gun, The (1974)",Action,F,18,14,48126
299,2728,4,998517912,Spartacus (1960),Drama,M,25,12,97370
301,2728,5,976573071,Spartacus (1960),Drama,M,18,4,61820
338,779,3,988167489,'Til There Was You (1997),Drama|Romance,M,35,7,55116
660,3101,3,975698783,Fatal Attraction (1987),Thriller,M,45,16,70507
232,3526,4,976811973,Parenthood (1989),Comedy|Drama,M,25,20,55408
408,3386,2,1020427359,JFK (1991),Drama|Mystery,M,25,11,02143
513,1094,4,976222431,"Crying Game, The (1992)",Drama|Romance|War,M,25,0,55119
9,1921,4,978226368,Pi (1998),Sci-Fi|Thriller,M,25,17,61614
36,589,5,978062293,Terminator 2: Judgment Day (1991),Action|Sci-Fi|Thriller,M,25,3,94123
44,3745,4,978018682,Titan A.E. (2000),Adventure|Animation|Sci-Fi,M,45,17,98052
87,589,5,977694631,Terminator 2: Judgment Day (1991),Action|Sci-Fi|Thriller,M,25,14,48360
127,589,5,977436274,Terminator 2: Judgment Day (1991),Action|Sci-Fi|Thriller,F,45,3,01770
175,1921,4,977115733,Pi (1998),Sci-Fi|Thriller,F,25,2,95123
284,2167,3,976573421,Blade (1998),Action|Adventure|Horror,M,25,12,91910
531,361,3,978972910,It Could Happen to You (1994),Drama|Romance,F,18,14,22206
617,589,3,975801226,Terminator 2: Judgment Day (1991),Action|Sci-Fi|Thriller,F,25,7,92117
667,2167,5,1008088925,Blade (1998),Action|Adventure|Horror,M,25,18,98438
669,1921,4,975633871,Pi (1998),Sci-Fi|Thriller,M,25,17,30307
195,1502,3,977548084,Kissed (1996),Romance,M,25,12,10458
530,2641,3,976142978,Superman II (1980),Action|Adventure|Sci-Fi,M,25,2,10019
67,951,5,977883977,His Girl Friday (1940),Comedy,F,50,5,60181
70,2395,4,977878219,Rushmore (1998),Comedy,M,18,4,53703
166,50,5,977187447,"Usual Suspects, The (1995)",Crime|Thriller,M,18,4,92802
190,2395,5,977027381,Rushmore (1998),Comedy,M,25,17,55125
295,50,5,976527893,"Usual Suspects, The (1995)",Crime|Thriller,M,18,0,80203
416,1214,5,976286472,Alien (1979),Action|Horror|Sci-Fi|Thriller,M,45,14,55076
457,750,4,976231923,Dr. Strangelove or: How I Learned to Stop Worrying and Love the Bomb (1963),Sci-Fi|War,M,18,4,54703
649,1214,5,975706235,Alien (1979),Action|Horror|Sci-Fi|Thriller,M,25,4,80526
678,50,5,978702278,"Usual Suspects, The (1995)",Crime|Thriller,M,25,0,34952
724,50,5,975523413,"Usual Suspects, The (1995)",Crime|Thriller,M,50,13,90266
584,527,5,975957250,Schindler's List (1993),Drama|War,F,25,0,94403
97,3724,4,977622106,Coming Home (1978),Drama|War,F,35,3,66210
319,45,3,976419946,To Die For (1995),Comedy|Drama,F,50,6,33436
357,1704,5,976318658,Good Will Hunting (1997),Drama,M,18,0,98103
550,45,4,976166364,To Die For (1995),Comedy|Drama,M,45,8,21559
646,3724,4,975781148,Coming Home (1978),Drama|War,M,35,7,08505
445,1320,3,976240079,Alien³ (1992),Action|Horror|Sci-Fi|Thriller,M,45,12,55117
498,3742,4,976213735,"Battleship Potemkin, The (Bronenosets Potyomkin) (1925)",Drama|War,M,35,17,55113
97,946,5,977622520,To Be or Not to Be (1942),Comedy|Drama|War,F,35,3,66210
117,2719,4,977504598,"Haunting, The (1999)",Horror|Thriller,M,25,17,33314
203,261,4,976929186,Little Women (1994),Drama,F,18,4,53715
551,261,4,976066974,Little Women (1994),Drama,M,35,20,55116
678,3393,3,988638633,Date with an Angel (1987),Comedy|Fantasy,M,25,0,34952
162,364,5,977218390,"Lion King, The (1994)",Animation|Children's|Musical,F,18,4,93117
610,2311,3,975862409,2010 (1984),Mystery|Sci-Fi,M,25,4,77025
23,3044,3,978466204,Dead Again (1991),Mystery|Romance|Thriller,M,35,0,90049
58,288,3,977935263,Natural Born Killers (1994),Action|Thriller,M,25,2,30303
642,3354,4,975721646,Mission to Mars (2000),Sci-Fi,F,35,1,78155
229,1916,4,976822447,Buffalo 66 (1998),Action|Comedy|Drama,M,18,10,04576
278,1389,2,976587415,Jaws 3-D (1983),Action|Horror,M,45,18,60482
326,3551,3,980117157,Marathon Man (1976),Thriller,M,50,11,25302
390,1987,3,976304360,Prom Night (1980),Horror,M,25,4,55405
663,1389,3,975653429,Jaws 3-D (1983),Action|Horror,F,25,7,12345
669,356,4,975631606,Forrest Gump (1994),Comedy|Romance|War,M,25,17,30307
698,1916,5,1015122112,Buffalo 66 (1998),Action|Comedy|Drama,M,18,4,76401
319,1923,3,976421718,There's Something About Mary (1998),Comedy,F,50,6,33436
454,2112,5,1025574331,Grand Canyon (1991),Crime|Drama,M,25,20,55092
685,1923,5,975602564,There's Something About Mary (1998),Comedy,M,25,4,27514
686,3616,2,975602285,Loser (2000),Comedy|Romance,M,18,4,27514
74,3510,2,983916350,Frequency (2000),Drama|Thriller,M,35,14,94530
169,1421,2,980815075,Grateful Dead (1995),Documentary,M,25,7,55439
261,2321,4,976668917,Pleasantville (1998),Comedy,M,25,20,75801
329,3510,2,976393914,Frequency (2000),Drama|Thriller,M,35,7,02115
361,2858,5,976315704,American Beauty (1999),Comedy|Drama,F,25,14,94115
550,2321,4,976067051,Pleasantville (1998),Comedy,M,45,8,21559
596,3510,3,975893668,Frequency (2000),Drama|Thriller,F,25,1,01950
658,2539,2,975692091,Analyze This (1999),Comedy,F,25,0,10021
687,2858,5,975599816,American Beauty (1999),Comedy|Drama,F,25,7,14136
42,24,5,978040342,Powder (1995),Drama|Sci-Fi,M,25,8,24502
192,160,1,977028418,Congo (1995),Action|Adventure|Mystery|Sci-Fi,M,18,1,10977
549,3882,4,991838930,Bring It On (2000),Comedy,M,25,6,53217
300,3755,3,976505294,"Perfect Storm, The (2000)",Action|Adventure|Thriller,M,25,7,78664
587,1454,2,976207585,SubUrbia (1997),Comedy,M,25,20,92649
608,70,5,975865000,From Dusk Till Dawn (1996),Action|Comedy|Crime|Horror|Thriller,M,18,4,18011
710,3219,3,978376516,Pacific Heights (1990),Thriller,M,25,20,85207
42,2529,5,978039352,Planet of the Apes (1968),Action|Sci-Fi,M,25,8,24502
146,3751,3,977347907,Chicken Run (2000),Animation|Children's|Comedy,F,35,20,10954
169,2529,3,1008181304,Planet of the Apes (1968),Action|Sci-Fi,M,25,7,55439
235,1907,3,977093372,Mulan (1998),Animation|Children's,M,25,0,98153
256,3267,5,976677590,"Mariachi, El (1992)",Action|Thriller,M,45,16,55076
259,1912,3,976670797,Out of Sight (1998),Action|Crime|Romance,M,25,1,60615
649,3751,5,975706131,Chicken Run (2000),Animation|Children's|Comedy,M,25,4,80526
52,480,3,977947292,Jurassic Park (1993),Action|Adventure|Sci-Fi,M,18,4,72212
177,480,4,977099262,Jurassic Park (1993),Action|Adventure|Sci-Fi,M,50,1,54016
342,480,3,976339496,Jurassic Park (1993),Action|Adventure|Sci-Fi,M,18,12,55076
425,480,3,976283350,Jurassic Park (1993),Action|Adventure|Sci-Fi,M,25,12,55303
412,1610,5,976293212,"Hunt for Red October, The (1990)",Action|Thriller,M,35,15,55117
24,1784,3,978131551,As Good As It Gets (1997),Comedy|Drama,F,25,7,10023
173,3241,3,1009652594,"Cup, The (Phörpa) (1999)",Comedy,M,25,0,45237
204,2133,3,978059082,Adventures in Babysitting (1987),Adventure|Comedy,M,25,7,92123
267,477,3,976646375,What's Love Got to Do with It? (1993),Drama,M,45,12,55001
337,1784,4,976349147,As Good As It Gets (1997),Comedy|Drama,M,18,19,80205
382,2133,4,976301492,Adventures in Babysitting (1987),Adventure|Comedy,F,35,20,66205
509,2359,4,976206095,Waking Ned Devine (1998),Comedy,M,25,2,55125
595,1784,4,975896496,As Good As It Gets (1997),Comedy|Drama,M,25,7,10019
608,482,3,975866393,Killing Zoe (1994),Thriller,M,18,4,18011
50,2948,4,977961130,From Russia with Love (1963),Action,F,25,2,98133
92,2139,4,986187180,"Secret of NIMH, The (1982)",Animation|Children's,F,18,4,44243
130,2948,5,977431317,From Russia with Love (1963),Action,M,35,17,50021
658,2453,3,975692646,"Boy Who Could Fly, The (1986)",Drama|Fantasy,F,25,0,10021
660,1439,2,975692308,Meet Wally Sparks (1997),Comedy,M,45,16,70507
667,2291,4,975639688,Edward Scissorhands (1990),Drama|Romance,M,25,18,98438
696,1221,5,975561808,"Godfather: Part II, The (1974)",Action|Crime|Drama,M,25,12,94114
9,3253,4,978226165,Wayne's World (1992),Comedy,M,25,17,61614
216,1409,4,976862841,Michael (1996),Comedy|Romance,M,45,13,52761
264,1587,3,976729703,Conan the Barbarian (1982),Action|Adventure,M,35,0,20755
326,21,4,976423282,Get Shorty (1995),Action|Comedy|Drama,M,50,11,25302
550,1409,3,976167505,Michael (1996),Comedy|Romance,M,45,8,21559
604,21,3,975872228,Get Shorty (1995),Action|Comedy|Drama,M,45,17,32256
639,1801,4,981089132,"Man in the Iron Mask, The (1998)",Action|Drama|Romance,M,45,17,85202
673,21,3,975619387,Get Shorty (1995),Action|Comedy|Drama,M,25,20,10023
18,2116,4,978154452,"Lord of the Rings, The (1978)",Adventure|Animation|Children's|Sci-Fi,F,18,3,95825
118,1079,3,977502127,"Fish Called Wanda, A (1988)",Comedy,M,35,17,22315
161,1283,5,977220928,High Noon (1952),Western,M,45,16,98107-2117
349,1552,3,1005968958,Con Air (1997),Action|Adventure|Thriller,M,1,10,08035
424,1283,5,976293269,High Noon (1952),Western,M,25,17,55112
546,1911,1,976069381,Doctor Dolittle (1998),Comedy,F,25,0,37211
710,1552,4,975573008,Con Air (1997),Action|Adventure|Thriller,M,25,20,85207
175,492,3,977113846,Manhattan Murder Mystery (1993),Comedy|Mystery,F,25,2,95123
33,1348,3,978558492,"Nosferatu (Nosferatu, eine Symphonie des Grauens) (1922)",Horror,M,45,3,55421
238,1936,4,976766273,Mrs. Miniver (1942),Drama|War,F,50,7,90291
392,1257,4,976304071,Better Off Dead... (1985),Comedy,M,18,7,20037
424,2100,5,976548545,Splash (1984),Comedy|Fantasy|Romance,M,25,17,55112
474,1042,3,976238266,That Thing You Do! (1996),Comedy,M,25,17,92126
281,345,5,976571550,"Adventures of Priscilla, Queen of the Desert, The (1994)",Comedy|Drama,F,35,0,94117
290,1188,2,976564993,Strictly Ballroom (1992),Comedy|Romance,F,25,20,94591
73,3767,3,981605091,Missing in Action 2: The Beginning (1985),Action|War,M,18,4,53706
136,2533,4,977423102,Escape from the Planet of the Apes (1971),Action|Sci-Fi,M,18,2,21202
352,3004,2,976323591,"Bachelor, The (1999)",Comedy|Romance,M,18,4,60115
505,3255,4,976210477,"League of Their Own, A (1992)",Comedy|Drama,M,35,17,37815
157,1284,5,977251154,"Big Sleep, The (1946)",Film-Noir|Mystery,M,35,16,12866
289,3384,4,976568711,"Taking of Pelham One Two Three, The (1974)",Action,F,25,0,11801
737,1203,5,997656482,12 Angry Men (1957),Drama,M,1,19,53711
111,32,4,977512215,Twelve Monkeys (1995),Drama|Sci-Fi,M,35,15,55416
119,3081,5,977468930,Sleepy Hollow (1999),Horror|Romance,F,1,10,77515
411,3684,3,978452830,"Fabulous Baker Boys, The (1989)",Drama|Romance,F,45,1,43214
560,60,4,976047952,"Indian in the Cupboard, The (1995)",Adventure|Children's|Fantasy,M,45,15,81335
629,2098,4,975784920,Son of Flubber (1963),Children's|Comedy,F,1,10,48154
651,32,4,975708844,Twelve Monkeys (1995),Drama|Sci-Fi,M,35,7,20895
660,3684,2,975698719,"Fabulous Baker Boys, The (1989)",Drama|Romance,M,45,16,70507
678,3525,3,988638158,Bachelor Party (1984),Comedy,M,25,0,34952
692,32,5,975738644,Twelve Monkeys (1995),Drama|Sci-Fi,F,25,0,85207
18,1282,5,978154834,Fantasia (1940),Animation|Children's|Musical,F,18,3,95825
50,1282,3,977961102,Fantasia (1940),Animation|Children's|Musical,F,25,2,98133
313,1282,3,976474523,Fantasia (1940),Animation|Children's|Musical,F,18,4,02138
524,786,4,976172081,Eraser (1996),Action|Thriller,M,18,0,91320
2,457,4,978299773,"Fugitive, The (1993)",Action|Thriller,M,56,16,70072
49,3082,3,977974950,"World Is Not Enough, The (1999)",Action|Thriller,M,18,12,77084
148,457,5,977333311,"Fugitive, The (1993)",Action|Thriller,M,50,17,57747
424,2421,2,995908172,"Karate Kid, Part II, The (1986)",Action|Adventure|Drama,M,25,17,55112
566,3396,4,976039302,"Muppet Movie, The (1979)",Children's|Comedy,M,25,17,92122
615,457,4,975806416,"Fugitive, The (1993)",Action|Thriller,M,50,17,32951
376,608,4,980620296,Fargo (1996),Crime|Drama|Thriller,M,35,1,80026
396,141,4,976303349,"Birdcage, The (1996)",Comedy,M,25,1,56187
529,608,5,977449117,Fargo (1996),Crime|Drama|Thriller,M,35,12,92009
25,1909,3,978132441,"X-Files: Fight the Future, The (1998)",Mystery|Sci-Fi|Thriller,M,18,4,01609
97,953,5,977622582,It's a Wonderful Life (1946),Drama,F,35,3,66210
162,592,5,982104927,Batman (1989),Action|Adventure|Crime|Drama,F,18,4,93117
205,943,5,976923897,"Ghost and Mrs. Muir, The (1947)",Drama|Romance,M,35,12,97333
646,2670,4,975715332,"Run Silent, Run Deep (1958)",War,M,35,7,08505
308,1707,2,995838485,Home Alone 3 (1997),Children's|Comedy,M,25,2,10025
516,3614,2,976280315,Honeymoon in Vegas (1992),Comedy|Romance,F,56,14,55033
83,2093,2,977719781,Return to Oz (1985),Adventure|Children's|Fantasy|Sci-Fi,F,25,2,94609
111,254,2,977512017,Jefferson in Paris (1995),Drama,M,35,15,55416
202,487,1,976936577,Lightning Jack (1994),Comedy|Western,M,18,4,53706
223,2795,4,976903819,Vacation (1983),Comedy,M,25,17,28262
412,378,5,976644521,Speechless (1994),Comedy|Romance,M,35,15,55117
520,1617,5,976206148,L.A. Confidential (1997),Crime|Film-Noir|Mystery|Thriller,F,35,20,55104
524,487,1,976173664,Lightning Jack (1994),Comedy|Western,M,18,0,91320
663,1617,3,975646433,L.A. Confidential (1997),Crime|Film-Noir|Mystery|Thriller,F,25,7,12345
351,1408,4,976677968,"Last of the Mohicans, The (1992)",Action|Romance|War,M,18,4,55105
419,1408,5,1044900711,"Last of the Mohicans, The (1992)",Action|Romance|War,M,18,3,55422
498,2390,4,976212482,Little Voice (1998),Comedy,M,35,17,55113
673,1120,5,975619897,"People vs. Larry Flynt, The (1996)",Drama,M,25,20,10023
148,1953,4,977333469,"French Connection, The (1971)",Action|Crime|Drama|Thriller,M,50,17,57747
259,1196,3,976670616,Star Wars: Episode V - The Empire Strikes Back (1980),Action|Adventure|Drama|Sci-Fi|War,M,25,1,60615
470,1196,4,976222624,Star Wars: Episode V - The Empire Strikes Back (1980),Action|Adventure|Drama|Sci-Fi|War,F,1,10,55068
472,1196,4,976221976,Star Wars: Episode V - The Empire Strikes Back (1980),Action|Adventure|Drama|Sci-Fi|War,M,35,0,55418
550,170,4,976159163,Hackers (1995),Action|Crime|Thriller,M,45,8,21559
646,1953,4,975780163,"French Connection, The (1971)",Action|Crime|Drama|Thriller,M,35,7,08505
702,1196,4,975560956,Star Wars: Episode V - The Empire Strikes Back (1980),Action|Adventure|Drama|Sci-Fi|War,M,35,7,90808
712,1544,3,975602387,"Lost World: Jurassic Park, The (1997)",Action|Adventure|Sci-Fi|Thriller,M,25,0,95136
227,2908,3,976829956,Boys Don't Cry (1999),Drama,M,35,20,90291
261,3424,5,976668350,Do the Right Thing (1989),Comedy|Drama,M,25,20,75801
281,2908,5,976571590,Boys Don't Cry (1999),Drama,F,35,0,94117
402,3424,4,976295493,Do the Right Thing (1989),Comedy|Drama,M,25,11,55427
415,3424,4,976287346,Do the Right Thing (1989),Comedy|Drama,F,35,0,55406
647,304,5,975714119,Roommates (1995),Comedy|Drama,M,35,12,85224
33,3203,3,978110296,Dead Calm (1989),Thriller,M,45,3,55421
169,2693,3,977201452,Trekkies (1997),Documentary,M,25,7,55439
426,913,5,976280711,"Maltese Falcon, The (1941)",Film-Noir|Mystery,M,18,4,55455
82,2916,4,977762117,Total Recall (1990),Action|Adventure|Sci-Fi|Thriller,M,25,17,48380
230,2916,5,976822610,Total Recall (1990),Action|Adventure|Sci-Fi|Thriller,M,45,1,43210
331,3747,5,1000396889,Jesus' Son (1999),Drama,M,25,7,55902
349,2916,5,1006021611,Total Recall (1990),Action|Adventure|Sci-Fi|Thriller,M,1,10,08035
350,2916,5,976326798,Total Recall (1990),Action|Adventure|Sci-Fi|Thriller,M,45,20,08035
435,2126,3,976248900,Snake Eyes (1998),Action|Crime|Mystery|Thriller,M,25,7,55125
474,2126,2,976240071,Snake Eyes (1998),Action|Crime|Mystery|Thriller,M,25,17,92126
493,58,4,976215144,"Postino, Il (The Postman) (1994)",Drama|Romance,M,50,7,55016
744,1370,4,975469640,Die Hard 2 (1990),Action|Thriller,M,25,17,77007
749,2347,4,975919201,"Pope of Greenwich Village, The (1984)",Action,M,35,18,56303
342,11,5,976339126,"American President, The (1995)",Comedy|Drama|Romance,M,18,12,55076
17,3418,4,978159568,Thelma & Louise (1991),Action|Drama,M,50,1,95350
18,3418,1,978153104,Thelma & Louise (1991),Action|Drama,F,18,3,95825
27,541,5,978129176,Blade Runner (1982),Film-Noir|Sci-Fi,M,25,11,19130
129,1129,3,977436187,Escape from New York (1981),Action|Adventure|Sci-Fi|Thriller,M,25,11,20164
245,3418,3,976733988,Thelma & Louise (1991),Action|Drama,M,35,16,66046
255,1129,3,976680128,Escape from New York (1981),Action|Adventure|Sci-Fi|Thriller,M,35,0,85310
436,150,5,976246045,Apollo 13 (1995),Drama,M,18,4,43023
453,150,4,976235991,Apollo 13 (1995),Drama,M,18,4,55102
522,541,4,976197078,Blade Runner (1982),Film-Noir|Sci-Fi,M,25,12,55124
654,150,4,975700751,Apollo 13 (1995),Drama,M,50,7,75023
663,110,5,975646501,Braveheart (1995),Action|Drama|War,F,25,7,12345
710,1129,4,975571888,Escape from New York (1981),Action|Adventure|Sci-Fi|Thriller,M,25,20,85207
231,3873,5,1030138794,Cat Ballou (1965),Comedy|Western,M,25,3,55455
238,1730,4,976766336,Kundun (1997),Drama,F,50,7,90291
352,1730,4,976330615,Kundun (1997),Drama,M,18,4,60115
414,2028,3,976286706,Saving Private Ryan (1998),Action|Drama|War,M,25,0,55317
531,2379,3,978729845,Police Academy 2: Their First Assignment (1985),Comedy,F,18,14,22206
235,1224,4,976771721,Henry V (1989),Drama|War,M,25,0,98153
314,910,4,1010089877,Some Like It Hot (1959),Comedy|Crime,F,56,9,46911
405,1080,4,976388746,Monty Python's Life of Brian (1979),Comedy,M,56,1,13077
34,2478,4,978104212,Three Amigos! (1986),Comedy|Western,F,18,0,02135
136,14,4,977422645,Nixon (1995),Drama,M,18,2,21202
451,1228,4,976415427,Raging Bull (1980),Drama,M,56,13,54720
528,2478,2,980042030,Three Amigos! (1986),Comedy|Western,F,18,17,83843
543,3928,3,976213938,Abbott and Costello Meet Frankenstein (1948),Comedy|Horror,M,25,5,55057
558,805,2,976051337,"Time to Kill, A (1996)",Drama,M,35,20,55108
673,805,1,975619985,"Time to Kill, A (1996)",Drama,M,25,20,10023
435,349,5,976248447,Clear and Present Danger (1994),Action|Adventure|Thriller,M,25,7,55125
33,454,4,978110004,"Firm, The (1993)",Drama|Thriller,M,45,3,55421
199,379,3,976979764,Timecop (1994),Action|Sci-Fi,M,18,4,83706
424,3770,4,976281894,Dreamscape (1984),Adventure|Crime|Sci-Fi|Thriller,M,25,17,55112
521,373,3,976198897,Red Rock West (1992),Thriller,M,56,7,55105
531,454,4,978972656,"Firm, The (1993)",Drama|Thriller,F,18,14,22206
631,454,4,975782666,"Firm, The (1993)",Drama|Thriller,M,35,17,28601
666,971,4,975642336,Cat on a Hot Tin Roof (1958),Drama,F,18,0,08540
710,379,3,975741347,Timecop (1994),Action|Sci-Fi,M,25,20,85207
737,1264,1,1011560054,Diva (1981),Action|Drama|Mystery|Romance|Thriller,M,1,19,53711
648,3535,3,975711904,American Psycho (2000),Comedy|Horror|Thriller,F,25,12,94131
692,2416,2,975832620,Back to School (1986),Comedy,F,25,0,85207
1,2762,4,978302091,"Sixth Sense, The (1999)",Thriller,F,1,10,48067
9,3948,3,978225177,Meet the Parents (2000),Comedy,M,25,17,61614
49,2617,1,977974885,"Mummy, The (1999)",Action|Adventure|Horror|Thriller,M,18,12,77084
57,2890,4,977933908,Three Kings (1999),Drama|War,M,18,19,30350
195,2617,3,1027693070,"Mummy, The (1999)",Action|Adventure|Horror|Thriller,M,25,12,10458
224,2762,4,991699446,"Sixth Sense, The (1999)",Thriller,F,18,4,14850
295,3948,4,976527730,Meet the Parents (2000),Comedy,M,18,0,80203
327,3946,1,976484087,Get Carter (2000),Action|Drama|Thriller,M,35,18,55448
337,3355,4,976351688,"Ninth Gate, The (2000)",Thriller,M,18,19,80205
461,2890,3,976232167,Three Kings (1999),Drama|War,M,50,7,55075
624,2890,4,1009382748,Three Kings (1999),Drama|War,M,25,1,75207
639,902,4,975802014,Breakfast at Tiffany's (1961),Drama|Romance,M,45,17,85202
670,2731,5,975628353,"400 Blows, The (Les Quatre cents coups) (1959)",Drama,M,25,12,30303
716,2890,5,976507162,Three Kings (1999),Drama|War,M,18,4,98188
53,337,4,977983354,What's Eating Gilbert Grape (1993),Drama,M,25,0,96931
117,3113,3,977501755,End of Days (1999),Action|Thriller,M,25,17,33314
117,2334,3,977501447,"Siege, The (1998)",Action|Thriller,M,25,17,33314
136,3448,3,977531235,"Good Morning, Vietnam (1987)",Comedy|Drama|War,M,18,2,21202
139,2005,5,977360439,"Goonies, The (1985)",Adventure|Children's|Fantasy,F,25,20,45409
163,2334,2,977219230,"Siege, The (1998)",Action|Thriller,M,18,4,85013
352,1566,2,976332659,Hercules (1997),Adventure|Animation|Children's|Comedy|Musical,M,18,4,60115
396,2124,2,976303274,"Addams Family, The (1991)",Comedy,M,25,1,56187
587,3160,1,977113727,Magnolia (1999),Drama,M,25,20,92649
48,2944,3,978058818,"Dirty Dozen, The (1967)",Action|War,M,25,4,92107
355,765,3,977033042,Jack (1996),Comedy|Drama,M,18,3,55107
641,2,4,975725638,Jumanji (1995),Adventure|Children's|Fantasy,F,35,0,55116
673,778,5,975619486,Trainspotting (1996),Drama,M,25,20,10023
302,3107,3,976503605,Backdraft (1991),Action|Drama,M,18,4,04901
458,3917,3,976229725,Hellraiser (1987),Horror,M,50,16,55405-2546
637,3107,5,975734182,Backdraft (1991),Action|Drama,M,35,12,97132
705,1984,2,975546875,Halloween III: Season of the Witch (1983),Horror,M,25,4,48065
749,2605,4,975475639,Entrapment (1999),Crime|Thriller,M,35,18,56303
187,365,4,977078367,Little Buddha (1993),Drama,F,45,1,94061
429,2115,3,976258595,Indiana Jones and the Temple of Doom (1984),Action|Adventure,M,18,0,54901
531,1092,4,978729988,Basic Instinct (1992),Mystery|Thriller,F,18,14,22206
258,357,3,976671808,Four Weddings and a Funeral (1994),Comedy|Romance,M,25,7,55436
430,905,5,976251207,It Happened One Night (1934),Comedy,F,18,10,55306
673,529,5,975619486,Searching for Bobby Fischer (1993),Drama,M,25,20,10023
669,1885,3,975631606,"Opposite of Sex, The (1998)",Comedy|Drama,M,25,17,30307
705,1981,1,975548460,Friday the 13th Part VIII: Jason Takes Manhattan (1989),Horror,M,25,4,48065
531,1193,4,994345683,One Flew Over the Cuckoo's Nest (1975),Drama,F,18,14,22206
620,3174,4,975800879,Man on the Moon (1999),Comedy|Drama,M,18,0,13210
216,2792,4,976863550,Airplane II: The Sequel (1982),Comedy,M,45,13,52761
310,3299,4,1012082145,Hanging Up (2000),Comedy|Drama,F,18,4,31207
424,2406,4,989441901,Romancing the Stone (1984),Action|Adventure|Comedy|Romance,M,25,17,55112
642,2406,5,975720788,Romancing the Stone (1984),Action|Adventure|Comedy|Romance,F,35,1,78155
731,2883,3,975529162,Mumford (1999),Comedy,M,45,3,55410
76,3578,5,989092133,Gladiator (2000),Action|Drama,M,35,7,55413
387,1702,4,977280310,Flubber (1997),Children's|Comedy|Fantasy,F,35,7,55111
718,3578,3,975574724,Gladiator (2000),Action|Drama,M,18,2,90211
245,1090,3,976733519,Platoon (1986),Drama|War,M,35,16,66046
411,1371,3,978452022,Star Trek: The Motion Picture (1979),Action|Adventure|Sci-Fi,F,45,1,43214
23,915,3,993706477,Sabrina (1954),Comedy|Romance,M,35,0,90049
163,405,1,977220265,Highlander III: The Sorcerer (1994),Action|Sci-Fi,M,18,4,85013
338,915,5,988169438,Sabrina (1954),Comedy|Romance,M,35,7,55116
355,405,3,977032615,Highlander III: The Sorcerer (1994),Action|Sci-Fi,M,18,3,55107
442,1012,4,978455077,Old Yeller (1957),Children's|Drama,M,25,1,55105
506,3176,4,976208215,"Talented Mr. Ripley, The (1999)",Drama|Mystery|Thriller,M,25,16,55103-1006
192,1376,3,977089377,Star Trek IV: The Voyage Home (1986),Action|Adventure|Sci-Fi,M,18,1,10977
275,1376,5,976592863,Star Trek IV: The Voyage Home (1986),Action|Adventure|Sci-Fi,M,25,0,48162
308,1101,3,976485011,Top Gun (1986),Action|Romance,M,25,2,10025
319,605,2,976420498,One Fine Day (1996),Drama|Romance,F,50,6,33436
696,1101,3,975561050,Top Gun (1986),Action|Romance,M,25,12,94114
299,2997,4,977034553,Being John Malkovich (1999),Comedy,M,25,12,97370
469,2997,5,976225220,Being John Malkovich (1999),Comedy,M,35,6,55122
478,2997,4,976940810,Being John Malkovich (1999),Comedy,M,50,16,55113
42,2423,4,978041899,Christmas Vacation (1989),Comedy,M,25,8,24502
53,1392,5,977984607,Citizen Ruth (1996),Comedy|Drama,M,25,0,96931
204,628,3,978039169,Primal Fear (1996),Drama|Thriller,M,25,7,92123
319,1535,3,976425576,Love! Valour! Compassion! (1997),Drama|Romance,F,50,6,33436
25,3156,5,978132424,Bicentennial Man (1999),Comedy|Drama|Sci-Fi,M,18,4,01609
199,996,2,976987710,Last Man Standing (1996),Action|Drama|Western,M,18,4,83706
261,3524,5,976670561,Arthur (1981),Comedy|Romance,M,25,20,75801
457,1584,4,976232147,Contact (1997),Drama|Sci-Fi,M,18,4,54703
543,1584,4,976119886,Contact (1997),Drama|Sci-Fi,M,25,5,55057
546,1178,3,976069886,Paths of Glory (1957),Drama|War,F,25,0,37211
749,996,2,980487644,Last Man Standing (1996),Action|Drama|Western,M,35,18,56303
245,172,3,976733144,Johnny Mnemonic (1995),Action|Sci-Fi|Thriller,M,35,16,66046
524,172,2,976172962,Johnny Mnemonic (1995),Action|Sci-Fi|Thriller,M,18,0,91320
732,3555,5,975494672,U-571 (2000),Action|Thriller,M,25,7,07030
113,1676,3,977506623,Starship Troopers (1997),Action|Adventure|Sci-Fi|War,M,18,12,37032
602,3701,4,975877740,Alien Nation (1988),Crime|Drama|Sci-Fi,F,56,6,14612
720,1676,2,975527941,Starship Troopers (1997),Action|Adventure|Sci-Fi|War,M,18,0,55129
735,2500,2,975646804,Jawbreaker (1999),Comedy,M,25,14,04240
173,3949,4,977942266,Requiem for a Dream (2000),Drama,M,25,0,45237
198,1013,4,977093115,"Parent Trap, The (1961)",Children's|Drama,M,25,12,55108
402,144,4,976296634,"Brothers McMullen, The (1995)",Comedy,M,25,11,55427
501,144,4,976211684,"Brothers McMullen, The (1995)",Comedy,M,25,2,55372
550,1962,4,976169403,Driving Miss Daisy (1989),Drama,M,45,8,21559
556,2528,2,976062516,Logan's Run (1976),Action|Adventure|Sci-Fi,F,25,9,37221
621,785,4,975797145,Kingpin (1996),Comedy,M,18,4,93560
731,1734,4,975528548,My Life in Pink (Ma vie en rose) (1997),Comedy|Drama,M,45,3,55410
746,2002,3,975468519,Lethal Weapon 3 (1992),Action|Comedy|Crime|Drama,F,18,19,95019
671,1292,5,975628385,Being There (1979),Comedy,M,18,4,61761
744,1762,2,975469003,Deep Rising (1998),Action|Horror|Sci-Fi,M,25,17,77007
26,1097,2,978143197,E.T. the Extra-Terrestrial (1982),Children's|Drama|Fantasy|Sci-Fi,M,25,7,23112
678,2377,3,988638158,Lifeforce (1985),Horror|Sci-Fi,M,25,0,34952
688,1204,5,975634308,Lawrence of Arabia (1962),Adventure|War,M,56,13,13407
255,2700,4,976682767,"South Park: Bigger, Longer and Uncut (1999)",Animation|Comedy,M,35,0,85310
326,2140,3,976401908,"Dark Crystal, The (1982)",Children's|Fantasy|Sci-Fi,M,50,11,25302
536,2700,2,976138606,"South Park: Bigger, Longer and Uncut (1999)",Animation|Comedy,M,25,20,01267
605,2700,1,975869440,"South Park: Bigger, Longer and Uncut (1999)",Animation|Comedy,F,18,4,44425
610,2140,4,975862358,"Dark Crystal, The (1982)",Children's|Fantasy|Sci-Fi,M,25,4,77025
676,104,4,975649883,Happy Gilmore (1996),Comedy,M,18,16,55129
690,2700,5,975583680,"South Park: Bigger, Longer and Uncut (1999)",Animation|Comedy,M,25,12,90717
536,2973,4,976138281,Crimes and Misdemeanors (1989),Comedy,M,25,20,01267
482,788,3,976242254,"Nutty Professor, The (1996)",Comedy|Fantasy|Romance|Sci-Fi,M,25,14,55305
662,788,3,975662161,"Nutty Professor, The (1996)",Comedy|Fantasy|Romance|Sci-Fi,M,18,4,99163
698,407,4,1015126876,In the Mouth of Madness (1995),Horror|Thriller,M,18,4,76401
10,1387,3,978225952,Jaws (1975),Action|Horror,F,35,1,95370
116,2021,5,978539475,Dune (1984),Fantasy|Sci-Fi,M,25,17,55744
537,1387,2,976137559,Jaws (1975),Action|Horror,M,45,14,07704
680,2599,4,975604133,Election (1999),Comedy,M,25,12,37013
714,2713,4,975537257,Lake Placid (1999),Horror|Thriller,M,18,4,76013
156,3712,4,977250019,Soapdish (1991),Comedy,F,45,7,14519
678,2746,5,988638158,Little Shop of Horrors (1986),Comedy|Horror|Musical,M,25,0,34952
103,89,4,977555148,Nick of Time (1995),Action|Thriller,M,45,7,92104
104,3053,5,977546976,"Messenger: The Story of Joan of Arc, The (1999)",Drama|War,M,25,12,00926
245,517,3,976737949,Rising Sun (1993),Action|Drama|Mystery,M,35,16,66046
477,3836,4,976219248,Kelly's Heroes (1970),Action|Comedy|War,M,35,14,55410
648,2706,3,1030230127,American Pie (1999),Comedy,F,25,12,94131
651,2457,4,975977792,Running Scared (1986),Action|Comedy,M,35,7,20895
698,3668,3,1015124010,Romeo and Juliet (1968),Drama|Romance,M,18,4,76401
714,89,5,975691127,Nick of Time (1995),Action|Thriller,M,18,4,76013
774,1580,4,975533272,Men in Black (1997),Action|Adventure|Comedy|Sci-Fi,M,18,4,22903
788,3175,4,975429375,Galaxy Quest (1999),Adventure|Comedy|Sci-Fi,M,25,0,37601
796,3175,4,976289202,Galaxy Quest (1999),Adventure|Comedy|Sci-Fi,M,50,6,98237
855,2866,3,976339906,"Buddy Holly Story, The (1978)",Drama,F,18,2,72701
904,2866,5,977939573,"Buddy Holly Story, The (1978)",Drama,M,35,20,92308
1199,1645,3,974920244,"Devil's Advocate, The (1997)",Crime|Horror|Mystery|Thriller,M,50,13,77459
1274,2866,3,974809694,"Buddy Holly Story, The (1978)",Drama,M,45,7,37343
1361,3175,4,974771555,Galaxy Quest (1999),Adventure|Comedy|Sci-Fi,F,25,0,97401
1448,1591,2,976133926,Spawn (1997),Action|Adventure|Sci-Fi|Thriller,F,25,3,17522
1507,1580,4,974748045,Men in Black (1997),Action|Adventure|Comedy|Sci-Fi,M,35,17,95476
762,858,3,975450502,"Godfather, The (1972)",Action|Crime|Drama,M,1,10,63041
829,3475,4,987132877,"Place in the Sun, A (1951)",Drama|Romance,M,1,19,53711
881,1483,3,975265944,Crash (1996),Drama|Thriller,M,18,14,76401
973,1127,3,975862326,"Abyss, The (1989)",Action|Adventure|Sci-Fi|Thriller,F,25,1,80026
1179,1127,4,974867725,"Abyss, The (1989)",Action|Adventure|Sci-Fi|Thriller,M,50,1,91030
1246,1721,2,977567859,Titanic (1997),Drama|Romance,M,18,4,98225
1465,897,4,974767852,For Whom the Bell Tolls (1943),Adventure|War,M,50,16,93003
776,1270,4,975605064,Back to the Future (1985),Comedy|Sci-Fi,F,25,3,92627
817,1270,5,975387430,Back to the Future (1985),Comedy|Sci-Fi,M,18,4,41076
881,516,2,975263605,Renaissance Man (1994),Comedy|Drama|War,M,18,14,76401
939,1270,5,975191718,Back to the Future (1985),Comedy|Sci-Fi,F,25,20,20110-5616
1001,2711,4,976297142,My Life So Far (1999),Drama,M,25,4,90210
1149,1270,4,974869459,Back to the Future (1985),Comedy|Sci-Fi,M,25,12,98103
1180,1270,5,974855365,Back to the Future (1985),Comedy|Sci-Fi,F,50,20,95503
1203,1650,4,975174809,Washington Square (1997),Drama,F,25,1,06417
1282,1270,4,974792687,Back to the Future (1985),Comedy|Sci-Fi,M,50,1,98541
1283,1270,3,974793756,Back to the Future (1985),Comedy|Sci-Fi,F,18,1,94607
1333,3704,3,974776973,Mad Max Beyond Thunderdome (1985),Action|Sci-Fi,M,25,17,06460
1426,3704,3,978457089,Mad Max Beyond Thunderdome (1985),Action|Sci-Fi,M,18,14,94070
802,1265,5,975397231,Groundhog Day (1993),Comedy|Romance,M,25,16,22801
828,1265,2,975371651,Groundhog Day (1993),Comedy|Romance,M,18,4,70817
919,1265,3,975202593,Groundhog Day (1993),Comedy|Romance,F,35,1,92056
984,3098,5,975119063,"Natural, The (1984)",Drama,M,50,16,92129
1077,1265,2,974999643,Groundhog Day (1993),Comedy|Romance,M,25,3,60660
1243,1265,4,994719623,Groundhog Day (1993),Comedy|Romance,M,35,15,92627
1266,2259,2,991317816,Blame It on Rio (1984),Comedy|Romance,M,25,4,18104
1274,3089,5,990181998,"Bicycle Thief, The (Ladri di biciclette) (1948)",Drama,M,45,7,37343
1285,3098,4,975457736,"Natural, The (1984)",Drama,M,35,4,98125
1314,1265,3,975531653,Groundhog Day (1993),Comedy|Romance,F,18,4,68154
1347,1265,5,974772515,Groundhog Day (1993),Comedy|Romance,F,18,1,11375
1370,2748,1,974795946,Allan Quartermain and the Lost City of Gold (1987),Action|Adventure,M,35,2,92821
1440,3098,3,974758908,"Natural, The (1984)",Drama,M,35,12,94520
1455,1265,3,974757597,Groundhog Day (1993),Comedy|Romance,F,45,0,92126
1496,1884,3,974754579,Fear and Loathing in Las Vegas (1998),Comedy|Drama,M,25,17,94108
1505,2259,2,983671204,Blame It on Rio (1984),Comedy|Romance,M,50,11,90041
1053,2392,1,974952564,Jack Frost (1998),Comedy|Drama,M,35,0,18360
1101,2622,1,982008974,"Midsummer Night's Dream, A (1999)",Comedy|Fantasy,M,35,1,06417
1119,2924,4,974913504,Drunken Master (Zui quan) (1979),Action|Comedy,M,35,1,90504
1124,3834,3,974913374,Bronco Billy (1980),Adventure|Drama|Romance,M,25,2,60156
1298,2392,2,974836681,Jack Frost (1998),Comedy|Drama,M,35,6,33615
1381,1223,5,974767301,"Grand Day Out, A (1992)",Animation|Comedy,M,18,11,89170
843,3105,4,975378412,Awakenings (1990),Drama,M,25,7,49321
877,799,3,975273452,"Frighteners, The (1996)",Comedy|Horror,M,25,0,90631
959,588,3,986080977,Aladdin (1992),Animation|Children's|Comedy|Musical,M,50,11,44622
987,898,5,975098301,"Philadelphia Story, The (1940)",Comedy|Romance,F,35,17,48098
1050,481,3,974966127,Kalifornia (1993),Drama|Thriller,M,25,1,97302
1128,3042,1,974908666,Meatballs III (1987),Comedy,M,25,1,72701
1146,799,3,974932485,"Frighteners, The (1996)",Comedy|Horror,F,18,16,80260
1224,3105,4,975248207,Awakenings (1990),Drama,M,50,13,02125
1260,2802,4,987446190,Tequila Sunrise (1988),Action|Romance|Thriller,M,25,17,28262
1502,588,4,974750344,Aladdin (1992),Animation|Children's|Comedy|Musical,M,18,4,12188
956,296,4,975131247,Pulp Fiction (1994),Crime|Drama,M,35,1,55104
1067,296,5,974945496,Pulp Fiction (1994),Crime|Drama,M,35,12,94402
1350,296,3,974772723,Pulp Fiction (1994),Crime|Drama,F,35,0,90278
1078,2396,5,974938251,Shakespeare in Love (1998),Comedy|Romance,F,45,9,95661
1482,2396,4,975204443,Shakespeare in Love (1998),Comedy|Romance,M,25,7,94132
1427,673,3,974843128,Space Jam (1996),Adventure|Animation|Children's|Comedy|Fantasy,M,25,12,21401
786,2797,4,975429107,Big (1988),Comedy|Fantasy,M,25,0,55987
907,593,4,975207703,"Silence of the Lambs, The (1991)",Drama|Thriller,F,45,6,92117
1010,2797,3,975229236,Big (1988),Comedy|Fantasy,M,25,0,10310
1101,2173,4,974925129,"Navigator: A Mediaeval Odyssey, The (1988)",Adventure|Fantasy|Sci-Fi,M,35,1,06417
1135,1653,4,974880355,Gattaca (1997),Drama|Sci-Fi|Thriller,M,50,13,98201
1400,593,4,974765859,"Silence of the Lambs, The (1991)",Drama|Thriller,M,25,7,92130
1010,3844,2,975229951,Steel Magnolias (1989),Drama,M,25,0,10310
1051,3436,3,987221903,Dying Young (1991),Drama|Romance,F,25,0,60513
1340,2606,1,976658639,Idle Hands (1999),Comedy|Horror,M,25,7,14302
931,1198,4,975189816,Raiders of the Lost Ark (1981),Action|Adventure,F,56,1,06032
934,368,4,975184567,Maverick (1994),Action|Comedy|Western,F,35,7,97401
956,34,5,975130511,Babe (1995),Children's|Comedy|Drama,M,35,1,55104
1100,368,1,974926504,Maverick (1994),Action|Comedy|Western,M,25,0,60090
1181,1344,4,974945337,Cape Fear (1962),Film-Noir|Thriller,M,35,7,20716
1449,3235,2,975519577,Where the Buffalo Roam (1980),Comedy,M,35,20,17112
1449,368,2,975528548,Maverick (1994),Action|Comedy|Western,M,35,20,17112
1481,1537,5,974758479,Shall We Dance? (Shall We Dansu?) (1996),Comedy,M,35,17,77096
881,1183,3,975265612,"English Patient, The (1996)",Drama|Romance|War,M,18,14,76401
930,1500,4,975190488,Grosse Pointe Blank (1997),Comedy|Crime,M,25,5,98380
966,1183,5,975115490,"English Patient, The (1996)",Drama|Romance|War,M,56,2,92262
1221,2003,5,974841868,Gremlins (1984),Comedy|Horror,M,18,0,19134
1389,1183,2,1038284495,"English Patient, The (1996)",Drama|Romance|War,M,25,17,19801
1033,1259,3,974996013,Stand by Me (1986),Adventure|Comedy|Drama,M,25,5,60076
1114,1226,4,974916293,"Quiet Man, The (1952)",Comedy|Romance,F,18,9,75801
1203,2007,4,974926751,Polish Wedding (1998),Comedy,F,25,1,06417
1209,1259,5,974843310,Stand by Me (1986),Adventure|Comedy|Drama,M,35,7,94127
1019,436,3,975009562,Color of Night (1994),Drama|Thriller,M,35,1,60640
1053,1201,5,974954045,"Good, The Bad and The Ugly, The (1966)",Action|Western,M,35,0,18360
1119,1175,4,974912428,Delicatessen (1991),Comedy|Sci-Fi,M,35,1,90504
1128,3685,3,974907971,Prizzi's Honor (1985),Comedy|Drama|Romance,M,25,1,72701
1266,1441,5,979227705,Benny & Joon (1993),Comedy|Romance,M,25,4,18104
1503,1201,5,974763120,"Good, The Bad and The Ugly, The (1966)",Action|Western,M,25,12,92688
869,2355,5,975276973,"Bug's Life, A (1998)",Animation|Children's|Comedy,M,18,20,92026
1019,497,2,975008190,Much Ado About Nothing (1993),Comedy|Romance,M,35,1,60640
1057,2018,3,974952896,Bambi (1942),Animation|Children's,M,45,17,73069
1124,1051,4,974910365,Trees Lounge (1996),Drama,M,25,2,60156
1230,2355,4,974836171,"Bug's Life, A (1998)",Animation|Children's|Comedy,M,25,11,95125
1355,1296,2,974771271,"Room with a View, A (1986)",Drama|Romance,F,45,20,04240
1495,2355,2,974761071,"Bug's Life, A (1998)",Animation|Children's|Comedy,M,18,0,77341
1119,3706,5,974912324,Angel Heart (1987),Film-Noir|Mystery|Thriller,M,35,1,90504
1164,2682,4,979773111,Limbo (1999),Drama,F,25,19,90020
1357,1752,2,974770086,Hard Rain (1998),Action|Thriller,M,45,0,34116
1458,2682,3,998066927,Limbo (1999),Drama,M,1,0,08055
910,1276,4,981314313,Cool Hand Luke (1967),Comedy|Drama,F,50,0,98226
929,1276,3,975192904,Cool Hand Luke (1967),Comedy|Drama,M,25,15,53706
966,3624,3,975114973,Shanghai Noon (2000),Action,M,56,2,92262
1059,2015,1,974966889,"Absent Minded Professor, The (1961)",Children's|Comedy|Fantasy,F,25,0,97213
1139,587,4,974880203,Ghost (1990),Comedy|Romance|Thriller,M,25,1,93420-2852
1186,3624,4,977290969,Shanghai Noon (2000),Action,M,18,19,98502
1389,1307,4,994383973,When Harry Met Sally... (1989),Comedy|Romance,M,25,17,19801
1423,1307,5,974759451,When Harry Met Sally... (1989),Comedy|Romance,M,25,4,08540
855,914,4,976337988,My Fair Lady (1964),Musical|Romance,F,18,2,72701
869,76,2,975276315,Screamers (1995),Sci-Fi|Thriller,M,18,20,92026
873,3359,5,975279954,Breaking Away (1979),Drama,M,56,6,19027
910,914,5,981314401,My Fair Lady (1964),Musical|Romance,F,50,0,98226
963,76,2,975121146,Screamers (1995),Sci-Fi|Thriller,M,25,0,48197
1105,3435,5,974921147,Double Indemnity (1944),Crime|Film-Noir,M,35,6,48105
1296,3252,4,974787616,Scent of a Woman (1992),Drama,M,1,0,75244
1354,914,3,975458919,My Fair Lady (1964),Musical|Romance,F,25,2,94040
1377,688,2,974770143,Operation Dumbo Drop (1995),Action|Adventure|Comedy|War,M,35,16,65270
1001,2610,4,976296728,Three Seasons (1999),Drama,M,25,4,90210
1029,1235,4,980036888,Harold and Maude (1971),Comedy,M,25,0,20015
1120,26,3,975437016,Othello (1995),Drama,M,18,4,95616
1137,3270,4,980196111,"Cutting Edge, The (1992)",Drama,M,18,4,13165
1150,2023,1,974875076,"Godfather: Part III, The (1990)",Action|Crime|Drama,F,25,20,75226
794,3072,4,975416764,Moonstruck (1987),Comedy,M,50,20,10543
987,2331,4,975098671,Living Out Loud (1998),Comedy|Romance,F,35,17,48098
817,2134,5,975387587,Weird Science (1985),Comedy,M,18,4,41076
889,3481,3,975248230,High Fidelity (2000),Comedy,M,45,20,10024
899,916,5,975216004,Roman Holiday (1953),Comedy|Romance,F,25,1,30605
963,1875,2,975207020,Clockwatchers (1997),Comedy,M,25,0,48197
1034,908,5,974995660,North by Northwest (1959),Drama|Thriller,F,35,1,82601
1100,1135,1,974926197,Private Benjamin (1980),Comedy,M,25,0,60090
1147,3783,3,974871891,Croupier (1998),Crime|Drama,M,25,20,98101
1169,1135,2,974861015,Private Benjamin (1980),Comedy,M,25,20,94402
1199,3481,2,974846614,High Fidelity (2000),Comedy,M,50,13,77459
1203,3783,4,974844410,Croupier (1998),Crime|Drama,F,25,1,06417
1273,3481,4,974815410,High Fidelity (2000),Comedy,M,35,2,19123
1325,916,4,974778112,Roman Holiday (1953),Comedy|Romance,M,25,1,75230
1345,2169,4,974773291,Dead Man on Campus (1998),Comedy,F,25,2,75070
1362,3481,5,974769538,High Fidelity (2000),Comedy,M,35,12,75069
1377,2322,3,974770177,Soldier (1998),Action|Adventure|Sci-Fi|Thriller|War,M,35,16,65270
1449,3528,1,976315860,"Prince of Tides, The (1991)",Drama|Romance,M,35,20,17112
802,1866,4,975397977,"Big Hit, The (1998)",Action|Comedy,M,25,16,22801
855,1148,5,975465426,"Wrong Trousers, The (1993)",Animation|Comedy,F,18,2,72701
977,1148,4,975106659,"Wrong Trousers, The (1993)",Animation|Comedy,M,25,2,80110
1019,2804,3,975007820,"Christmas Story, A (1983)",Comedy|Drama,M,35,1,60640
1086,2804,5,974934624,"Christmas Story, A (1983)",Comedy|Drama,M,18,4,98225
1093,1210,3,974929530,Star Wars: Episode VI - Return of the Jedi (1983),Action|Adventure|Romance|Sci-Fi|War,M,50,14,60504
1255,253,5,974824096,Interview with the Vampire (1994),Drama|Horror,M,25,17,94110
1279,1689,2,974853872,"Man Who Knew Too Little, The (1997)",Comedy|Mystery,M,35,1,98502
1346,2076,3,974772747,Blue Velvet (1986),Drama|Mystery,M,35,20,27607
1447,1148,5,981021536,"Wrong Trousers, The (1993)",Animation|Comedy,M,18,4,80521
1458,1148,4,974756005,"Wrong Trousers, The (1993)",Animation|Comedy,M,1,0,08055
1470,1363,3,974839478,"Preacher's Wife, The (1996)",Drama,M,18,4,94118
1496,1210,2,974751549,Star Wars: Episode VI - Return of the Jedi (1983),Action|Adventure|Romance|Sci-Fi|War,M,25,17,94108
877,3258,4,975271463,Death Becomes Her (1992),Comedy,M,25,0,90631
1243,329,3,978997070,Star Trek: Generations (1994),Action|Adventure|Sci-Fi,M,35,15,92627
1264,236,3,974822618,French Kiss (1995),Comedy|Romance,M,25,1,53711
811,3196,5,975393731,Stalag 17 (1953),Drama|War,M,50,0,94043
1019,3741,5,975009789,Badlands (1973),Crime|Drama,M,35,1,60640
1285,3741,3,974967614,Badlands (1973),Crime|Drama,M,35,4,98125
1496,2723,3,974751856,Mystery Men (1999),Action|Adventure|Comedy,M,25,17,94108
876,2006,3,975270538,"Mask of Zorro, The (1998)",Action|Adventure|Romance,M,25,4,43202
885,223,3,975256516,Clerks (1994),Comedy,M,35,0,48105
948,2090,4,975149428,"Rescuers, The (1977)",Animation|Children's,M,56,12,43056
1100,2090,1,974923911,"Rescuers, The (1977)",Animation|Children's,M,25,0,60090
1105,2701,2,976047750,Wild Wild West (1999),Action|Sci-Fi|Western,M,35,6,48105
1120,223,5,974912551,Clerks (1994),Comedy,M,18,4,95616
1138,223,3,974879572,Clerks (1994),Comedy,M,18,12,12047
1311,2701,2,974787192,Wild Wild West (1999),Action|Sci-Fi|Western,M,18,10,90274
877,3260,1,975272410,Howards End (1992),Drama,M,25,0,90631
1021,2168,4,995045302,Dance with Me (1998),Drama|Romance,M,35,0,94559
1266,3912,1,986439804,Beautiful (2000),Comedy|Drama,M,25,4,18104
1391,417,3,974771035,Barcelona (1994),Comedy|Romance,M,35,15,20723
1425,3865,2,1038546392,"Original Kings of Comedy, The (2000)",Comedy|Documentary,M,1,10,08872
1462,3865,2,974754934,"Original Kings of Comedy, The (2000)",Comedy|Documentary,M,35,16,95405
1489,3865,2,975123740,"Original Kings of Comedy, The (2000)",Comedy|Documentary,F,35,2,60201
802,1777,4,975397665,"Wedding Singer, The (1998)",Comedy|Romance,M,25,16,22801
1185,409,5,974851411,Above the Rim (1994),Drama,F,35,1,97374
1280,2502,4,974796511,Office Space (1999),Comedy|Romance,M,1,10,97801
854,1290,3,975355492,Some Kind of Wonderful (1987),Drama|Romance,F,25,16,44092
889,1215,3,975248963,Army of Darkness (1993),Action|Adventure|Comedy|Horror|Sci-Fi,M,45,20,10024
897,3450,2,975222624,Grumpy Old Men (1993),Comedy,M,25,6,92130
937,3450,4,975174166,Grumpy Old Men (1993),Comedy,M,25,15,60513
1357,2668,2,974771702,Swamp Thing (1982),Horror|Sci-Fi,M,45,0,34116
1390,3450,4,1016497896,Grumpy Old Men (1993),Comedy,M,35,16,99352
1448,1215,2,976121574,Army of Darkness (1993),Action|Adventure|Comedy|Horror|Sci-Fi,F,25,3,17522
1448,707,5,976138152,Mulholland Falls (1996),Crime|Film-Noir|Thriller,F,25,3,17522
1451,707,4,974766914,Mulholland Falls (1996),Crime|Film-Noir|Thriller,M,35,20,90012
881,3654,4,1013536701,"Guns of Navarone, The (1961)",Action|Drama|War,M,18,14,76401
1125,3180,3,1031728299,Play it to the Bone (1999),Comedy|Drama,F,18,4,53715
1209,2288,3,974845138,"Thing, The (1982)",Action|Horror|Sci-Fi|Thriller,M,35,7,94127
1255,1249,4,974822519,Nikita (La Femme Nikita) (1990),Thriller,M,25,17,94110
1307,1249,4,974784328,Nikita (La Femme Nikita) (1990),Thriller,M,56,13,75703
1448,2407,4,977257954,Cocoon (1985),Comedy|Sci-Fi,F,25,3,17522
1125,1291,4,975626489,Indiana Jones and the Last Crusade (1989),Action|Adventure,F,18,4,53715
812,157,2,975393779,Canadian Bacon (1994),Comedy|War,M,25,6,37930
926,2724,4,1006643873,Runaway Bride (1999),Comedy|Romance,M,1,10,07869
1218,924,5,976565244,2001: A Space Odyssey (1968),Drama|Mystery|Sci-Fi|Thriller,M,56,15,13207
1356,2724,1,974772296,Runaway Bride (1999),Comedy|Romance,F,18,4,91706
796,246,2,977724593,Hoop Dreams (1994),Documentary,M,50,6,98237
929,2791,4,975526889,Airplane! (1980),Comedy,M,25,15,53706
1112,539,3,974949309,Sleepless in Seattle (1993),Comedy|Romance,M,18,6,19104
1194,367,2,1036309268,"Mask, The (1994)",Comedy|Crime|Fantasy,F,25,1,95617
1202,539,5,974857787,Sleepless in Seattle (1993),Comedy|Romance,M,35,12,97006
1271,539,5,974815979,Sleepless in Seattle (1993),Comedy|Romance,F,45,6,54401
1340,367,2,975128986,"Mask, The (1994)",Comedy|Crime|Fantasy,M,25,7,14302
1415,539,3,993497582,Sleepless in Seattle (1993),Comedy|Romance,M,45,14,22901
1504,861,3,974748718,Supercop (1992),Action|Thriller,M,18,19,22030
854,2628,3,975348268,Star Wars: Episode I - The Phantom Menace (1999),Action|Adventure|Fantasy|Sci-Fi,F,25,16,44092
1001,2607,4,976297781,Get Real (1998),Drama,M,25,4,90210
1019,1729,4,976057065,Jackie Brown (1997),Crime|Drama,M,35,1,60640
1141,1197,5,1005052340,"Princess Bride, The (1987)",Action|Adventure|Comedy|Romance,F,25,3,84770
1383,111,3,994118754,Taxi Driver (1976),Drama|Thriller,F,25,7,19806
840,2051,4,976207677,Herbie Goes to Monte Carlo (1977),Adventure|Children's|Comedy,F,25,3,02828
1137,2064,3,982912509,Roger & Me (1989),Comedy|Documentary,M,18,4,13165
1142,47,5,974876622,Seven (Se7en) (1995),Crime|Thriller,M,18,1,43623
1150,1939,2,975196037,"Best Years of Our Lives, The (1946)",Drama|War,F,25,20,75226
1181,1939,3,974982583,"Best Years of Our Lives, The (1946)",Drama|War,M,35,7,20716
796,1244,4,976288064,Manhattan (1979),Comedy|Drama|Romance,M,50,6,98237
865,1244,5,975281455,Manhattan (1979),Comedy|Drama|Romance,M,35,1,91711
1311,2038,3,974787192,"Cat from Outer Space, The (1978)",Children's|Comedy|Sci-Fi,M,18,10,90274
882,1206,5,975261505,"Clockwork Orange, A (1971)",Sci-Fi,M,18,2,01720
1051,1206,5,987226576,"Clockwork Orange, A (1971)",Sci-Fi,F,25,0,60513
1186,671,5,974851034,Mystery Science Theater 3000: The Movie (1996),Comedy|Sci-Fi,M,18,19,98502
1266,3857,1,986439804,Bless the Child (2000),Thriller,M,25,4,18104
1473,3104,4,974753153,Midnight Run (1988),Action|Adventure|Comedy|Crime,M,25,14,06511
774,1694,3,975534137,"Apostle, The (1997)",Drama,M,18,4,22903
800,2092,3,975402417,"Return of Jafar, The (1993)",Animation|Children's|Musical,F,35,12,72032
854,2616,3,975348326,Dick Tracy (1990),Action|Crime,F,25,16,44092
871,2882,4,975274147,Jakob the Liar (1999),Drama,M,1,10,76013
911,1694,3,975258301,"Apostle, The (1997)",Drama,M,50,0,98226
971,185,2,975111480,"Net, The (1995)",Sci-Fi|Thriller,M,25,12,43615
1274,3379,4,1031910789,On the Beach (1959),Drama,M,45,7,37343
1447,1694,4,981018864,"Apostle, The (1997)",Drama,M,18,4,80521
1483,2616,1,979914369,Dick Tracy (1990),Action|Crime,M,18,4,54481
806,955,5,975394341,Bringing Up Baby (1938),Comedy,M,35,0,34990
1335,955,5,974776128,Bringing Up Baby (1938),Comedy,M,35,0,14228
781,3020,4,975433616,Falling Down (1993),Action|Drama,M,18,4,95076
781,1382,3,975433842,Marked for Death (1990),Action|Drama,M,18,4,95076
872,3753,3,975683777,"Patriot, The (2000)",Action|Drama|War,M,50,1,20815
891,1590,3,975234658,Event Horizon (1997),Action|Mystery|Sci-Fi|Thriller,M,25,1,80202
1193,3753,3,976736448,"Patriot, The (2000)",Action|Drama|War,M,25,12,90712
1325,3753,3,974778893,"Patriot, The (2000)",Action|Drama|War,M,25,1,75230
1364,2635,4,974769171,"Mummy's Curse, The (1944)",Horror,F,45,2,97214
1484,3020,4,997907685,Falling Down (1993),Action|Drama,M,25,12,07054
781,704,1,975433955,"Quest, The (1996)",Action|Adventure,M,18,4,95076
858,1247,5,975344462,"Graduate, The (1967)",Drama|Romance,M,35,14,10013
919,3421,5,975202593,Animal House (1978),Comedy,F,35,1,92056
1050,1488,3,974962570,"Devil's Own, The (1997)",Action|Drama|Thriller|War,M,25,1,97302
1096,3752,2,974936217,"Me, Myself and Irene (2000)",Comedy,M,1,10,80439
1112,1488,3,974945175,"Devil's Own, The (1997)",Action|Drama|Thriller|War,M,18,6,19104
1172,1304,5,974860999,Butch Cassidy and the Sundance Kid (1969),Action|Comedy|Western,F,25,0,61801
1179,3927,3,974867725,Fantastic Voyage (1966),Adventure|Sci-Fi,M,50,1,91030
1274,1247,3,974810339,"Graduate, The (1967)",Drama|Romance,M,45,7,37343
1335,1247,4,974819220,"Graduate, The (1967)",Drama|Romance,M,35,0,14228
1501,1304,4,974748544,Butch Cassidy and the Sundance Kid (1969),Action|Comedy|Western,M,25,11,75801
766,3819,4,975450806,Tampopo (1986),Comedy,F,25,7,95128
877,2054,3,975269807,"Honey, I Shrunk the Kids (1989)",Adventure|Children's|Comedy|Fantasy|Sci-Fi,M,25,0,90631
1058,512,3,974951776,Robert A. Heinlein's The Puppet Masters (1994),Horror|Sci-Fi,M,25,1,97321
1131,3826,3,974899611,Hollow Man (2000),Horror|Sci-Fi|Thriller,M,56,13,12570
1356,2054,1,974785558,"Honey, I Shrunk the Kids (1989)",Adventure|Children's|Comedy|Fantasy|Sci-Fi,F,18,4,91706
1383,2054,3,975976821,"Honey, I Shrunk the Kids (1989)",Adventure|Children's|Comedy|Fantasy|Sci-Fi,F,25,7,19806
1448,2054,4,977260870,"Honey, I Shrunk the Kids (1989)",Adventure|Children's|Comedy|Fantasy|Sci-Fi,F,25,3,17522
938,1,5,975173033,Toy Story (1995),Animation|Children's|Comedy,F,25,1,01060
1183,1,5,974853261,Toy Story (1995),Animation|Children's|Comedy,M,35,19,94598
765,1485,4,975612935,Liar Liar (1997),Comedy,M,25,17,74467
922,2763,4,975212729,"Thomas Crown Affair, The (1999)",Action|Thriller,M,56,16,48009
984,2183,4,975118310,"Man Who Knew Too Much, The (1956)",Thriller,M,50,16,92129
1057,2138,3,974953059,Watership Down (1978),Animation|Children's|Drama|Fantasy,M,45,17,73069
1090,2763,4,974932221,"Thomas Crown Affair, The (1999)",Action|Thriller,M,25,7,94105
1130,3593,1,974900528,Battlefield Earth (2000),Action|Sci-Fi,M,18,7,60012
1279,52,2,974852927,Mighty Aphrodite (1995),Comedy,M,35,1,98502
1363,3861,4,974769412,"Replacements, The (2000)",Comedy,M,50,7,01915
1001,3453,1,975041441,Here on Earth (2000),Drama|Romance,M,25,4,90210
1242,2967,4,975348844,"Bad Seed, The (1956)",Drama|Thriller,F,35,0,10014
852,3210,5,975348254,Fast Times at Ridgemont High (1982),Comedy,M,25,5,92105
1475,1722,1,974755548,Tomorrow Never Dies (1997),Action|Romance|Thriller,F,25,2,75075
1497,2989,4,974750523,For Your Eyes Only (1981),Action,M,50,5,80220
904,1644,3,975865615,I Know What You Did Last Summer (1997),Horror|Mystery|Thriller,M,35,20,92308
809,2455,4,975395210,"Fly, The (1986)",Horror|Sci-Fi,M,25,17,70508
849,440,3,975350067,Dave (1993),Comedy|Romance,M,25,3,75006
1010,1663,3,975229171,Stripes (1981),Comedy,M,25,0,10310
1051,2318,4,1007932024,Happiness (1998),Comedy,F,25,0,60513
1163,3484,3,974863130,"Skulls, The (2000)",Thriller,M,1,10,70448
1172,1682,4,974865848,"Truman Show, The (1998)",Drama,F,25,0,61801
1202,1663,4,974857247,Stripes (1981),Comedy,M,35,12,97006
1242,1682,3,974909268,"Truman Show, The (1998)",Drama,F,35,0,10014
1268,2455,4,974834871,"Fly, The (1986)",Horror|Sci-Fi,M,50,2,10028
1300,3786,4,974788976,But I'm a Cheerleader (1999),Comedy,M,1,10,97201
1308,1682,3,974784644,"Truman Show, The (1998)",Drama,M,1,10,75082
1317,2471,3,975216674,Crocodile Dundee II (1988),Adventure|Comedy,M,45,7,98028
1358,2455,5,974770044,"Fly, The (1986)",Horror|Sci-Fi,M,35,17,49508
1451,440,4,974763580,Dave (1993),Comedy|Romance,M,35,20,90012
777,1100,3,975440858,Days of Thunder (1990),Action|Romance,M,18,19,87543
831,1089,4,975364422,Reservoir Dogs (1992),Crime|Thriller,F,45,0,20874
850,1267,4,975349897,"Manchurian Candidate, The (1962)",Film-Noir|Thriller,M,35,0,60640
910,474,4,975210244,In the Line of Fire (1993),Action|Thriller,F,50,0,98226
1407,1089,3,974762748,Reservoir Dogs (1992),Crime|Thriller,F,35,15,53704
817,2699,4,975387209,Arachnophobia (1990),Action|Comedy|Sci-Fi|Thriller,M,18,4,41076
1181,2699,2,976070971,Arachnophobia (1990),Action|Comedy|Sci-Fi|Thriller,M,35,7,20716
1377,168,3,974774348,First Knight (1995),Action|Adventure|Drama|Romance,M,35,16,65270
1472,168,1,974768713,First Knight (1995),Action|Adventure|Drama|Romance,M,25,7,90248
1499,2699,4,974761095,Arachnophobia (1990),Action|Comedy|Sci-Fi|Thriller,M,1,10,19343
1501,852,4,974759920,Tin Cup (1996),Comedy|Romance,M,25,11,75801
780,1380,4,975543518,Grease (1978),Comedy|Musical|Romance,M,25,17,91776
1422,2537,1,978468828,Beyond the Poseidon Adventure (1979),Adventure,M,35,17,55934
1470,1218,5,974838688,"Killer, The (Die xue shuang xiong) (1989)",Action|Thriller,M,18,4,94118
1067,3659,4,974952742,Quatermass II (1957),Sci-Fi|Thriller,M,35,12,94402
1121,1627,4,974912966,U Turn (1997),Action|Crime|Mystery,M,56,7,78701
1218,3893,4,988737137,Nurse Betty (2000),Comedy|Thriller,M,56,15,13207
1340,1627,1,974779289,U Turn (1997),Action|Crime|Mystery,M,25,7,14302
955,2161,2,975209633,"NeverEnding Story, The (1984)",Adventure|Children's|Fantasy,F,50,7,94941
1125,2391,5,974911312,"Simple Plan, A (1998)",Crime|Thriller,F,18,4,53715
1182,1997,4,997177936,"Exorcist, The (1973)",Horror,M,1,10,91326
1242,164,3,974833940,Devil in a Blue Dress (1995),Crime|Film-Noir|Mystery|Thriller,F,35,0,10014
802,2193,3,975401610,Willow (1988),Action|Adventure|Fantasy,M,25,16,22801
877,3764,2,975269196,F/X 2 (1992),Action|Crime|Thriller,M,25,0,90631
1050,1171,3,974963810,Bob Roberts (1992),Comedy,M,25,1,97302
1198,3793,5,974948124,X-Men (2000),Action|Sci-Fi,M,1,10,49544
1300,3793,4,974789629,X-Men (2000),Action|Sci-Fi,M,1,10,97201
1389,3793,3,974767633,X-Men (2000),Action|Sci-Fi,M,25,17,19801
1224,1994,3,974840171,Poltergeist (1982),Horror|Thriller,M,50,13,02125
818,431,5,975385831,Carlito's Way (1993),Crime|Drama,M,18,4,60107
1222,1394,4,975027917,Raising Arizona (1987),Comedy,M,35,0,52162
1347,3863,4,974772226,"Cell, The (2000)",Sci-Fi|Thriller,F,18,1,11375
1354,94,2,986920785,Beautiful Girls (1996),Drama,F,25,2,94040
1404,1394,3,974764630,Raising Arizona (1987),Comedy,M,50,16,91360
1465,1394,3,974763468,Raising Arizona (1987),Comedy,M,50,16,93003
765,3699,2,975450585,Starman (1984),Adventure|Drama|Romance|Sci-Fi,M,25,17,74467
922,920,2,975211345,Gone with the Wind (1939),Drama|Romance|War,M,56,16,48009
1077,920,5,975986307,Gone with the Wind (1939),Drama|Romance|War,M,25,3,60660
1371,3489,4,974848031,Hook (1991),Adventure|Fantasy,F,50,2,60657
1413,920,4,974761362,Gone with the Wind (1939),Drama|Romance|War,M,18,3,98122
1127,2405,4,974910845,"Jewel of the Nile, The (1985)",Action|Adventure|Comedy|Romance,M,25,0,11788
1207,1968,2,975172123,"Breakfast Club, The (1985)",Comedy|Drama,M,50,0,43617
1274,3932,4,974813536,"Invisible Man, The (1933)",Horror|Sci-Fi,M,45,7,37343
1285,1968,5,975457690,"Breakfast Club, The (1985)",Comedy|Drama,M,35,4,98125
1497,3932,4,974749144,"Invisible Man, The (1933)",Horror|Sci-Fi,M,50,5,80220
757,1517,4,975454864,Austin Powers: International Man of Mystery (1997),Comedy,M,25,12,97401
833,1517,2,975363272,Austin Powers: International Man of Mystery (1997),Comedy,M,35,7,46825
840,923,5,994194301,Citizen Kane (1941),Drama,F,25,3,02828
889,3269,2,975254268,Forever Young (1992),Adventure|Romance|Sci-Fi,M,45,20,10024
1232,306,5,974836083,Three Colors: Red (1994),Drama,F,18,4,43235
1246,339,2,975071825,While You Were Sleeping (1995),Comedy|Romance,M,18,4,98225
1285,923,4,974967577,Citizen Kane (1941),Drama,M,35,4,98125
1422,3269,2,975692114,Forever Young (1992),Adventure|Romance|Sci-Fi,M,35,17,55934
1449,292,2,975528960,Outbreak (1995),Action|Drama|Thriller,M,35,20,17112
765,3827,3,975450647,Space Cowboys (2000),Action|Sci-Fi,M,25,17,74467
765,1917,5,975451029,Armageddon (1998),Action|Adventure|Sci-Fi|Thriller,M,25,17,74467
867,1028,2,975277079,Mary Poppins (1964),Children's|Comedy|Musical,M,45,12,95814
881,3810,3,975266024,White Sands (1992),Drama|Thriller,M,18,14,76401
1017,1028,5,975011081,Mary Poppins (1964),Children's|Comedy|Musical,M,35,0,30906
1059,2014,2,974966132,Freaky Friday (1977),Children's|Comedy,F,25,0,97213
1202,2779,4,974857649,Heaven Can Wait (1978),Comedy,M,35,12,97006
1271,1028,5,974815705,Mary Poppins (1964),Children's|Comedy|Musical,F,45,6,54401
1390,1917,3,991716203,Armageddon (1998),Action|Adventure|Sci-Fi|Thriller,M,35,16,99352
1415,969,4,993497176,"African Queen, The (1951)",Action|Adventure|Romance|War,M,45,14,22901
1470,3309,2,974838840,"Dog's Life, A (1920)",Comedy,M,18,4,94118
1499,1917,3,974761343,Armageddon (1998),Action|Adventure|Sci-Fi|Thriller,M,1,10,19343
759,2485,4,975453421,She's All That (1999),Comedy|Romance,F,56,3,89156
800,2485,1,975404009,She's All That (1999),Comedy|Romance,F,35,12,72032
954,3534,3,975136246,28 Days (2000),Comedy,F,25,0,21030
1038,1191,4,974986452,Madonna: Truth or Dare (1991),Documentary,F,56,15,20194
1087,2640,4,974936551,Superman (1978),Action|Adventure|Sci-Fi,M,25,16,08826
1301,3534,4,974791595,28 Days (2000),Comedy,F,25,2,10475
1330,3534,4,974777214,28 Days (2000),Comedy,M,56,1,95117
1362,3534,3,974769768,28 Days (2000),Comedy,M,35,12,75069
836,1951,1,975360756,Oliver! (1968),Musical,M,25,11,10023
1302,2412,4,974786785,Rocky V (1990),Action|Drama,M,18,4,85282
1246,3702,4,975926948,Mad Max (1979),Action|Sci-Fi,M,18,4,98225
1335,3683,5,974817483,Blood Simple (1984),Drama|Film-Noir,M,35,0,14228
1354,1029,3,978297912,Dumbo (1941),Animation|Children's|Musical,F,25,2,94040
1022,3894,5,975006931,Solas (1999),Drama,M,25,3,00918
1034,2203,3,974996349,Shadow of a Doubt (1943),Film-Noir|Thriller,F,35,1,82601
1117,2803,3,975693974,"Pelican Brief, The (1993)",Thriller,M,18,14,10017
1125,507,3,974923241,"Perfect World, A (1993)",Action|Drama,F,18,4,53715
1303,1835,1,974785857,City of Angels (1998),Romance,M,25,19,94111
770,1407,3,976181039,Scream (1996),Horror|Thriller,M,18,4,98499
1284,3249,4,974842427,"Hand That Rocks the Cradle, The (1992)",Thriller,M,45,16,33334
1509,1407,4,974832024,Scream (1996),Horror|Thriller,M,1,0,11803
832,3552,3,975363145,Caddyshack (1980),Comedy,M,18,2,19464
864,959,2,977182475,Of Human Bondage (1934),Drama,F,25,0,97205
1075,3007,4,974938936,American Movie (1999),Documentary,F,25,6,60660
1087,1010,3,990549384,"Love Bug, The (1969)",Children's|Comedy,M,25,16,08826
1125,2072,1,1019369438,"'burbs, The (1989)",Comedy,F,18,4,53715
1203,3007,5,998229634,American Movie (1999),Documentary,F,25,1,06417
1285,1010,4,975658296,"Love Bug, The (1969)",Children's|Comedy,M,35,4,98125
1329,3552,4,976897265,Caddyshack (1980),Comedy,M,18,14,60194
1356,279,1,974787344,My Family (1995),Drama,F,18,4,91706
1271,1748,3,974814658,Dark City (1998),Film-Noir|Sci-Fi|Thriller,F,45,6,54401
1343,3257,3,975194977,"Bodyguard, The (1992)",Action|Drama|Romance|Thriller,M,35,14,91324
1408,3257,3,974763419,"Bodyguard, The (1992)",Action|Drama|Romance|Thriller,M,25,0,90046
855,2822,3,976417506,Medicine Man (1992),Adventure|Romance,F,18,2,72701
861,3039,5,975341803,Trading Places (1983),Comedy,M,25,7,37027
1059,3039,3,974957085,Trading Places (1983),Comedy,F,25,0,97213
1356,2571,5,974783727,"Matrix, The (1999)",Action|Sci-Fi|Thriller,F,18,4,91706
1445,2571,2,974757499,"Matrix, The (1999)",Action|Sci-Fi|Thriller,M,25,2,98109
881,836,1,975264659,Chain Reaction (1996),Action|Adventure|Thriller,M,18,14,76401
1150,1938,3,975196851,"Lost Weekend, The (1945)",Drama,F,25,20,75226
770,1739,1,976184628,3 Ninjas: High Noon On Mega Mountain (1998),Action|Children's,M,18,4,98499
1125,1475,2,1014489008,Kama Sutra: A Tale of Love (1996),Romance,F,18,4,53715
1207,780,3,974845053,Independence Day (ID4) (1996),Action|Sci-Fi|War,M,50,0,43617
1451,1475,2,985650207,Kama Sutra: A Tale of Love (1996),Romance,M,35,20,90012
1496,1128,4,974750224,"Fog, The (1980)",Horror,M,25,17,94108
1117,257,3,975694169,Just Cause (1995),Mystery|Thriller,M,18,14,10017
1141,1569,4,1005052523,My Best Friend's Wedding (1997),Comedy|Romance,F,25,3,84770
1265,1186,5,999228495,"Sex, Lies, and Videotape (1989)",Drama,F,18,20,49321
1338,1250,5,978405919,"Bridge on the River Kwai, The (1957)",Drama|War,M,25,0,94108
843,1225,2,975374813,Amadeus (1984),Drama,M,25,7,49321
929,1220,5,975191167,"Blues Brothers, The (1980)",Action|Comedy|Musical,M,25,15,53706
984,1220,3,975117697,"Blues Brothers, The (1980)",Action|Comedy|Musical,M,50,16,92129
1112,1225,5,974943497,Amadeus (1984),Drama,M,18,6,19104
1119,1225,4,974915077,Amadeus (1984),Drama,M,35,1,90504
1211,1225,3,974841906,Amadeus (1984),Drama,M,18,4,10027
1265,2891,3,1011716955,"Happy, Texas (1999)",Comedy,F,18,20,49321
1303,1222,4,974836171,Full Metal Jacket (1987),Action|Drama|War,M,25,19,94111
1377,1299,4,974769341,"Killing Fields, The (1984)",Drama|War,M,35,16,65270
1481,1225,4,974752624,Amadeus (1984),Drama,M,35,17,77096
1484,117,4,997906279,"Young Poisoner's Handbook, The (1995)",Crime,M,25,12,07054
1182,1252,5,974917807,Chinatown (1974),Film-Noir|Mystery|Thriller,M,1,10,91326
1285,1298,4,975457932,Pink Floyd - The Wall (1982),Drama|Musical|War,M,35,4,98125
1291,764,5,974791321,Heavy (1995),Drama|Romance,F,35,0,10011
769,904,4,975443499,Rear Window (1954),Mystery|Thriller,M,45,17,02421
1264,1189,5,974824997,"Thin Blue Line, The (1988)",Documentary,M,25,1,53711
1383,2150,3,981231404,"Gods Must Be Crazy, The (1980)",Comedy,F,25,7,19806
1489,3675,5,974757254,White Christmas (1954),Musical,F,35,2,60201
816,1035,4,975471065,"Sound of Music, The (1965)",Musical,M,45,0,92108
915,3256,3,975203761,Patriot Games (1992),Action|Thriller,M,25,7,72762
1010,3285,2,1013805669,"Beach, The (2000)",Adventure|Drama,M,25,0,10310
1088,1688,4,989538298,Anastasia (1997),Animation|Children's|Musical,F,1,10,98103
1105,3256,4,974920868,Patriot Games (1992),Action|Thriller,M,35,6,48105
1279,2801,5,974802446,Oscar and Lucinda (a.k.a. Oscar & Lucinda) (1997),Drama|Romance,M,35,1,98502
1298,484,4,974837443,Lassie (1994),Adventure|Children's,M,35,6,33615
855,3686,3,976415559,Flatliners (1990),Thriller,F,18,2,72701
1303,1253,3,974790749,"Day the Earth Stood Still, The (1951)",Drama|Sci-Fi,M,25,19,94111
1150,2565,3,974870528,"King and I, The (1956)",Musical,F,25,20,75226
1243,3527,3,978996832,Predator (1987),Action|Sci-Fi|Thriller,M,35,15,92627
1264,1756,3,974823451,"Prophecy II, The (1998)",Horror,M,25,1,53711
1464,3527,4,974755937,Predator (1987),Action|Sci-Fi|Thriller,M,35,12,75063
985,1732,4,975099497,"Big Lebowski, The (1998)",Comedy|Crime|Mystery|Thriller,M,25,4,32608
1212,1732,2,974842747,"Big Lebowski, The (1998)",Comedy|Crime|Mystery|Thriller,F,50,1,60089
1306,2278,4,974786219,Ronin (1998),Action|Crime|Thriller,M,25,3,64068
1329,1732,5,976832586,"Big Lebowski, The (1998)",Comedy|Crime|Mystery|Thriller,M,18,14,60194
1361,3404,4,974771890,Titanic (1953),Action|Drama,F,25,0,97401
789,2428,1,975429169,"Faculty, The (1998)",Horror|Sci-Fi,M,18,1,67212
1051,1330,4,975109016,April Fool's Day (1986),Comedy|Horror,F,25,0,60513
1130,1240,4,974902720,"Terminator, The (1984)",Action|Sci-Fi|Thriller,M,18,7,60012
1172,2428,1,974867716,"Faculty, The (1998)",Horror|Sci-Fi,F,25,0,61801
1272,2019,5,974814479,Seven Samurai (The Magnificent Seven) (Shichinin no samurai) (1954),Action|Drama,M,18,20,49506
1344,1240,4,974774405,"Terminator, The (1984)",Action|Sci-Fi|Thriller,F,25,9,43420
1470,2428,3,974839326,"Faculty, The (1998)",Horror|Sci-Fi,M,18,4,94118
1153,1971,2,974866371,"Nightmare on Elm Street 4: The Dream Master, A (1988)",Horror,M,18,10,33024
844,1649,4,975356695,"Fast, Cheap & Out of Control (1997)",Documentary,M,25,0,92121
858,1073,4,975343780,Willy Wonka and the Chocolate Factory (1971),Adventure|Children's|Comedy|Fantasy,M,35,14,10013
921,590,3,975203886,Dances with Wolves (1990),Adventure|Drama|Western,M,25,17,92084
953,2942,5,975266069,Flashdance (1983),Drama|Romance,M,50,20,97030
985,590,3,975098399,Dances with Wolves (1990),Adventure|Drama|Western,M,25,4,32608
1051,2942,1,987224902,Flashdance (1983),Drama|Romance,F,25,0,60513
1181,1950,3,974984198,In the Heat of the Night (1967),Drama|Mystery,M,35,7,20716
1312,2354,2,974780434,"Rugrats Movie, The (1998)",Animation|Children's|Comedy,M,25,14,60153
1449,1527,3,975699003,"Fifth Element, The (1997)",Action|Sci-Fi,M,35,20,17112
1474,1527,3,975100633,"Fifth Element, The (1997)",Action|Sci-Fi,M,25,4,98115
780,3717,4,975540242,Gone in 60 Seconds (2000),Action|Crime,M,25,17,91776
839,1396,4,980804850,Sneakers (1992),Crime|Drama|Sci-Fi,M,25,0,98103
869,3717,2,975277264,Gone in 60 Seconds (2000),Action|Crime,M,18,20,92026
881,3717,2,1014313953,Gone in 60 Seconds (2000),Action|Crime,M,18,14,76401
1051,2267,3,975110096,Mortal Thoughts (1991),Mystery|Thriller,F,25,0,60513
1137,2336,3,975362906,Elizabeth (1998),Drama,M,18,4,13165
1146,2267,2,974939382,Mortal Thoughts (1991),Mystery|Thriller,F,18,16,80260
1306,3717,4,1028523541,Gone in 60 Seconds (2000),Action|Crime,M,25,3,64068
1390,1747,3,991716730,Wag the Dog (1997),Comedy|Drama,M,35,16,99352
818,316,4,975384923,Stargate (1994),Action|Adventure|Sci-Fi,M,18,4,60107
880,316,1,975263084,Stargate (1994),Action|Adventure|Sci-Fi,M,35,17,94114
1060,3301,4,975552093,"Whole Nine Yards, The (2000)",Comedy|Crime,M,18,10,11235
1194,1231,5,974850306,"Right Stuff, The (1983)",Drama,F,25,1,95617
1418,316,3,974770474,Stargate (1994),Action|Adventure|Sci-Fi,M,18,4,48197
953,903,5,975133640,Vertigo (1958),Mystery|Thriller,M,50,20,97030
1297,3471,3,975102615,Close Encounters of the Third Kind (1977),Drama|Sci-Fi,M,25,7,92109
1399,903,5,1008601359,Vertigo (1958),Mystery|Thriller,M,18,17,10804
877,2735,3,975269836,"Golden Child, The (1986)",Action|Adventure|Comedy,M,25,0,90631
977,318,5,975110225,"Shawshank Redemption, The (1994)",Drama,M,25,2,80110
1098,2819,4,974925295,Three Days of the Condor (1975),Thriller,M,35,7,94945
1100,2657,4,974925763,"Rocky Horror Picture Show, The (1975)",Comedy|Horror|Musical|Sci-Fi,M,25,0,60090
1246,2275,5,974891910,Six-String Samurai (1998),Action|Adventure|Sci-Fi,M,18,4,98225
1334,318,5,974777515,"Shawshank Redemption, The (1994)",Drama,M,50,7,10805
1392,2819,3,974768370,Three Days of the Condor (1975),Thriller,M,45,3,90006
1451,2819,5,975826840,Three Days of the Condor (1975),Thriller,M,35,20,90012
849,3501,3,975350274,Murphy's Romance (1985),Comedy|Romance,M,25,3,75006
881,1641,1,975262615,"Full Monty, The (1997)",Comedy,M,18,14,76401
1017,2279,3,975012806,Urban Legend (1998),Horror|Thriller,M,35,0,30906
1050,1641,4,974963563,"Full Monty, The (1997)",Comedy,M,25,1,97302
1088,2968,4,975454330,Time Bandits (1981),Adventure|Fantasy|Sci-Fi,F,1,10,98103
1101,2004,1,1010864948,Gremlins 2: The New Batch (1990),Comedy|Horror,M,35,1,06417
1149,2968,3,974870213,Time Bandits (1981),Adventure|Fantasy|Sci-Fi,M,25,12,98103
1181,2826,4,974855027,"13th Warrior, The (1999)",Action|Horror|Thriller,M,35,7,20716
1181,2004,2,976069515,Gremlins 2: The New Batch (1990),Comedy|Horror,M,35,7,20716
1285,3671,5,976320192,Blazing Saddles (1974),Comedy|Western,M,35,4,98125
770,1597,4,976184083,Conspiracy Theory (1997),Action|Mystery|Romance|Thriller,M,18,4,98499
777,552,3,975440088,"Three Musketeers, The (1993)",Action|Adventure|Comedy,M,18,19,87543
1011,3298,4,975025493,Boiler Room (2000),Drama,M,25,8,92115
1119,2403,2,974911842,First Blood (1982),Action,M,35,1,90504
1124,1219,5,976038847,Psycho (1960),Horror|Thriller,M,25,2,60156
1241,3952,5,974832340,"Contender, The (2000)",Drama|Thriller,M,1,10,11803
864,2770,4,977530147,Bowfinger (1999),Comedy,F,25,0,97205
881,2770,4,975263039,Bowfinger (1999),Comedy,M,18,14,76401
1058,2770,4,974958807,Bowfinger (1999),Comedy,M,25,1,97321
1100,1967,3,974924100,Labyrinth (1986),Adventure|Children's|Fantasy,M,25,0,60090
984,3114,3,975097859,Toy Story 2 (1999),Animation|Children's|Comedy,M,50,16,92129
1021,1293,5,975008047,Gandhi (1982),Drama,M,35,0,94559
1088,2107,2,1044519630,Halloween: H20 (1998),Horror|Thriller,F,1,10,98103
1314,2078,1,974785320,"Jungle Book, The (1967)",Animation|Children's|Comedy|Musical,F,18,4,68154
1325,2048,3,974777397,"Great Mouse Detective, The (1986)",Animation|Children's,M,25,1,75230
1340,3114,2,975124486,Toy Story 2 (1999),Animation|Children's|Comedy,M,25,7,14302
1436,2688,4,974757780,"General's Daughter, The (1999)",Drama|Thriller,F,50,6,97005
757,1057,3,975455265,Everyone Says I Love You (1996),Comedy|Musical|Romance,M,25,12,97401
1228,423,4,976755236,Blown Away (1994),Action|Thriller,M,25,1,94720
1241,3408,4,974860834,Erin Brockovich (2000),Drama,M,1,10,11803
1285,175,3,974833061,Kids (1995),Drama,M,35,4,98125
1317,3408,3,974842014,Erin Brockovich (2000),Drama,M,45,7,98028
1423,3408,5,974759842,Erin Brockovich (2000),Drama,M,25,4,08540
875,3897,5,975270266,Almost Famous (2000),Comedy|Drama,M,1,10,94707
881,2718,3,975262871,Drop Dead Gorgeous (1999),Comedy,M,18,14,76401
1084,2490,2,974989984,Payback (1999),Action|Thriller,M,1,19,03226
1160,2718,3,1008037320,Drop Dead Gorgeous (1999),Comedy,M,18,14,07017
1263,3897,4,974920774,Almost Famous (2000),Comedy|Drama,M,1,10,81301
921,3499,4,975203644,Misery (1990),Horror,M,25,17,92084
951,3499,5,975137744,Misery (1990),Horror,M,45,2,10009
1019,3468,5,975009811,"Hustler, The (1961)",Drama,M,35,1,60640
1068,2080,4,975015056,Lady and the Tramp (1955),Animation|Children's|Comedy|Musical|Romance,F,18,4,77581
1177,2324,5,974856540,Life Is Beautiful (La Vita è bella) (1997),Comedy|Drama,F,25,17,01453
1181,2915,3,974984452,Risky Business (1983),Comedy,M,35,7,20716
1370,2915,3,974796307,Risky Business (1983),Comedy,M,35,2,92821
1491,2324,3,974753349,Life Is Beautiful (La Vita è bella) (1997),Comedy|Drama,M,18,4,06511
865,2947,4,975281219,Goldfinger (1964),Action,M,35,1,91711
1077,2947,5,974999458,Goldfinger (1964),Action,M,25,3,60660
1181,3740,3,974857383,Big Trouble in Little China (1986),Action|Comedy,M,35,7,20716
1228,2947,4,975353600,Goldfinger (1964),Action,M,25,1,94720
1243,3201,4,979689972,Five Easy Pieces (1970),Drama,M,35,15,92627
1264,1379,2,974820767,Young Guns II (1990),Action|Comedy|Western,M,25,1,53711
1321,3740,2,974778494,Big Trouble in Little China (1986),Action|Comedy,F,25,14,34639
1447,1059,5,981019649,William Shakespeare's Romeo and Juliet (1996),Drama|Romance,M,18,4,80521
1490,1379,3,974770666,Young Guns II (1990),Action|Comedy|Western,M,50,7,90505
971,1377,3,975111117,Batman Returns (1992),Action|Adventure|Comedy|Crime,M,25,12,43615
1018,2273,3,975107122,Rush Hour (1998),Action|Thriller,M,18,4,95616
1117,485,4,975694411,Last Action Hero (1993),Action|Comedy,M,18,14,10017
1172,3102,4,974868269,Jagged Edge (1985),Thriller,F,25,0,61801
1172,2906,2,974867201,Random Hearts (1999),Drama|Romance,F,25,0,61801
1272,1377,3,974814832,Batman Returns (1992),Action|Adventure|Comedy|Crime,M,18,20,49506
1322,900,5,974779852,"American in Paris, An (1951)",Musical|Romance,M,56,0,94043
811,1945,5,975394060,On the Waterfront (1954),Crime|Drama,M,50,0,94043
873,1957,5,975280262,Chariots of Fire (1981),Drama,M,56,6,19027
970,2369,2,975143283,Desperately Seeking Susan (1985),Comedy|Romance,M,25,0,27615
1068,2469,3,974945994,Peggy Sue Got Married (1986),Comedy|Romance,F,18,4,77581
1092,829,1,978282278,Joe's Apartment (1996),Comedy|Musical,F,18,4,49525
1099,1945,5,974924747,On the Waterfront (1954),Crime|Drama,M,25,17,77059
1181,1957,3,975012876,Chariots of Fire (1981),Drama,M,35,7,20716
1224,2369,4,975167228,Desperately Seeking Susan (1985),Comedy|Romance,M,50,13,02125
1279,1272,3,974856507,Patton (1970),Drama|War,M,35,1,98502
1303,2369,2,974793812,Desperately Seeking Susan (1985),Comedy|Romance,M,25,19,94111
757,1833,2,975458600,Mercury Rising (1998),Action|Drama|Thriller,M,25,12,97401
889,1735,2,975254268,Great Expectations (1998),Drama|Romance,M,45,20,10024
937,733,4,991654678,"Rock, The (1996)",Action|Adventure|Thriller,M,25,15,60513
955,733,3,975210120,"Rock, The (1996)",Action|Adventure|Thriller,F,50,7,94941
1228,733,4,976754999,"Rock, The (1996)",Action|Adventure|Thriller,M,25,1,94720
1288,2174,4,974790502,Beetlejuice (1988),Comedy|Fantasy,F,35,19,92867
1298,2174,4,974789912,Beetlejuice (1988),Comedy|Fantasy,M,35,6,33615
1465,2174,4,974764024,Beetlejuice (1988),Comedy|Fantasy,M,50,16,93003
1505,800,5,983674908,Lone Star (1996),Drama|Mystery,M,50,11,90041
919,307,5,975204323,Three Colors: Blue (1993),Drama,F,35,1,92056
1037,3513,3,974988211,Rules of Engagement (2000),Drama|Thriller,M,45,7,02081
1064,3326,4,974947210,What Planet Are You From? (2000),Comedy|Sci-Fi,M,25,7,91344
1150,326,3,974873135,To Live (Huozhe) (1994),Drama,F,25,20,75226
1242,766,4,974909391,I Shot Andy Warhol (1996),Drama,F,35,0,10014
1447,2081,4,981021399,"Little Mermaid, The (1989)",Animation|Children's|Comedy|Musical|Romance,M,18,4,80521
780,173,3,975437976,Judge Dredd (1995),Action|Adventure|Sci-Fi,M,25,17,91776
839,1036,5,975359227,Die Hard (1988),Action|Thriller,M,25,0,98103
846,1036,5,984455182,Die Hard (1988),Action|Thriller,M,25,5,80209
889,2402,3,975254907,Rambo: First Blood Part II (1985),Action|War,M,45,20,10024
1160,3660,3,974863447,Puppet Master (1989),Horror|Sci-Fi|Thriller,M,18,14,07017
1328,1036,5,974994896,Die Hard (1988),Action|Thriller,M,35,14,60657
1370,3660,2,974796197,Puppet Master (1989),Horror|Sci-Fi|Thriller,M,35,2,92821
1465,2991,4,974765991,Live and Let Die (1973),Action,M,50,16,93003
1490,2402,3,974771879,Rambo: First Blood Part II (1985),Action|War,M,50,7,90505
934,2581,3,991941054,Never Been Kissed (1999),Comedy|Romance,F,35,7,97401
1074,2993,3,981496689,Thunderball (1965),Action,M,45,17,48073
1101,1779,3,1010697145,Sphere (1998),Adventure|Sci-Fi|Thriller,M,35,1,06417
1204,2581,4,974844374,Never Been Kissed (1999),Comedy|Romance,M,25,7,95076
1392,445,3,974765124,Fatal Instinct (1993),Comedy,M,45,3,90006
780,3889,4,975438088,Highlander: Endgame (2000),Action|Adventure|Fantasy,M,25,17,91776
889,3739,5,975249919,Trouble in Paradise (1932),Comedy|Romance,M,45,20,10024
1181,3889,2,974854424,Highlander: Endgame (2000),Action|Adventure|Fantasy,M,35,7,20716
1001,3128,4,976296903,"Map of the World, A (1999)",Drama,M,25,4,90210
1062,2959,4,975048627,Fight Club (1999),Drama,M,50,19,59457
1158,39,2,974864575,Clueless (1995),Comedy|Romance,F,35,1,98026
1298,39,3,974793122,Clueless (1995),Comedy|Romance,M,35,6,33615
1301,39,5,974788152,Clueless (1995),Comedy|Romance,F,25,2,10475
1415,39,2,993497626,Clueless (1995),Comedy|Romance,M,45,14,22901
1501,39,4,975351619,Clueless (1995),Comedy|Romance,M,25,11,75801
854,1754,3,975348197,Fallen (1998),Action|Mystery|Thriller,F,25,16,44092
955,380,4,975210120,True Lies (1994),Action|Adventure|Comedy|Romance,F,50,7,94941
1039,1717,4,974980327,Scream 2 (1997),Horror|Thriller,F,35,1,02346
1193,3263,1,974855293,White Men Can't Jump (1992),Comedy,M,25,12,90712
1347,3756,4,1009666184,"Golden Bowl, The (2000)",Drama,F,18,1,11375
1177,7,3,974857753,Sabrina (1995),Comedy|Romance,F,25,17,01453
1273,7,3,974813978,Sabrina (1995),Comedy|Romance,M,35,2,19123
1301,7,4,974788152,Sabrina (1995),Comedy|Romance,F,25,2,10475
839,648,4,975358714,Mission: Impossible (1996),Action|Adventure|Mystery,M,25,0,98103
1113,2918,4,974917389,Ferris Bueller's Day Off (1986),Comedy,M,18,4,97215
1181,2918,5,974948836,Ferris Bueller's Day Off (1986),Comedy,M,35,7,20716
1224,1365,5,975248749,Ridicule (1996),Drama,M,50,13,02125
1317,648,3,978985851,Mission: Impossible (1996),Action|Adventure|Mystery,M,45,7,98028
881,1601,3,975266223,Hoodlum (1997),Crime|Drama|Film-Noir,M,18,14,76401
1086,720,5,974933809,Wallace & Gromit: The Best of Aardman Animation (1996),Animation,M,18,4,98225
1140,720,4,974876588,Wallace & Gromit: The Best of Aardman Animation (1996),Animation,F,45,2,73069
1448,2104,4,977257783,Tex (1982),Drama,F,25,3,17522
928,247,5,975193925,Heavenly Creatures (1994),Drama|Fantasy|Romance|Thriller,F,56,16,98199
958,247,4,975127594,Heavenly Creatures (1994),Drama|Fantasy|Romance|Thriller,M,35,2,48116
1117,2399,3,975429493,Santa Claus: The Movie (1985),Adventure|Children's|Fantasy,M,18,14,10017
963,1374,4,975120298,Star Trek: The Wrath of Khan (1982),Action|Adventure|Sci-Fi,M,25,0,48197
1224,1233,4,975246819,"Boat, The (Das Boot) (1981)",Action|Drama|War,M,50,13,02125
1360,1374,1,974771187,Star Trek: The Wrath of Khan (1982),Action|Adventure|Sci-Fi,M,25,20,14895
1362,1374,4,975206236,Star Trek: The Wrath of Khan (1982),Action|Adventure|Sci-Fi,M,35,12,75069
1490,1233,5,974770753,"Boat, The (Das Boot) (1981)",Action|Drama|War,M,50,7,90505
796,443,2,977724768,"Endless Summer 2, The (1994)",Documentary,M,50,6,98237
971,434,2,975110544,Cliffhanger (1993),Action|Adventure|Crime,M,25,12,43615
1266,3397,4,997621550,"Great Muppet Caper, The (1981)",Children's|Comedy,M,25,4,18104
1505,1673,4,983671299,Boogie Nights (1997),Drama,M,50,11,90041
1012,1381,3,975075272,Grease 2 (1982),Comedy|Musical|Romance,F,35,1,30004
1037,3821,2,974988227,Nutty Professor II: The Klumps (2000),Comedy,M,45,7,02081
1128,994,4,974905791,Big Night (1996),Drama,M,25,1,72701
1306,428,4,1013335747,"Bronx Tale, A (1993)",Drama,M,25,3,64068
1362,277,3,975206923,Miracle on 34th Street (1994),Drama,M,35,12,75069
765,3608,2,975612904,Pee-wee's Big Adventure (1985),Comedy,M,25,17,74467
889,532,2,975364342,Serial Mom (1994),Comedy|Crime|Horror,M,45,20,10024
1044,3763,3,974966469,F/X (1986),Action|Crime|Thriller,M,25,20,72701
1151,3608,5,975036747,Pee-wee's Big Adventure (1985),Comedy,M,25,15,46805
1470,3763,3,974840137,F/X (1986),Action|Crime|Thriller,M,18,4,94118
839,1234,5,975362058,"Sting, The (1973)",Comedy|Crime,M,25,0,98103
1014,1200,2,975015378,Aliens (1986),Action|Sci-Fi|Thriller|War,F,45,17,03054
1150,448,2,974873749,Fearless (1993),Drama,F,25,20,75226
1393,2951,4,974765216,"Fistful of Dollars, A (1964)",Action|Western,M,18,4,06430
757,2194,4,975453577,"Untouchables, The (1987)",Action|Crime|Drama,M,25,12,97401
889,1876,2,975249224,Deep Impact (1998),Action|Drama|Sci-Fi|Thriller,M,45,20,10024
938,1230,4,975173062,Annie Hall (1977),Comedy|Romance,F,25,1,01060
970,1876,4,975978180,Deep Impact (1998),Action|Drama|Sci-Fi|Thriller,M,25,0,27615
1040,1230,5,974981291,Annie Hall (1977),Comedy|Romance,M,25,11,76309
1051,2394,5,987218454,"Prince of Egypt, The (1998)",Animation|Musical,F,25,0,60513
1243,1230,4,979689947,Annie Hall (1977),Comedy|Romance,M,35,15,92627
1306,1230,5,974978644,Annie Hall (1977),Comedy|Romance,M,25,3,64068
921,661,3,975201722,James and the Giant Peach (1996),Animation|Children's|Musical,M,25,17,92084
1017,3840,3,975012700,Pumpkinhead (1988),Horror,M,35,0,30906
1115,1690,1,974914610,Alien: Resurrection (1997),Action|Horror|Sci-Fi,F,25,1,60551
1299,1690,1,974787812,Alien: Resurrection (1997),Action|Horror|Sci-Fi,M,25,14,02038
1427,524,5,974840372,Rudy (1993),Drama,M,25,12,21401
899,1356,4,975217298,Star Trek: First Contact (1996),Action|Adventure|Sci-Fi,F,25,1,30605
1019,2020,4,975010058,Dangerous Liaisons (1988),Drama|Romance,M,35,1,60640
1329,312,4,976832928,Stuart Saves His Family (1995),Comedy,M,18,14,60194
1496,63,1,974755754,Don't Be a Menace to South Central While Drinking Your Juice in the Hood (1996),Comedy,M,25,17,94108
1041,2728,5,974970538,Spartacus (1960),Drama,M,45,2,94306
1088,1926,3,1009589011,"Broadway Melody, The (1929)",Musical,F,1,10,98103
1112,3639,4,974947633,"Man with the Golden Gun, The (1974)",Action,M,18,6,19104
1121,1104,4,974912770,"Streetcar Named Desire, A (1951)",Drama,M,56,7,78701
1374,1104,5,974877268,"Streetcar Named Desire, A (1951)",Drama,M,50,1,91403
891,1094,5,975233847,"Crying Game, The (1992)",Drama|Romance|War,M,25,1,80202
1303,3526,4,974789055,Parenthood (1989),Comedy|Drama,M,25,19,94111
1317,1625,4,1010349497,"Game, The (1997)",Mystery|Thriller,M,45,7,98028
773,589,5,975617233,Terminator 2: Judgment Day (1991),Action|Sci-Fi|Thriller,M,25,6,48108
1004,589,5,975039242,Terminator 2: Judgment Day (1991),Action|Sci-Fi|Thriller,M,25,3,95136
1184,589,2,974853616,Terminator 2: Judgment Day (1991),Action|Sci-Fi|Thriller,F,25,4,92354
1333,10,3,974777621,GoldenEye (1995),Action|Adventure|Thriller,M,25,17,06460
1340,589,5,974776354,Terminator 2: Judgment Day (1991),Action|Sci-Fi|Thriller,M,25,7,14302
1356,589,2,974783691,Terminator 2: Judgment Day (1991),Action|Sci-Fi|Thriller,F,18,4,91706
1473,10,3,974754453,GoldenEye (1995),Action|Adventure|Thriller,M,25,14,06511
1434,2641,1,974845627,Superman II (1980),Action|Adventure|Sci-Fi,F,1,10,495321
792,750,4,975423700,Dr. Strangelove or: How I Learned to Stop Worrying and Love the Bomb (1963),Sci-Fi|War,M,25,17,01002
830,1214,5,975368217,Alien (1979),Action|Horror|Sci-Fi|Thriller,M,35,7,60657
869,750,5,975393989,Dr. Strangelove or: How I Learned to Stop Worrying and Love the Bomb (1963),Sci-Fi|War,M,18,20,92026
1062,3467,5,975045775,Hud (1963),Drama|Western,M,50,19,59457
1069,2431,1,974945135,Patch Adams (1998),Comedy|Drama,M,25,20,98105
1165,750,4,978407190,Dr. Strangelove or: How I Learned to Stop Worrying and Love the Bomb (1963),Sci-Fi|War,M,25,12,45014
1176,750,5,974857689,Dr. Strangelove or: How I Learned to Stop Worrying and Love the Bomb (1963),Sci-Fi|War,M,56,1,44256
1202,750,4,974844033,Dr. Strangelove or: How I Learned to Stop Worrying and Love the Bomb (1963),Sci-Fi|War,M,35,12,97006
1202,1214,4,974844747,Alien (1979),Action|Horror|Sci-Fi|Thriller,M,35,12,97006
1223,750,4,974837687,Dr. Strangelove or: How I Learned to Stop Worrying and Love the Bomb (1963),Sci-Fi|War,M,25,2,60102
1413,50,4,974765745,"Usual Suspects, The (1995)",Crime|Thriller,M,18,3,98122
1474,1214,5,975100357,Alien (1979),Action|Horror|Sci-Fi|Thriller,M,25,4,98115
1060,2012,3,975550379,Back to the Future Part III (1990),Comedy|Sci-Fi|Western,M,18,10,11235
1235,527,5,974833399,Schindler's List (1993),Drama|War,F,25,7,94043
1406,527,5,974762761,Schindler's List (1993),Drama|War,M,25,4,91911
1430,293,5,974760482,"Professional, The (a.k.a. Leon: The Professional) (1994)",Crime|Drama|Romance|Thriller,M,18,4,97215
1495,527,3,974748993,Schindler's List (1993),Drama|War,M,18,0,77341
934,3618,2,991940393,Small Time Crooks (2000),Comedy,F,35,7,97401
1001,1704,5,976296568,Good Will Hunting (1997),Drama,M,25,4,90210
1010,1704,2,975027287,Good Will Hunting (1997),Drama,M,25,0,10310
1125,45,4,974922896,To Die For (1995),Comedy|Drama,F,18,4,53715
1150,1442,2,975196744,Prefontaine (1997),Drama,F,25,20,75226
1211,1333,5,976671366,"Birds, The (1963)",Horror,M,18,4,10027
1347,3618,2,982997905,Small Time Crooks (2000),Comedy,F,18,1,11375
1449,569,2,975437057,Little Big League (1994),Children's|Comedy,M,35,20,17112
1182,1320,1,974918243,Alien³ (1992),Action|Horror|Sci-Fi|Thriller,M,1,10,91326
1470,2986,3,974838954,Robocop 2 (1990),Action|Crime|Sci-Fi,M,18,4,94118
777,2719,3,975521725,"Haunting, The (1999)",Horror|Thriller,M,18,19,87543
960,2952,4,975123392,"Hard 8 (a.k.a. Sydney, a.k.a. Hard Eight) (1996)",Crime|Thriller,M,1,10,45244
970,1918,4,975978396,Lethal Weapon 4 (1998),Action|Comedy|Crime|Drama,M,25,0,27615
1051,2722,4,975110031,Deep Blue Sea (1999),Action|Sci-Fi|Thriller,F,25,0,60513
1128,3414,2,974905265,Love Is a Many-Splendored Thing (1955),Romance,M,25,1,72701
1201,2722,2,974845204,Deep Blue Sea (1999),Action|Sci-Fi|Thriller,M,18,4,84112-2004
1205,261,5,974844643,Little Women (1994),Drama,F,56,0,46814
1341,1325,1,974774591,Amityville: A New Generation (1993),Horror,M,18,7,11434
1357,2719,1,974771598,"Haunting, The (1999)",Horror|Thriller,M,45,0,34116
1377,2889,4,974772526,"Mystery, Alaska (1999)",Comedy,M,35,16,65270
1383,2722,2,974766261,Deep Blue Sea (1999),Action|Sci-Fi|Thriller,F,25,7,19806
777,2378,3,975957666,Police Academy (1984),Comedy,M,18,19,87543
891,1760,2,975234120,Spice World (1997),Comedy|Musical,M,25,1,80202
1285,249,3,974833328,Immortal Beloved (1994),Drama|Romance,M,35,4,98125
1389,249,5,974958689,Immortal Beloved (1994),Drama|Romance,M,25,17,19801
826,3935,3,975373258,Kronos (1973),Horror,F,35,1,80210
1377,1049,3,974774167,"Ghost and the Darkness, The (1996)",Action|Adventure,M,35,16,65270
929,356,4,975190114,Forrest Gump (1994),Comedy|Romance|War,M,25,15,53706
970,1389,2,975977956,Jaws 3-D (1983),Action|Horror,M,25,0,27615
996,2540,4,977561365,"Corruptor, The (1999)",Action|Crime|Drama|Thriller,M,25,17,98102
1086,356,5,974933256,Forrest Gump (1994),Comedy|Romance|War,M,18,4,98225
1109,1987,4,974919915,Prom Night (1980),Horror,M,18,10,45904
1216,356,3,974848931,Forrest Gump (1994),Comedy|Romance|War,M,25,2,90292
1301,356,5,974787511,Forrest Gump (1994),Comedy|Romance|War,F,25,2,10475
850,1923,5,975353005,There's Something About Mary (1998),Comedy,M,35,0,60640
1019,2928,3,975366436,"Razor's Edge, The (1984)",Drama,M,35,1,60640
1422,1923,5,978471385,There's Something About Mary (1998),Comedy,M,35,17,55934
1447,25,4,981018554,Leaving Las Vegas (1995),Drama|Romance,M,18,4,80521
840,2858,4,975357726,American Beauty (1999),Comedy|Drama,F,25,3,02828
930,2858,3,975190215,American Beauty (1999),Comedy|Drama,M,25,5,98380
952,2858,5,975135830,American Beauty (1999),Comedy|Drama,M,56,16,97478
985,2858,5,975099066,American Beauty (1999),Comedy|Drama,M,25,4,32608
1049,2858,5,974962654,American Beauty (1999),Comedy|Drama,M,45,14,95002
1285,2858,5,974793486,American Beauty (1999),Comedy|Drama,M,35,4,98125
1399,3510,4,974764071,Frequency (2000),Drama|Thriller,M,18,17,10804
1049,1213,3,974962818,GoodFellas (1990),Crime|Drama,M,45,14,95002
1079,1213,4,987011921,GoodFellas (1990),Crime|Drama,M,25,7,98115
1216,1213,5,974848249,GoodFellas (1990),Crime|Drama,M,25,2,90292
1227,1213,5,976904504,GoodFellas (1990),Crime|Drama,M,50,1,90027
767,1103,4,975452187,Rebel Without a Cause (1955),Drama,M,25,12,45241
1418,160,2,974771189,Congo (1995),Action|Adventure|Mystery|Sci-Fi,M,18,4,48197
1418,24,2,974761909,Powder (1995),Drama|Sci-Fi,M,18,4,48197
854,3259,3,975347757,Far and Away (1992),Drama|Romance,F,25,16,44092
889,3755,2,975248427,"Perfect Storm, The (2000)",Action|Adventure|Thriller,M,45,20,10024
978,70,1,975105470,From Dusk Till Dawn (1996),Action|Comedy|Crime|Horror|Thriller,M,18,0,19116
1181,3259,3,976068438,Far and Away (1992),Drama|Romance,M,35,7,20716
1264,3219,3,974821465,Pacific Heights (1990),Thriller,M,25,1,53711
1303,1897,5,974792960,High Art (1998),Drama|Romance,M,25,19,94111
1340,70,2,974779084,From Dusk Till Dawn (1996),Action|Comedy|Crime|Horror|Thriller,M,25,7,14302
809,3751,1,975395138,Chicken Run (2000),Animation|Children's|Comedy,M,25,17,70508
1050,62,3,974965887,Mr. Holland's Opus (1995),Drama,M,25,1,97302
1211,1799,4,976218220,Suicide Kings (1997),Crime|Drama,M,18,4,10027
1242,2529,5,976307997,Planet of the Apes (1968),Action|Sci-Fi,F,35,0,10014
1377,3265,4,974773968,Hard-Boiled (Lashou shentan) (1992),Action|Crime,M,35,16,65270
1482,3751,5,975204577,Chicken Run (2000),Animation|Children's|Comedy,M,25,7,94132
817,2050,4,975387848,Herbie Goes Bananas (1980),Adventure|Children's|Comedy,M,18,4,41076
1294,156,5,974875307,Blue in the Face (1995),Comedy,F,50,20,11217
1360,480,4,974771291,Jurassic Park (1993),Action|Adventure|Sci-Fi,M,25,20,14895
1125,3564,1,974910417,"Flintstones in Viva Rock Vegas, The (2000)",Children's|Comedy,F,18,4,53715
1182,1679,1,997177631,Chairman of the Board (1998),Comedy,M,1,10,91326
794,3868,3,975416543,"Naked Gun: From the Files of Police Squad!, The (1988)",Comedy,M,50,20,10543
955,3868,4,975133805,"Naked Gun: From the Files of Police Squad!, The (1988)",Comedy,F,50,7,94941
964,2359,4,975117790,Waking Ned Devine (1998),Comedy,M,25,7,94123
999,95,2,975045995,Broken Arrow (1996),Action|Thriller,M,25,15,62558
1335,2009,3,974818901,Soylent Green (1973),Sci-Fi|Thriller,M,35,0,14228
1418,95,4,974772658,Broken Arrow (1996),Action|Thriller,M,18,4,48197
1442,2139,5,974765027,"Secret of NIMH, The (1982)",Animation|Children's,M,18,2,12345
1470,3136,1,974838632,"James Dean Story, The (1957)",Documentary,M,18,4,94118
955,2291,4,975133231,Edward Scissorhands (1990),Drama|Romance,F,50,7,94941
1094,2291,4,974929791,Edward Scissorhands (1990),Drama|Romance,F,18,0,92626
1130,2291,4,976912905,Edward Scissorhands (1990),Drama|Romance,M,18,7,60012
1265,2125,3,1011717674,Ever After: A Cinderella Story (1998),Drama|Romance,F,18,20,49321
1266,2125,4,978576988,Ever After: A Cinderella Story (1998),Drama|Romance,M,25,4,18104
1313,1221,4,974779765,"Godfather: Part II, The (1974)",Action|Crime|Drama,M,18,4,43214
1339,1289,5,974780445,Koyaanisqatsi (1983),Documentary|War,M,35,18,85275
897,1393,4,975220931,Jerry Maguire (1996),Drama|Romance,M,25,6,92130
899,1801,3,975216839,"Man in the Iron Mask, The (1998)",Action|Drama|Romance,F,25,1,30605
1086,1911,3,975010444,Doctor Dolittle (1998),Comedy,M,18,4,98225
1216,1552,1,974849993,Con Air (1997),Action|Adventure|Thriller,M,25,2,90292
1368,1079,4,974768955,"Fish Called Wanda, A (1988)",Comedy,F,25,3,50266
1375,1911,1,974767861,Doctor Dolittle (1998),Comedy,F,45,5,95136
891,1179,5,975233756,"Grifters, The (1990)",Crime|Drama|Film-Noir,M,25,1,80202
891,2300,4,975233404,"Producers, The (1968)",Comedy|Musical,M,25,1,80202
970,798,1,975978498,Daylight (1996),Action|Adventure|Thriller,M,25,0,27615
1137,492,5,982912723,Manhattan Murder Mystery (1993),Comedy|Mystery,M,18,4,13165
1184,941,4,974854639,"Mark of Zorro, The (1940)",Adventure,F,25,4,92354
1295,1179,3,974788507,"Grifters, The (1990)",Crime|Drama|Film-Noir,F,35,6,90036
823,3507,4,975380271,"Odd Couple, The (1968)",Comedy,M,25,0,92078
911,911,5,975206216,Charade (1963),Comedy|Mystery|Romance|Thriller,M,50,0,98226
984,933,4,975117762,To Catch a Thief (1955),Comedy|Romance|Thriller,M,50,16,92129
1059,3507,3,974956957,"Odd Couple, The (1968)",Comedy,F,25,0,97213
1184,195,4,974853252,Something to Talk About (1995),Comedy|Drama|Romance,F,25,4,92354
1426,1257,5,974759027,Better Off Dead... (1985),Comedy,M,18,14,94070
1501,911,5,987000339,Charade (1963),Comedy|Mystery|Romance|Thriller,M,25,11,75801
889,3627,3,975248356,Carnival of Souls (1962),Horror|Thriller,M,45,20,10024
1091,1792,3,974930147,U.S. Marshalls (1998),Action|Thriller,M,18,5,345567
1128,2130,4,974907906,Atlantic City (1980),Crime|Drama|Romance,M,25,1,72701
1358,1792,4,974771872,U.S. Marshalls (1998),Action|Thriller,M,35,17,49508
1434,1792,5,974759297,U.S. Marshalls (1998),Action|Thriller,F,1,10,495321
881,3255,3,975261849,"League of Their Own, A (1992)",Comedy|Drama,M,18,14,76401
987,3255,4,975100242,"League of Their Own, A (1992)",Comedy|Drama,F,35,17,48098
1125,1173,2,975628511,"Cook the Thief His Wife & Her Lover, The (1989)",Drama,F,18,4,53715
1181,1920,2,974982749,Small Soldiers (1998),Animation|Children's|Fantasy|War,M,35,7,20716
1285,1173,5,975458478,"Cook the Thief His Wife & Her Lover, The (1989)",Drama,M,35,4,98125
1314,3004,4,974782445,"Bachelor, The (1999)",Comedy|Romance,F,18,4,68154
1358,2533,2,974770187,Escape from the Planet of the Apes (1971),Action|Sci-Fi,M,35,17,49508
800,1562,1,975403432,Batman & Robin (1997),Action|Adventure|Crime,F,35,12,72032
830,1203,5,975366792,12 Angry Men (1957),Drama,M,35,7,60657
1077,3384,4,974999485,"Taking of Pelham One Two Three, The (1974)",Action,M,25,3,60660
1112,1203,5,974943134,12 Angry Men (1957),Drama,M,18,6,19104
1285,1995,3,975459290,Poltergeist II: The Other Side (1986),Horror|Thriller,M,35,4,98125
1329,2389,3,977166322,Psycho (1998),Crime|Horror|Thriller,M,18,14,60194
758,32,4,975719599,Twelve Monkeys (1995),Drama|Sci-Fi,M,35,7,19518
780,32,4,975436299,Twelve Monkeys (1995),Drama|Sci-Fi,M,25,17,91776
855,3525,3,976414398,Bachelor Party (1984),Comedy,F,18,2,72701
1010,32,4,975223473,Twelve Monkeys (1995),Drama|Sci-Fi,M,25,0,10310
1017,32,4,975009851,Twelve Monkeys (1995),Drama|Sci-Fi,M,35,0,30906
1354,3081,4,975456041,Sleepy Hollow (1999),Horror|Romance,F,25,2,94040
859,382,3,975343399,Wolf (1994),Drama|Horror,M,25,12,10128
1051,382,4,987219767,Wolf (1994),Drama|Horror,F,25,0,60513
1447,2195,4,981022191,Dirty Work (1998),Comedy,M,18,4,80521
1480,3896,3,974754279,"Way of the Gun, The (2000)",Crime|Thriller,M,25,20,91367
869,457,5,975281750,"Fugitive, The (1993)",Action|Thriller,M,18,20,92026
896,2806,5,975221282,Teaching Mrs. Tingle (1999),Comedy|Thriller,M,18,15,94015
963,1895,1,975207115,Can't Hardly Wait (1998),Comedy|Drama|Romance,M,25,0,48197
1088,2806,2,1032652619,Teaching Mrs. Tingle (1999),Comedy|Thriller,F,1,10,98103
1104,265,5,974921424,Like Water for Chocolate (Como agua para chocolate) (1992),Drama|Romance,M,35,11,10023
1203,3082,2,998231032,"World Is Not Enough, The (1999)",Action|Thriller,F,25,1,06417
1242,265,4,974833073,Like Water for Chocolate (Como agua para chocolate) (1992),Drama|Romance,F,35,0,10014
1260,265,4,987169373,Like Water for Chocolate (Como agua para chocolate) (1992),Drama|Romance,M,25,17,28262
1354,457,5,975456822,"Fugitive, The (1993)",Action|Thriller,F,25,2,94040
1407,457,4,974762799,"Fugitive, The (1993)",Action|Thriller,F,35,15,53704
881,2594,4,1014314691,Open Your Eyes (Abre los ojos) (1997),Drama|Romance|Sci-Fi,M,18,14,76401
927,141,2,979433224,"Birdcage, The (1996)",Comedy,F,25,20,91105
966,341,5,975115643,Double Happiness (1994),Drama,M,56,2,92262
1092,899,4,978282006,Singin' in the Rain (1952),Musical|Romance,F,18,4,49525
1172,608,5,974859251,Fargo (1996),Crime|Drama|Thriller,F,25,0,61801
1437,608,5,974759719,Fargo (1996),Crime|Drama|Thriller,M,50,3,89102
1446,608,5,974759313,Fargo (1996),Crime|Drama|Thriller,M,35,12,10128
799,3565,5,975403397,Where the Heart Is (2000),Comedy|Drama,F,25,5,98498
929,953,3,975193654,It's a Wonderful Life (1946),Drama,M,25,15,53706
1354,3915,4,1008629255,Girlfight (2000),Drama,F,25,2,94040
1433,1909,5,974759828,"X-Files: Fight the Future, The (1998)",Mystery|Sci-Fi|Thriller,F,18,14,49505
1451,2670,4,1029740027,"Run Silent, Run Deep (1958)",War,M,35,20,90012
808,735,2,975393485,Cemetery Man (Dellamorte Dellamore) (1994),Comedy|Horror,M,25,7,85226
877,145,4,975268840,Bad Boys (1995),Action,M,25,0,90631
1088,3594,3,1037239245,Center Stage (2000),Drama,F,1,10,98103
1224,376,3,975250443,"River Wild, The (1994)",Action|Thriller,M,50,13,02125
1324,2710,5,974777129,"Blair Witch Project, The (1999)",Horror,M,35,16,07030
1411,2710,4,974761631,"Blair Witch Project, The (1999)",Horror,M,35,1,08107
1447,2710,5,981016780,"Blair Witch Project, The (1999)",Horror,M,18,4,80521
1254,378,4,974823518,Speechless (1994),Comedy|Romance,F,18,1,02144
1381,1617,5,974767009,L.A. Confidential (1997),Crime|Film-Noir|Mystery|Thriller,M,18,11,89170
889,2506,1,975254363,"Other Sister, The (1999)",Comedy|Drama|Romance,M,45,20,10024
1015,2253,1,975036487,Toys (1992),Action|Comedy|Fantasy,M,35,3,11220
1032,2427,4,974998265,"Thin Red Line, The (1998)",Action|Drama|War,M,50,16,19425
1069,213,3,974943182,Burnt By the Sun (Utomlyonnye solntsem) (1994),Drama,M,25,20,98105
1141,2253,1,974874644,Toys (1992),Action|Comedy|Fantasy,F,25,3,84770
1181,2816,1,974857790,Iron Eagle II (1988),Action|War,M,35,7,20716
1220,1474,2,974927630,Jungle2Jungle (a.k.a. Jungle 2 Jungle) (1997),Children's|Comedy,M,1,10,48073
1472,1408,3,974767752,"Last of the Mohicans, The (1992)",Action|Romance|War,M,25,7,90248
1498,1408,4,974751440,"Last of the Mohicans, The (1992)",Action|Romance|War,M,18,4,02139
895,708,4,975221768,"Truth About Cats & Dogs, The (1996)",Comedy|Romance,M,50,1,34683
1101,1196,4,974923024,Star Wars: Episode V - The Empire Strikes Back (1980),Action|Adventure|Drama|Sci-Fi|War,M,35,1,06417
1221,1196,5,974839591,Star Wars: Episode V - The Empire Strikes Back (1980),Action|Adventure|Drama|Sci-Fi|War,M,18,0,19134
998,2908,5,975191937,Boys Don't Cry (1999),Drama,M,45,20,10019
1019,536,2,1006639424,"Simple Twist of Fate, A (1994)",Drama,M,35,1,60640
1096,2977,1,974935711,Crazy in Alabama (1999),Comedy|Drama,M,1,10,80439
1130,3424,5,974901341,Do the Right Thing (1989),Comedy|Drama,M,18,7,60012
1311,783,4,974788392,"Hunchback of Notre Dame, The (1996)",Animation|Children's|Musical,M,18,10,90274
829,913,5,975367680,"Maltese Falcon, The (1941)",Film-Noir|Mystery,M,1,19,53711
854,2707,3,975351544,Arlington Road (1999),Thriller,F,25,16,44092
887,105,3,975258576,"Bridges of Madison County, The (1995)",Drama|Romance,F,56,16,55345
1032,913,5,975000344,"Maltese Falcon, The (1941)",Film-Noir|Mystery,M,50,16,19425
1100,2430,2,974924197,Mighty Joe Young (1949),Adventure|Children's|Drama,M,25,0,60090
1121,105,4,1022869586,"Bridges of Madison County, The (1995)",Drama|Romance,M,56,7,78701
1449,2518,3,975518954,Night Shift (1982),Comedy,M,35,20,17112
1449,105,2,976314652,"Bridges of Madison County, The (1995)",Drama|Romance,M,35,20,17112
778,2126,4,975436825,Snake Eyes (1998),Action|Crime|Mystery|Thriller,M,18,17,32694
924,2916,4,975201251,Total Recall (1990),Action|Adventure|Sci-Fi|Thriller,M,50,17,98642
935,3736,4,976667457,"Big Carnival, The (1951)",Drama,M,35,14,60538
1181,3735,4,974982983,Serpico (1973),Crime|Drama,M,35,7,20716
1266,2058,4,978745620,"Negotiator, The (1998)",Action|Thriller,M,25,4,18104
1448,2058,5,976131158,"Negotiator, The (1998)",Action|Thriller,F,25,3,17522
1455,11,3,974758054,"American President, The (1995)",Comedy|Drama|Romance,F,45,0,92126
911,110,5,975215383,Braveheart (1995),Action|Drama|War,M,50,0,98226
1068,1033,3,975015148,"Fox and the Hound, The (1981)",Animation|Children's,F,18,4,77581
1122,1129,4,974910958,Escape from New York (1981),Action|Adventure|Sci-Fi|Thriller,M,56,14,02632
1124,541,5,974908834,Blade Runner (1982),Film-Noir|Sci-Fi,M,25,2,60156
1137,3418,5,982912460,Thelma & Louise (1991),Action|Drama,M,18,4,13165
1139,150,4,974877673,Apollo 13 (1995),Drama,M,25,1,93420-2852
1203,3178,4,975174528,"Hurricane, The (1999)",Drama,F,25,1,06417
1216,541,5,974842530,Blade Runner (1982),Film-Noir|Sci-Fi,M,25,2,90292
1470,3903,3,974836291,Urbania (2000),Drama,M,18,4,94118
881,260,5,1014314630,Star Wars: Episode IV - A New Hope (1977),Action|Adventure|Fantasy|Sci-Fi,M,18,14,76401
970,2001,3,975977801,Lethal Weapon 2 (1989),Action|Comedy|Crime|Drama,M,25,0,27615
1018,2001,5,975106969,Lethal Weapon 2 (1989),Action|Comedy|Crime|Drama,M,18,4,95616
1051,260,5,987226501,Star Wars: Episode IV - A New Hope (1977),Action|Adventure|Fantasy|Sci-Fi,F,25,0,60513
1265,260,5,1000994612,Star Wars: Episode IV - A New Hope (1977),Action|Adventure|Fantasy|Sci-Fi,F,18,20,49321
1383,2001,3,975976821,Lethal Weapon 2 (1989),Action|Comedy|Crime|Drama,F,25,7,19806
1480,260,5,974753974,Star Wars: Episode IV - A New Hope (1977),Action|Adventure|Fantasy|Sci-Fi,M,25,20,91367
837,2028,5,975360089,Saving Private Ryan (1998),Action|Drama|War,M,56,7,08540
844,2028,4,975357070,Saving Private Ryan (1998),Action|Drama|War,M,25,0,92121
940,2028,5,975173522,Saving Private Ryan (1998),Action|Drama|War,M,1,10,76240
1050,2353,3,974962543,Enemy of the State (1998),Action|Thriller,M,25,1,97302
1137,3409,3,975362039,Final Destination (2000),Drama|Thriller,M,18,4,13165
1465,2028,5,974763065,Saving Private Ryan (1998),Action|Drama|War,M,50,16,93003
1489,3409,1,975119546,Final Destination (2000),Drama|Thriller,F,35,2,60201
769,1080,4,975443823,Monty Python's Life of Brian (1979),Comedy,M,45,17,02421
869,910,3,975393168,Some Like It Hot (1959),Comedy|Crime,M,18,20,92026
1046,910,4,974966389,Some Like It Hot (1959),Comedy|Crime,M,56,18,53404-1230
1124,3680,5,976038792,"Decline of Western Civilization Part II: The Metal Years, The (1988)",Documentary,M,25,2,60156
1264,2024,3,974822936,"Rapture, The (1991)",Drama|Mystery,M,25,1,53711
854,1680,4,975347508,Sliding Doors (1998),Drama|Romance,F,25,16,44092
861,317,3,975341245,"Santa Clause, The (1994)",Children's|Comedy|Fantasy,M,25,7,37027
973,1228,1,975859569,Raging Bull (1980),Drama,F,25,1,80026
1101,198,3,980367491,Strange Days (1995),Action|Crime|Sci-Fi,M,35,1,06417
1298,1228,4,974842412,Raging Bull (1980),Drama,M,35,6,33615
1333,317,1,974851411,"Santa Clause, The (1994)",Children's|Comedy|Fantasy,M,25,17,06460
1496,546,2,974752334,Super Mario Bros. (1993),Action|Adventure|Children's|Sci-Fi,M,25,17,94108
877,349,5,975268796,Clear and Present Danger (1994),Action|Adventure|Thriller,M,25,0,90631
1298,1693,5,974788347,Amistad (1997),Drama,M,35,6,33615
1482,3623,2,975204336,Mission: Impossible 2 (2000),Action|Thriller,M,25,7,94132
1145,454,4,974873183,"Firm, The (1993)",Drama|Thriller,M,50,3,92103
1195,1992,3,974851013,Child's Play 2 (1990),Horror,F,1,10,13907
1285,1264,3,975457645,Diva (1981),Action|Drama|Mystery|Romance|Thriller,M,35,4,98125
1300,1992,5,974787626,Child's Play 2 (1990),Horror,M,1,10,97201
1388,373,5,974765389,Red Rock West (1992),Thriller,M,56,20,87107
1069,199,5,974944166,"Umbrellas of Cherbourg, The (Parapluies de Cherbourg, Les) (1964)",Drama|Musical,M,25,20,98105
1114,2049,4,974915238,"Happiest Millionaire, The (1967)",Comedy|Musical,F,18,9,75801
1202,3250,4,978389920,Alive (1993),Drama,M,35,12,97006
1261,3535,4,974820858,American Psycho (2000),Comedy|Horror|Thriller,M,18,4,40205
1274,199,4,1025893500,"Umbrellas of Cherbourg, The (Parapluies de Cherbourg, Les) (1964)",Drama|Musical,M,45,7,37343
898,1095,1,975216577,Glengarry Glen Ross (1992),Drama,M,25,7,77005
935,2617,4,976668565,"Mummy, The (1999)",Action|Adventure|Horror|Thriller,M,35,14,60538
945,2617,3,975163175,"Mummy, The (1999)",Action|Adventure|Horror|Thriller,M,45,7,49345
955,2762,5,975211379,"Sixth Sense, The (1999)",Thriller,F,50,7,94941
1149,2762,5,974869920,"Sixth Sense, The (1999)",Thriller,M,25,12,98103
1150,3948,1,974876888,Meet the Parents (2000),Comedy,F,25,20,75226
1199,2762,4,974846924,"Sixth Sense, The (1999)",Thriller,M,50,13,77459
1202,2762,5,974924507,"Sixth Sense, The (1999)",Thriller,M,35,12,97006
1399,3948,4,974764021,Meet the Parents (2000),Comedy,M,18,17,10804
1496,3948,4,974749818,Meet the Parents (2000),Comedy,M,25,17,94108
1505,902,3,983671393,Breakfast at Tiffany's (1961),Drama|Romance,M,50,11,90041
780,3113,4,975437585,End of Days (1999),Action|Thriller,M,25,17,91776
854,3160,4,975347297,Magnolia (1999),Drama,F,25,16,44092
881,337,5,975265086,What's Eating Gilbert Grape (1993),Drama,M,18,14,76401
922,3160,5,975201009,Magnolia (1999),Drama,M,56,16,48009
945,2005,4,975163812,"Goonies, The (1985)",Adventure|Children's|Fantasy,M,45,7,49345
984,1954,4,975118031,Rocky (1976),Action|Drama,M,50,16,92129
1065,3160,5,974946987,Magnolia (1999),Drama,F,25,0,94402
1088,2334,3,1021068377,"Siege, The (1998)",Action|Thriller,F,1,10,98103
1113,3160,4,994379884,Magnolia (1999),Drama,M,18,4,97215
1177,3160,2,974857014,Magnolia (1999),Drama,F,25,17,01453
1194,337,4,1036261429,What's Eating Gilbert Grape (1993),Drama,F,25,1,95617
1202,3448,3,981423099,"Good Morning, Vietnam (1987)",Comedy|Drama|War,M,35,12,97006
1260,3448,4,987445915,"Good Morning, Vietnam (1987)",Comedy|Drama|War,M,25,17,28262
1354,42,2,978299165,Dead Presidents (1995),Action|Crime|Drama,F,25,2,94040
1377,3448,3,974768768,"Good Morning, Vietnam (1987)",Comedy|Drama|War,M,35,16,65270
1430,2124,3,974759305,"Addams Family, The (1991)",Comedy,M,18,4,97215
873,2266,4,975280096,"Butcher's Wife, The (1991)",Comedy|Romance,M,56,6,19027
1017,1328,1,975013198,"Amityville Curse, The (1990)",Horror,M,35,0,30906
1128,2944,3,974905415,"Dirty Dozen, The (1967)",Action|War,M,25,1,72701
1260,3556,3,981049551,"Virgin Suicides, The (1999)",Comedy|Drama,M,25,17,28262
759,276,3,975453594,Milk Money (1994),Comedy|Romance,F,56,3,89156
854,3107,4,975348089,Backdraft (1991),Action|Drama,F,25,16,44092
1053,3107,3,974954407,Backdraft (1991),Action|Drama,M,35,0,18360
1054,2302,5,975102157,My Cousin Vinny (1992),Comedy,M,1,10,75040
1172,2605,3,974864802,Entrapment (1999),Crime|Thriller,F,25,0,61801
1470,3942,1,974839293,Sorority House Massacre II (1990),Horror,M,18,4,94118
1472,3274,3,974768177,Single White Female (1992),Action,M,25,7,90248
785,2115,3,975430389,Indiana Jones and the Temple of Doom (1984),Action|Adventure,M,18,19,29307
975,2115,3,975120440,Indiana Jones and the Temple of Doom (1984),Action|Adventure,M,35,0,98136
1017,2548,3,975013096,"Rage: Carrie 2, The (1999)",Horror,M,35,0,30906
1112,2115,4,974946878,Indiana Jones and the Temple of Doom (1984),Action|Adventure,M,18,6,19104
1120,2000,4,974911947,Lethal Weapon (1987),Action|Comedy|Crime|Drama,M,18,4,95616
1232,529,5,974836336,Searching for Bobby Fischer (1993),Drama,F,18,4,43235
1367,357,3,974771432,Four Weddings and a Funeral (1994),Comedy|Romance,M,25,12,53707
1489,3950,3,975123740,Tigerland (2000),Drama,F,35,2,60201
798,1981,1,975408555,Friday the 13th Part VIII: Jason Takes Manhattan (1989),Horror,F,25,20,48464
1172,3186,3,974866537,"Girl, Interrupted (1999)",Drama,F,25,0,61801
1246,3617,2,1027117063,Road Trip (2000),Comedy,M,18,4,98225
1505,2925,4,983671903,"Conformist, The (Il Conformista) (1970)",Drama,M,50,11,90041
770,3483,3,980588269,"Road to El Dorado, The (2000)",Animation|Children's,M,18,4,98499
999,3174,4,975364150,Man on the Moon (1999),Comedy|Drama,M,25,15,62558
1006,3174,2,975037130,Man on the Moon (1999),Comedy|Drama,M,18,4,53220
1101,3503,2,980367762,Solaris (Solyaris) (1972),Drama|Sci-Fi,M,35,1,06417
1108,1193,5,974919199,One Flew Over the Cuckoo's Nest (1975),Drama,M,56,1,93003
1113,3174,4,975611446,Man on the Moon (1999),Comedy|Drama,M,18,4,97215
1224,281,3,974840194,Nobody's Fool (1994),Drama,M,50,13,02125
1360,3174,3,974770088,Man on the Moon (1999),Comedy|Drama,M,25,20,14895
1495,2137,2,974761466,Charlotte's Web (1973),Animation|Children's,M,18,0,77341
1045,3225,5,974965772,Down to You (2000),Comedy|Romance,F,1,10,77477
1395,2792,4,975013330,Airplane II: The Sequel (1982),Comedy,M,25,2,07026
1422,2406,3,975692634,Romancing the Stone (1984),Action|Adventure|Comedy|Romance,M,35,17,55934
1497,2406,5,974750561,Romancing the Stone (1984),Action|Adventure|Comedy|Romance,M,50,5,80220
772,3005,4,975440142,"Bone Collector, The (1999)",Thriller,M,18,12,89118
822,1702,3,975382335,Flubber (1997),Children's|Comedy|Fantasy,F,25,1,07666
977,2243,3,975109506,Broadcast News (1987),Comedy|Drama|Romance,M,25,2,80110
981,30,3,977421089,Shanghai Triad (Yao a yao yao dao waipo qiao) (1995),Drama,M,25,20,02141
1137,3515,4,976738438,Me Myself I (2000),Comedy,M,18,4,13165
1354,3578,4,974772730,Gladiator (2000),Action|Drama,F,25,2,94040
1422,2243,3,976139738,Broadcast News (1987),Comedy|Drama|Romance,M,35,17,55934
1450,3005,2,974756766,"Bone Collector, The (1999)",Thriller,M,18,4,94704
919,2361,4,975202359,Pink Flamingos (1972),Comedy,F,35,1,92056
1046,901,5,974966389,Funny Face (1957),Comedy|Musical,M,56,18,53404-1230
1128,1090,4,974907856,Platoon (1986),Drama|War,M,25,1,72701
1225,1090,4,974837096,Platoon (1986),Drama|War,M,45,7,61081
770,700,1,975489989,Angus (1995),Comedy,M,18,4,98499
838,3176,5,975359800,"Talented Mr. Ripley, The (1999)",Drama|Mystery|Thriller,M,50,17,92661
1130,3176,5,974900897,"Talented Mr. Ripley, The (1999)",Drama|Mystery|Thriller,M,18,7,60012
1395,405,4,1019425553,Highlander III: The Sorcerer (1994),Action|Sci-Fi,M,25,2,07026
1446,915,5,974757742,Sabrina (1954),Comedy|Romance,M,35,12,10128
1299,1376,5,974788274,Star Trek IV: The Voyage Home (1986),Action|Adventure|Sci-Fi,M,25,14,02038
1465,282,4,974758932,Nell (1994),Drama,M,50,16,93003
1059,3159,4,974968859,Fantasia 2000 (1999),Animation|Children's|Musical,F,25,0,97213
1203,535,3,974927016,Short Cuts (1993),Drama,F,25,1,06417
1272,2248,3,974815847,Say Anything... (1989),Comedy|Drama|Romance,M,18,20,49506
1295,2008,2,974788560,"This World, Then the Fireworks (1996)",Crime|Drama|Film-Noir,F,35,6,90036
1448,2997,5,976129721,Being John Malkovich (1999),Comedy,F,25,3,17522
770,2382,1,976183546,Police Academy 5: Assignment: Miami Beach (1988),Comedy,M,18,4,98499
1135,2456,3,974881727,"Fly II, The (1989)",Horror|Sci-Fi,M,50,13,98201
1146,2448,2,974934255,Virus (1999),Horror|Sci-Fi,F,18,16,80260
1184,1526,2,974856597,Fathers' Day (1997),Comedy,F,25,4,92354
767,1674,4,975452598,Witness (1985),Drama|Romance|Thriller,M,25,12,45241
777,1584,3,975436981,Contact (1997),Drama|Sci-Fi,M,18,19,87543
899,3524,3,975216633,Arthur (1981),Comedy|Romance,F,25,1,30605
1062,1178,5,975046066,Paths of Glory (1957),Drama|War,M,50,19,59457
1125,1584,5,986660991,Contact (1997),Drama|Sci-Fi,F,18,4,53715
1150,3605,3,974870607,King Creole (1958),Drama|Musical,F,25,20,75226
1291,1674,5,974794876,Witness (1985),Drama|Romance|Thriller,F,35,0,10011
808,3555,3,975393847,U-571 (2000),Action|Thriller,M,25,7,85226
1001,3555,2,975040091,U-571 (2000),Action|Thriller,M,25,4,90210
1155,2282,4,974865141,Pecker (1998),Comedy|Drama,M,25,12,90278
1425,562,5,975085829,Welcome to the Dollhouse (1995),Comedy|Drama,M,1,10,08872
1483,3555,3,974754606,U-571 (2000),Action|Thriller,M,18,4,54481
1491,562,2,974755131,Welcome to the Dollhouse (1995),Comedy|Drama,M,18,4,06511
844,1411,5,975357199,Hamlet (1996),Drama,M,25,0,92121
846,3701,4,975507711,Alien Nation (1988),Crime|Drama|Sci-Fi,M,25,5,80209
881,2976,2,975265757,Bringing Out the Dead (1999),Drama|Horror,M,18,14,76401
889,2976,3,975364370,Bringing Out the Dead (1999),Drama|Horror,M,45,20,10024
999,2815,3,975046588,Iron Eagle (1986),Action|War,M,25,15,62558
1010,2500,2,975222470,Jawbreaker (1999),Comedy,M,25,0,10310
1100,551,4,974924042,"Nightmare Before Christmas, The (1993)",Children's|Comedy|Musical,M,25,0,60090
1383,2639,4,975977718,Mommie Dearest (1981),Drama,F,25,7,19806
1447,1411,3,981018499,Hamlet (1996),Drama,M,18,4,80521
1496,1676,3,974752716,Starship Troopers (1997),Action|Adventure|Sci-Fi|War,M,25,17,94108
922,1962,5,975214570,Driving Miss Daisy (1989),Drama,M,56,16,48009
1113,785,5,974915529,Kingpin (1996),Comedy,M,18,4,97215
1266,3949,4,977097454,Requiem for a Dream (2000),Drama,M,25,4,18104
1284,2963,3,978826738,Joe the King (1999),Crime|Drama,M,45,16,33334
1357,1278,5,974770437,Young Frankenstein (1974),Comedy|Horror,M,45,0,34116
854,2002,3,975348362,Lethal Weapon 3 (1992),Action|Comedy|Crime|Drama,F,25,16,44092
924,745,5,975200577,"Close Shave, A (1995)",Animation|Comedy|Thriller,M,50,17,98642
1015,1734,4,975017593,My Life in Pink (Ma vie en rose) (1997),Comedy|Drama,M,35,3,11220
1019,3271,4,975010232,Of Mice and Men (1992),Drama,M,35,1,60640
1246,3271,4,975931369,Of Mice and Men (1992),Drama,M,18,4,98225
1418,2002,4,974773469,Lethal Weapon 3 (1992),Action|Comedy|Crime|Drama,M,18,4,48197
1419,3901,1,974761435,Duets (2000),Comedy|Drama,F,25,1,95336
865,1292,4,975281475,Being There (1979),Comedy,M,35,1,91711
1009,3831,5,975027760,Saving Grace (2000),Comedy,M,50,7,48315
1015,475,3,979451956,In the Name of the Father (1993),Drama,M,35,3,11220
1119,1762,3,974912910,Deep Rising (1998),Action|Horror|Sci-Fi,M,35,1,90504
1182,1246,2,997259715,Dead Poets Society (1989),Drama,M,1,10,91326
1262,3394,4,974820234,Blind Date (1987),Comedy|Romance,M,25,4,22903
1361,1292,5,974771016,Being There (1979),Comedy,F,25,0,97401
1449,3395,1,975518954,Nadine (1987),Comedy,M,35,20,17112
1465,3769,3,974766186,Thunderbolt and Lightfoot (1974),Action,M,50,16,93003
1505,475,5,983674336,In the Name of the Father (1993),Drama,M,50,11,90041
1019,1097,3,975366359,E.T. the Extra-Terrestrial (1982),Children's|Drama|Fantasy|Sci-Fi,M,35,1,60640
1128,934,3,974905168,Father of the Bride (1950),Comedy,M,25,1,72701
949,104,2,975225574,Happy Gilmore (1996),Comedy,M,50,17,96753
984,3368,4,975117984,"Big Country, The (1958)",Romance|Western,M,50,16,92129
1317,2700,3,974781049,"South Park: Bigger, Longer and Uncut (1999)",Animation|Comedy,M,45,7,98028
1232,3088,5,974837218,Harvey (1950),Comedy,F,18,4,43235
1050,788,4,974964144,"Nutty Professor, The (1996)",Comedy|Fantasy|Romance|Sci-Fi,M,25,1,97302
1449,2730,2,975520041,Barry Lyndon (1975),Drama,M,35,20,17112
850,2690,4,975353196,"Ideal Husband, An (1999)",Comedy,M,35,0,60640
868,1387,3,975276544,Jaws (1975),Action|Horror,M,50,17,01702-7224
969,2599,5,975112825,Election (1999),Comedy,F,25,11,19103
1015,2599,5,975017153,Election (1999),Comedy,M,35,3,11220
1389,2021,2,974768147,Dune (1984),Fantasy|Sci-Fi,M,25,17,19801
801,3046,4,975400812,"Incredibly True Adventure of Two Girls in Love, The (1995)",Comedy|Romance,F,25,20,95776
957,36,5,975129564,Dead Man Walking (1995),Drama,M,35,1,29706
971,208,3,975114055,Waterworld (1995),Action|Adventure,M,25,12,43615
1015,36,4,975016280,Dead Man Walking (1995),Drama,M,35,3,11220
1021,36,5,975008227,Dead Man Walking (1995),Drama,M,35,0,94559
1120,954,5,975969423,Mr. Smith Goes to Washington (1939),Drama,M,18,4,95616
1125,36,4,1025459193,Dead Man Walking (1995),Drama,F,18,4,53715
1181,2057,3,974949095,"Incredible Journey, The (1963)",Adventure|Children's,M,35,7,20716
1218,208,1,976635464,Waterworld (1995),Action|Adventure,M,56,15,13207
1317,36,4,975211308,Dead Man Walking (1995),Drama,M,45,7,98028
877,3053,3,975272926,"Messenger: The Story of Joan of Arc, The (1999)",Drama|War,M,25,0,90631
935,89,4,975182549,Nick of Time (1995),Action|Thriller,M,35,14,60538
941,2555,1,975170616,Baby Geniuses (1999),Comedy,M,18,20,45387
1251,2706,5,974991258,American Pie (1999),Comedy,M,25,7,48188
1586,1088,5,974738483,Dirty Dancing (1987),Musical|Romance,M,45,7,77351
1701,3918,1,974708060,Hellbound: Hellraiser II (1988),Horror,F,25,4,97233
1740,1580,3,974705637,Men in Black (1997),Action|Adventure|Comedy|Sci-Fi,M,56,1,96153
1899,1645,2,974777883,"Devil's Advocate, The (1997)",Crime|Horror|Mystery|Thriller,F,45,6,02135
1930,1580,4,974693268,Men in Black (1997),Action|Adventure|Comedy|Sci-Fi,M,25,15,94550
1958,1580,3,974687399,Men in Black (1997),Action|Adventure|Comedy|Sci-Fi,F,25,1,17055
1965,3175,3,974686185,Galaxy Quest (1999),Adventure|Comedy|Sci-Fi,M,56,17,48304
2051,463,1,974663178,Guilty as Sin (1993),Crime|Drama|Thriller,M,35,7,93906
2091,2366,4,974655039,King Kong (1933),Action|Adventure|Horror,F,35,20,48044
2207,1580,4,974602748,Men in Black (1997),Action|Adventure|Comedy|Sci-Fi,M,18,4,07508
2221,3175,4,974599779,Galaxy Quest (1999),Adventure|Comedy|Sci-Fi,M,56,17,94931
2244,3794,2,984318626,Chuck & Buck (2000),Comedy|Drama,M,1,10,60565
1599,1127,4,974822934,"Abyss, The (1989)",Action|Adventure|Sci-Fi|Thriller,M,25,0,92646
1717,1483,5,1009260003,Crash (1996),Drama|Thriller,F,50,6,30307
1780,1084,5,974703505,Bonnie and Clyde (1967),Crime|Drama,M,35,1,22181
1793,1127,4,974752822,"Abyss, The (1989)",Action|Adventure|Sci-Fi|Thriller,M,25,4,20008
1836,2580,4,974828061,Go (1999),Crime,M,25,0,10016
1889,3698,3,989088986,"Running Man, The (1987)",Action|Adventure|Sci-Fi,M,18,14,80023
1922,3698,3,974694950,"Running Man, The (1987)",Action|Adventure|Sci-Fi,F,25,7,94303
2038,858,5,974671221,"Godfather, The (1972)",Action|Crime|Drama,F,45,1,33301
2056,1084,5,974817632,Bonnie and Clyde (1967),Crime|Drama,M,25,4,56301
2092,1721,2,975119370,Titanic (1997),Drama|Romance,M,56,1,49006
2148,858,1,974621687,"Godfather, The (1972)",Action|Crime|Drama,F,18,0,81301
2205,1896,2,974605197,Cousin Bette (1998),Comedy,F,25,7,10016
1641,1322,1,974714679,Amityville 1992: It's About Time (1992),Horror,M,25,0,95819
1804,2393,4,974779678,Star Trek: Insurrection (1998),Action|Sci-Fi,M,25,7,22314
1912,1303,4,994926360,"Man Who Would Be King, The (1975)",Adventure,M,25,4,91325
1930,3704,3,983755649,Mad Max Beyond Thunderdome (1985),Action|Sci-Fi,M,25,15,94550
2124,1270,5,974647411,Back to the Future (1985),Comedy|Sci-Fi,M,25,0,12306
2252,2572,3,974594729,10 Things I Hate About You (1999),Comedy|Romance,F,18,1,01562
1639,1265,4,975141456,Groundhog Day (1993),Comedy|Romance,M,25,17,95405
1680,3098,2,974712147,"Natural, The (1984)",Drama,M,25,20,95380
1746,3089,5,974702531,"Bicycle Thief, The (Ladri di biciclette) (1948)",Drama,M,25,4,33157
1835,2259,3,974878272,Blame It on Rio (1984),Comedy|Romance,M,25,19,11501
2259,1265,4,974590676,Groundhog Day (1993),Comedy|Romance,F,56,16,70503
1712,3566,3,980384290,"Big Kahuna, The (2000)",Comedy|Drama,M,25,0,73003
1745,2622,2,974706719,"Midsummer Night's Dream, A (1999)",Comedy|Fantasy,M,45,0,94114
1941,2392,3,974952575,Jack Frost (1998),Comedy|Drama,M,35,17,94550
2021,879,3,974673376,"Relic, The (1997)",Horror,M,25,0,61364
2051,3566,4,974661822,"Big Kahuna, The (2000)",Comedy|Drama,M,35,7,93906
2241,2096,3,974596399,Sleeping Beauty (1959),Animation|Children's|Musical,M,45,5,60647
1600,588,4,974754954,Aladdin (1992),Animation|Children's|Comedy|Musical,M,35,7,08234
1741,898,5,974711865,"Philadelphia Story, The (1940)",Comedy|Romance,M,35,7,91107
1979,2802,3,974683618,Tequila Sunrise (1988),Action|Romance|Thriller,M,56,17,49506
2038,898,4,974668693,"Philadelphia Story, The (1940)",Comedy|Romance,F,45,1,33301
2179,3105,5,974608496,Awakenings (1990),Drama,F,25,0,28304
2262,588,4,974584689,Aladdin (1992),Animation|Children's|Comedy|Musical,M,45,17,48116
1556,1888,3,974853828,Hope Floats (1998),Comedy|Drama|Romance,M,18,4,48073
1571,2542,3,974739971,"Lock, Stock & Two Smoking Barrels (1998)",Comedy|Crime|Thriller,M,25,20,98033
1765,296,5,974702513,Pulp Fiction (1994),Crime|Drama,M,18,4,13655
1820,296,4,974703137,Pulp Fiction (1994),Crime|Drama,M,25,20,50265
2070,296,5,992029190,Pulp Fiction (1994),Crime|Drama,F,35,6,13210
1522,3703,4,974745410,Mad Max 2 (a.k.a. The Road Warrior) (1981),Action|Sci-Fi,M,35,20,10025
1641,2396,3,974714838,Shakespeare in Love (1998),Comedy|Romance,M,25,0,95819
1790,2396,1,974706800,Shakespeare in Love (1998),Comedy|Romance,M,25,0,19152
1800,2396,2,974741818,Shakespeare in Love (1998),Comedy|Romance,M,18,4,70118
1914,2396,5,974691738,Shakespeare in Love (1998),Comedy|Romance,F,35,14,95051
1918,2396,5,974691053,Shakespeare in Love (1998),Comedy|Romance,F,45,6,95209
2002,2396,2,974678208,Shakespeare in Love (1998),Comedy|Romance,F,56,13,02136-1522
2015,3703,5,974674656,Mad Max 2 (a.k.a. The Road Warrior) (1981),Action|Sci-Fi,M,18,4,01003
1524,593,5,981783249,"Silence of the Lambs, The (1991)",Drama|Thriller,M,18,4,06459
1524,2797,4,974747768,Big (1988),Comedy|Fantasy,M,18,4,06459
1645,597,5,988253303,Pretty Woman (1990),Comedy|Romance,F,18,9,62225
1746,1199,5,974703118,Brazil (1985),Sci-Fi,M,25,4,33157
1748,1653,3,994585241,Gattaca (1997),Drama|Sci-Fi|Thriller,M,50,1,04240
1767,593,3,974701032,"Silence of the Lambs, The (1991)",Drama|Thriller,M,25,20,75205
1837,2797,4,974841220,Big (1988),Comedy|Fantasy,M,25,2,08817
2172,597,2,974668219,Pretty Woman (1990),Comedy|Romance,M,18,20,60641
2232,1653,5,974596956,Gattaca (1997),Drama|Sci-Fi|Thriller,M,25,14,60061
1680,2294,4,974715318,Antz (1998),Animation|Children's,M,25,20,95380
1654,1198,3,974710903,Raiders of the Lost Ark (1981),Action|Adventure,F,45,0,94114
1702,2888,4,974875969,Drive Me Crazy (1999),Comedy|Romance,M,18,10,97303
1846,1198,4,974697302,Raiders of the Lost Ark (1981),Action|Adventure,M,45,12,95051
1985,1198,5,974684286,Raiders of the Lost Ark (1981),Action|Adventure,M,45,12,92122
2022,368,4,1000592178,Maverick (1994),Action|Comedy|Western,M,25,7,60137
2116,368,4,974649866,Maverick (1994),Action|Comedy|Western,M,18,4,49546
2174,34,3,974612179,Babe (1995),Children's|Comedy|Drama,M,50,12,87505
1551,1183,4,1013199545,"English Patient, The (1996)",Drama|Romance|War,M,25,11,20008
1635,2261,3,977460519,One Crazy Summer (1986),Comedy,M,25,0,97212
1908,2771,4,974849756,Brokedown Palace (1999),Drama,M,56,13,95129
1969,1378,4,974687357,Young Guns (1988),Action|Comedy|Western,F,25,3,92116
1912,1259,2,1009436719,Stand by Me (1986),Adventure|Comedy|Drama,M,25,4,91325
1933,3538,4,974692044,East is East (1999),Comedy,M,18,19,94703
1942,3538,4,974689553,East is East (1999),Comedy,M,35,5,04901
1949,1259,5,974694320,Stand by Me (1986),Adventure|Comedy|Drama,M,18,17,92595
2050,1259,5,975524875,Stand by Me (1986),Adventure|Comedy|Drama,F,35,3,99504
2064,2662,5,974667574,"War of the Worlds, The (1953)",Action|Sci-Fi|War,M,35,1,01020
2109,2662,3,974653339,"War of the Worlds, The (1953)",Action|Sci-Fi|War,M,25,16,13090
2164,2662,4,974613182,"War of the Worlds, The (1953)",Action|Sci-Fi|War,M,35,0,95826
1600,436,3,974738255,Color of Night (1994),Drama|Thriller,M,35,7,08234
1639,1441,5,975142432,Benny & Joon (1993),Comedy|Romance,M,25,17,95405
1697,1426,3,974734435,Zeus and Roxanne (1997),Children's,F,18,4,98052
1759,2683,4,974788595,Austin Powers: The Spy Who Shagged Me (1999),Comedy,M,25,16,22112
1879,1892,4,974693934,"Perfect Murder, A (1998)",Mystery|Thriller,M,25,4,29732
1941,1441,3,974950318,Benny & Joon (1993),Comedy|Romance,M,35,17,94550
2063,1892,2,975378612,"Perfect Murder, A (1998)",Mystery|Thriller,M,25,4,43138
1850,2355,5,974697358,"Bug's Life, A (1998)",Animation|Children's|Comedy,M,18,5,12582
1880,1296,4,975379429,"Room with a View, A (1986)",Drama|Romance,M,35,0,91006
1924,2355,3,974695437,"Bug's Life, A (1998)",Animation|Children's|Comedy,F,56,6,90630
2124,2355,5,974651550,"Bug's Life, A (1998)",Animation|Children's|Comedy,M,25,0,12306
1680,1034,5,974711403,Freeway (1996),Crime,M,25,20,95380
1726,1752,2,974711865,Hard Rain (1998),Action|Thriller,M,25,2,60160
1748,2682,5,1014202685,Limbo (1999),Drama,M,50,1,04240
1820,1974,3,974701963,Friday the 13th (1980),Horror,M,25,20,50265
1925,3706,5,974692071,Angel Heart (1987),Film-Noir|Mystery|Thriller,M,50,7,92886
1963,300,5,974687888,Quiz Show (1994),Drama,F,50,9,91941
1988,1772,1,974684475,Blues Brothers 2000 (1998),Action|Comedy|Musical,F,25,1,85224
2073,1064,1,974659538,Aladdin and the King of Thieves (1996),Animation|Children's|Comedy,F,18,4,13148
1667,2094,3,975017559,"Rocketeer, The (1991)",Action|Adventure|Sci-Fi,M,50,16,98516
1835,1307,5,974877947,When Harry Met Sally... (1989),Comedy|Romance,M,25,19,11501
1837,587,4,976827767,Ghost (1990),Comedy|Romance|Thriller,M,25,2,08817
1974,587,4,974958620,Ghost (1990),Comedy|Romance|Thriller,M,35,17,12159
2098,1307,4,974653635,When Harry Met Sally... (1989),Comedy|Romance,M,35,20,48067
2219,587,4,974601800,Ghost (1990),Comedy|Romance|Thriller,M,25,6,60060
1727,2032,4,974714056,"Barefoot Executive, The (1971)",Children's|Comedy,M,35,16,50317
1733,3264,3,974704805,Buffy the Vampire Slayer (1992),Comedy|Horror,M,18,14,43725
1835,3252,5,974880538,Scent of a Woman (1992),Drama,M,25,19,11501
1836,2871,5,974828775,Deliverance (1972),Adventure|Thriller,M,25,0,10016
1899,914,3,974695674,My Fair Lady (1964),Musical|Romance,F,45,6,02135
1941,76,1,974854178,Screamers (1995),Sci-Fi|Thriller,M,35,17,94550
2041,3252,3,979180377,Scent of a Woman (1992),Drama,F,25,20,24015
2072,1480,4,974660334,Smilla's Sense of Snow (1997),Action|Drama|Thriller,F,50,12,21133
2186,1372,4,974607869,Star Trek VI: The Undiscovered Country (1991),Action|Adventure|Sci-Fi,M,18,5,41018
1555,3270,4,974740958,"Cutting Edge, The (1992)",Drama,F,18,0,20008
1593,2439,3,974755631,Affliction (1997),Drama,M,25,16,78411
1675,332,2,974709860,Village of the Damned (1995),Horror|Sci-Fi,F,25,6,97116
2077,2335,1,979975488,"Waterboy, The (1998)",Comedy,M,18,0,55112
2219,2335,2,974601970,"Waterboy, The (1998)",Comedy,M,25,6,60060
1757,1019,5,974702425,"20,000 Leagues Under the Sea (1954)",Adventure|Children's|Fantasy|Sci-Fi,M,25,4,75206
1865,2331,4,976585252,Living Out Loud (1998),Comedy|Romance,F,18,1,94606
1925,1269,5,974695569,Arsenic and Old Lace (1944),Comedy|Mystery|Thriller,M,50,7,92886
1975,1294,4,974685730,M*A*S*H (1970),Comedy|War,M,18,4,97361
2034,2750,5,974669243,Radio Days (1987),Comedy|Drama,F,45,2,01851
1512,908,5,974747339,North by Northwest (1959),Drama|Thriller,M,25,20,11102
1537,3481,4,974744188,High Fidelity (2000),Comedy,M,18,20,02446
1678,3783,3,974712586,Croupier (1998),Crime|Drama,F,18,17,97070
1680,1350,3,974708813,"Omen, The (1976)",Horror,M,25,20,95380
1698,2644,5,974771057,Dracula (1931),Horror,M,35,2,97214
1943,1875,4,975734973,Clockwatchers (1997),Comedy,M,18,4,91501
1946,3783,4,991071517,Croupier (1998),Crime|Drama,M,25,14,94110
2231,2738,2,974598663,Crimes of the Heart (1986),Comedy|Drama,M,50,11,85726
1613,1210,5,974738156,Star Wars: Episode VI - Return of the Jedi (1983),Action|Adventure|Romance|Sci-Fi|War,M,18,20,61801
1676,253,4,974709865,Interview with the Vampire (1994),Drama|Horror,M,18,4,91301
1812,2371,5,974705679,Fletch (1985),Comedy,F,25,12,48103
1822,3727,4,974697886,Near Dark (1987),Comedy|Horror,F,25,0,53713
1941,1363,3,989646285,"Preacher's Wife, The (1996)",Drama,M,35,17,94550
1949,2804,5,974690334,"Christmas Story, A (1983)",Comedy|Drama,M,18,17,92595
1980,2804,5,974686561,"Christmas Story, A (1983)",Comedy|Drama,M,35,7,06460
2029,1148,5,974670331,"Wrong Trousers, The (1993)",Animation|Comedy,F,25,12,10011
2080,2804,4,974656316,"Christmas Story, A (1983)",Comedy|Drama,M,25,11,37931
2109,1210,5,974656230,Star Wars: Episode VI - Return of the Jedi (1983),Action|Adventure|Romance|Sci-Fi|War,M,25,16,13090
2225,2804,5,974676711,"Christmas Story, A (1983)",Comedy|Drama,M,25,5,96815
1676,3173,4,974801771,Any Given Sunday (1999),Drama,M,18,4,91301
1748,1085,3,985478837,"Old Man and the Sea, The (1958)",Adventure|Drama,M,50,1,04240
1780,2496,3,1010683603,Blast from the Past (1999),Comedy|Romance,M,35,1,22181
1916,2069,3,974696309,"Trip to Bountiful, The (1985)",Drama,M,45,7,90405
1941,2496,3,974957606,Blast from the Past (1999),Comedy|Romance,M,35,17,94550
1941,1890,3,1030916810,Little Boy Blue (1997),Drama,M,35,17,94550
2023,3173,3,974676679,Any Given Sunday (1999),Drama,M,18,4,56001
2127,3173,2,982118386,Any Given Sunday (1999),Drama,M,18,4,12309
2203,3258,5,974609934,Death Becomes Her (1992),Comedy,M,45,12,53718
1635,1093,4,977037693,"Doors, The (1991)",Drama|Musical,M,25,0,97212
1702,2723,5,974876172,Mystery Men (1999),Action|Adventure|Comedy,M,18,10,97303
1948,2723,1,974695006,Mystery Men (1999),Action|Adventure|Comedy,M,1,10,93111
2088,2531,2,974656300,Battle for the Planet of the Apes (1973),Action|Sci-Fi,M,50,7,60618
1606,2692,5,974736242,Run Lola Run (Lola rennt) (1998),Action|Crime|Romance,F,35,3,55405
1831,2701,2,974702587,Wild Wild West (1999),Action|Sci-Fi|Western,M,18,4,53190
2030,3037,4,974670164,Little Big Man (1970),Comedy|Drama|Western,M,25,4,77345
1962,3502,3,975777145,My Life (1993),Drama,F,18,1,60914
1990,1208,3,974682471,Apocalypse Now (1979),Drama|War,M,25,7,85257
1546,2502,4,974826024,Office Space (1999),Comedy|Romance,M,25,4,22903
1609,1564,4,974747799,Roseanna's Grave (For Roseanna) (1997),Comedy|Romance,F,35,9,06830
1758,2502,4,974786558,Office Space (1999),Comedy|Romance,F,25,0,33067-1400
1969,2022,5,974692779,"Last Temptation of Christ, The (1988)",Drama,F,25,3,92116
2063,1978,2,994147925,Friday the 13th Part V: A New Beginning (1985),Horror,M,25,4,43138
2181,2502,5,974610446,Office Space (1999),Comedy|Romance,M,25,0,45245
2185,926,5,975365187,All About Eve (1950),Drama,M,45,17,27502
1709,1215,1,974706836,Army of Darkness (1993),Action|Adventure|Comedy|Horror|Sci-Fi,M,25,0,73147
1945,1215,2,974692787,Army of Darkness (1993),Action|Adventure|Comedy|Horror|Sci-Fi,M,25,20,92866
2023,1215,4,1006283089,Army of Darkness (1993),Action|Adventure|Comedy|Horror|Sci-Fi,M,18,4,56001
1925,2288,5,974693368,"Thing, The (1982)",Action|Horror|Sci-Fi|Thriller,M,50,7,92886
1968,1249,2,974685193,Nikita (La Femme Nikita) (1990),Thriller,M,25,11,85258
2265,3654,4,974582015,"Guns of Navarone, The (1961)",Action|Drama|War,M,56,13,60506
1647,2407,3,974713603,Cocoon (1985),Comedy|Sci-Fi,M,18,18,98118
1737,1961,3,974706580,Rain Man (1988),Drama,M,35,20,46614
1836,2725,3,974826960,Twin Falls Idaho (1999),Drama,M,25,0,10016
1880,372,4,974699027,Reality Bites (1994),Comedy|Drama,M,35,0,91006
1958,2407,3,974688127,Cocoon (1985),Comedy|Sci-Fi,F,25,1,17055
1996,2407,4,974681127,Cocoon (1985),Comedy|Sci-Fi,M,35,0,85621
2026,2407,4,974673826,Cocoon (1985),Comedy|Sci-Fi,M,50,16,49277
2098,22,3,974655347,Copycat (1995),Crime|Drama|Thriller,M,35,20,48067
1676,122,2,974800503,Boomerang (1992),Comedy|Romance,M,18,4,91301
1692,3728,5,974710541,One False Move (1991),Thriller,M,35,20,97333
1941,3689,2,974952547,Porky's II: The Next Day (1983),Comedy,M,35,17,94550
1542,232,5,974743115,Eat Drink Man Woman (1994),Comedy|Drama,M,18,17,12054
1624,2414,3,974853017,Young Sherlock Holmes (1985),Action|Adventure|Mystery,M,25,0,06810
1749,190,4,974702581,Safe (1995),Thriller,M,25,2,10040
1913,924,5,974692114,2001: A Space Odyssey (1968),Drama|Mystery|Sci-Fi|Thriller,M,25,17,95126
2015,2774,2,974756918,Better Than Chocolate (1999),Comedy|Romance,M,18,4,01003
2168,924,5,994465285,2001: A Space Odyssey (1968),Drama|Mystery|Sci-Fi|Thriller,M,1,10,60202
1598,2791,4,974733065,Airplane! (1980),Comedy,M,35,13,76548
1647,367,3,974806815,"Mask, The (1994)",Comedy|Crime|Fantasy,M,18,18,98118
2019,2757,4,974674027,Frances (1982),Drama,M,50,1,27705
1692,1942,4,974710219,All the King's Men (1949),Drama,M,35,20,97333
1718,1729,4,974705368,Jackie Brown (1997),Crime|Drama,M,18,4,43235
1734,3504,4,974704348,Network (1976),Comedy|Drama,M,45,17,94602
1737,1197,4,974705822,"Princess Bride, The (1987)",Action|Adventure|Comedy|Romance,M,35,20,46614
1737,1729,3,976061813,Jackie Brown (1997),Crime|Drama,M,35,20,46614
1837,519,1,976025867,Robocop 3 (1993),Sci-Fi|Thriller,M,25,2,08817
1889,2628,3,989087737,Star Wars: Episode I - The Phantom Menace (1999),Action|Adventure|Fantasy|Sci-Fi,M,18,14,80023
1939,1729,4,974696188,Jackie Brown (1997),Crime|Drama,F,35,2,94930
1941,2181,4,974852480,Marnie (1964),Thriller,M,35,17,94550
2020,111,3,975725194,Taxi Driver (1976),Drama|Thriller,M,25,7,45011
2063,1197,5,975742954,"Princess Bride, The (1987)",Action|Adventure|Comedy|Romance,M,25,4,43138
2211,3504,5,974602324,Network (1976),Comedy|Drama,M,45,6,01950
1909,47,5,974692090,Seven (Se7en) (1995),Crime|Thriller,M,18,4,89146
1641,177,1,974714541,Lord of Illusions (1995),Horror,M,25,0,95819
1680,1425,3,974716220,Fierce Creatures (1997),Comedy,M,25,20,95380
1905,2398,4,974690635,Miracle on 34th Street (1947),Drama,F,35,20,94118
2145,2038,5,974628424,"Cat from Outer Space, The (1978)",Children's|Comedy|Sci-Fi,M,18,10,32750
2208,1244,5,974612211,Manhattan (1979),Comedy|Drama|Romance,M,25,0,10006
1577,444,3,974736899,Even Cowgirls Get the Blues (1993),Comedy|Romance,M,56,0,72227-5733
1882,1206,5,974705302,"Clockwork Orange, A (1971)",Sci-Fi,M,35,16,92352
2203,2056,5,974606107,In Search of the Castaways (1962),Adventure|Children's,M,45,12,53718
2251,1206,4,974595929,"Clockwork Orange, A (1971)",Sci-Fi,M,35,14,60626
1639,353,4,974716918,"Crow, The (1994)",Action|Romance|Thriller,M,25,17,95405
1793,1586,1,974761546,G.I. Jane (1997),Action|Drama|War,M,25,4,20008
1803,1586,3,974704904,G.I. Jane (1997),Action|Drama|War,M,25,2,50021
1908,2882,4,974873496,Jakob the Liar (1999),Drama,M,56,13,95129
2085,355,2,974656371,"Flintstones, The (1994)",Children's|Comedy,M,18,0,06360
2122,353,3,974646945,"Crow, The (1994)",Action|Romance|Thriller,M,35,12,61614
1535,386,1,974743917,S.F.W. (1994),Drama,F,18,20,90036
1749,1288,3,974839566,This Is Spinal Tap (1984),Comedy|Drama|Musical,M,25,2,10040
2029,2108,5,974671451,L.A. Story (1991),Comedy|Romance,F,25,12,10011
2109,2082,2,974663122,"Mighty Ducks, The (1992)",Children's|Comedy,M,25,16,13090
2140,955,4,974637843,Bringing Up Baby (1938),Comedy,M,45,14,46804
2214,2108,4,974602261,L.A. Story (1991),Comedy|Romance,F,25,1,46807
1675,1590,4,974711873,Event Horizon (1997),Action|Mystery|Sci-Fi|Thriller,F,25,6,97116
1820,1590,2,974698840,Event Horizon (1997),Action|Mystery|Sci-Fi|Thriller,M,25,20,50265
1925,912,4,1025966172,Casablanca (1942),Drama|Romance|War,M,50,7,92886
1958,3261,5,974859282,Singles (1992),Comedy|Drama|Romance,F,25,1,17055
2089,3753,3,994876402,"Patriot, The (2000)",Action|Drama|War,M,35,17,17601
2092,1266,4,1002064686,Unforgiven (1992),Western,M,56,1,49006
2116,2840,4,976477335,Stigmata (1999),Thriller,M,18,4,49546
2258,3753,4,974589929,"Patriot, The (2000)",Action|Drama|War,F,18,4,10033
1579,3798,3,1000089583,What Lies Beneath (2000),Thriller,M,25,0,60201
1647,2320,1,974807885,Apt Pupil (1998),Drama|Thriller,M,18,18,98118
1686,3927,4,974708208,Fantastic Voyage (1966),Adventure|Sci-Fi,M,35,12,94062
1780,2320,3,988993999,Apt Pupil (1998),Drama|Thriller,M,35,1,22181
2181,1304,5,974668420,Butch Cassidy and the Sundance Kid (1969),Action|Comedy|Western,M,25,0,45245
2183,1304,5,974607751,Butch Cassidy and the Sundance Kid (1969),Action|Comedy|Western,F,56,1,11795
2222,3421,2,974599046,Animal House (1978),Comedy,F,45,1,13088
2239,3421,3,986873681,Animal House (1978),Comedy,M,18,10,60148
1525,3819,4,974745279,Tampopo (1986),Comedy,F,25,16,94706
1635,2054,3,974774024,"Honey, I Shrunk the Kids (1989)",Adventure|Children's|Comedy|Fantasy|Sci-Fi,M,25,0,97212
1673,1,5,974961188,Toy Story (1995),Animation|Children's|Comedy,M,1,10,98043-3621
1674,1,4,974709494,Toy Story (1995),Animation|Children's|Comedy,M,35,2,95816
1852,1391,2,974697235,Mars Attacks! (1996),Action|Comedy|Sci-Fi|War,M,25,12,10036
1856,1391,5,974698103,Mars Attacks! (1996),Action|Comedy|Sci-Fi|War,M,56,7,92065
1958,2296,2,994387953,"Night at the Roxbury, A (1998)",Comedy,F,25,1,17055
1980,1391,1,974685647,Mars Attacks! (1996),Action|Comedy|Sci-Fi|War,M,35,7,06460
1983,3452,3,976898582,Romeo Must Die (2000),Action|Romance,M,25,14,92109
1685,1302,2,974711658,Field of Dreams (1989),Drama,M,35,12,95833
1733,3060,4,1007715186,"Commitments, The (1991)",Comedy|Drama,M,18,14,43725
1894,1683,4,974694427,"Wings of the Dove, The (1997)",Drama|Romance|Thriller,F,35,7,94602
2060,2763,1,974660101,"Thomas Crown Affair, The (1999)",Action|Thriller,M,1,1,48304
2092,3622,2,974769567,"Twelve Chairs, The (1970)",Comedy,M,56,1,49006
2102,3147,2,974655627,"Green Mile, The (1999)",Drama|Thriller,M,25,11,48825
2106,1902,2,975441741,Dream for an Insomniac (1996),Drama|Romance,F,18,20,495321
2205,1302,4,974605376,Field of Dreams (1989),Drama,F,25,7,10016
1812,2155,4,1023227000,"Slums of Beverly Hills, The (1998)",Comedy,F,25,12,48103
1698,2256,2,974773234,Parasite (1982),Horror|Sci-Fi,M,35,2,97214
1768,3111,4,974701213,Places in the Heart (1984),Drama,M,45,16,75067
2018,2170,1,1003549911,Wrongfully Accused (1998),Action|Comedy,M,35,16,46214
2054,2170,2,974667856,Wrongfully Accused (1998),Action|Comedy,M,25,12,03110
2063,3210,3,975743568,Fast Times at Ridgemont High (1982),Comedy,M,25,4,43138
2076,3754,4,974658471,"Adventures of Rocky and Bullwinkle, The (2000)",Animation|Children's|Comedy,M,18,4,13165
1727,442,4,974707870,Demolition Man (1993),Action|Sci-Fi,M,35,16,50317
2022,442,3,974740871,Demolition Man (1993),Action|Sci-Fi,M,25,7,60137
2232,1608,4,974598018,Air Force One (1997),Action|Thriller,M,25,14,60061
1579,440,4,980461599,Dave (1993),Comedy|Romance,M,25,0,60201
1717,2455,3,974705346,"Fly, The (1986)",Horror|Sci-Fi,F,50,6,30307
1737,2455,4,974706496,"Fly, The (1986)",Horror|Sci-Fi,M,35,20,46614
1781,2455,3,974700716,"Fly, The (1986)",Horror|Sci-Fi,F,35,0,08009
1797,3022,5,974700204,"General, The (1927)",Comedy,M,35,7,52003
1934,2318,4,974690278,Happiness (1998),Comedy,M,25,17,95014
2015,1682,4,974850324,"Truman Show, The (1998)",Drama,M,18,4,01003
2063,280,3,974662668,Murder in the First (1995),Drama|Thriller,M,25,4,43138
2078,1682,3,974658641,"Truman Show, The (1998)",Drama,M,18,4,13323
2170,2455,4,974612476,"Fly, The (1986)",Horror|Sci-Fi,F,50,16,99114
2225,1663,4,974599355,Stripes (1981),Comedy,M,25,5,96815
1543,1089,4,974748928,Reservoir Dogs (1992),Crime|Thriller,M,25,11,10549
1579,6,3,974737705,Heat (1995),Action|Crime|Thriller,M,25,0,60201
1756,2433,3,974701985,"Civil Action, A (1998)",Drama,F,25,1,75149
1794,2433,2,993204068,"Civil Action, A (1998)",Drama,M,25,11,20878
1937,1267,5,974706733,"Manchurian Candidate, The (1962)",Film-Noir|Thriller,M,25,11,92335
2090,474,5,974764235,In the Line of Fire (1993),Action|Thriller,M,35,17,48313
2145,1367,2,974630637,101 Dalmatians (1996),Children's|Comedy,M,18,10,32750
2185,1267,4,975364896,"Manchurian Candidate, The (1962)",Film-Noir|Thriller,M,45,17,27502
2198,1367,2,974606391,101 Dalmatians (1996),Children's|Comedy,F,35,9,46815
2223,16,2,975261659,Casino (1995),Drama|Thriller,M,25,2,60123
2225,1267,4,979412373,"Manchurian Candidate, The (1962)",Film-Noir|Thriller,M,25,5,96815
1726,2699,4,974710969,Arachnophobia (1990),Action|Comedy|Sci-Fi|Thriller,M,25,2,60160
1727,2470,3,974712192,Crocodile Dundee (1986),Adventure|Comedy,M,35,16,50317
1761,2699,3,974703873,Arachnophobia (1990),Action|Comedy|Sci-Fi|Thriller,M,35,0,72058
1853,2699,2,975020094,Arachnophobia (1990),Action|Comedy|Sci-Fi|Thriller,M,50,0,90803
2012,168,3,1031008155,First Knight (1995),Action|Adventure|Drama|Romance,M,25,4,49456
2215,2699,4,974601949,Arachnophobia (1990),Action|Comedy|Sci-Fi|Thriller,F,25,0,93940
1780,3,2,994173061,Grumpier Old Men (1995),Comedy|Romance,M,35,1,22181
2081,3908,2,974656070,Urban Legends: Final Cut (2000),Horror,M,18,17,49445
2180,1380,3,974610654,Grease (1978),Comedy|Musical|Romance,M,25,12,27713-9225
1546,3893,1,986523038,Nurse Betty (2000),Comedy|Thriller,M,25,4,22903
1631,2040,3,974723090,"Computer Wore Tennis Shoes, The (1970)",Children's|Comedy,F,50,0,94514
1671,1956,4,974713623,Ordinary People (1980),Drama,M,35,0,98368
1654,3925,5,974713501,Stranger Than Paradise (1984),Comedy,F,45,0,94114
1666,2686,3,974711626,"Red Violin, The (Le Violon rouge) (1998)",Drama|Mystery,M,25,14,15241
1740,3167,5,974705252,Carnal Knowledge (1971),Drama,M,56,1,96153
1764,1275,4,974703341,Highlander (1986),Action|Adventure,M,18,0,75149
1842,2686,4,996465187,"Red Violin, The (Le Violon rouge) (1998)",Drama|Mystery,M,18,4,53190
1912,1997,4,1010732224,"Exorcist, The (1973)",Horror,M,25,4,91325
1980,429,2,999665402,Cabin Boy (1994),Comedy,M,35,7,06460
2101,2161,3,974653509,"NeverEnding Story, The (1984)",Adventure|Children's|Fantasy,M,25,16,48309
2114,2161,3,975103827,"NeverEnding Story, The (1984)",Adventure|Children's|Fantasy,M,18,18,21740
2173,2391,4,974613259,"Simple Plan, A (1998)",Crime|Thriller,M,50,13,87502
2244,1997,4,974597205,"Exorcist, The (1973)",Horror,M,1,10,60565
1689,3793,4,974708739,X-Men (2000),Action|Sci-Fi,M,35,5,98465
1737,169,3,977022709,Free Willy 2: The Adventure Home (1995),Adventure|Children's|Drama,M,35,20,46614
1969,500,4,984447566,Mrs. Doubtfire (1993),Comedy,F,25,3,92116
1980,500,2,974773830,Mrs. Doubtfire (1993),Comedy,M,35,7,06460
2016,1171,4,974676085,Bob Roberts (1992),Comedy,F,56,2,20783
1599,1994,3,974732993,Poltergeist (1982),Horror|Thriller,M,25,0,92646
1647,2880,3,1041738999,Operation Condor 2 (Longxiong hudi) (1990),Action|Adventure|Comedy,M,18,18,98118
1726,2808,1,974711865,Universal Soldier (1992),Action|Sci-Fi,M,25,2,60160
1726,2880,3,974710811,Operation Condor 2 (Longxiong hudi) (1990),Action|Adventure|Comedy,M,25,2,60160
1820,2808,1,974698709,Universal Soldier (1992),Action|Sci-Fi,M,25,20,50265
2119,1994,4,974997907,Poltergeist (1982),Horror|Thriller,M,35,4,10036
1666,340,3,974711906,"War, The (1994)",Adventure|Drama,M,25,14,15241
2077,1021,3,1023951514,Angels in the Outfield (1994),Children's|Comedy,M,18,0,55112
2186,3439,1,974608813,Teenage Mutant Ninja Turtles II: The Secret of the Ooze (1991),Action|Children's|Fantasy,M,18,5,41018
1647,377,4,974804539,Speed (1994),Action|Romance|Thriller,M,18,18,98118
1928,432,4,974689447,City Slickers II: The Legend of Curly's Gold (1994),Comedy|Western,M,1,10,94501
2015,250,1,1020385351,Heavyweights (1994),Children's|Comedy,M,18,4,01003
2125,3863,5,974644947,"Cell, The (2000)",Sci-Fi|Thriller,M,35,3,46033
2147,1394,3,974621698,Raising Arizona (1987),Comedy,F,18,0,60641
2165,2867,5,974615331,Fright Night (1985),Comedy|Horror,M,25,7,32836
1965,920,5,974685478,Gone with the Wind (1939),Drama|Romance|War,M,56,17,48304
2012,3399,3,974677613,Sesame Street Presents Follow That Bird (1985),Children's|Comedy,M,25,4,49456
1605,647,3,974929432,Courage Under Fire (1996),Drama|War,F,18,0,28270
1808,1968,4,974697693,"Breakfast Club, The (1985)",Comedy|Drama,F,18,4,22031
2075,2694,3,974657283,Big Daddy (1999),Comedy,F,25,4,13210
2102,2694,2,974654578,Big Daddy (1999),Comedy,M,25,11,48825
1737,339,3,977004551,While You Were Sleeping (1995),Comedy|Romance,M,35,20,46614
1744,1517,3,974706205,Austin Powers: International Man of Mystery (1997),Comedy,M,35,12,50325
1958,3388,3,974687467,Harry and the Hendersons (1987),Comedy,F,25,1,17055
2144,919,3,974628619,"Wizard of Oz, The (1939)",Adventure|Children's|Drama|Musical,M,18,0,46517
1601,1917,5,978577315,Armageddon (1998),Action|Adventure|Sci-Fi|Thriller,M,25,12,83001
1635,2014,3,977113194,Freaky Friday (1977),Children's|Comedy,M,25,0,97212
1667,1917,4,975017785,Armageddon (1998),Action|Adventure|Sci-Fi|Thriller,M,50,16,98516
1701,969,4,983174641,"African Queen, The (1951)",Action|Adventure|Romance|War,F,25,4,97233
1812,2014,5,974845928,Freaky Friday (1977),Children's|Comedy,F,25,12,48103
1941,1917,4,974852898,Armageddon (1998),Action|Adventure|Sci-Fi|Thriller,M,35,17,94550
1969,1028,4,974689812,Mary Poppins (1964),Children's|Comedy|Musical,F,25,3,92116
2016,3858,3,974678679,Cecil B. Demented (2000),Comedy,F,56,2,20783
1680,1191,5,974840462,Madonna: Truth or Dare (1991),Documentary,M,25,20,95380
1744,2245,4,974706929,Working Girl (1988),Comedy|Drama,M,35,12,50325
1958,3534,3,978016384,28 Days (2000),Comedy,F,25,1,17055
2041,491,3,979180653,"Man Without a Face, The (1993)",Drama,F,25,20,24015
2086,3534,3,974654449,28 Days (2000),Comedy,M,35,14,48328
2258,2640,3,980136432,Superman (1978),Action|Adventure|Sci-Fi,F,18,4,10033
1805,3034,4,974838198,Robin Hood (1973),Animation|Children's,M,18,4,22401
2015,3350,1,974851133,"Raisin in the Sun, A (1961)",Drama,M,18,4,01003
2131,2412,2,974645804,Rocky V (1990),Action|Drama,M,25,0,01701
1599,1167,4,974825058,Dear God (1996),Comedy,M,25,0,92646
1757,1029,5,974705531,Dumbo (1941),Animation|Children's|Musical,M,25,4,75206
1819,3702,4,974698505,Mad Max (1979),Action|Sci-Fi,F,35,12,45249
1960,3683,5,975707085,Blood Simple (1984),Drama|Film-Noir,M,45,7,55555
1524,48,4,974750820,Pocahontas (1995),Animation|Children's|Musical|Romance,M,18,4,06459
2020,2803,2,974675696,"Pelican Brief, The (1993)",Thriller,M,25,7,45011
1538,1711,5,974756075,Midnight in the Garden of Good and Evil (1997),Comedy|Crime|Drama|Mystery,M,25,3,22601
1680,5,3,974837992,Father of the Bride Part II (1995),Comedy,M,25,20,95380
1701,1407,1,974708593,Scream (1996),Horror|Thriller,F,25,4,97233
2020,1711,1,974675268,Midnight in the Garden of Good and Evil (1997),Comedy|Crime|Drama|Mystery,M,25,7,45011
2063,2985,3,975744091,Robocop (1987),Action|Crime|Sci-Fi,M,25,4,43138
2098,3249,4,974655412,"Hand That Rocks the Cradle, The (1992)",Thriller,M,35,20,48067
2227,2985,4,974600198,Robocop (1987),Action|Crime|Sci-Fi,M,50,14,60016
1737,3552,4,974706299,Caddyshack (1980),Comedy,M,35,20,46614
1744,2268,5,974704446,"Few Good Men, A (1992)",Crime|Drama,M,35,12,50325
1837,3007,4,974842173,American Movie (1999),Documentary,M,25,2,08817
1921,1357,2,974689766,Shine (1996),Drama|Romance,M,56,12,92780
2014,3007,5,974675334,American Movie (1999),Documentary,M,18,4,53233
1605,2515,2,975385246,Children of the Corn II: The Final Sacrifice (1993),Horror,F,18,0,28270
1837,2105,4,974840994,Tron (1982),Action|Adventure|Fantasy|Sci-Fi,M,25,2,08817
1545,2571,3,974744217,"Matrix, The (1999)",Action|Sci-Fi|Thriller,M,25,20,20009
1632,2950,1,974720040,"Blue Lagoon, The (1980)",Adventure|Drama|Romance,M,25,16,94120
1665,2571,4,974710361,"Matrix, The (1999)",Action|Sci-Fi|Thriller,M,45,17,87505
2012,2571,5,974675952,"Matrix, The (1999)",Action|Sci-Fi|Thriller,M,25,4,49456
2063,3039,3,975743649,Trading Places (1983),Comedy,M,25,4,43138
1587,1541,4,974741179,Addicted to Love (1997),Comedy|Romance,F,25,3,30308
1685,2664,2,974709721,Invasion of the Body Snatchers (1956),Horror|Sci-Fi,M,35,12,95833
1722,2664,5,974704689,Invasion of the Body Snatchers (1956),Horror|Sci-Fi,M,35,0,72058
1757,836,3,974710324,Chain Reaction (1996),Action|Adventure|Thriller,M,25,4,75206
1628,780,2,974719057,Independence Day (ID4) (1996),Action|Sci-Fi|War,M,18,20,90028
1841,2836,2,974746588,Outside Providence (1999),Comedy,M,18,0,95037
1941,2176,4,974851988,Rope (1948),Thriller,M,35,17,94550
2010,780,2,974676332,Independence Day (ID4) (1996),Action|Sci-Fi|War,M,18,4,81520
2014,2836,3,974675158,Outside Providence (1999),Comedy,M,18,4,53233
2039,780,4,974668490,Independence Day (ID4) (1996),Action|Sci-Fi|War,M,50,16,60060
1628,299,3,975162882,Priest (1994),Drama,M,18,20,90028
1760,1569,4,974703664,My Best Friend's Wedding (1997),Comedy|Romance,F,25,3,90016
1825,1186,2,974730917,"Sex, Lies, and Videotape (1989)",Drama,M,25,7,50310
2110,1569,1,974652389,My Best Friend's Wedding (1997),Comedy|Romance,M,50,11,46802
1605,2891,3,1042172584,"Happy, Texas (1999)",Comedy,F,18,0,28270
1622,1222,5,974726227,Full Metal Jacket (1987),Action|Drama|War,M,18,4,53715
1643,1603,5,1011842378,Mimic (1997),Sci-Fi|Thriller,M,45,2,90813
1647,1225,5,974807202,Amadeus (1984),Drama,M,18,18,98118
1658,3181,4,974712218,Titus (1999),Drama,F,35,6,94214
1712,1299,5,980385672,"Killing Fields, The (1984)",Drama|War,M,25,0,73003
2095,2987,3,974654673,Who Framed Roger Rabbit? (1988),Adventure|Animation|Film-Noir,M,56,13,58504
2211,2987,4,974603224,Who Framed Roger Rabbit? (1988),Adventure|Animation|Film-Noir,M,45,6,01950
1675,1375,3,974711091,Star Trek III: The Search for Spock (1984),Action|Adventure|Sci-Fi,F,25,6,97116
1741,1375,5,974707758,Star Trek III: The Search for Spock (1984),Action|Adventure|Sci-Fi,M,35,7,91107
1698,41,4,975875104,Richard III (1995),Drama|War,M,35,2,97214
1753,904,5,974705699,Rear Window (1954),Mystery|Thriller,M,35,6,90803
1647,2365,4,974805835,King Kong vs. Godzilla (Kingukongu tai Gojira) (1962),Action|Sci-Fi,M,18,18,98118
1809,3285,3,974697966,"Beach, The (2000)",Adventure|Drama,F,25,14,12189
2264,484,3,974583193,Lassie (1994),Adventure|Children's,F,45,7,37877
1591,1136,5,974734507,Monty Python and the Holy Grail (1974),Comedy,M,50,7,26501
1623,1253,4,975363951,"Day the Earth Stood Still, The (1951)",Drama|Sci-Fi,M,50,15,07746
2010,15,1,974676900,Cutthroat Island (1995),Action|Adventure|Romance,M,18,4,81520
2058,43,3,974662608,Restoration (1995),Drama,F,56,1,06437
2072,1946,5,974660861,Marty (1955),Drama|Romance,F,50,12,21133
2091,2565,5,974655875,"King and I, The (1956)",Musical,F,35,20,48044
2153,3527,3,974771878,Predator (1987),Action|Sci-Fi|Thriller,M,18,16,97405
2231,2565,5,974603031,"King and I, The (1956)",Musical,M,50,11,85726
1557,1194,5,975339580,Up in Smoke (1978),Comedy,F,18,4,10039
1717,1947,5,997438796,West Side Story (1961),Musical|Romance,F,50,6,30307
1737,1732,2,976060745,"Big Lebowski, The (1998)",Comedy|Crime|Mystery|Thriller,M,35,20,46614
1776,2794,4,974711335,European Vacation (1985),Comedy,M,25,0,45801
1851,849,1,998443274,Escape from L.A. (1996),Action|Adventure|Sci-Fi|Thriller,M,25,19,59602
2038,1732,4,974670548,"Big Lebowski, The (1998)",Comedy|Crime|Mystery|Thriller,F,45,1,33301
2232,2278,5,974597963,Ronin (1998),Action|Crime|Thriller,M,25,14,60061
2232,1732,3,974597684,"Big Lebowski, The (1998)",Comedy|Crime|Mystery|Thriller,M,25,14,60061
2259,2278,3,974591771,Ronin (1998),Action|Crime|Thriller,F,56,16,70503
1601,165,5,978578456,Die Hard: With a Vengeance (1995),Action|Thriller,M,25,12,83001
1647,1240,4,974712514,"Terminator, The (1984)",Action|Sci-Fi|Thriller,M,18,18,98118
1759,1240,5,974703267,"Terminator, The (1984)",Action|Sci-Fi|Thriller,M,25,16,22112
1780,3074,3,974750737,Jeremiah Johnson (1972),Western,M,35,1,22181
1987,1240,4,974685082,"Terminator, The (1984)",Action|Sci-Fi|Thriller,M,25,17,62629
2002,3262,4,974677678,Twin Peaks: Fire Walk with Me (1992),Drama|Mystery,F,56,13,02136-1522
2090,165,4,974764758,Die Hard: With a Vengeance (1995),Action|Thriller,M,35,17,48313
2225,3262,1,979411819,Twin Peaks: Fire Walk with Me (1992),Drama|Mystery,M,25,5,96815
1557,366,4,974821463,Wes Craven's New Nightmare (1994),Horror,F,18,4,10039
1687,366,2,974708514,Wes Craven's New Nightmare (1994),Horror,M,25,3,85013
2047,1831,3,974762694,Lost in Space (1998),Action|Sci-Fi|Thriller,M,1,10,06437
2124,366,3,974645405,Wes Craven's New Nightmare (1994),Horror,M,25,0,12306
2145,1831,3,974628462,Lost in Space (1998),Action|Sci-Fi|Thriller,M,18,10,32750
1586,590,4,974736418,Dances with Wolves (1990),Adventure|Drama|Western,M,45,7,77351
1680,2149,1,974709860,House II: The Second Story (1987),Comedy|Horror,M,25,20,95380
1780,590,3,974750178,Dances with Wolves (1990),Adventure|Drama|Western,M,35,1,22181
1797,1950,4,974700906,In the Heat of the Night (1967),Drama|Mystery,M,35,7,52003
1903,1527,4,974691767,"Fifth Element, The (1997)",Action|Sci-Fi,M,35,0,90401
1579,2336,4,980461070,Elizabeth (1998),Drama,M,25,0,60201
1644,2336,4,974713471,Elizabeth (1998),Drama,M,18,12,90210
1926,2468,1,974695706,Jumpin' Jack Flash (1986),Action|Comedy|Romance|Thriller,F,1,0,95404
1935,3717,3,974869261,Gone in 60 Seconds (2000),Action|Crime,M,1,10,90405
2043,2336,4,974666271,Elizabeth (1998),Drama,M,25,14,37931
2164,1396,3,974617066,Sneakers (1992),Crime|Drama|Sci-Fi,M,35,0,95826
2258,383,2,982479405,Wyatt Earp (1994),Western,F,18,4,10033
1603,3301,4,974731325,"Whole Nine Yards, The (2000)",Comedy|Crime,F,25,0,13326
1793,3471,4,974703567,Close Encounters of the Third Kind (1977),Drama|Sci-Fi,M,25,4,20008
1843,3471,3,974697001,Close Encounters of the Third Kind (1977),Drama|Sci-Fi,M,25,12,10014
1899,3471,4,974694573,Close Encounters of the Third Kind (1977),Drama|Sci-Fi,F,45,6,02135
2018,903,4,974676207,Vertigo (1958),Mystery|Thriller,M,35,16,46214
2092,3199,3,978304724,Pal Joey (1957),Comedy|Musical|Romance,M,56,1,49006
2140,3471,5,974636905,Close Encounters of the Third Kind (1977),Drama|Sci-Fi,M,45,14,46804
1579,2657,3,989257663,"Rocky Horror Picture Show, The (1975)",Comedy|Horror|Musical|Sci-Fi,M,25,0,60201
1671,1696,4,974715055,Bent (1997),Drama|War,M,35,0,98368
1775,3476,4,974706710,Jacob's Ladder (1990),Horror|Mystery|Thriller,M,25,4,70115
1816,1124,5,974697309,On Golden Pond (1981),Drama,F,35,9,56007
1891,318,5,974694923,"Shawshank Redemption, The (1994)",Drama,M,45,1,91335
2116,1271,4,974857063,Fried Green Tomatoes (1991),Drama,M,18,4,49546
2203,3697,5,974603640,Predator 2 (1990),Action|Sci-Fi|Thriller,M,45,12,53718
1635,2826,4,974792116,"13th Warrior, The (1999)",Action|Horror|Thriller,M,25,0,97212
1680,374,1,974838134,Richie Rich (1994),Children's|Comedy,M,25,20,95380
1694,2279,2,974712393,Urban Legend (1998),Horror|Thriller,M,25,12,98116
1721,107,4,974705277,Muppet Treasure Island (1996),Adventure|Children's|Comedy|Musical,M,18,19,70043
1875,3501,2,975767996,Murphy's Romance (1985),Comedy|Romance,M,35,12,94107
2063,2279,3,975361550,Urban Legend (1998),Horror|Thriller,M,25,4,43138
1560,17,3,998154952,Sense and Sensibility (1995),Drama|Romance,F,25,3,85226
1605,552,3,975382241,"Three Musketeers, The (1993)",Action|Adventure|Comedy,F,18,0,28270
1646,3952,5,974712273,"Contender, The (2000)",Drama|Thriller,M,25,20,90046
1941,17,4,975391811,Sense and Sensibility (1995),Drama|Romance,M,35,17,94550
2018,2654,3,974676076,"Wolf Man, The (1941)",Horror,M,35,16,46214
2029,2141,3,974670707,"American Tail, An (1986)",Animation|Children's|Comedy,F,25,12,10011
2041,1597,3,1015352930,Conspiracy Theory (1997),Action|Mystery|Romance|Thriller,F,25,20,24015
2129,3952,3,983416662,"Contender, The (2000)",Drama|Thriller,M,25,5,04103
2175,552,3,974610700,"Three Musketeers, The (1993)",Action|Adventure|Comedy,M,25,4,99217
2202,231,2,974605765,Dumb & Dumber (1994),Comedy,F,1,10,11743
1609,2861,3,974742525,For Love of the Game (1999),Comedy|Drama,F,35,9,06830
1676,1967,5,974795222,Labyrinth (1986),Adventure|Children's|Fantasy,M,18,4,91301
2008,3619,5,974677439,"Hollywood Knights, The (1980)",Comedy,M,25,3,48220
1693,3114,4,974708706,Toy Story 2 (1999),Animation|Children's|Comedy,M,25,12,98684
1850,2087,3,974697509,Peter Pan (1953),Animation|Children's|Fantasy|Musical,M,18,5,12582
1883,2087,4,974877562,Peter Pan (1953),Animation|Children's|Fantasy|Musical,F,50,0,94521
1980,2087,4,999320386,Peter Pan (1953),Animation|Children's|Fantasy|Musical,M,35,7,06460
1983,2078,5,975024037,"Jungle Book, The (1967)",Animation|Children's|Comedy|Musical,M,25,14,92109
2060,2759,4,974681229,Dick (1999),Comedy,M,1,1,48304
2109,3615,4,974668844,Dinosaur (2000),Animation|Children's,M,25,16,13090
2136,2269,3,974644118,Indecent Proposal (1993),Drama,M,35,18,13027
2136,3114,5,974641308,Toy Story 2 (1999),Animation|Children's|Comedy,M,35,18,13027
2236,3114,5,974596133,Toy Story 2 (1999),Animation|Children's|Comedy,M,1,10,96782
2077,1969,2,974658655,"Nightmare on Elm Street Part 2: Freddy's Revenge, A (1985)",Horror,M,18,0,55112
1530,1982,5,974751979,Halloween (1978),Horror,M,25,4,53711
1605,2029,4,1043080587,Billy's Hollywood Screen Kiss (1997),Comedy|Romance,F,18,0,28270
1987,3408,5,974683624,Erin Brockovich (2000),Drama,M,25,17,62629
1699,3897,4,974707414,Almost Famous (2000),Comedy|Drama,F,25,19,98102
1889,381,3,976400023,When a Man Loves a Woman (1994),Drama,M,18,14,80023
2077,381,3,979976832,When a Man Loves a Woman (1994),Drama,M,18,0,55112
1749,1589,2,974841179,Cop Land (1997),Crime|Drama|Mystery,M,25,2,10040
1775,3468,5,974703407,"Hustler, The (1961)",Drama,M,25,4,70115
1837,2324,5,974838312,Life Is Beautiful (La Vita è bella) (1997),Comedy|Drama,M,25,2,08817
1841,3316,3,974698444,Reindeer Games (2000),Action|Thriller,M,18,0,95037
1865,3571,3,1014262224,Time Code (2000),Drama,F,18,1,94606
1943,2080,5,993858772,Lady and the Tramp (1955),Animation|Children's|Comedy|Musical|Romance,M,18,4,91501
2015,594,3,974757770,Snow White and the Seven Dwarfs (1937),Animation|Children's|Musical,M,18,4,01003
2015,761,4,974758232,"Phantom, The (1996)",Adventure,M,18,4,01003
2125,1881,4,977029197,Quest for Camelot (1998),Adventure|Animation|Children's|Fantasy,M,35,3,46033
2148,3316,2,974622494,Reindeer Games (2000),Action|Thriller,F,18,0,81301
2172,594,3,1014438074,Snow White and the Seven Dwarfs (1937),Animation|Children's|Musical,M,18,20,60641
1516,3511,3,976294563,Ready to Rumble (2000),Comedy,F,25,12,53154
1835,1379,4,974879155,Young Guns II (1990),Action|Comedy|Western,M,25,19,11501
1835,1059,4,974880281,William Shakespeare's Romeo and Juliet (1996),Drama|Romance,M,25,19,11501
1901,3201,4,974698521,Five Easy Pieces (1970),Drama,M,50,7,94024
1980,2716,3,974772685,Ghostbusters (1984),Comedy|Horror,M,35,7,06460
2015,2716,4,974676014,Ghostbusters (1984),Comedy|Horror,M,18,4,01003
2016,1059,4,974676671,William Shakespeare's Romeo and Juliet (1996),Drama|Romance,F,56,2,20783
2018,3201,5,974674271,Five Easy Pieces (1970),Drama,M,35,16,46214
2211,3099,4,974602572,Shampoo (1975),Comedy|Romance,M,45,6,01950
1591,3102,5,974814072,Jagged Edge (1985),Thriller,M,50,7,26501
1640,2906,2,974716908,Random Hearts (1999),Drama|Romance,M,35,17,95610
1676,2273,4,974797553,Rush Hour (1998),Action|Thriller,M,18,4,91301
1701,838,3,983174823,Emma (1996),Comedy|Drama|Romance,F,25,4,97233
1726,2273,1,974710921,Rush Hour (1998),Action|Thriller,M,25,2,60160
1753,485,3,974703177,Last Action Hero (1993),Action|Comedy,M,35,6,90803
1883,2906,1,974877187,Random Hearts (1999),Drama|Romance,F,50,0,94521
2124,1377,1,974653296,Batman Returns (1992),Action|Adventure|Comedy|Crime,M,25,0,12306
1637,196,4,974715663,Species (1995),Horror|Sci-Fi,M,56,0,90049
2264,1957,4,974584126,Chariots of Fire (1981),Drama,F,45,7,37877
1542,733,5,974744996,"Rock, The (1996)",Action|Adventure|Thriller,M,18,17,12054
1570,800,5,974737974,Lone Star (1996),Drama|Mystery,M,18,17,75093
1758,441,5,974784998,Dazed and Confused (1993),Comedy,F,25,0,33067-1400
1819,2174,2,974698977,Beetlejuice (1988),Comedy|Fantasy,F,35,12,45249
1853,441,3,975019188,Dazed and Confused (1993),Comedy,M,50,0,90803
1889,733,4,976400344,"Rock, The (1996)",Action|Adventure|Thriller,M,18,14,80023
2012,733,2,974676248,"Rock, The (1996)",Action|Adventure|Thriller,M,25,4,49456
2139,2174,5,974638383,Beetlejuice (1988),Comedy|Fantasy,F,50,3,33615
2247,800,4,975194495,Lone Star (1996),Drama|Mystery,M,45,2,60613
1601,1037,3,978578840,"Lawnmower Man, The (1992)",Action|Sci-Fi|Thriller,M,25,12,83001
1845,307,5,974709744,Three Colors: Blue (1993),Drama,M,25,2,10002
1900,1727,3,974691205,"Horse Whisperer, The (1998)",Drama,M,56,12,94109
1996,3513,5,974680576,Rules of Engagement (2000),Drama|Thriller,M,35,0,85621
2030,307,4,974733863,Three Colors: Blue (1993),Drama,M,25,4,77345
2041,307,4,988926311,Three Colors: Blue (1993),Drama,F,25,20,24015
2063,537,2,975362173,Sirens (1994),Comedy|Drama,M,25,4,43138
2092,2081,3,974769867,"Little Mermaid, The (1989)",Animation|Children's|Comedy|Musical|Romance,M,56,1,49006
1607,2929,4,974734195,Reds (1981),Drama,M,45,1,02135
1617,1205,3,974732120,"Transformers: The Movie, The (1986)",Action|Animation|Children's|Sci-Fi|Thriller|War,M,25,12,44060
1819,1036,5,974698141,Die Hard (1988),Action|Thriller,F,35,12,45249
2127,1036,3,982118810,Die Hard (1988),Action|Thriller,M,18,4,12309
2205,301,3,974603427,Picture Bride (1995),Drama|Romance,F,25,7,10016
2227,1036,5,974600526,Die Hard (1988),Action|Thriller,M,50,14,60016
1716,2581,3,976686645,Never Been Kissed (1999),Comedy|Romance,M,25,0,43229
1880,3926,2,974694243,Voyage to the Bottom of the Sea (1961),Adventure|Sci-Fi,M,35,0,91006
2056,2046,2,974816541,Flight of the Navigator (1986),Adventure|Children's|Sci-Fi,M,25,4,56301
2232,1779,4,974597104,Sphere (1998),Adventure|Sci-Fi|Thriller,M,25,14,60061
1875,1066,4,975769593,Shall We Dance? (1937),Comedy|Musical|Romance,M,35,12,94107
1969,3479,4,974688002,Ladyhawke (1985),Adventure|Fantasy|Romance,F,25,3,92116
1977,1256,4,974688434,Duck Soup (1933),Comedy|War,M,56,6,02726
2020,161,4,974675480,Crimson Tide (1995),Drama|Thriller|War,M,25,7,45011
1683,3465,3,974711425,That's Life! (1986),Drama,F,25,7,98109
1755,1022,4,974702413,Cinderella (1950),Animation|Children's|Musical,F,18,4,77005
1841,2959,5,974697452,Fight Club (1999),Drama,M,18,0,95037
1911,922,4,974835997,Sunset Blvd. (a.k.a. Sunset Boulevard) (1950),Film-Noir,F,18,4,92805
2010,2959,5,974685016,Fight Club (1999),Drama,M,18,4,81520
2063,3157,3,979409047,Stuart Little (1999),Children's|Comedy,M,25,4,43138
2098,23,1,974655715,Assassins (1995),Thriller,M,35,20,48067
2222,39,2,974599161,Clueless (1995),Comedy|Romance,F,45,1,13088
1543,380,5,974742930,True Lies (1994),Action|Adventure|Comedy|Romance,M,25,11,10549
1568,1041,3,974738314,Secrets & Lies (1996),Drama,F,1,10,94086
1605,1041,4,974926762,Secrets & Lies (1996),Drama,F,18,0,28270
1609,3263,3,974742402,White Men Can't Jump (1992),Comedy,F,35,9,06830
2054,520,3,974664701,Robin Hood: Men in Tights (1993),Comedy,M,25,12,03110
2142,736,3,974633859,Twister (1996),Action|Adventure|Romance|Thriller,F,45,14,46804
2204,3002,4,974603446,My Best Fiend (Mein liebster Feind) (1999),Documentary,M,56,3,94941
2264,520,4,974582572,Robin Hood: Men in Tights (1993),Comedy,F,45,7,37877
1647,514,4,1024132177,"Ref, The (1994)",Comedy,M,18,18,98118
1746,2034,5,974703874,"Black Hole, The (1979)",Sci-Fi,M,25,4,33157
1758,162,4,974784693,Crumb (1994),Documentary,F,25,0,33067-1400
1957,162,1,974688110,Crumb (1994),Documentary,F,18,4,23185
2163,514,5,974615845,"Ref, The (1994)",Comedy,M,18,0,87122
2186,1431,3,974608430,Beverly Hills Ninja (1997),Action|Comedy,M,18,5,41018
1689,648,4,974709348,Mission: Impossible (1996),Action|Adventure|Mystery,M,35,5,98465
1699,2912,5,984957771,"Limey, The (1999)",Action|Crime|Drama,F,25,19,98102
1805,2717,3,974698540,Ghostbusters II (1989),Comedy|Horror,M,18,4,22401
1806,648,5,977294326,Mission: Impossible (1996),Action|Adventure|Mystery,M,18,4,22032
1853,2918,5,975018883,Ferris Bueller's Day Off (1986),Comedy,M,50,0,90803
2017,648,5,974674337,Mission: Impossible (1996),Action|Adventure|Mystery,M,25,17,35808
2027,2918,4,974673876,Ferris Bueller's Day Off (1986),Comedy,F,25,9,48021
2041,2357,4,979180278,Central Station (Central do Brasil) (1998),Drama,F,25,20,24015
2153,648,3,974668892,Mission: Impossible (1996),Action|Adventure|Mystery,M,18,16,97405
2173,2070,4,974611297,Tender Mercies (1983),Drama,M,50,13,87502
2063,453,3,974662668,For Love or Money (1993),Comedy,M,25,4,43138
2236,720,4,974596653,Wallace & Gromit: The Best of Aardman Animation (1996),Animation,M,1,10,96782
2242,1358,5,974600376,Sling Blade (1996),Drama|Thriller,M,18,4,60115
2251,3169,3,974598683,"Falcon and the Snowman, The (1984)",Drama,M,35,14,60626
1605,1914,4,975381041,Smoke Signals (1998),Comedy|Drama,F,18,0,28270
1851,691,2,1020105232,Mrs. Winterbourne (1996),Comedy|Romance,M,25,19,59602
1969,2053,2,974690230,"Honey, I Blew Up the Kid (1992)",Children's|Comedy|Sci-Fi,F,25,3,92116
2185,1914,4,975363578,Smoke Signals (1998),Comedy|Drama,M,45,17,27502
2190,1914,4,1033341339,Smoke Signals (1998),Comedy|Drama,F,25,15,27603
1694,1233,5,974716599,"Boat, The (Das Boot) (1981)",Action|Drama|War,M,25,12,98116
2091,1374,5,974655272,Star Trek: The Wrath of Khan (1982),Action|Adventure|Sci-Fi,F,35,20,48044
1548,2188,3,974742075,54 (1998),Drama,M,35,1,53703
1584,434,4,975387834,Cliffhanger (1993),Action|Adventure|Crime,M,25,19,45701
1746,3516,4,974854263,"Bell, Book and Candle (1958)",Comedy|Romance,M,25,4,33157
2020,585,2,974679829,"Brady Bunch Movie, The (1995)",Comedy,M,25,7,45011
2114,1673,4,974649400,Boogie Nights (1997),Drama,M,18,18,21740
2125,1673,3,974645998,Boogie Nights (1997),Drama,M,35,3,46033
1587,1381,4,974736481,Grease 2 (1982),Comedy|Musical|Romance,F,25,3,30308
1680,2119,4,974710177,Maximum Overdrive (1986),Horror,M,25,20,95380
1819,2119,1,974697291,Maximum Overdrive (1986),Horror,F,35,12,45249
1998,3090,4,976022437,Matewan (1987),Drama,F,50,9,24018
2259,2333,5,974587923,Gods and Monsters (1998),Drama,F,56,16,70503
1511,2863,4,974841476,"Hard Day's Night, A (1964)",Comedy|Musical,M,35,12,08902
1579,3052,2,985110470,Dogma (1999),Comedy,M,25,0,60201
1676,438,3,974800379,"Cowboy Way, The (1994)",Action|Comedy,M,18,4,91301
1752,3608,4,975728684,Pee-wee's Big Adventure (1985),Comedy,M,25,3,96813
1759,1887,3,974788325,Almost Heroes (1998),Adventure|Comedy,M,25,16,22112
1778,1840,4,975576390,He Got Game (1998),Drama,M,18,4,94704
1812,1297,5,974702868,Real Genius (1985),Comedy,F,25,12,48103
1880,3052,4,974698961,Dogma (1999),Comedy,M,35,0,91006
1941,3608,1,974949969,Pee-wee's Big Adventure (1985),Comedy,M,35,17,94550
1982,3052,4,1022308840,Dogma (1999),Comedy,M,1,10,80540
2091,3763,4,974655314,F/X (1986),Action|Crime|Thriller,F,35,20,48044
2263,3763,3,974581652,F/X (1986),Action|Crime|Thriller,M,25,6,70508
1612,2951,4,974729947,"Fistful of Dollars, A (1964)",Action|Western,M,25,17,11354
1628,1234,5,978781398,"Sting, The (1973)",Comedy|Crime,M,18,20,90028
1636,2881,1,974960498,Double Jeopardy (1999),Action|Thriller,F,25,19,60612
2026,1200,4,974673584,Aliens (1986),Action|Sci-Fi|Thriller|War,M,50,16,49277
1634,1876,4,974716682,Deep Impact (1998),Action|Drama|Sci-Fi|Thriller,F,56,0,38340
1718,1261,5,974705151,Evil Dead II (Dead By Dawn) (1987),Action|Adventure|Comedy|Horror,M,18,4,43235
1803,1876,3,974704983,Deep Impact (1998),Action|Drama|Sci-Fi|Thriller,M,25,2,50021
1912,1876,1,1021363651,Deep Impact (1998),Action|Drama|Sci-Fi|Thriller,M,25,4,91325
1962,1020,2,975363130,Cool Runnings (1993),Comedy,F,18,1,60914
2042,2143,2,974669433,Legend (1985),Adventure|Fantasy|Romance,M,1,10,79358
2088,1876,5,974655865,Deep Impact (1998),Action|Drama|Sci-Fi|Thriller,M,50,7,60618
1579,1690,2,974737964,Alien: Resurrection (1997),Action|Horror|Sci-Fi,M,25,0,60201
1675,2851,3,974711924,Saturn 3 (1979),Adventure|Sci-Fi|Thriller,F,25,6,97116
1747,1690,3,974703377,Alien: Resurrection (1997),Action|Horror|Sci-Fi,M,25,0,90638
1921,2851,3,974693434,Saturn 3 (1979),Adventure|Sci-Fi|Thriller,M,56,12,92780
1941,3840,1,974851239,Pumpkinhead (1988),Horror,M,35,17,94550
2050,2966,5,975523610,"Straight Story, The (1999)",Drama,F,35,3,99504
1544,1356,5,974743000,Star Trek: First Contact (1996),Action|Adventure|Sci-Fi,M,25,12,63146
1605,1347,4,975384989,"Nightmare on Elm Street, A (1984)",Horror,F,18,0,28270
1741,1356,5,974707563,Star Trek: First Contact (1996),Action|Adventure|Sci-Fi,M,35,7,91107
1884,1356,4,974693627,Star Trek: First Contact (1996),Action|Adventure|Sci-Fi,M,45,20,93108
1974,3361,3,974688474,Bull Durham (1988),Comedy,M,35,17,12159
1988,1081,3,974684189,Victor/Victoria (1982),Comedy|Musical,F,25,1,85224
2006,1081,4,974677225,Victor/Victoria (1982),Comedy|Musical,M,35,0,66048
2015,3361,2,1035826873,Bull Durham (1988),Comedy,M,18,4,01003
2088,1356,4,974655358,Star Trek: First Contact (1996),Action|Adventure|Sci-Fi,M,50,7,60618
2098,2919,2,974653706,Year of Living Dangerously (1982),Drama|Romance,M,35,20,48067
1920,3526,3,974728487,Parenthood (1989),Comedy|Drama,F,35,7,80122
1941,1094,4,974953815,"Crying Game, The (1992)",Drama|Romance|War,M,35,17,94550
1943,3526,4,974768542,Parenthood (1989),Comedy|Drama,M,18,4,91501
2238,509,3,974596697,"Piano, The (1993)",Drama|Romance,F,25,4,32607
2251,1094,4,974597680,"Crying Game, The (1992)",Drama|Romance|War,M,35,14,60626
1546,589,4,975509757,Terminator 2: Judgment Day (1991),Action|Sci-Fi|Thriller,M,25,4,22903
1639,1459,4,975142355,Absolute Power (1997),Mystery|Thriller,M,25,17,95405
1753,2769,4,974701886,"Yards, The (1999)",Crime|Mystery,M,35,6,90803
1767,589,3,974703806,Terminator 2: Judgment Day (1991),Action|Sci-Fi|Thriller,M,25,20,75205
1778,589,5,974706532,Terminator 2: Judgment Day (1991),Action|Sci-Fi|Thriller,M,18,4,94704
1915,589,4,974691961,Terminator 2: Judgment Day (1991),Action|Sci-Fi|Thriller,M,50,13,01938
1959,589,5,974687211,Terminator 2: Judgment Day (1991),Action|Sci-Fi|Thriller,F,50,13,53092
2181,1459,2,974612465,Absolute Power (1997),Mystery|Thriller,M,25,0,45245
2208,2769,4,974606596,"Yards, The (1999)",Crime|Mystery,M,25,0,10006
1988,2641,4,976484497,Superman II (1980),Action|Adventure|Sci-Fi,F,25,1,85224
2068,2641,3,974661330,Superman II (1980),Action|Adventure|Sci-Fi,F,35,12,43528
1527,50,5,975372117,"Usual Suspects, The (1995)",Crime|Thriller,M,18,10,78230
1530,750,5,974744622,Dr. Strangelove or: How I Learned to Stop Worrying and Love the Bomb (1963),Sci-Fi|War,M,25,4,53711
1552,50,5,974743380,"Usual Suspects, The (1995)",Crime|Thriller,M,45,20,10021
1594,2395,5,975212451,Rushmore (1998),Comedy,F,35,20,10013
1599,2431,3,974824250,Patch Adams (1998),Comedy|Drama,M,25,0,92646
1682,750,5,974709128,Dr. Strangelove or: How I Learned to Stop Worrying and Love the Bomb (1963),Sci-Fi|War,M,25,2,98102
1859,1214,4,974696202,Alien (1979),Action|Horror|Sci-Fi|Thriller,F,25,4,66049
1861,50,4,974700466,"Usual Suspects, The (1995)",Crime|Thriller,M,50,16,92129
1880,1214,4,975381442,Alien (1979),Action|Horror|Sci-Fi|Thriller,M,35,0,91006
1891,3168,4,974693982,Easy Rider (1969),Adventure|Drama,M,45,1,91335
1941,951,3,974949705,His Girl Friday (1940),Comedy,M,35,17,94550
1976,1660,3,974688558,Eve's Bayou (1997),Drama,M,35,5,58703
2000,2395,4,986263845,Rushmore (1998),Comedy,M,18,4,44685
2077,750,4,979970655,Dr. Strangelove or: How I Learned to Stop Worrying and Love the Bomb (1963),Sci-Fi|War,M,18,0,55112
2251,2395,4,974598808,Rushmore (1998),Comedy,M,35,14,60626
1542,527,5,974742856,Schindler's List (1993),Drama|War,M,18,17,12054
1733,1343,4,1032631882,Cape Fear (1991),Thriller,M,18,14,43725
1748,2671,4,1021190102,Notting Hill (1999),Comedy|Romance,M,50,1,04240
1755,527,5,1030043804,Schindler's List (1993),Drama|War,F,18,4,77005
1922,2012,2,974694867,Back to the Future Part III (1990),Comedy|Sci-Fi|Western,F,25,7,94303
2238,527,3,974596219,Schindler's List (1993),Drama|War,F,25,4,32607
1658,1704,2,974712988,Good Will Hunting (1997),Drama,F,35,6,94214
1836,1704,4,974825445,Good Will Hunting (1997),Drama,M,25,0,10016
1941,2091,3,974854882,Return from Witch Mountain (1978),Children's|Sci-Fi,M,35,17,94550
2056,2788,4,974660802,And Now for Something Completely Different (1971),Comedy,M,25,4,56301
2082,1704,5,974655506,Good Will Hunting (1997),Drama,M,1,19,48323
2092,3724,3,974655051,Coming Home (1978),Drama|War,M,56,1,49006
2173,3724,3,974610911,Coming Home (1978),Drama|War,M,50,13,87502
2185,45,4,974607674,To Die For (1995),Comedy|Drama,M,45,17,27502
2219,1611,3,974603123,My Own Private Idaho (1991),Drama,M,25,6,60060
1837,2952,2,976025915,"Hard 8 (a.k.a. Sydney, a.k.a. Hard Eight) (1996)",Crime|Thriller,M,25,2,08817
1955,2719,1,974688351,"Haunting, The (1999)",Horror|Thriller,M,1,19,03109
2085,1864,4,974656346,Sour Grapes (1998),Comedy,M,18,0,06360
2242,2719,3,990506825,"Haunting, The (1999)",Horror|Thriller,M,18,4,60115
1613,364,5,974732281,"Lion King, The (1994)",Animation|Children's|Musical,M,18,20,61801
1643,2901,4,1011843484,Phantasm (1979),Horror|Sci-Fi,M,45,2,90813
1764,364,5,974706047,"Lion King, The (1994)",Animation|Children's|Musical,M,18,0,75149
1803,181,2,974706071,Mighty Morphin Power Rangers: The Movie (1995),Action|Children's,M,25,2,50021
2010,2311,3,974677459,2010 (1984),Mystery|Sci-Fi,M,18,4,81520
2167,3070,1,974612386,"Adventures of Buckaroo Bonzai Across the 8th Dimension, The (1984)",Adventure|Comedy|Sci-Fi,F,25,6,95833
2077,3317,5,994622521,Wonder Boys (2000),Comedy|Drama,M,18,0,55112
1752,356,5,995698907,Forrest Gump (1994),Comedy|Romance|War,M,25,3,96813
1828,356,3,974696863,Forrest Gump (1994),Comedy|Romance|War,M,18,4,07030
1684,1923,4,974708918,There's Something About Mary (1998),Comedy,M,18,3,85226
1984,25,4,974684001,Leaving Las Vegas (1995),Drama|Romance,M,18,10,92130
2008,25,5,977542912,Leaving Las Vegas (1995),Drama|Romance,M,25,3,48220
2010,2316,1,974688337,Practical Magic (1998),Drama|Romance,M,18,4,81520
2100,1923,5,974672223,There's Something About Mary (1998),Comedy,F,25,0,24017
2106,1484,3,976033133,"Daytrippers, The (1996)",Mystery,F,18,20,495321
2136,2112,5,974642197,Grand Canyon (1991),Crime|Drama,M,35,18,13027
2147,1147,4,974622931,When We Were Kings (1996),Documentary,F,18,0,60641
1530,2858,4,974744437,American Beauty (1999),Comedy|Drama,M,25,4,53711
1548,3510,3,974742747,Frequency (2000),Drama|Thriller,M,35,1,53703
1639,2321,4,975141532,Pleasantville (1998),Comedy,M,25,17,95405
1641,2858,4,974714755,American Beauty (1999),Comedy|Drama,M,25,0,95819
1674,2858,5,974709494,American Beauty (1999),Comedy|Drama,M,35,2,95816
1685,3508,2,974717376,"Outlaw Josey Wales, The (1976)",Western,M,35,12,95833
1925,2858,2,994537473,American Beauty (1999),Comedy|Drama,M,50,7,92886
2015,2539,4,982625860,Analyze This (1999),Comedy,M,18,4,01003
2050,3510,5,975522792,Frequency (2000),Drama|Thriller,F,35,3,99504
2054,2858,4,974663419,American Beauty (1999),Comedy|Drama,M,25,12,03110
2120,2321,2,975035960,Pleasantville (1998),Comedy,M,1,0,02780
2248,2858,1,974596608,American Beauty (1999),Comedy|Drama,F,35,12,46755
1607,1213,5,974733054,GoodFellas (1990),Crime|Drama,M,45,1,02135
1891,1213,5,974694953,GoodFellas (1990),Crime|Drama,M,45,1,91335
1904,1213,4,974759671,GoodFellas (1990),Crime|Drama,M,18,1,30115
2092,1213,5,974672016,GoodFellas (1990),Crime|Drama,M,56,1,49006
2168,1419,2,1021752766,Walkabout (1971),Drama,M,1,10,60202
1573,3882,4,974737545,Bring It On (2000),Comedy,M,1,0,77479
1884,1103,5,983834644,Rebel Without a Cause (1955),Drama,M,45,20,93108
2041,1103,4,1002928717,Rebel Without a Cause (1955),Drama,F,25,20,24015
2263,3219,4,974582060,Pacific Heights (1990),Thriller,M,25,6,70508
1571,1912,4,974740133,Out of Sight (1998),Action|Crime|Romance,M,25,20,98033
1618,3751,4,974728378,Chicken Run (2000),Animation|Children's|Comedy,M,50,0,44139
1980,3267,4,974769394,"Mariachi, El (1992)",Action|Thriller,M,35,7,06460
1983,1453,2,976900053,"Beautician and the Beast, The (1997)",Comedy|Romance,M,25,14,92109
2098,1912,4,974653457,Out of Sight (1998),Action|Crime|Romance,M,35,20,48067
2188,3267,4,974660718,"Mariachi, El (1992)",Action|Thriller,F,18,19,60641
1628,480,5,974718759,Jurassic Park (1993),Action|Adventure|Sci-Fi,M,18,20,90028
1635,3591,3,974773728,Mr. Mom (1983),Comedy|Drama,M,25,0,97212
1724,480,3,975915068,Jurassic Park (1993),Action|Adventure|Sci-Fi,M,18,4,00961
1736,3391,1,974706047,Who's That Girl? (1987),Comedy,M,56,8,00606
1860,480,5,974695205,Jurassic Park (1993),Action|Adventure|Sci-Fi,M,56,16,94591
2122,480,2,978049891,Jurassic Park (1993),Action|Adventure|Sci-Fi,M,35,12,61614
2125,480,5,974943627,Jurassic Park (1993),Action|Adventure|Sci-Fi,M,35,3,46033
2256,480,5,974591064,Jurassic Park (1993),Action|Adventure|Sci-Fi,F,45,15,59840
1552,1610,4,974781127,"Hunt for Red October, The (1990)",Action|Thriller,M,45,20,10021
1586,1610,5,974737583,"Hunt for Red October, The (1990)",Action|Thriller,M,45,7,77351
2124,1610,4,974649207,"Hunt for Red October, The (1990)",Action|Thriller,M,25,0,12306
1591,2145,3,974745860,Pretty in Pink (1986),Comedy|Drama|Romance,M,50,7,26501
1747,2123,1,974703377,All Dogs Go to Heaven (1989),Animation|Children's,M,25,0,90638
1767,482,3,974702726,Killing Zoe (1994),Thriller,M,25,20,75205
1773,1784,5,974702225,As Good As It Gets (1997),Comedy|Drama,M,18,4,07030
1912,968,4,1014974077,Night of the Living Dead (1968),Horror|Sci-Fi,M,25,4,91325
2001,968,4,974685709,Night of the Living Dead (1968),Horror|Sci-Fi,M,50,1,48197
2029,2123,1,974670835,All Dogs Go to Heaven (1989),Animation|Children's,F,25,12,10011
2063,2133,3,975743287,Adventures in Babysitting (1987),Adventure|Comedy,M,25,4,43138
1865,2541,4,976584302,Cruel Intentions (1999),Drama,F,18,1,94606
2030,1221,5,974733689,"Godfather: Part II, The (1974)",Action|Crime|Drama,M,25,4,77345
2063,1221,3,975797316,"Godfather: Part II, The (1974)",Action|Crime|Drama,M,25,4,43138
1587,1409,3,974741207,Michael (1996),Comedy|Romance,F,25,3,30308
1744,3253,4,974706542,Wayne's World (1992),Comedy,M,35,12,50325
1780,1409,3,974699866,Michael (1996),Comedy|Romance,M,35,1,22181
1952,3253,4,976646786,Wayne's World (1992),Comedy,M,35,1,91030
1980,3253,4,999402787,Wayne's World (1992),Comedy,M,35,7,06460
1980,3713,4,999029017,"Long Walk Home, The (1990)",Drama,M,35,7,06460
1706,1153,3,974707729,Raw Deal (1948),Film-Noir,M,25,20,19134
1824,1552,2,974696884,Con Air (1997),Action|Adventure|Thriller,F,18,4,43560
2063,1327,3,975745677,"Amityville Horror, The (1979)",Horror,M,25,4,43138
2092,1079,3,974769071,"Fish Called Wanda, A (1988)",Comedy,M,56,1,49006
2099,1345,3,974652705,Carrie (1976),Horror,F,18,0,48823
1584,2300,3,974764375,"Producers, The (1968)",Comedy|Musical,M,25,19,45701
1607,2300,4,974734357,"Producers, The (1968)",Comedy|Musical,M,45,1,02135
1632,2300,3,974717697,"Producers, The (1968)",Comedy|Musical,M,25,16,94120
1681,2178,4,974710767,Frenzy (1972),Thriller,M,18,4,78705
1943,798,2,974765912,Daylight (1996),Action|Adventure|Thriller,M,18,4,91501
1962,3063,4,974759946,Poison Ivy (1992),Thriller,F,18,1,60914
2203,3869,3,974609469,"Naked Gun 2 1/2: The Smell of Fear, The (1991)",Comedy,M,45,12,53718
2232,338,3,974597079,Virtuosity (1995),Sci-Fi|Thriller,M,25,14,60061
1693,1185,4,974709858,My Left Foot (1989),Drama,M,25,12,98684
1697,1257,4,974710344,Better Off Dead... (1985),Comedy,F,18,4,98052
1851,3275,3,1011993388,"Boondock Saints, The (1999)",Action|Comedy,M,25,19,59602
1875,3507,4,975767869,"Odd Couple, The (1968)",Comedy,M,35,12,94107
1896,1185,4,974692468,My Left Foot (1989),Drama,M,56,13,92115
2011,1042,2,974676939,That Thing You Do! (1996),Comedy,F,35,3,01545
2050,1042,3,996942610,That Thing You Do! (1996),Comedy,F,35,3,99504
2054,1042,4,974668132,That Thing You Do! (1996),Comedy,M,25,12,03110
2096,3507,5,974652893,"Odd Couple, The (1968)",Comedy,F,25,17,33990
2102,1042,3,974654086,That Thing You Do! (1996),Comedy,M,25,11,48825
2110,1602,1,974652345,Leave It to Beaver (1997),Comedy,M,50,11,46802
2166,1602,2,974614328,Leave It to Beaver (1997),Comedy,M,1,10,99203
1726,1792,1,974711138,U.S. Marshalls (1998),Action|Thriller,M,25,2,60160
1943,1188,4,974691563,Strictly Ballroom (1992),Comedy|Romance,M,18,4,91501
1988,345,3,974683387,"Adventures of Priscilla, Queen of the Desert, The (1994)",Comedy|Drama,F,25,1,85224
2002,2130,4,974677761,Atlantic City (1980),Crime|Drama|Romance,F,56,13,02136-1522
2157,595,5,974621811,Beauty and the Beast (1991),Animation|Children's|Musical,F,18,3,45244
1605,767,4,974930172,"Grass Harp, The (1995)",Drama,F,18,0,28270
1636,3004,1,974959912,"Bachelor, The (1999)",Comedy|Romance,F,25,19,60612
2145,2327,4,974628724,Tales from the Darkside: The Movie (1990),Horror,M,18,10,32750
2180,2533,1,974608538,Escape from the Planet of the Apes (1971),Action|Sci-Fi,M,25,12,27713-9225
2073,3079,5,974756324,Mansfield Park (1999),Drama,F,18,4,13148
2096,2352,3,974654033,"Big Chill, The (1983)",Comedy|Drama,F,25,17,33990
1722,32,5,974707675,Twelve Monkeys (1995),Drama|Sci-Fi,M,35,0,72058
1806,32,4,974738108,Twelve Monkeys (1995),Drama|Sci-Fi,M,18,4,22032
1941,1937,4,974950897,Going My Way (1944),Comedy,M,35,17,94550
1680,469,3,974842605,"House of the Spirits, The (1993)",Drama|Romance,M,25,20,95380
1680,382,2,974842838,Wolf (1994),Drama|Horror,M,25,20,95380
1820,382,4,974702127,Wolf (1994),Drama|Horror,M,25,20,50265
1941,2491,4,975392413,Simply Irresistible (1999),Comedy|Romance,M,35,17,94550
2088,2088,3,974658351,Popeye (1980),Adventure|Comedy|Musical,M,50,7,60618
1530,3396,4,985055947,"Muppet Movie, The (1979)",Children's|Comedy,M,25,4,53711
1776,2460,3,985103883,"Texas Chainsaw Massacre 2, The (1986)",Horror,M,25,0,45801
1791,2530,1,974700317,Beneath the Planet of the Apes (1970),Action|Sci-Fi,M,18,4,19146
1899,3396,4,975035199,"Muppet Movie, The (1979)",Children's|Comedy,F,45,6,02135
2073,265,5,974662698,Like Water for Chocolate (Como agua para chocolate) (1992),Drama|Romance,F,18,4,13148
2122,457,4,974645743,"Fugitive, The (1993)",Action|Thriller,M,35,12,61614
2171,265,3,974612071,Like Water for Chocolate (Como agua para chocolate) (1992),Drama|Romance,M,35,0,48103
2239,457,5,975814145,"Fugitive, The (1993)",Action|Thriller,M,18,10,60148
1982,608,4,985580009,Fargo (1996),Crime|Drama|Thriller,M,1,10,80540
1988,899,4,974683971,Singin' in the Rain (1952),Musical|Romance,F,25,1,85224
2091,899,5,974655681,Singin' in the Rain (1952),Musical|Romance,F,35,20,48044
1671,592,3,974713623,Batman (1989),Action|Adventure|Crime|Drama,M,35,0,98368
1685,953,5,974709033,It's a Wonderful Life (1946),Drama,M,35,12,95833
1916,978,5,974692986,"Blue Angel, The (Blaue Engel, Der) (1930)",Drama,M,45,7,90405
1759,2978,4,974789386,Three to Tango (1999),Comedy|Romance,M,25,16,22112
2005,2710,5,974676843,"Blair Witch Project, The (1999)",Horror,M,18,4,58601
2064,2660,4,974667506,"Thing From Another World, The (1951)",Sci-Fi,M,35,1,01020
2168,145,4,1014535068,Bad Boys (1995),Action,M,1,10,60202
1647,2093,3,974712860,Return to Oz (1985),Adventure|Children's|Fantasy|Sci-Fi,M,18,18,98118
1701,487,2,983174523,Lightning Jack (1994),Comedy|Western,F,25,4,97233
1748,1617,4,974708607,L.A. Confidential (1997),Crime|Film-Noir|Mystery|Thriller,M,50,1,04240
1820,1883,1,974700605,Bulworth (1998),Comedy,M,25,20,50265
1884,3247,3,975736591,Sister Act (1992),Comedy|Crime,M,45,20,93108
1903,1617,4,974694987,L.A. Confidential (1997),Crime|Film-Noir|Mystery|Thriller,M,35,0,90401
1910,2795,4,974694571,Vacation (1983),Comedy,M,1,10,94707
1920,3247,3,974778193,Sister Act (1992),Comedy|Crime,F,35,7,80122
2023,1617,3,1015127722,L.A. Confidential (1997),Crime|Film-Noir|Mystery|Thriller,M,18,4,56001
2024,1883,3,974672505,Bulworth (1998),Comedy,M,1,19,06614
2116,1883,4,983027585,Bulworth (1998),Comedy,M,18,4,49546
2231,1617,3,974597340,L.A. Confidential (1997),Crime|Film-Noir|Mystery|Thriller,M,50,11,85726
1617,1408,2,975339988,"Last of the Mohicans, The (1992)",Action|Romance|War,M,25,12,44060
1660,2390,3,977486739,Little Voice (1998),Comedy,F,25,2,94577
1676,426,2,974709865,Body Snatchers (1993),Horror|Sci-Fi|Thriller,M,18,4,91301
1758,574,5,974787999,Spanking the Monkey (1994),Comedy|Drama,F,25,0,33067-1400
1796,2390,3,974700222,Little Voice (1998),Comedy,M,50,11,20852
1842,1120,5,993445845,"People vs. Larry Flynt, The (1996)",Drama,M,18,4,53190
1853,2390,3,975019627,Little Voice (1998),Comedy,M,50,0,90803
1899,1408,4,975035767,"Last of the Mohicans, The (1992)",Action|Romance|War,F,45,6,02135
1968,1281,2,974687904,"Great Dictator, The (1940)",Comedy,M,25,11,85258
1974,2390,3,974688319,Little Voice (1998),Comedy,M,35,17,12159
1988,2390,3,974683207,Little Voice (1998),Comedy,F,25,1,85224
2167,426,3,974612304,Body Snatchers (1993),Horror|Sci-Fi|Thriller,F,25,6,95833
2192,303,3,974607659,"Quick and the Dead, The (1995)",Action|Adventure|Western,F,25,0,27713
1805,1196,5,974837767,Star Wars: Episode V - The Empire Strikes Back (1980),Action|Adventure|Drama|Sci-Fi|War,M,18,4,22401
1842,1196,5,974696817,Star Wars: Episode V - The Empire Strikes Back (1980),Action|Adventure|Drama|Sci-Fi|War,M,18,4,53190
1899,708,3,975036123,"Truth About Cats & Dogs, The (1996)",Comedy|Romance,F,45,6,02135
2020,170,3,976417501,Hackers (1995),Action|Crime|Thriller,M,25,7,45011
2047,708,3,975028290,"Truth About Cats & Dogs, The (1996)",Comedy|Romance,M,1,10,06437
2105,1953,4,974671077,"French Connection, The (1971)",Action|Crime|Drama|Thriller,M,25,1,24060
2170,1196,5,974611635,Star Wars: Episode V - The Empire Strikes Back (1980),Action|Adventure|Drama|Sci-Fi|War,F,50,16,99114
2186,1196,5,974607365,Star Wars: Episode V - The Empire Strikes Back (1980),Action|Adventure|Drama|Sci-Fi|War,M,18,5,41018
2203,708,4,974606842,"Truth About Cats & Dogs, The (1996)",Comedy|Romance,M,45,12,53718
1699,612,2,974707231,"Pallbearer, The (1996)",Comedy,F,25,19,98102
1726,2990,4,974710921,Licence to Kill (1989),Action,M,25,2,60160
1822,3424,3,974697886,Do the Right Thing (1989),Comedy|Drama,F,25,0,53713
1588,1744,3,974734669,Firestorm (1998),Action|Adventure|Thriller,M,25,11,22043
1690,2707,4,974713197,Arlington Road (1999),Thriller,M,35,16,98029
1709,370,3,974715677,Naked Gun 33 1/3: The Final Insult (1994),Comedy,M,25,0,73147
2127,370,2,982120231,Naked Gun 33 1/3: The Final Insult (1994),Comedy,M,18,4,12309
2129,2707,3,974642730,Arlington Road (1999),Thriller,M,25,5,04103
1667,2916,4,975016924,Total Recall (1990),Action|Adventure|Sci-Fi|Thriller,M,50,16,98516
2056,2916,3,974816302,Total Recall (1990),Action|Adventure|Sci-Fi|Thriller,M,25,4,56301
2105,58,4,974667282,"Postino, Il (The Postman) (1994)",Drama|Romance,M,25,1,24060
2109,3672,3,974655500,Benji (1974),Adventure|Children's,M,25,16,13090
2136,2916,5,974642703,Total Recall (1990),Action|Adventure|Sci-Fi|Thriller,M,35,18,13027
2143,1573,3,974629828,Face/Off (1997),Action|Sci-Fi|Thriller,M,18,4,32607
2228,1573,5,974597896,Face/Off (1997),Action|Sci-Fi|Thriller,M,25,12,60025
1793,11,4,974757735,"American President, The (1995)",Comedy|Drama|Romance,M,25,4,20008
2116,3400,3,974687975,We're Back! A Dinosaur's Story (1993),Animation|Children's,M,18,4,49546
1519,110,2,974770049,Braveheart (1995),Action|Drama|War,M,18,4,38120
1530,508,4,985070238,Philadelphia (1993),Drama,M,25,4,53711
1667,3642,3,974711610,In Old California (1942),Western,M,50,16,98516
1680,541,4,974711049,Blade Runner (1982),Film-Noir|Sci-Fi,M,25,20,95380
1683,1033,4,974710842,"Fox and the Hound, The (1981)",Animation|Children's,F,25,7,98109
1794,110,5,974700151,Braveheart (1995),Action|Drama|War,M,25,11,20878
1817,541,3,974703610,Blade Runner (1982),Film-Noir|Sci-Fi,M,35,1,53706
1843,110,4,974695942,Braveheart (1995),Action|Drama|War,M,25,12,10014
1856,541,5,974696294,Blade Runner (1982),Film-Noir|Sci-Fi,M,56,7,92065
1988,110,2,974857383,Braveheart (1995),Action|Drama|War,F,25,1,85224
2030,541,5,974670551,Blade Runner (1982),Film-Noir|Sci-Fi,M,25,4,77345
2042,541,5,974667131,Blade Runner (1982),Film-Noir|Sci-Fi,M,1,10,79358
2125,110,1,974943511,Braveheart (1995),Action|Drama|War,M,35,3,46033
2174,1821,4,974611782,"Object of My Affection, The (1998)",Comedy|Romance,M,50,12,87505
2223,150,3,974599693,Apollo 13 (1995),Drama,M,25,2,60123
2251,3178,4,974599341,"Hurricane, The (1999)",Drama,M,35,14,60626
1631,2001,4,974722067,Lethal Weapon 2 (1989),Action|Comedy|Crime|Drama,F,50,0,94514
1671,260,4,1018225313,Star Wars: Episode IV - A New Hope (1977),Action|Adventure|Fantasy|Sci-Fi,M,35,0,98368
1683,2001,5,974710328,Lethal Weapon 2 (1989),Action|Comedy|Crime|Drama,F,25,7,98109
1771,260,5,974700704,Star Wars: Episode IV - A New Hope (1977),Action|Adventure|Fantasy|Sci-Fi,M,25,17,75044
1985,260,5,974683505,Star Wars: Episode IV - A New Hope (1977),Action|Adventure|Fantasy|Sci-Fi,M,45,12,92122
2164,2459,5,974615069,"Texas Chainsaw Massacre, The (1974)",Horror,M,35,0,95826
1556,2353,4,974835957,Enemy of the State (1998),Action|Thriller,M,18,4,48073
1886,3409,5,974692509,Final Destination (2000),Drama|Thriller,M,25,12,94086
1908,2028,3,974874737,Saving Private Ryan (1998),Action|Drama|War,M,56,13,95129
1998,2028,4,1028393572,Saving Private Ryan (1998),Action|Drama|War,F,50,9,24018
2196,3409,5,974606263,Final Destination (2000),Drama|Thriller,M,25,12,45140
1693,1080,3,974710438,Monty Python's Life of Brian (1979),Comedy,M,25,12,98684
1827,2263,3,974699660,"Seventh Sign, The (1988)",Thriller,F,25,1,07721
2203,910,5,974607940,Some Like It Hot (1959),Comedy|Crime,M,45,12,53718
1605,2714,3,974929761,"Wood, The (1999)",Drama,F,18,0,28270
1680,3442,3,974839551,Band of the Hand (1986),Action,M,25,20,95380
1727,198,4,974709766,Strange Days (1995),Action|Crime|Sci-Fi,M,35,16,50317
1744,2946,4,974706597,Help! (1965),Comedy|Musical,M,35,12,50325
1817,198,2,974701010,Strange Days (1995),Action|Crime|Sci-Fi,M,35,1,53706
2010,1672,3,974685856,"Rainmaker, The (1997)",Drama,M,18,4,81520
2015,1672,3,974850765,"Rainmaker, The (1997)",Drama,M,18,4,01003
2077,1672,4,979973618,"Rainmaker, The (1997)",Drama,M,18,0,55112
2088,2946,4,974660388,Help! (1965),Comedy|Musical,M,50,7,60618
1579,1693,4,985110598,Amistad (1997),Drama,M,25,0,60201
1617,3623,1,974731739,Mission: Impossible 2 (2000),Action|Thriller,M,25,12,44060
1762,3623,2,974701552,Mission: Impossible 2 (2000),Action|Thriller,M,25,14,75230
1880,1285,4,975372463,Heathers (1989),Comedy,M,35,0,91006
1937,1285,5,974759382,Heathers (1989),Comedy,M,25,11,92335
2020,349,3,976417124,Clear and Present Danger (1994),Action|Adventure|Thriller,M,25,7,45011
2188,1285,4,974607790,Heathers (1989),Comedy,F,18,19,60641
2225,1285,3,974599355,Heathers (1989),Comedy,M,25,5,96815
1632,3100,2,974720499,"River Runs Through It, A (1992)",Drama,M,25,16,94120
1709,1018,5,974711171,That Darn Cat! (1965),Children's|Comedy|Mystery,M,25,0,73147
1757,373,4,974709111,Red Rock West (1992),Thriller,M,25,4,75206
1793,379,1,974761671,Timecop (1994),Action|Sci-Fi,M,25,4,20008
1797,971,5,974701799,Cat on a Hot Tin Roof (1958),Drama,M,35,7,52003
1834,3785,1,986605765,Scary Movie (2000),Comedy|Horror,M,35,5,10990
1836,1678,5,974827941,"Joy Luck Club, The (1993)",Drama,M,25,0,10016
1941,123,2,975391753,Chungking Express (1994),Drama|Mystery|Romance,M,35,17,94550
1974,1264,3,974691571,Diva (1981),Action|Drama|Mystery|Romance|Thriller,M,35,17,12159
2033,3785,3,974669986,Scary Movie (2000),Comedy|Horror,F,45,20,91436
2105,3785,3,995771622,Scary Movie (2000),Comedy|Horror,M,25,1,24060
1637,242,5,974714607,Farinelli: il castrato (1994),Drama|Musical,M,56,0,90049
1647,3250,4,974807577,Alive (1993),Drama,M,18,18,98118
1831,2709,4,974702218,Muppets From Space (1999),Children's|Comedy,M,18,4,53190
2067,1086,3,974658558,Dial M for Murder (1954),Mystery|Thriller,M,50,16,06430
2158,3535,2,974618757,American Psycho (2000),Comedy|Horror|Thriller,M,25,12,60618
1553,902,3,974742319,Breakfast at Tiffany's (1961),Drama|Romance,F,25,15,64116
1627,3948,2,974721912,Meet the Parents (2000),Comedy,M,18,17,91505
1658,3948,5,974717565,Meet the Parents (2000),Comedy,F,35,6,94214
1748,2890,4,974712189,Three Kings (1999),Drama|War,M,50,1,04240
1773,2762,3,974700571,"Sixth Sense, The (1999)",Thriller,M,18,4,07030
1807,2890,4,974738772,Three Kings (1999),Drama|War,M,18,17,20742
1812,2611,3,1030120981,"Winslow Boy, The (1998)",Drama,F,25,12,48103
1842,2617,4,993357017,"Mummy, The (1999)",Action|Adventure|Horror|Thriller,M,18,4,53190
1931,2617,3,974690863,"Mummy, The (1999)",Action|Adventure|Horror|Thriller,M,25,2,94114
2042,2762,4,974666951,"Sixth Sense, The (1999)",Thriller,M,1,10,79358
2116,135,3,983993119,Down Periscope (1996),Comedy,M,18,4,49546
2122,2617,1,974646961,"Mummy, The (1999)",Action|Adventure|Horror|Thriller,M,35,12,61614
2140,3146,1,974636427,Deuce Bigalow: Male Gigolo (1999),Comedy,M,45,14,46804
2195,2762,5,989112960,"Sixth Sense, The (1999)",Thriller,M,1,10,60148
2208,3948,3,974604268,Meet the Parents (2000),Comedy,M,25,0,10006
2214,902,4,974602029,Breakfast at Tiffany's (1961),Drama|Romance,F,25,1,46807
1587,3448,3,974736163,"Good Morning, Vietnam (1987)",Comedy|Drama|War,F,25,3,30308
1636,337,3,974963252,What's Eating Gilbert Grape (1993),Drama,F,25,19,60612
1748,1954,4,974722522,Rocky (1976),Action|Drama,M,50,1,04240
1749,3160,4,974754303,Magnolia (1999),Drama,M,25,2,10040
1812,1954,1,975820602,Rocky (1976),Action|Drama,F,25,12,48103
1892,506,3,974691872,Orlando (1993),Drama,M,25,20,90066
1911,337,4,974690261,What's Eating Gilbert Grape (1993),Drama,F,18,4,92805
1962,337,3,974758435,What's Eating Gilbert Grape (1993),Drama,F,18,1,60914
2063,2124,2,974661354,"Addams Family, The (1991)",Comedy,M,25,4,43138
2077,2005,3,979973926,"Goonies, The (1985)",Adventure|Children's|Fantasy,M,18,0,55112
2097,1954,3,988245392,Rocky (1976),Action|Drama,M,18,5,48504
2146,1954,4,974623336,Rocky (1976),Action|Drama,M,18,2,96002
1592,2944,3,974735184,"Dirty Dozen, The (1967)",Action|War,M,35,7,50111
1782,201,4,974699774,Three Wishes (1995),Drama,M,45,0,23454
1952,3556,2,980569122,"Virgin Suicides, The (1999)",Comedy|Drama,M,35,1,91030
1600,2302,4,974755109,My Cousin Vinny (1992),Comedy,M,35,7,08234
1879,3274,4,974695804,Single White Female (1992),Action,M,25,4,29732
1925,2166,4,1025967810,Return to Paradise (1998),Drama|Romance,M,50,7,92886
2063,1839,3,974665803,My Giant (1998),Comedy,M,25,4,43138
2092,3737,5,974671782,Lonely Are the Brave (1962),Drama|Western,M,56,1,49006
1938,2000,3,974695029,Lethal Weapon (1987),Action|Comedy|Crime|Drama,F,25,2,91351
1912,2010,3,1014326981,Metropolis (1926),Sci-Fi,M,25,4,91325
2085,118,4,974654791,If Lucy Fell (1996),Comedy|Romance,M,18,0,06360
2148,2642,4,974622468,Superman III (1983),Action|Adventure|Sci-Fi,F,18,0,81301
1880,3289,4,974692521,Not One Less (Yi ge dou bu neng shao) (1999),Drama,M,35,0,91006
1920,2137,4,974777878,Charlotte's Web (1973),Animation|Children's,F,35,7,80122
2023,3174,5,974673629,Man on the Moon (1999),Comedy|Drama,M,18,4,56001
2106,2883,4,976291543,Mumford (1999),Comedy,F,18,20,495321
2174,1879,4,974612420,"Hanging Garden, The (1997)",Drama,M,50,12,87505
2192,2406,3,974607534,Romancing the Stone (1984),Action|Adventure|Comedy|Romance,F,25,0,27713
2255,2406,4,974591939,Romancing the Stone (1984),Action|Adventure|Comedy|Romance,F,35,6,44303
1640,3005,4,974716656,"Bone Collector, The (1999)",Thriller,M,35,17,95610
1746,1702,3,974702593,Flubber (1997),Children's|Comedy|Fantasy,M,25,4,33157
1806,3578,5,974698392,Gladiator (2000),Action|Drama,M,18,4,22032
1835,1805,3,974877492,Wild Things (1998),Crime|Drama|Mystery|Thriller,M,25,19,11501
1851,2011,3,991449220,Back to the Future Part II (1989),Comedy|Sci-Fi,M,25,19,59602
2010,1805,1,974683397,Wild Things (1998),Crime|Drama|Mystery|Thriller,M,18,4,81520
2010,1702,1,974682917,Flubber (1997),Children's|Comedy|Fantasy,M,18,4,81520
2125,3578,4,974645174,Gladiator (2000),Action|Drama,M,35,3,46033
2157,1805,4,974621594,Wild Things (1998),Crime|Drama|Mystery|Thriller,F,18,3,45244
2199,3578,5,974606687,Gladiator (2000),Action|Drama,M,1,10,60613
1591,3033,4,974740345,Spaceballs (1987),Comedy|Sci-Fi,M,50,7,26501
1632,3214,3,974719732,American Flyers (1985),Drama,M,25,16,94120
1733,1202,5,1035525002,Withnail and I (1987),Comedy,M,18,14,43725
2025,3176,5,974673081,"Talented Mr. Ripley, The (1999)",Drama|Mystery|Thriller,M,56,13,03440
2043,3176,2,974666636,"Talented Mr. Ripley, The (1999)",Drama|Mystery|Thriller,M,25,14,37931
1681,1376,3,974710217,Star Trek IV: The Voyage Home (1986),Action|Adventure|Sci-Fi,M,18,4,78705
1837,1376,4,974840953,Star Trek IV: The Voyage Home (1986),Action|Adventure|Sci-Fi,M,25,2,08817
1889,802,4,989088329,Phenomenon (1996),Drama|Romance,M,18,14,80023
1912,2949,3,1009395518,Dr. No (1962),Action,M,25,4,91325
2263,1376,4,974583109,Star Trek IV: The Voyage Home (1986),Action|Adventure|Sci-Fi,M,25,6,70508
1594,2997,3,975212079,Being John Malkovich (1999),Comedy,F,35,20,10013
1666,2997,3,974711398,Being John Malkovich (1999),Comedy,M,25,14,15241
1693,2997,3,974707862,Being John Malkovich (1999),Comedy,M,25,12,98684
2105,2997,5,974652203,Being John Malkovich (1999),Comedy,M,25,1,24060
2156,2997,4,974628786,Being John Malkovich (1999),Comedy,M,18,19,55912
2181,2997,4,974609900,Being John Malkovich (1999),Comedy,M,25,0,45245
2222,3194,5,974858365,"Way We Were, The (1973)",Drama,F,45,1,13088
2063,2448,1,974666341,Virus (1999),Horror|Sci-Fi,M,25,4,43138
1599,1584,3,999751107,Contact (1997),Drama|Sci-Fi,M,25,0,92646
1607,3363,3,974732959,American Graffiti (1973),Comedy|Drama,M,45,1,02135
1613,410,3,974733244,Addams Family Values (1993),Comedy,M,18,20,61801
1631,3524,4,974722377,Arthur (1981),Comedy|Romance,F,50,0,94514
1681,3363,4,974710727,American Graffiti (1973),Comedy|Drama,M,18,4,78705
1820,1584,4,974697574,Contact (1997),Drama|Sci-Fi,M,25,20,50265
1835,1584,5,974877155,Contact (1997),Drama|Sci-Fi,M,25,19,11501
1837,215,5,974842570,Before Sunrise (1995),Drama|Romance,M,25,2,08817
1920,3363,4,974728468,American Graffiti (1973),Comedy|Drama,F,35,7,80122
1941,3809,1,974950196,What About Bob? (1991),Comedy,M,35,17,94550
1941,2514,1,974851523,Pet Sematary II (1992),Horror,M,35,17,94550
1981,2186,5,974684116,Strangers on a Train (1951),Film-Noir|Thriller,M,56,1,80303
2011,3809,4,974676909,What About Bob? (1991),Comedy,F,35,3,01545
2098,1584,5,974654793,Contact (1997),Drama|Sci-Fi,M,35,20,48067
2181,3363,4,974668554,American Graffiti (1973),Comedy|Drama,M,25,0,45245
2195,3156,4,974766410,Bicentennial Man (1999),Comedy|Drama|Sci-Fi,M,1,10,60148
2223,1584,3,974601469,Contact (1997),Drama|Sci-Fi,M,25,2,60123
2231,3363,5,974600030,American Graffiti (1973),Comedy|Drama,M,50,11,85726
1587,562,5,974738432,Welcome to the Dollhouse (1995),Comedy|Drama,F,25,3,30308
1628,562,5,975162860,Welcome to the Dollhouse (1995),Comedy|Drama,M,18,20,90028
1666,1054,2,974710304,Get on the Bus (1996),Drama,M,25,14,15241
1761,172,1,974703258,Johnny Mnemonic (1995),Action|Sci-Fi|Thriller,M,35,0,72058
1764,3555,5,974703310,U-571 (2000),Action|Thriller,M,18,0,75149
1765,3555,5,974703728,U-571 (2000),Action|Thriller,M,18,4,13655
2179,3055,4,974609223,Felicia's Journey (1999),Thriller,F,25,0,28304
1726,1676,4,974710550,Starship Troopers (1997),Action|Adventure|Sci-Fi|War,M,25,2,60160
1773,1411,4,974700648,Hamlet (1996),Drama,M,18,4,07030
2109,551,3,974657142,"Nightmare Before Christmas, The (1993)",Children's|Comedy|Musical,M,25,16,13090
2228,1676,4,974597819,Starship Troopers (1997),Action|Adventure|Sci-Fi|War,M,25,12,60025
1615,3949,4,974729130,Requiem for a Dream (2000),Drama,F,45,7,10022
1679,785,4,974709418,Kingpin (1996),Comedy,M,25,12,98052
1812,2295,4,974844189,"Impostors, The (1998)",Comedy,F,25,12,48103
1666,3705,3,974715771,Bird on a Wire (1990),Action|Adventure|Romance|Thriller,M,25,14,15241
2031,745,3,1042347676,"Close Shave, A (1995)",Animation|Comedy|Thriller,M,35,20,60640
2092,949,4,974653882,East of Eden (1955),Drama,M,56,1,49006
1593,3148,3,974755234,"Cider House Rules, The (1999)",Drama,M,25,16,78411
1634,2501,5,974717412,October Sky (1999),Drama,F,56,0,38340
1666,2501,4,974710409,October Sky (1999),Drama,M,25,14,15241
1960,1246,3,976747520,Dead Poets Society (1989),Drama,M,45,7,55555
2264,2501,4,974581087,October Sky (1999),Drama,F,45,7,37877
1930,2095,2,982436600,"Shaggy D.A., The (1976)",Children's|Comedy,M,25,15,94550
2170,1097,5,974611685,E.T. the Extra-Terrestrial (1982),Children's|Drama|Fantasy|Sci-Fi,F,50,16,99114
1586,2140,4,974738726,"Dark Crystal, The (1982)",Children's|Fantasy|Sci-Fi,M,45,7,77351
1733,2700,4,984293105,"South Park: Bigger, Longer and Uncut (1999)",Animation|Comedy,M,18,14,43725
1758,2140,2,974787197,"Dark Crystal, The (1982)",Children's|Fantasy|Sci-Fi,F,25,0,33067-1400
1904,2140,4,974756843,"Dark Crystal, The (1982)",Children's|Fantasy|Sci-Fi,M,18,1,30115
2064,3368,3,974667702,"Big Country, The (1958)",Romance|Western,M,35,1,01020
2110,2973,3,974651478,Crimes and Misdemeanors (1989),Comedy,M,50,11,46802
1726,2643,2,974712059,Superman IV: The Quest for Peace (1987),Action|Adventure|Sci-Fi,M,25,2,60160
1746,2643,3,974704515,Superman IV: The Quest for Peace (1987),Action|Adventure|Sci-Fi,M,25,4,33157
1835,2643,1,974878532,Superman IV: The Quest for Peace (1987),Action|Adventure|Sci-Fi,M,25,19,11501
1597,3688,2,985216589,Porky's (1981),Comedy,M,25,12,10002
1667,1387,5,975016698,Jaws (1975),Action|Horror,M,50,16,98516
1835,2599,5,974881318,Election (1999),Comedy,M,25,19,11501
1897,1387,3,1014235692,Jaws (1975),Action|Horror,F,50,2,94530
1912,3696,1,974703812,Night of the Creeps (1986),Comedy|Horror|Sci-Fi,M,25,4,91325
1926,1387,5,974773956,Jaws (1975),Action|Horror,F,1,0,95404
2109,1009,2,974655602,Escape to Witch Mountain (1975),Adventure|Children's|Fantasy,M,25,16,13090
1697,954,4,974708719,Mr. Smith Goes to Washington (1939),Drama,F,18,4,98052
1794,36,3,993203483,Dead Man Walking (1995),Drama,M,25,11,20878
1980,1882,1,974770531,Godzilla (1998),Action|Sci-Fi,M,35,7,06460
2164,208,4,974613978,Waterworld (1995),Action|Adventure,M,35,0,95826
2170,3402,3,974612435,Turtle Diary (1985),Drama,F,50,16,99114
1639,2376,2,975962402,"View to a Kill, A (1985)",Action,M,25,17,95405
1764,2706,4,974708126,American Pie (1999),Comedy,M,18,0,75149
1809,2706,3,974697915,American Pie (1999),Comedy,F,25,14,12189
1980,2310,3,974689317,"Mighty, The (1998)",Drama,M,35,7,06460
2063,2376,3,975743113,"View to a Kill, A (1985)",Action,M,25,4,43138
2330,3175,2,974428518,Galaxy Quest (1999),Adventure|Comedy|Sci-Fi,M,45,7,48103
2435,2366,3,974224056,King Kong (1933),Action|Adventure|Horror,M,25,4,22903
2481,3175,3,974220849,Galaxy Quest (1999),Adventure|Comedy|Sci-Fi,M,35,14,03054
2537,471,2,974051635,"Hudsucker Proxy, The (1994)",Comedy|Romance,M,35,11,37620
2634,1580,4,973787365,Men in Black (1997),Action|Adventure|Comedy|Sci-Fi,M,56,1,15701
2648,2366,2,973793375,King Kong (1933),Action|Adventure|Horror,M,25,17,27707
2670,2366,3,973441493,King Kong (1933),Action|Adventure|Horror,M,35,6,94598
2707,1088,3,973464784,Dirty Dancing (1987),Musical|Romance,M,56,13,24060
2880,1580,4,989098955,Men in Black (1997),Action|Adventure|Comedy|Sci-Fi,M,18,12,55405
2882,833,4,972244541,High School High (1996),Comedy,M,18,20,78759
2332,858,4,974427270,"Godfather, The (1972)",Action|Crime|Drama,M,56,14,01545
2478,858,5,974149479,"Godfather, The (1972)",Action|Crime|Drama,M,50,1,37922
2544,1896,3,1017441406,Cousin Bette (1998),Comedy,M,45,1,52001
2627,3698,3,988659998,"Running Man, The (1987)",Action|Adventure|Sci-Fi,M,25,1,06877
2726,1721,4,973266199,Titanic (1997),Drama|Romance,M,45,11,02155
2805,1084,5,972785707,Bonnie and Clyde (1967),Crime|Drama,M,56,19,06040
2810,1721,4,972791057,Titanic (1997),Drama|Romance,F,1,10,64093
2811,1084,4,972756511,Bonnie and Clyde (1967),Crime|Drama,M,25,19,94122
2820,1483,4,972663197,Crash (1996),Drama|Thriller,F,35,0,02138
2895,2580,4,972403696,Go (1999),Crime,M,25,11,07039
2927,1721,4,971553951,Titanic (1997),Drama|Romance,M,25,12,24060
2304,2393,4,974496753,Star Trek: Insurrection (1998),Action|Sci-Fi,M,45,12,94103
2321,1270,5,974477673,Back to the Future (1985),Comedy|Sci-Fi,M,25,7,30115
2511,1270,5,974481669,Back to the Future (1985),Comedy|Sci-Fi,M,25,7,15209
2605,1270,3,973747017,Back to the Future (1985),Comedy|Sci-Fi,M,35,7,75013
2980,1270,4,983054108,Back to the Future (1985),Comedy|Sci-Fi,M,45,7,91766
2387,1265,3,974308328,Groundhog Day (1993),Comedy|Romance,M,25,17,32224
2507,2249,2,974078476,My Blue Heaven (1990),Comedy,M,25,4,94107
2508,65,2,974074345,Bio-Dome (1996),Comedy,F,35,3,77429
2707,2622,4,973303891,"Midsummer Night's Dream, A (1999)",Comedy|Fantasy,M,56,13,24060
2934,458,3,971492812,Geronimo: An American Legend (1993),Drama|Western,F,35,20,91324
2950,3913,1,971222109,Barenaked in America (1999),Documentary,M,18,0,72761
2990,3834,1,970954763,Bronco Billy (1980),Adventure|Drama|Romance,M,35,12,45243
2471,481,2,974153334,Kalifornia (1993),Drama|Thriller,M,50,13,98683
2547,898,5,974040386,"Philadelphia Story, The (1940)",Comedy|Romance,F,35,0,37920
2793,3105,4,975440394,Awakenings (1990),Drama,M,35,7,70116
2888,588,3,972057612,Aladdin (1992),Animation|Children's|Comedy|Musical,M,25,14,55438
2902,296,4,971858834,Pulp Fiction (1994),Crime|Drama,M,25,12,98007
2389,918,4,974300727,Meet Me in St. Louis (1944),Musical,M,25,16,37922
2603,2396,5,973779623,Shakespeare in Love (1998),Comedy|Romance,M,25,17,19126
2787,3703,4,972966238,Mad Max 2 (a.k.a. The Road Warrior) (1981),Action|Sci-Fi,M,25,4,60614
2743,673,3,973224160,Space Jam (1996),Adventure|Animation|Children's|Comedy|Fantasy,M,25,14,72601
2390,597,4,974297682,Pretty Woman (1990),Comedy|Romance,F,25,6,33076
2395,2797,3,1034196898,Big (1988),Comedy|Fantasy,M,35,7,08021
2489,2513,2,974143715,Pet Sematary (1989),Horror,F,35,9,37843
2537,2797,4,974054281,Big (1988),Comedy|Fantasy,M,35,11,37620
2605,1653,4,973747685,Gattaca (1997),Drama|Sci-Fi|Thriller,M,35,7,75013
2761,3441,3,973148477,Red Dawn (1984),Action|War,M,35,6,80917
2768,1199,3,973203569,Brazil (1985),Sci-Fi,M,25,17,90210
2793,3441,4,972941992,Red Dawn (1984),Action|War,M,35,7,70116
2805,1212,3,972785676,"Third Man, The (1949)",Mystery|Thriller,M,56,19,06040
2953,1212,4,971211772,"Third Man, The (1949)",Mystery|Thriller,M,25,20,23225
2968,593,3,971107480,"Silence of the Lambs, The (1991)",Drama|Thriller,F,18,0,48104
3011,2797,4,970518425,Big (1988),Comedy|Fantasy,M,25,1,10003
2684,155,2,974758722,Beyond Rangoon (1995),Drama|War,F,18,0,19143
2307,1198,5,974487889,Raiders of the Lost Ark (1981),Action|Adventure,M,25,17,02140
2341,34,4,974419870,Babe (1995),Children's|Comedy|Drama,M,56,1,13210
2344,34,2,974415205,Babe (1995),Children's|Comedy|Drama,M,25,12,02139
2467,1198,5,974161059,Raiders of the Lost Ark (1981),Action|Adventure,M,1,10,44224
2583,1198,5,974073907,Raiders of the Lost Ark (1981),Action|Adventure,M,35,7,19610
2860,1924,4,972506599,Plan 9 from Outer Space (1958),Horror|Sci-Fi,M,35,17,20009
2887,193,2,972192792,Showgirls (1995),Drama,M,25,3,66205
2927,1198,5,971554255,Raiders of the Lost Ark (1981),Action|Adventure,M,25,12,24060
2774,1183,3,973063433,"English Patient, The (1996)",Drama|Romance|War,M,25,1,92103
2873,1183,4,972414894,"English Patient, The (1996)",Drama|Romance|War,F,18,4,64093
2996,1183,4,972415948,"English Patient, The (1996)",Drama|Romance|War,M,18,0,63011
2796,1259,3,997323228,Stand by Me (1986),Adventure|Comedy|Drama,M,25,14,92104
2824,3538,5,972621501,East is East (1999),Comedy,M,18,4,02111
2505,2683,3,974081766,Austin Powers: The Spy Who Shagged Me (1999),Comedy,M,25,7,55405
2665,3841,3,974736254,Air America (1990),Action|Comedy,M,35,11,98443
2670,3685,3,973548360,Prizzi's Honor (1985),Comedy|Drama|Romance,M,35,6,94598
2753,3685,4,973199411,Prizzi's Honor (1985),Comedy|Drama|Romance,F,50,20,27516
2761,2052,2,973150977,Hocus Pocus (1993),Children's|Comedy,M,35,6,80917
2928,2463,4,971557366,Ruthless People (1986),Comedy,M,25,2,90068
2977,2683,2,971021239,Austin Powers: The Spy Who Shagged Me (1999),Comedy,F,18,4,48104
2676,2682,4,973401919,Limbo (1999),Drama,M,56,20,78731
2371,1307,4,974338129,When Harry Met Sally... (1989),Comedy|Romance,F,35,7,06082
2465,1307,5,974326134,When Harry Met Sally... (1989),Comedy|Romance,M,50,6,44333
2547,1276,5,974040477,Cool Hand Luke (1967),Comedy|Drama,F,35,0,37920
2583,2015,4,975806758,"Absent Minded Professor, The (1961)",Children's|Comedy|Fantasy,M,35,7,19610
2589,587,1,973863555,Ghost (1990),Comedy|Romance|Thriller,M,25,0,19004
2770,3624,4,973104873,Shanghai Noon (2000),Action,M,35,1,14260
2297,2526,4,974502463,Meteor (1979),Sci-Fi,M,56,13,52003
2624,1372,4,973642707,Star Trek VI: The Undiscovered Country (1991),Action|Adventure|Sci-Fi,F,35,0,44313
2631,914,5,973614495,My Fair Lady (1964),Musical|Romance,F,50,1,14850
2798,1235,1,972868274,Harold and Maude (1971),Comedy,M,35,20,10038
2982,2335,1,970936742,"Waterboy, The (1998)",Comedy,M,25,4,54902
2665,1294,5,973450214,M*A*S*H (1970),Comedy|War,M,35,11,98443
2302,3481,4,974496908,High Fidelity (2000),Comedy,M,50,12,48104
2341,908,4,974418938,North by Northwest (1959),Drama|Thriller,M,56,1,13210
2409,3481,2,991522345,High Fidelity (2000),Comedy,F,35,9,06074
2453,3744,3,974192585,Shaft (2000),Action|Crime,M,25,7,55429
2456,2134,3,974182846,Weird Science (1985),Comedy,M,25,5,48103
2595,3481,3,973809778,High Fidelity (2000),Comedy,M,18,4,15213
2608,3481,4,974397850,High Fidelity (2000),Comedy,F,25,1,10025
2621,3481,4,1016912103,High Fidelity (2000),Comedy,M,18,0,46304
2689,908,4,973348372,North by Northwest (1959),Drama|Thriller,M,25,12,27511
2820,3370,2,972659389,Betrayed (1988),Drama|Thriller,F,35,0,02138
2992,3287,4,970726495,"Tigger Movie, The (2000)",Animation|Children's,M,18,4,14853
3007,908,5,970539784,North by Northwest (1959),Drama|Thriller,M,35,0,33174
2290,2371,3,974520982,Fletch (1985),Comedy,M,25,0,61021
2340,1148,5,974424368,"Wrong Trousers, The (1993)",Animation|Comedy,M,35,2,48104
2435,1210,5,974224056,Star Wars: Episode VI - Return of the Jedi (1983),Action|Adventure|Romance|Sci-Fi|War,M,25,4,22903
2484,1210,5,974145516,Star Wars: Episode VI - Return of the Jedi (1983),Action|Adventure|Romance|Sci-Fi|War,M,45,5,31901
2572,1210,4,973910374,Star Wars: Episode VI - Return of the Jedi (1983),Action|Adventure|Romance|Sci-Fi|War,M,35,14,75005
2581,2804,5,973888399,"Christmas Story, A (1983)",Comedy|Drama,M,25,11,60611
2676,1280,5,973401429,Raise the Red Lantern (1991),Drama,M,56,20,78731
2785,2371,3,972990310,Fletch (1985),Comedy,M,56,13,29928
2866,806,2,972485178,American Buffalo (1996),Drama,M,25,7,53717
2899,1210,4,971920818,Star Wars: Episode VI - Return of the Jedi (1983),Action|Adventure|Romance|Sci-Fi|War,M,35,14,94133
2782,3258,4,973019290,Death Becomes Her (1992),Comedy,F,18,4,48858
2507,2723,3,974078251,Mystery Men (1999),Action|Adventure|Comedy,M,25,4,94107
2534,3548,4,974642925,Auntie Mame (1958),Comedy|Drama,F,50,6,37922
2620,2723,1,973656286,Mystery Men (1999),Action|Adventure|Comedy,M,18,4,47306
2669,1093,3,973443740,"Doors, The (1991)",Drama|Musical,M,45,0,24541
2917,1260,3,974241767,M (1931),Crime|Film-Noir|Thriller,M,25,0,60201
2962,2939,3,978981113,Niagara (1953),Drama|Thriller,M,35,3,94109
2453,2006,4,974190040,"Mask of Zorro, The (1998)",Action|Adventure|Romance,M,25,7,55429
2456,2006,4,974179765,"Mask of Zorro, The (1998)",Action|Adventure|Romance,M,25,5,48103
2840,223,4,972569476,Clerks (1994),Comedy,M,25,0,60660
2986,2692,5,970812095,Run Lola Run (Lola rennt) (1998),Action|Crime|Romance,M,25,4,24060
2459,3260,4,974174208,Howards End (1992),Drama,M,50,7,44313
2670,602,3,973546683,"Great Day in Harlem, A (1994)",Documentary,M,35,6,94598
2860,1208,4,972651890,Apocalypse Now (1979),Drama|War,M,35,17,20009
2302,1777,3,974497395,"Wedding Singer, The (1998)",Comedy|Romance,M,50,12,48104
2334,926,4,974426354,All About Eve (1950),Drama,F,56,7,01562
2623,1777,4,973643938,"Wedding Singer, The (1998)",Comedy|Romance,M,56,1,30345
2933,2502,3,971977645,Office Space (1999),Comedy|Romance,M,35,11,32082
2977,2975,4,971021255,"Best Man, The (1999)",Drama,F,18,4,48104
2994,1777,3,970707492,"Wedding Singer, The (1998)",Comedy|Romance,M,35,5,95008
2569,3450,3,973912238,Grumpy Old Men (1993),Comedy,M,45,0,45248
2910,2789,3,1016472409,Damien: Omen II (1978),Horror,M,1,19,75602
2323,3108,2,974444911,"Fisher King, The (1991)",Comedy|Drama|Romance,M,35,3,13088
2544,3108,3,1024887683,"Fisher King, The (1991)",Comedy|Drama|Romance,M,45,1,52001
2589,2288,3,973866888,"Thing, The (1982)",Action|Horror|Sci-Fi|Thriller,M,25,0,19004
2724,3108,5,973272018,"Fisher King, The (1991)",Comedy|Drama|Romance,F,45,2,27514
2777,875,4,973050405,Nothing to Lose (1994),Drama,M,18,4,95326
2835,1249,2,972575679,Nikita (La Femme Nikita) (1990),Thriller,M,35,20,60622
2893,1249,5,971998630,Nikita (La Femme Nikita) (1990),Thriller,M,25,1,94025
2967,1249,3,971125426,Nikita (La Femme Nikita) (1990),Thriller,M,25,0,94110
2557,2725,3,973990953,Twin Falls Idaho (1999),Drama,F,18,19,02452
2273,924,3,974568071,2001: A Space Odyssey (1968),Drama|Mystery|Sci-Fi|Thriller,M,25,6,23235
2368,1633,5,974340956,Ulee's Gold (1997),Drama,F,56,13,13057
2419,924,3,974240304,2001: A Space Odyssey (1968),Drama|Mystery|Sci-Fi|Thriller,M,25,0,06096
2506,2724,2,974078499,Runaway Bride (1999),Comedy|Romance,F,25,14,98225
2302,367,3,974497476,"Mask, The (1994)",Comedy|Crime|Fantasy,M,50,12,48104
2406,3244,4,974258923,"Goodbye Girl, The (1977)",Comedy|Romance,F,56,12,01520
2418,539,4,974242746,Sleepless in Seattle (1993),Comedy|Romance,F,1,10,06074
2497,2791,4,974089526,Airplane! (1980),Comedy,F,50,14,37922
2599,367,4,973796455,"Mask, The (1994)",Comedy|Crime|Fantasy,M,25,12,53154
2691,2791,3,976387761,Airplane! (1980),Comedy,M,18,4,06459
2776,2791,5,973054301,Airplane! (1980),Comedy,M,25,14,22205
2847,539,4,1028961811,Sleepless in Seattle (1993),Comedy|Romance,M,18,4,10027
2909,1061,5,971883390,Sleepers (1996),Crime|Drama,M,25,7,43228
2941,246,5,971351258,Hoop Dreams (1994),Documentary,M,35,12,98033
2467,2628,4,974160811,Star Wars: Episode I - The Phantom Menace (1999),Action|Adventure|Fantasy|Sci-Fi,M,1,10,44224
2472,2404,2,974151110,Rambo III (1988),Action|War,M,25,18,37922
2605,3504,5,973746668,Network (1976),Comedy|Drama,M,35,7,75013
2820,1729,4,972662279,Jackie Brown (1997),Crime|Drama,F,35,0,02138
2888,1197,5,972058379,"Princess Bride, The (1987)",Action|Adventure|Comedy|Romance,M,25,14,55438
2962,111,3,978981281,Taxi Driver (1976),Drama|Thriller,M,35,3,94109
3000,1197,5,970621319,"Princess Bride, The (1987)",Action|Adventure|Comedy|Romance,M,25,4,55408
2303,2064,4,974495117,Roger & Me (1989),Comedy|Documentary,M,50,17,08055
2370,2612,5,974508304,Mildred Pierce (1945),Drama,M,50,1,13215
2799,2064,3,972867013,Roger & Me (1989),Comedy|Documentary,M,18,0,55404
2928,2064,4,971557320,Roger & Me (1989),Comedy|Documentary,M,25,2,90068
2775,2109,5,979442784,"Jerk, The (1979)",Comedy,F,18,4,90038
2872,1244,5,972416936,Manhattan (1979),Comedy|Drama|Romance,M,25,20,94014
2284,1206,5,974528052,"Clockwork Orange, A (1971)",Sci-Fi,M,25,20,90024
2355,1206,2,974399633,"Clockwork Orange, A (1971)",Sci-Fi,F,45,9,13203
2544,1206,4,974041479,"Clockwork Orange, A (1971)",Sci-Fi,M,45,1,52001
2555,1206,4,973997121,"Clockwork Orange, A (1971)",Sci-Fi,M,56,7,10522
2590,671,4,973930805,Mystery Science Theater 3000: The Movie (1996),Comedy|Sci-Fi,M,18,4,94044
2629,3104,5,973628353,Midnight Run (1988),Action|Adventure|Comedy|Crime,M,25,11,15237
2643,3104,3,973564124,Midnight Run (1988),Action|Adventure|Comedy|Crime,M,45,17,99005
2271,1542,4,1007158887,Brassed Off (1996),Comedy|Drama|Romance,M,50,14,13210
2641,2616,2,1017964209,Dick Tracy (1990),Action|Crime,M,25,6,19428
2781,1694,3,977333392,"Apostle, The (1997)",Drama,M,35,4,45205
2907,355,3,971845026,"Flintstones, The (1994)",Children's|Comedy,F,35,5,12345
2338,1306,4,974422017,Until the End of the World (Bis ans Ende der Welt) (1991),Drama|Sci-Fi,M,45,17,13152
2383,955,4,974323878,Bringing Up Baby (1938),Comedy,F,25,14,95125
2447,2796,5,974215470,Funny Farm (1988),Comedy,M,25,14,03051
2478,2840,3,978233914,Stigmata (1999),Thriller,M,50,1,37922
2489,912,4,1023380205,Casablanca (1942),Drama|Romance|War,F,35,9,37843
2683,1266,4,979966345,Unforgiven (1992),Western,M,35,7,60188
2699,912,4,973476256,Casablanca (1942),Drama|Romance|War,F,56,13,74128
2740,912,4,973222188,Casablanca (1942),Drama|Romance|War,M,45,17,22181
2804,748,4,972791708,"Arrival, The (1996)",Action|Sci-Fi|Thriller,F,35,0,46234
2873,3753,4,972783352,"Patriot, The (2000)",Action|Drama|War,F,18,4,64093
2485,2329,5,974482872,American History X (1998),Drama,M,35,14,95746
2680,3421,5,973389383,Animal House (1978),Comedy,M,25,12,01864
2759,1247,4,973172039,"Graduate, The (1967)",Drama|Romance,M,25,7,36102
2800,3752,1,972859057,"Me, Myself and Irene (2000)",Comedy,F,18,4,73070
2828,3421,4,972599204,Animal House (1978),Comedy,M,18,4,02454
2841,3752,4,1004046749,"Me, Myself and Irene (2000)",Comedy,M,50,12,98056
2883,2329,5,972267731,American History X (1998),Drama,M,18,20,30101
2918,2329,3,971903703,American History X (1998),Drama,M,25,12,98112
2403,1,5,974260837,Toy Story (1995),Animation|Children's|Comedy,M,18,4,37743
2575,1391,2,973906303,Mars Attacks! (1996),Action|Comedy|Sci-Fi|War,M,35,7,76248
2840,1391,2,972572850,Mars Attacks! (1996),Action|Comedy|Sci-Fi|War,M,25,0,60660
2994,1,4,970706107,Toy Story (1995),Animation|Children's|Comedy,M,35,5,95008
2453,2183,4,978415521,"Man Who Knew Too Much, The (1956)",Thriller,M,25,7,55429
2633,2763,4,973613116,"Thomas Crown Affair, The (1999)",Action|Thriller,F,35,9,07728
2860,52,4,1028300875,Mighty Aphrodite (1995),Comedy,M,35,17,20009
2807,3006,3,972785447,"Insider, The (1999)",Drama,F,35,11,22043
2807,674,2,972866320,Barbarella (1968),Adventure|Sci-Fi,F,35,11,22043
2368,3111,4,974339859,Places in the Heart (1984),Drama,F,56,13,13057
2801,1922,4,972831813,Whatever (1998),Drama,F,25,3,12866
2824,1722,2,972621909,Tomorrow Never Dies (1997),Action|Romance|Thriller,M,18,4,02111
2445,3197,3,974217556,"Presidio, The (1988)",Action,M,25,0,48104
2638,1608,3,973706778,Air Force One (1997),Action|Thriller,M,25,14,06405
2847,442,3,1038718179,Demolition Man (1993),Action|Sci-Fi,M,18,4,10027
2304,348,4,974503204,Bullets Over Broadway (1994),Comedy,M,45,12,94103
2334,218,3,974427511,Boys on the Side (1995),Comedy|Drama,F,56,7,01562
2668,348,4,973445698,Bullets Over Broadway (1994),Comedy,F,25,4,94110
2680,1663,5,973389634,Stripes (1981),Comedy,M,25,12,01864
2683,440,4,980029715,Dave (1993),Comedy|Romance,M,35,7,60188
2793,440,4,972933694,Dave (1993),Comedy|Romance,M,35,7,70116
2820,440,2,972663099,Dave (1993),Comedy|Romance,F,35,0,02138
2271,474,4,994040851,In the Line of Fire (1993),Action|Thriller,M,50,14,13210
2335,1267,5,974423659,"Manchurian Candidate, The (1962)",Film-Noir|Thriller,M,50,17,48197
2593,1267,5,973823486,"Manchurian Candidate, The (1962)",Film-Noir|Thriller,M,56,16,95816
2701,6,3,973304544,Heat (1995),Action|Crime|Thriller,M,45,1,60115
2455,2699,1,974180630,Arachnophobia (1990),Action|Comedy|Sci-Fi|Thriller,M,35,7,48197
2489,852,4,990968587,Tin Cup (1996),Comedy|Romance,F,35,9,37843
2805,1952,4,972785736,Midnight Cowboy (1969),Drama,M,56,19,06040
2353,1242,5,974402085,Glory (1989),Action|Drama|War,F,35,9,61270
2730,3,3,973261951,Grumpier Old Men (1995),Comedy|Romance,M,35,11,48640
2900,3,3,971902282,Grumpier Old Men (1995),Comedy|Romance,M,18,12,95120
2352,1130,4,974401374,"Howling, The (1980)",Horror,M,50,13,41076
2398,3893,5,974276319,Nurse Betty (2000),Comedy|Thriller,M,25,0,98122
2860,1956,5,974232584,Ordinary People (1980),Drama,M,35,17,20009
2352,3708,3,974401683,Firestarter (1984),Horror|Thriller,M,50,13,41076
2609,2391,5,973725811,"Simple Plan, A (1998)",Crime|Thriller,F,50,12,55391
2872,2391,5,972416610,"Simple Plan, A (1998)",Crime|Thriller,M,25,20,94014
2899,429,3,971920533,Cabin Boy (1994),Comedy,M,35,14,94133
2804,2193,4,972791730,Willow (1988),Action|Adventure|Fantasy,F,35,0,46234
2808,3793,5,991920855,X-Men (2000),Action|Sci-Fi,M,56,16,60610
2962,3793,3,976817266,X-Men (2000),Action|Sci-Fi,M,35,3,94109
2994,1171,3,970707187,Bob Roberts (1992),Comedy,M,35,5,95008
3012,500,2,970512307,Mrs. Doubtfire (1993),Comedy,M,25,12,78660
2479,1994,3,974148887,Poltergeist (1982),Horror|Thriller,F,25,1,23454
2507,2071,4,975382600,And the Band Played On (1993),Drama,M,25,4,94107
2380,431,4,974390475,Carlito's Way (1993),Crime|Drama,M,25,4,22903
2469,2712,3,974159975,Eyes Wide Shut (1999),Drama,M,25,4,90048
2776,431,5,973055825,Carlito's Way (1993),Crime|Drama,M,25,14,22205
2503,3690,3,974086410,Porky's Revenge (1985),Comedy,M,35,17,19360
2669,3863,3,987374125,"Cell, The (2000)",Sci-Fi|Thriller,M,45,0,24541
2303,920,4,974583336,Gone with the Wind (1939),Drama|Romance|War,M,50,17,08055
2376,920,4,974339205,Gone with the Wind (1939),Drama|Romance|War,M,25,1,13210
2617,920,5,973686516,Gone with the Wind (1939),Drama|Romance|War,F,45,15,60081
2705,920,5,973297921,Gone with the Wind (1939),Drama|Romance|War,M,25,1,27713
2989,3489,4,970764456,Hook (1991),Adventure|Fantasy,M,35,12,97330
3007,920,5,970542399,Gone with the Wind (1939),Drama|Romance|War,M,35,0,33174
2340,647,4,974421776,Courage Under Fire (1996),Drama|War,M,35,2,48104
2445,2405,3,974217967,"Jewel of the Nile, The (1985)",Action|Adventure|Comedy|Romance,M,25,0,48104
2474,3871,4,974149697,Shane (1953),Drama|Western,M,25,12,83815
2506,1968,2,974079180,"Breakfast Club, The (1985)",Comedy|Drama,F,25,14,98225
2663,1968,5,973459398,"Breakfast Club, The (1985)",Comedy|Drama,F,25,4,02215
2910,1968,5,1016473678,"Breakfast Club, The (1985)",Comedy|Drama,M,1,19,75602
2938,2405,4,971448661,"Jewel of the Nile, The (1985)",Action|Adventure|Comedy|Romance,F,25,0,55345
2271,1069,5,1009741362,"Murder, My Sweet (1944)",Film-Noir|Thriller,M,50,14,13210
2419,3649,3,974240576,American Gigolo (1980),Drama,M,25,0,06096
2501,923,5,974085285,Citizen Kane (1941),Drama,M,25,15,37923
2519,919,5,974068224,"Wizard of Oz, The (1939)",Adventure|Children's|Drama|Musical,F,45,2,14850
2750,1517,4,973200247,Austin Powers: International Man of Mystery (1997),Comedy,F,25,15,91360
2840,1517,1,972568681,Austin Powers: International Man of Mystery (1997),Comedy,M,25,0,60660
2977,919,3,971020845,"Wizard of Oz, The (1939)",Adventure|Children's|Drama|Musical,F,18,4,48104
2590,1917,3,973931059,Armageddon (1998),Action|Adventure|Sci-Fi|Thriller,M,18,4,94044
2665,1917,3,974736594,Armageddon (1998),Action|Adventure|Sci-Fi|Thriller,M,35,11,98443
2896,1028,4,971996183,Mary Poppins (1964),Children's|Comedy|Musical,M,18,14,60073
2304,2613,2,974496356,Night of the Comet (1984),Action|Horror|Sci-Fi,M,45,12,94103
2376,491,2,974335539,"Man Without a Face, The (1993)",Drama,M,25,1,13210
2454,2640,4,974234338,Superman (1978),Action|Adventure|Sci-Fi,M,18,0,97005
2457,3534,4,974179077,28 Days (2000),Comedy,M,25,0,60656
2737,3534,3,973225653,28 Days (2000),Comedy,M,25,3,50311
2761,2245,3,973150769,Working Girl (1988),Comedy|Drama,M,35,6,80917
2810,2485,2,972770961,She's All That (1999),Comedy|Romance,F,1,10,64093
2676,3683,4,973401894,Blood Simple (1984),Drama|Film-Noir,M,56,20,78731
2753,452,3,973197299,Widows' Peak (1994),Drama,F,50,20,27516
2764,1029,4,973137239,Dumbo (1941),Animation|Children's|Musical,M,25,7,91403
2829,3683,1,972591156,Blood Simple (1984),Drama|Film-Noir,M,45,20,10013
2444,48,3,974578880,Pocahontas (1995),Animation|Children's|Musical|Romance,F,45,4,42420
2844,507,4,972530405,"Perfect World, A (1993)",Action|Drama,M,25,20,87103
2627,2985,3,973629265,Robocop (1987),Action|Crime|Sci-Fi,M,25,1,06877
2288,258,1,974521759,"Kid in King Arthur's Court, A (1995)",Adventure|Children's|Comedy|Fantasy|Romance,M,1,10,13066
2503,2072,1,974085846,"'burbs, The (1989)",Comedy,M,35,17,19360
2700,1357,3,973305739,Shine (1996),Drama|Romance,M,25,7,30117
2899,2252,4,971920349,Hero (1992),Comedy|Drama,M,35,14,94133
2996,2072,3,972702968,"'burbs, The (1989)",Comedy,M,18,0,63011
2866,2105,2,972647208,Tron (1982),Action|Adventure|Fantasy|Sci-Fi,M,25,7,53717
2352,2554,2,974401477,Children of the Damned (1963),Horror|Sci-Fi|Thriller,M,50,13,41076
2353,2571,2,974401459,"Matrix, The (1999)",Action|Sci-Fi|Thriller,F,35,9,61270
2435,2571,3,974223776,"Matrix, The (1999)",Action|Sci-Fi|Thriller,M,25,4,22903
2638,3635,4,973706330,"Spy Who Loved Me, The (1977)",Action,M,25,14,06405
2781,3947,4,989597175,Get Carter (1971),Thriller,M,35,4,45205
2939,2571,5,972281524,"Matrix, The (1999)",Action|Sci-Fi|Thriller,F,25,15,94901
2340,2374,5,974422655,Gung Ho (1986),Comedy|Drama,M,35,2,48104
2484,1541,3,974147202,Addicted to Love (1997),Comedy|Romance,M,45,5,31901
2860,1192,4,1008704405,Paris Is Burning (1990),Documentary,M,35,17,20009
2899,2374,4,971920405,Gung Ho (1986),Comedy|Drama,M,35,14,94133
2340,2153,3,974419588,"Avengers, The (1998)",Action|Adventure,M,35,2,48104
2536,1569,3,974063400,My Best Friend's Wedding (1997),Comedy|Romance,M,56,13,37830
2559,257,4,974598514,Just Cause (1995),Mystery|Thriller,M,18,10,53207
2701,2153,1,973305375,"Avengers, The (1998)",Action|Adventure,M,45,1,60115
2303,1220,4,974582330,"Blues Brothers, The (1980)",Action|Comedy|Musical,M,50,17,08055
2359,2987,5,979830058,Who Framed Roger Rabbit? (1988),Adventure|Animation|Film-Noir,M,56,13,13685
2576,1222,4,973898873,Full Metal Jacket (1987),Action|Drama|War,M,18,17,97030
2625,1222,3,973634595,Full Metal Jacket (1987),Action|Drama|War,M,35,7,61910
2644,1222,4,973561155,Full Metal Jacket (1987),Action|Drama|War,M,18,15,45215
2752,1225,4,973195754,Amadeus (1984),Drama,M,25,15,77006
2909,1603,4,971972261,Mimic (1997),Sci-Fi|Thriller,M,25,7,43228
2952,1225,4,971212695,Amadeus (1984),Drama,M,25,4,06511
2590,504,2,973930988,No Escape (1994),Action|Sci-Fi,M,18,4,94044
2680,1252,5,973389721,Chinatown (1974),Film-Noir|Mystery|Thriller,M,25,12,01864
2907,1252,3,971842120,Chinatown (1974),Film-Noir|Mystery|Thriller,F,35,5,12345
2925,886,5,971578606,Bulletproof (1996),Action,F,25,4,23454
2994,2286,3,970707257,"Fiendish Plot of Dr. Fu Manchu, The (1980)",Comedy,M,35,5,95008
2878,904,5,972361783,Rear Window (1954),Mystery|Thriller,F,50,20,88005
2465,1035,4,974326157,"Sound of Music, The (1965)",Musical,M,50,6,44333
2507,1035,5,974076001,"Sound of Music, The (1965)",Musical,M,25,4,94107
2684,3285,1,973465843,"Beach, The (2000)",Adventure|Drama,F,18,0,19143
2814,3256,4,1035673568,Patriot Games (1992),Action|Thriller,M,35,7,02127
2820,2801,3,972662635,Oscar and Lucinda (a.k.a. Oscar & Lucinda) (1997),Drama|Romance,F,35,0,02138
2279,2346,3,974560552,"Stepford Wives, The (1975)",Sci-Fi|Thriller,M,50,7,08816
2368,3333,5,974341163,"Killing of Sister George, The (1968)",Drama,F,56,13,13057
2540,43,4,974047735,Restoration (1995),Drama,F,45,6,42420
2676,262,5,973403486,"Little Princess, A (1995)",Children's|Drama,M,56,20,78731
2507,1732,4,974078038,"Big Lebowski, The (1998)",Comedy|Crime|Mystery|Thriller,M,25,4,94107
2621,2106,3,973655881,Swing Kids (1993),Drama|War,M,18,0,46304
2745,1894,2,973220406,Six Days Seven Nights (1998),Adventure|Comedy|Romance,F,35,1,30345
2756,2106,4,985995358,Swing Kids (1993),Drama|War,M,18,4,97331
2840,2278,3,972572729,Ronin (1998),Action|Crime|Thriller,M,25,0,60660
2996,2278,3,972617346,Ronin (1998),Action|Crime|Thriller,M,18,0,63011
2382,2019,5,974324988,Seven Samurai (The Magnificent Seven) (Shichinin no samurai) (1954),Action|Drama,M,50,13,59715
2402,1240,4,974263020,"Terminator, The (1984)",Action|Sci-Fi|Thriller,M,45,17,32024
2886,165,5,972149364,Die Hard: With a Vengeance (1995),Action|Thriller,M,18,4,60073
2575,2734,3,973904853,"Mosquito Coast, The (1986)",Drama,M,35,7,76248
2402,590,3,974259747,Dances with Wolves (1990),Adventure|Drama|Western,M,45,17,32024
2414,3723,5,974257024,Hamlet (1990),Drama,M,25,1,49503
2552,2413,4,973999870,Clue (1985),Comedy|Mystery,F,25,9,29369
2575,1527,2,973905939,"Fifth Element, The (1997)",Action|Sci-Fi,M,35,7,76248
2737,3723,4,973226736,Hamlet (1990),Drama,M,25,3,50311
2744,1073,1,973215902,Willy Wonka and the Chocolate Factory (1971),Adventure|Children's|Comedy|Fantasy,M,18,17,53818
2753,1950,4,973199862,In the Heat of the Night (1967),Drama|Mystery,F,50,20,27516
2792,590,4,972932871,Dances with Wolves (1990),Adventure|Drama|Western,M,18,4,02452
2792,1073,3,972941309,Willy Wonka and the Chocolate Factory (1971),Adventure|Children's|Comedy|Fantasy,M,18,4,02452
2824,1527,5,972621409,"Fifth Element, The (1997)",Action|Sci-Fi,M,18,4,02111
2919,1073,3,975449071,Willy Wonka and the Chocolate Factory (1971),Adventure|Children's|Comedy|Fantasy,M,18,17,88076
2669,3717,4,987374407,Gone in 60 Seconds (2000),Action|Crime,M,45,0,24541
2294,2067,4,974507557,Doctor Zhivago (1965),Drama|Romance|War,M,56,13,48108
2304,1334,4,974495694,"Blob, The (1958)",Horror|Sci-Fi,M,45,12,94103
2368,1231,4,974339265,"Right Stuff, The (1983)",Drama,F,56,13,13057
2712,316,4,973643383,Stargate (1994),Action|Adventure|Sci-Fi,F,18,19,33953
2591,3471,4,973829660,Close Encounters of the Third Kind (1977),Drama|Sci-Fi,M,18,1,50310
2793,3471,3,972930518,Close Encounters of the Third Kind (1977),Drama|Sci-Fi,M,35,7,70116
2636,318,5,973578265,"Shawshank Redemption, The (1994)",Drama,M,18,12,78750
2777,1271,4,973050419,Fried Green Tomatoes (1991),Drama,M,18,4,95326
2820,3011,4,972660640,"They Shoot Horses, Don't They? (1969)",Drama,F,35,0,02138
2826,2819,4,972600986,Three Days of the Condor (1975),Thriller,M,35,12,10011
2942,318,3,971329194,"Shawshank Redemption, The (1994)",Drama,F,50,1,93103
2984,2657,3,970869306,"Rocky Horror Picture Show, The (1975)",Comedy|Horror|Musical|Sci-Fi,M,25,4,48105
2381,3420,2,974324441,...And Justice for All (1979),Drama|Thriller,F,35,9,13066
2909,2968,3,971882638,Time Bandits (1981),Adventure|Fantasy|Sci-Fi,M,25,7,43228
3012,2826,2,1044066381,"13th Warrior, The (1999)",Action|Horror|Thriller,M,25,12,78660
2529,552,4,974061494,"Three Musketeers, The (1993)",Action|Adventure|Comedy,F,35,9,95903
2660,17,4,973465133,Sense and Sensibility (1995),Drama|Romance,M,56,17,28704
2670,1219,5,973553063,Psycho (1960),Horror|Thriller,M,35,6,94598
2694,1991,5,973310800,Child's Play (1988),Horror,M,18,4,90024
2712,1597,5,973643684,Conspiracy Theory (1997),Action|Mystery|Romance|Thriller,F,18,19,33953
2743,1597,4,973222571,Conspiracy Theory (1997),Action|Mystery|Romance|Thriller,M,25,14,72601
2798,17,4,972868592,Sense and Sensibility (1995),Drama|Romance,M,35,20,10038
3018,1991,3,970680186,Child's Play (1988),Horror,M,35,0,45242
2888,1967,4,972058454,Labyrinth (1986),Adventure|Children's|Fantasy,M,25,14,55438
2665,2078,5,973455250,"Jungle Book, The (1967)",Animation|Children's|Comedy|Musical,M,35,11,98443
2899,2598,2,971919943,Pushing Tin (1999),Comedy,M,35,14,94133
2484,2720,3,974148076,Inspector Gadget (1999),Action|Adventure|Children's|Comedy,M,45,5,31901
2793,1982,3,972933937,Halloween (1978),Horror,M,35,7,70116
2407,2206,3,974255864,Suspicion (1941),Mystery|Thriller,M,35,16,11358
2568,2490,4,973935545,Payback (1999),Action|Thriller,M,25,17,31311
2863,3897,2,972501271,Almost Famous (2000),Comedy|Drama,F,25,2,27705
2627,3499,3,973629629,Misery (1990),Horror,M,25,1,06877
2790,610,5,972942104,Heavy Metal (1981),Action|Adventure|Animation|Horror|Sci-Fi,M,25,20,85013
2907,761,1,971821040,"Phantom, The (1996)",Adventure,F,35,5,12345
2941,2080,4,971347247,Lady and the Tramp (1955),Animation|Children's|Comedy|Musical|Romance,M,35,12,98033
2944,594,4,1011234526,Snow White and the Seven Dwarfs (1937),Animation|Children's|Musical,F,18,4,48104
2986,2324,4,970809440,Life Is Beautiful (La Vita è bella) (1997),Comedy|Drama,M,25,4,24060
2620,2716,4,973660109,Ghostbusters (1984),Comedy|Horror,M,18,4,47306
2631,2947,2,973613264,Goldfinger (1964),Action,F,50,1,14850
2737,2716,3,973227675,Ghostbusters (1984),Comedy|Horror,M,25,3,50311
2909,1059,4,971967883,William Shakespeare's Romeo and Juliet (1996),Drama|Romance,M,25,7,43228
2913,2716,4,971771908,Ghostbusters (1984),Comedy|Horror,F,35,20,98119
2304,1377,4,974498617,Batman Returns (1992),Action|Adventure|Comedy|Crime,M,45,12,94103
2340,838,5,974424795,Emma (1996),Comedy|Drama|Romance,M,35,2,48104
2340,568,5,974421980,Bhaji on the Beach (1993),Comedy|Drama,M,35,2,48104
2414,838,2,974256641,Emma (1996),Comedy|Drama|Romance,M,25,1,49503
2600,838,2,973805078,Emma (1996),Comedy|Drama|Romance,M,25,14,19312
2837,1377,3,972572318,Batman Returns (1992),Action|Adventure|Comedy|Crime,M,18,0,49506
3018,1377,3,970522284,Batman Returns (1992),Action|Adventure|Comedy|Crime,M,35,0,45242
2303,1957,5,974582713,Chariots of Fire (1981),Drama,M,50,17,08055
2484,1957,3,974150374,Chariots of Fire (1981),Drama,M,45,5,31901
2620,1272,4,973659514,Patton (1970),Drama|War,M,18,4,47306
2668,2369,4,973446581,Desperately Seeking Susan (1985),Comedy|Romance,F,25,4,94110
2681,2135,4,973390513,Doctor Dolittle (1967),Adventure|Musical,F,25,4,48823
2796,1957,2,997323064,Chariots of Fire (1981),Drama,M,25,14,92104
2985,196,4,1030053352,Species (1995),Horror|Sci-Fi,M,18,4,97333
2491,733,5,974144866,"Rock, The (1996)",Action|Adventure|Thriller,M,35,7,22904
2589,800,3,973865159,Lone Star (1996),Drama|Mystery,M,25,0,19004
2624,733,5,973642707,"Rock, The (1996)",Action|Adventure|Thriller,F,35,0,44313
2663,2338,3,973800321,I Still Know What You Did Last Summer (1998),Horror|Mystery|Thriller,F,25,4,02215
2784,290,5,973107728,Once Were Warriors (1994),Crime|Drama,M,50,20,20007
2885,2174,4,972185806,Beetlejuice (1988),Comedy|Fantasy,F,18,1,80302
2888,2174,4,972059196,Beetlejuice (1988),Comedy|Fantasy,M,25,14,55438
2638,2081,4,973573661,"Little Mermaid, The (1989)",Animation|Children's|Comedy|Musical|Romance,M,25,14,06405
2808,1037,4,991921200,"Lawnmower Man, The (1992)",Action|Sci-Fi|Thriller,M,56,16,60610
2833,3273,1,972586408,Scream 3 (2000),Horror|Mystery|Thriller,M,25,15,85003
2338,2970,5,974428314,Fitzcarraldo (1982),Adventure|Drama,M,45,17,13152
2383,1036,5,974323198,Die Hard (1988),Action|Thriller,F,25,14,95125
2424,1036,5,974688292,Die Hard (1988),Action|Thriller,M,25,17,95035
2539,1036,4,974045750,Die Hard (1988),Action|Thriller,M,35,7,32444
2690,2991,3,973344326,Live and Let Die (1973),Action,M,25,7,24210
2888,1036,4,972061149,Die Hard (1988),Action|Thriller,M,25,14,55438
2592,1779,2,974057515,Sphere (1998),Adventure|Sci-Fi|Thriller,M,50,7,80004-4448
2718,1779,4,973286063,Sphere (1998),Adventure|Sci-Fi|Thriller,F,25,4,96817
2786,3505,5,973564458,No Way Out (1987),Thriller,M,25,4,60201
2526,930,5,974064410,Notorious (1946),Film-Noir|Romance|Thriller,M,56,13,37923
2728,2424,4,973264898,You've Got Mail (1998),Comedy|Romance,M,35,12,27614
2793,2424,4,972936248,You've Got Mail (1998),Comedy|Romance,M,35,7,70116
2918,2424,1,999803461,You've Got Mail (1998),Comedy|Romance,M,25,12,98112
2999,8,2,970621145,Tom and Huck (1995),Adventure|Children's,M,25,7,33813
2414,161,4,974917408,Crimson Tide (1995),Drama|Thriller|War,M,25,1,49503
2566,2687,4,973966808,Tarzan (1999),Animation|Children's,M,35,17,94022
2665,1256,1,974737490,Duck Soup (1933),Comedy|War,M,35,11,98443
2719,1256,5,973287783,Duck Soup (1933),Comedy|War,M,25,12,98100
2786,1385,4,973559213,Under Siege (1992),Action,M,25,4,60201
2899,555,4,971922342,True Romance (1993),Action|Crime|Romance,M,35,14,94133
2967,3479,4,971128321,Ladyhawke (1985),Adventure|Fantasy|Romance,M,25,0,94110
3018,2687,4,970506789,Tarzan (1999),Animation|Children's,M,35,0,45242
2483,2959,2,974145670,Fight Club (1999),Drama,M,56,13,90503
2641,39,3,973568278,Clueless (1995),Comedy|Romance,M,25,6,19428
2860,2959,3,974149058,Fight Club (1999),Drama,M,35,17,20009
2927,1254,3,971554271,"Treasure of the Sierra Madre, The (1948)",Adventure,M,25,12,24060
2456,1041,4,974178160,Secrets & Lies (1996),Drama,M,25,5,48103
2465,1287,5,974324068,Ben-Hur (1959),Action|Adventure|Drama,M,50,6,44333
2608,176,5,973727443,Living in Oblivion (1995),Comedy,F,25,1,10025
2832,1111,4,978994252,Microcosmos (Microcosmos: Le peuple de l'herbe) (1996),Documentary,M,25,17,20036
2896,520,4,972003563,Robin Hood: Men in Tights (1993),Comedy,M,18,14,60073
2986,1287,4,973492465,Ben-Hur (1959),Action|Adventure|Drama,M,25,4,24060
2986,380,3,971848353,True Lies (1994),Action|Adventure|Comedy|Romance,M,25,4,24060
2931,1431,2,972712935,Beverly Hills Ninja (1997),Action|Comedy,M,18,4,16803
2724,446,4,973271540,Farewell My Concubine (1993),Drama|Romance,F,45,2,27514
2978,1358,4,970965635,Sling Blade (1996),Drama|Thriller,M,35,20,45236
2272,3543,5,974570768,Diner (1982),Comedy|Drama,M,25,0,71731
2634,1914,4,975934876,Smoke Signals (1998),Comedy|Drama,M,56,1,15701
2716,3251,3,973286865,Agnes of God (1985),Drama|Mystery,F,50,4,96825
2478,1233,4,974240570,"Boat, The (Das Boot) (1981)",Action|Drama|War,M,50,1,37922
2691,1374,5,976390619,Star Trek: The Wrath of Khan (1982),Action|Adventure|Sci-Fi,M,18,4,06459
2872,1594,4,972421254,In the Company of Men (1997),Drama,M,25,20,94014
2500,1673,2,974086261,Boogie Nights (1997),Drama,M,56,1,29672
2506,3454,3,974141509,Whatever It Takes (2000),Comedy|Romance,F,25,14,98225
2627,1673,4,973627667,Boogie Nights (1997),Drama,M,25,1,06877
2810,1620,3,1027963256,Kiss the Girls (1997),Crime|Drama|Thriller,F,1,10,64093
2872,1620,4,972422043,Kiss the Girls (1997),Crime|Drama|Thriller,M,25,20,94014
2913,1673,4,971768659,Boogie Nights (1997),Drama,F,35,20,98119
2629,2921,4,973629818,High Plains Drifter (1972),Western,M,25,11,15237
2909,2921,4,971882233,High Plains Drifter (1972),Western,M,25,7,43228
2541,438,3,974048043,"Cowboy Way, The (1994)",Action|Comedy,F,35,5,49424
2792,3608,1,972930785,Pee-wee's Big Adventure (1985),Comedy,M,18,4,02452
2898,3052,4,1001212772,Dogma (1999),Comedy,M,18,4,02453
2928,3608,5,971554483,Pee-wee's Big Adventure (1985),Comedy,M,25,2,90068
2994,3608,4,970707076,Pee-wee's Big Adventure (1985),Comedy,M,35,5,95008
2348,2951,1,974412915,"Fistful of Dollars, A (1964)",Action|Western,M,50,12,06082
2496,1234,4,974350408,"Sting, The (1973)",Comedy|Crime,M,50,1,37932
2548,2881,4,974036300,Double Jeopardy (1999),Action|Thriller,F,35,6,37919
2865,2881,5,972493731,Double Jeopardy (1999),Action|Thriller,F,25,6,21014
2903,1200,3,971855235,Aliens (1986),Action|Sci-Fi|Thriller|War,M,25,16,20850
2507,2194,4,974081980,"Untouchables, The (1987)",Action|Crime|Drama,M,25,4,94107
2858,2194,4,972505073,"Untouchables, The (1987)",Action|Crime|Drama,F,1,10,72601
2888,2143,4,972058807,Legend (1985),Adventure|Fantasy|Romance,M,25,14,55438
2415,524,4,976422398,Rudy (1993),Drama,M,25,7,22407
2456,3361,3,974182301,Bull Durham (1988),Comedy,M,25,5,48103
2540,869,4,974048946,Kansas City (1996),Crime,F,45,6,42420
2592,1960,3,974058338,"Last Emperor, The (1987)",Drama|War,M,50,7,80004-4448
2764,1960,4,973137300,"Last Emperor, The (1987)",Drama|War,M,25,7,91403
2638,3101,4,980119024,Fatal Attraction (1987),Thriller,M,25,14,06405
2719,3639,4,973285496,"Man with the Golden Gun, The (1974)",Action,M,25,12,98100
2752,3101,3,973196420,Fatal Attraction (1987),Thriller,M,25,15,77006
2793,3101,5,972941554,Fatal Attraction (1987),Thriller,M,35,7,70116
2820,3639,2,972667935,"Man with the Golden Gun, The (1974)",Action,F,35,0,02138
2929,1104,5,971590652,"Streetcar Named Desire, A (1951)",Drama,M,18,2,60614
2995,1104,3,970683542,"Streetcar Named Desire, A (1951)",Drama,M,25,15,97333
2493,1625,4,974105181,"Game, The (1997)",Mystery|Thriller,M,45,2,90631
2572,1094,4,973909522,"Crying Game, The (1992)",Drama|Romance|War,M,35,14,75005
2624,1094,4,973651176,"Crying Game, The (1992)",Drama|Romance|War,F,35,0,44313
2719,3771,4,973285632,"Golden Voyage of Sinbad, The (1974)",Action|Adventure,M,25,12,98100
2872,2129,3,972423092,"Saltmen of Tibet, The (1997)",Documentary,M,25,20,94014
2986,1094,3,970808451,"Crying Game, The (1992)",Drama|Romance|War,M,25,4,24060
2455,589,3,974180437,Terminator 2: Judgment Day (1991),Action|Sci-Fi|Thriller,M,35,7,48197
2462,589,3,974169311,Terminator 2: Judgment Day (1991),Action|Sci-Fi|Thriller,M,35,1,44303
2595,589,3,973810109,Terminator 2: Judgment Day (1991),Action|Sci-Fi|Thriller,M,18,4,15213
2777,848,5,973123912,"Spitfire Grill, The (1996)",Drama,M,18,4,95326
2872,589,5,972416456,Terminator 2: Judgment Day (1991),Action|Sci-Fi|Thriller,M,25,20,94014
2887,1970,2,972269619,"Nightmare on Elm Street 3: Dream Warriors, A (1987)",Horror,M,25,3,66205
2909,1346,5,971972130,Cat People (1982),Horror,M,25,7,43228
2910,2167,3,1039659150,Blade (1998),Action|Adventure|Horror,M,1,19,75602
2962,2167,2,977169156,Blade (1998),Action|Adventure|Horror,M,35,3,94109
3001,10,4,970619102,GoldenEye (1995),Action|Adventure|Thriller,M,18,4,94704
2638,2641,2,973706853,Superman II (1980),Action|Adventure|Sci-Fi,M,25,14,06405
2737,1354,4,973226098,Breaking the Waves (1996),Drama,M,25,3,50311
2334,2431,4,974432679,Patch Adams (1998),Comedy|Drama,F,56,7,01562
2414,750,4,974245264,Dr. Strangelove or: How I Learned to Stop Worrying and Love the Bomb (1963),Sci-Fi|War,M,25,1,49503
2546,1214,2,974040725,Alien (1979),Action|Horror|Sci-Fi|Thriller,F,56,13,37931
2621,3061,4,1016911277,Holiday Inn (1942),Comedy|Musical,M,18,0,46304
2627,3168,2,973629759,Easy Rider (1969),Adventure|Drama,M,25,1,06877
2679,750,5,973391665,Dr. Strangelove or: How I Learned to Stop Worrying and Love the Bomb (1963),Sci-Fi|War,F,18,4,02143
2736,50,4,973390149,"Usual Suspects, The (1995)",Crime|Thriller,M,45,12,80303
2798,3467,4,972867731,Hud (1963),Drama|Western,M,35,20,10038
2892,951,5,980572350,His Girl Friday (1940),Comedy,M,25,4,84064
3011,50,5,1021397716,"Usual Suspects, The (1995)",Crime|Thriller,M,25,1,10003
2372,2671,5,974676541,Notting Hill (1999),Comedy|Romance,F,45,7,01602
2457,2012,5,974179077,Back to the Future Part III (1990),Comedy|Sci-Fi|Western,M,25,0,60656
2507,527,3,974079521,Schindler's List (1993),Drama|War,M,25,4,94107
2776,2671,4,973054845,Notting Hill (1999),Comedy|Romance,M,25,14,22205
2796,527,5,997322302,Schindler's List (1993),Drama|War,M,25,14,92104
2919,293,5,971713316,"Professional, The (a.k.a. Leon: The Professional) (1994)",Crime|Drama|Romance|Thriller,M,18,17,88076
2986,2012,3,971849267,Back to the Future Part III (1990),Comedy|Sci-Fi|Western,M,25,4,24060
3007,2012,3,970540448,Back to the Future Part III (1990),Comedy|Sci-Fi|Western,M,35,0,33174
2406,1704,5,974256122,Good Will Hunting (1997),Drama,F,56,12,01520
2583,3724,3,974076823,Coming Home (1978),Drama|War,M,35,7,19610
2303,952,5,978825459,Around the World in 80 Days (1956),Adventure|Comedy,M,50,17,08055
2857,1667,3,972506795,Mad City (1997),Action|Drama,M,25,0,10469
2986,1667,4,970811932,Mad City (1997),Action|Drama,M,25,4,24060
2269,2722,2,981904680,Deep Blue Sea (1999),Action|Sci-Fi|Thriller,F,45,0,11217
2281,2722,3,974551616,Deep Blue Sea (1999),Action|Sci-Fi|Thriller,M,45,11,48104
2507,1405,3,974355227,Beavis and Butt-head Do America (1996),Animation|Comedy,M,25,4,94107
2386,364,5,974308622,"Lion King, The (1994)",Animation|Children's|Musical,F,25,0,06040
2402,249,3,974259977,Immortal Beloved (1994),Drama|Romance,M,45,17,32024
2451,3070,3,974462958,"Adventures of Buckaroo Bonzai Across the 8th Dimension, The (1984)",Adventure|Comedy|Sci-Fi,M,45,12,37853
2742,2311,2,973220739,2010 (1984),Mystery|Sci-Fi,M,25,17,36092
2529,3478,4,974059379,"Bamba, La (1987)",Drama,F,35,9,95903
2710,3354,2,973287856,Mission to Mars (2000),Sci-Fi,M,35,17,94303
2573,356,4,973909036,Forrest Gump (1994),Comedy|Romance|War,M,45,16,94536
2928,3016,3,971552008,Creepshow (1982),Horror,M,25,2,90068
2689,1923,4,973348446,There's Something About Mary (1998),Comedy,M,25,12,27511
2733,25,5,973234177,Leaving Las Vegas (1995),Drama|Romance,M,45,17,94002
2962,2596,2,971824771,SLC Punk! (1998),Comedy|Drama,M,35,3,94109
2360,2321,4,974516968,Pleasantville (1998),Comedy,M,50,6,13210
2626,2858,2,973628305,American Beauty (1999),Comedy|Drama,M,56,1,04056
2758,2858,4,973185164,American Beauty (1999),Comedy|Drama,M,56,8,12436
2784,2858,5,973021691,American Beauty (1999),Comedy|Drama,M,50,20,20007
2909,3510,5,971969772,Frequency (2000),Drama|Thriller,M,25,7,43228
2478,1213,5,974655123,GoodFellas (1990),Crime|Drama,M,50,1,37922
2589,1213,4,973864586,GoodFellas (1990),Crime|Drama,M,25,0,19004
2687,1213,5,973409015,GoodFellas (1990),Crime|Drama,M,1,10,08805
2717,1213,5,973287392,GoodFellas (1990),Crime|Drama,M,25,4,96826
2895,1213,5,972403324,GoodFellas (1990),Crime|Drama,M,25,11,07039
2288,1078,4,974518682,Bananas (1971),Comedy|War,M,1,10,13066
2453,24,3,974189745,Powder (1995),Drama|Sci-Fi,M,25,7,55429
2724,2689,2,973273904,Get Bruce (1999),Documentary,F,45,2,27514
2753,1103,4,973197907,Rebel Without a Cause (1955),Drama,F,50,20,27516
2909,160,2,971973951,Congo (1995),Action|Adventure|Mystery|Sci-Fi,M,25,7,43228
2961,3801,5,971135069,Anatomy of a Murder (1959),Drama|Mystery,M,50,17,91977
2518,3755,4,974069943,"Perfect Storm, The (2000)",Action|Adventure|Thriller,M,25,7,11793
2749,3035,4,983468814,Mister Roberts (1955),Comedy|Drama|War,M,25,12,10025
2841,3755,3,981581404,"Perfect Storm, The (2000)",Action|Adventure|Thriller,M,50,12,98056
2401,3267,4,974261068,"Mariachi, El (1992)",Action|Thriller,M,25,4,22901
2663,1912,2,973458620,Out of Sight (1998),Action|Crime|Romance,F,25,4,02215
2793,2529,4,972934506,Planet of the Apes (1968),Action|Sci-Fi,M,35,7,70116
2883,2505,3,972267323,8MM (1999),Thriller,M,18,20,30101
3013,3751,3,997736150,Chicken Run (2000),Animation|Children's|Comedy,M,45,17,97124
2903,480,5,971852437,Jurassic Park (1993),Action|Adventure|Sci-Fi,M,25,16,20850
2927,480,5,971554092,Jurassic Park (1993),Action|Adventure|Sci-Fi,M,25,12,24060
2962,480,4,977248859,Jurassic Park (1993),Action|Adventure|Sci-Fi,M,35,3,94109
2664,1610,4,973455698,"Hunt for Red October, The (1990)",Action|Thriller,M,35,7,52402
2439,3868,2,974225399,"Naked Gun: From the Files of Police Squad!, The (1988)",Comedy,M,45,17,48105
2546,2359,2,974041399,Waking Ned Devine (1998),Comedy,F,56,13,37931
2860,968,5,972506246,Night of the Living Dead (1968),Horror|Sci-Fi,M,35,17,20009
2994,2145,3,970707232,Pretty in Pink (1986),Comedy|Drama|Romance,M,35,5,95008
2649,2860,3,973632327,Blue Streak (1999),Comedy,M,25,16,80126
2820,2948,2,972667753,From Russia with Love (1963),Action,F,35,0,02138
2840,2541,4,972570536,Cruel Intentions (1999),Drama,M,25,0,60660
2913,29,5,971767330,"City of Lost Children, The (1995)",Adventure|Sci-Fi,F,35,20,98119
2410,2291,2,974251910,Edward Scissorhands (1990),Drama|Romance,M,56,7,06071
2464,1221,5,974166461,"Godfather: Part II, The (1974)",Action|Crime|Drama,F,18,4,44106
2728,2291,3,973264411,Edward Scissorhands (1990),Drama|Romance,M,35,12,27614
2750,2291,5,973201333,Edward Scissorhands (1990),Drama|Romance,F,25,15,91360
2787,2291,4,972966997,Edward Scissorhands (1990),Drama|Romance,M,25,4,60614
2323,3253,5,974626794,Wayne's World (1992),Comedy,M,35,3,13088
2583,1409,5,974066430,Michael (1996),Comedy|Romance,M,35,7,19610
2810,1393,3,972791816,Jerry Maguire (1996),Drama|Romance,F,1,10,64093
2830,21,5,972590542,Get Shorty (1995),Action|Comedy|Drama,M,35,7,94506
2968,1393,5,971108031,Jerry Maguire (1996),Drama|Romance,F,18,0,48104
2304,2922,4,974513092,Hang 'em High (1967),Western,M,45,12,94103
2446,1079,4,974215827,"Fish Called Wanda, A (1988)",Comedy,M,18,7,10038
2778,1465,3,973987773,Rosewood (1997),Drama,M,56,13,94025
2888,550,4,972060886,Threesome (1994),Comedy|Romance,M,25,14,55438
2907,1345,3,971842219,Carrie (1976),Horror,F,35,5,12345
2674,866,4,973415641,Bound (1996),Crime|Drama|Romance|Thriller,M,25,4,94110
2709,3869,1,973290012,"Naked Gun 2 1/2: The Smell of Fear, The (1991)",Comedy,F,25,0,60660
2778,2300,4,973988401,"Producers, The (1968)",Comedy|Musical,M,56,13,94025
2795,1179,3,972892354,"Grifters, The (1990)",Crime|Drama|Film-Noir,M,50,13,33710
3002,3869,2,970613915,"Naked Gun 2 1/2: The Smell of Fear, The (1991)",Comedy,M,45,11,90028
2307,2100,4,974812349,Splash (1984),Comedy|Fantasy|Romance,M,25,17,02140
2483,933,4,974146316,To Catch a Thief (1955),Comedy|Romance|Thriller,M,56,13,90503
2672,1450,4,973434032,Prisoner of the Mountains (Kavkazsky Plennik) (1996),War,M,35,7,04096
2752,1185,4,973195813,My Left Foot (1989),Drama,M,25,15,77006
2750,1188,5,973199526,Strictly Ballroom (1992),Comedy|Romance,F,25,15,91360
2986,2130,4,971846180,Atlantic City (1980),Crime|Drama|Romance,M,25,4,24060
2418,1593,2,974244138,Picture Perfect (1997),Comedy|Romance,F,1,10,06074
2611,3877,1,973725666,Supergirl (1984),Action|Adventure|Fantasy,M,25,3,07719
2664,2533,4,973461780,Escape from the Planet of the Apes (1971),Action|Sci-Fi,M,35,7,52402
2754,3255,3,973195974,"League of Their Own, A (1992)",Comedy|Drama,M,50,12,60148
3018,3255,4,970608088,"League of Their Own, A (1992)",Comedy|Drama,M,35,0,45242
2900,2352,5,971910265,"Big Chill, The (1983)",Comedy|Drama,M,18,12,95120
2934,1203,4,971490983,12 Angry Men (1957),Drama,F,35,20,91324
2967,1284,4,971111498,"Big Sleep, The (1946)",Film-Noir|Mystery,M,25,0,94110
2330,1931,3,974430127,Mutiny on the Bounty (1935),Adventure,M,45,7,48103
2823,32,2,972623945,Twelve Monkeys (1995),Drama|Sci-Fi,M,25,4,02452
2826,2927,5,973194556,Brief Encounter (1946),Drama|Romance,M,35,12,10011
2304,786,5,974498746,Eraser (1996),Action|Thriller,M,45,12,94103
2472,662,3,974253295,Fear (1996),Thriller,M,25,18,37922
2494,141,3,974097364,"Birdcage, The (1996)",Comedy,M,18,4,52003
2538,608,4,974049879,Fargo (1996),Crime|Drama|Thriller,M,56,13,37923
2679,899,5,973391583,Singin' in the Rain (1952),Musical|Romance,F,18,4,02143
2938,608,5,971451307,Fargo (1996),Crime|Drama|Thriller,F,25,0,55345
2559,1909,4,974598535,"X-Files: Fight the Future, The (1998)",Mystery|Sci-Fi|Thriller,M,18,10,53207
2777,1440,3,973051720,Amos & Andrew (1993),Comedy,M,18,4,95326
2804,943,4,972794649,"Ghost and Mrs. Muir, The (1947)",Drama|Romance,F,35,0,46234
2288,2710,3,974519048,"Blair Witch Project, The (1999)",Horror,M,1,10,13066
2796,272,4,997323284,"Madness of King George, The (1994)",Drama,M,25,14,92104
2418,3247,4,974243838,Sister Act (1992),Comedy|Crime,F,1,10,06074
2501,2093,2,994950556,Return to Oz (1985),Adventure|Children's|Fantasy|Sci-Fi,M,25,15,37923
2669,1617,4,978217581,L.A. Confidential (1997),Crime|Film-Noir|Mystery|Thriller,M,45,0,24541
2882,1883,3,972243104,Bulworth (1998),Comedy,M,18,20,78759
2266,1686,4,974579729,Red Corner (1997),Crime|Thriller,F,50,2,48118
2793,303,2,972937033,"Quick and the Dead, The (1995)",Action|Adventure|Western,M,35,7,70116
2820,426,3,972669409,Body Snatchers (1993),Horror|Sci-Fi|Thriller,F,35,0,02138
2898,1120,4,1001212822,"People vs. Larry Flynt, The (1996)",Drama,M,18,4,02453
2929,426,2,971588668,Body Snatchers (1993),Horror|Sci-Fi|Thriller,M,18,2,60614
2309,1953,3,974488254,"French Connection, The (1971)",Action|Crime|Drama|Thriller,F,45,0,08901
2334,1953,4,974429521,"French Connection, The (1971)",Action|Crime|Drama|Thriller,F,56,7,01562
2436,1268,4,1015941562,Pump Up the Volume (1990),Drama,M,25,7,22902
2445,1544,3,974218041,"Lost World: Jurassic Park, The (1997)",Action|Adventure|Sci-Fi|Thriller,M,25,0,48104
2462,3812,4,991538802,Everything You Always Wanted to Know About Sex (1972),Comedy,M,35,1,44303
2599,1544,3,973795785,"Lost World: Jurassic Park, The (1997)",Action|Adventure|Sci-Fi|Thriller,M,25,12,53154
2779,1953,4,986580037,"French Connection, The (1971)",Action|Crime|Drama|Thriller,M,35,7,10040
2810,1196,4,972790549,Star Wars: Episode V - The Empire Strikes Back (1980),Action|Adventure|Drama|Sci-Fi|War,F,1,10,64093
2888,1544,3,972058807,"Lost World: Jurassic Park, The (1997)",Action|Adventure|Sci-Fi|Thriller,M,25,14,55438
2888,2373,4,972058788,Red Sonja (1985),Action|Adventure,M,25,14,55438
2934,1544,4,971488391,"Lost World: Jurassic Park, The (1997)",Action|Adventure|Sci-Fi|Thriller,F,35,20,91324
2438,3424,5,974225734,Do the Right Thing (1989),Comedy|Drama,M,35,1,22903
2486,2908,4,974143123,Boys Don't Cry (1999),Drama,M,18,12,98105
2798,3424,2,972868468,Do the Right Thing (1989),Comedy|Drama,M,35,20,10038
2826,2936,5,972601734,Sullivan's Travels (1942),Comedy,M,35,12,10011
2308,2707,4,974487426,Arlington Road (1999),Thriller,F,45,16,48103
2373,913,3,974335835,"Maltese Falcon, The (1941)",Film-Noir|Mystery,M,45,7,94109
2507,105,4,974083401,"Bridges of Madison County, The (1995)",Drama|Romance,M,25,4,94107
2529,2430,4,974058956,Mighty Joe Young (1949),Adventure|Children's|Drama,F,35,9,95903
2661,2518,3,973462216,Night Shift (1982),Comedy,M,56,13,19312
2303,1573,4,974496303,Face/Off (1997),Action|Sci-Fi|Thriller,M,50,17,08055
2411,3362,3,974590595,Dog Day Afternoon (1975),Comedy|Crime|Drama,F,35,14,01536
2417,3362,4,974242854,Dog Day Afternoon (1975),Comedy|Crime|Drama,M,45,1,53045
2900,1370,3,971903077,Die Hard 2 (1990),Action|Thriller,M,18,12,95120
2990,58,5,970954395,"Postino, Il (The Postman) (1994)",Drama|Romance,M,35,12,45243
2288,3735,3,974523884,Serpico (1973),Crime|Drama,M,1,10,13066
2294,11,4,974508071,"American President, The (1995)",Comedy|Drama|Romance,M,56,13,48108
2334,11,4,974426465,"American President, The (1995)",Comedy|Drama|Romance,F,56,7,01562
2411,11,3,974590922,"American President, The (1995)",Comedy|Drama|Romance,F,35,14,01536
2730,3735,4,973263044,Serpico (1973),Crime|Drama,M,35,11,48640
2271,110,4,974573673,Braveheart (1995),Action|Drama|War,M,50,14,13210
2503,1033,2,974085878,"Fox and the Hound, The (1981)",Animation|Children's,M,35,17,19360
2544,541,3,974041382,Blade Runner (1982),Film-Noir|Sci-Fi,M,45,1,52001
2565,150,5,973965550,Apollo 13 (1995),Drama,M,35,5,34786
2592,3418,3,973829271,Thelma & Louise (1991),Action|Drama,M,50,7,80004-4448
2683,110,5,979965828,Braveheart (1995),Action|Drama|War,M,35,7,60188
2862,110,3,972503336,Braveheart (1995),Action|Drama|War,M,45,7,55066
2967,1129,4,971127037,Escape from New York (1981),Action|Adventure|Sci-Fi|Thriller,M,25,0,94110
3000,541,4,970620744,Blade Runner (1982),Film-Noir|Sci-Fi,M,25,4,55408
2821,2459,1,972655520,"Texas Chainsaw Massacre, The (1974)",Horror,M,18,20,10036
2591,2028,4,973829490,Saving Private Ryan (1998),Action|Drama|War,M,18,1,50310
2786,2028,5,972973186,Saving Private Ryan (1998),Action|Drama|War,M,25,4,60201
3006,2028,5,970542443,Saving Private Ryan (1998),Action|Drama|War,M,18,4,45750
2628,147,5,973627815,"Basketball Diaries, The (1995)",Drama,F,25,2,11217
2880,1080,4,989098500,Monty Python's Life of Brian (1979),Comedy,M,18,12,55405
2456,546,3,974181652,Super Mario Bros. (1993),Action|Adventure|Children's|Sci-Fi,M,25,5,48103
2638,805,3,973573336,"Time to Kill, A (1996)",Drama,M,25,14,06405
2700,1672,4,973306193,"Rainmaker, The (1997)",Drama,M,25,7,30117
2724,2946,4,973274013,Help! (1965),Comedy|Musical,F,45,2,27514
2978,2946,3,970965199,Help! (1965),Comedy|Musical,M,35,20,45236
2293,2303,5,974510904,Nashville (1975),Drama|Musical,F,56,3,48130
2303,1693,4,974494703,Amistad (1997),Drama,M,50,17,08055
2676,2303,4,973401866,Nashville (1975),Drama|Musical,M,56,20,78731
2792,349,4,972931566,Clear and Present Danger (1994),Action|Adventure|Thriller,M,18,4,02452
2910,1285,5,1016473989,Heathers (1989),Comedy,M,1,19,75602
2919,349,4,975445417,Clear and Present Danger (1994),Action|Adventure|Thriller,M,18,17,88076
2266,1678,3,974579729,"Joy Luck Club, The (1993)",Drama,F,50,2,48118
2304,454,4,974512135,"Firm, The (1993)",Drama|Thriller,M,45,12,94103
2398,1958,5,974278397,Terms of Endearment (1983),Comedy|Drama,M,25,0,98122
2484,1753,1,974147144,Half Baked (1998),Comedy,M,45,5,31901
2648,2411,2,973539226,Rocky IV (1985),Action|Drama,M,25,17,27707
2841,373,5,984619368,Red Rock West (1992),Thriller,M,50,12,98056
3012,3785,1,1044067248,Scary Movie (2000),Comedy|Horror,M,25,12,78660
2419,2065,3,974248821,"Purple Rose of Cairo, The (1985)",Comedy|Drama|Romance,M,25,0,06096
2947,3535,3,1037741315,American Psycho (2000),Comedy|Horror|Thriller,F,25,0,02138
2974,3250,4,971033917,Alive (1993),Drama,M,18,4,48105
2752,1095,3,973269545,Glengarry Glen Ross (1992),Drama,M,25,15,77006
2885,3881,5,972452947,Bittersweet Motel (2000),Documentary,F,18,1,80302
2903,3146,3,971853272,Deuce Bigalow: Male Gigolo (1999),Comedy,M,25,16,20850
2293,909,5,974508769,"Apartment, The (1960)",Comedy|Drama,F,56,3,48130
2304,3448,3,974502251,"Good Morning, Vietnam (1987)",Comedy|Drama|War,M,45,12,94103
2638,1954,3,973706266,Rocky (1976),Action|Drama,M,25,14,06405
2787,1954,4,972966968,Rocky (1976),Action|Drama,M,25,4,60614
2918,2334,4,999803306,"Siege, The (1998)",Action|Thriller,M,25,12,98112
2967,3448,2,971133977,"Good Morning, Vietnam (1987)",Comedy|Drama|War,M,25,0,94110
2338,2944,4,974429435,"Dirty Dozen, The (1967)",Action|War,M,45,17,13152
2376,778,4,974334213,Trainspotting (1996),Drama,M,25,1,13210
2684,3556,2,985991233,"Virgin Suicides, The (1999)",Comedy|Drama,F,18,0,19143
2309,276,2,974487537,Milk Money (1994),Comedy|Romance,F,45,0,08901
2499,2605,5,974090371,Entrapment (1999),Crime|Thriller,M,50,0,36109
2617,3274,3,973687585,Single White Female (1992),Action,F,45,15,60081
2916,3130,1,971732800,Bonfire of the Vanities (1990),Comedy,M,45,2,98011
3014,3536,4,970708453,Keeping the Faith (2000),Comedy|Romance,M,35,7,06430
3018,2605,3,970519262,Entrapment (1999),Crime|Thriller,M,35,0,45242
2395,999,3,975345908,2 Days in the Valley (1996),Crime,M,35,7,08021
2890,2115,4,972018169,Indiana Jones and the Temple of Doom (1984),Action|Adventure,M,35,7,90069
2353,357,3,974401914,Four Weddings and a Funeral (1994),Comedy|Romance,F,35,9,61270
2368,2000,5,974341299,Lethal Weapon (1987),Action|Comedy|Crime|Drama,F,56,13,13057
2544,1187,3,990395653,Passion Fish (1992),Drama,M,45,1,52001
2547,905,4,974040277,It Happened One Night (1934),Comedy,F,35,0,37920
2552,2144,3,973999677,Sixteen Candles (1984),Comedy,F,25,9,29369
2731,2144,4,973244198,Sixteen Candles (1984),Comedy,M,35,7,11050
2737,357,5,973227860,Four Weddings and a Funeral (1994),Comedy|Romance,M,25,3,50311
2820,2925,3,972658015,"Conformist, The (Il Conformista) (1970)",Drama,F,35,0,02138
2406,1193,5,974255556,One Flew Over the Cuckoo's Nest (1975),Drama,F,56,12,01520
2419,281,4,974248013,Nobody's Fool (1994),Drama,M,25,0,06096
2630,3174,3,973621272,Man on the Moon (1999),Comedy|Drama,F,18,5,78704
2684,3174,3,973465092,Man on the Moon (1999),Comedy|Drama,F,18,0,19143
2909,1193,5,971881486,One Flew Over the Cuckoo's Nest (1975),Drama,M,25,7,43228
2348,3733,3,974418753,"Paper Chase, The (1973)",Drama,M,50,12,06082
2402,3048,3,974263954,Under the Rainbow (1981),Comedy,M,45,17,32024
2526,3578,3,974065589,Gladiator (2000),Action|Drama,M,56,13,37923
2581,3005,3,974164199,"Bone Collector, The (1999)",Thriller,M,25,11,60611
2599,2011,2,973793769,Back to the Future Part II (1989),Comedy|Sci-Fi,M,25,12,53154
2748,3578,3,976414780,Gladiator (2000),Action|Drama,M,25,4,85719
3012,2011,2,1044066531,Back to the Future Part II (1989),Comedy|Sci-Fi,M,25,12,78660
2421,1371,3,974238467,Star Trek: The Motion Picture (1979),Action|Adventure|Sci-Fi,M,35,7,44306
2438,1371,3,974228887,Star Trek: The Motion Picture (1979),Action|Adventure|Sci-Fi,M,35,1,22903
2541,3033,3,974045571,Spaceballs (1987),Comedy|Sci-Fi,F,35,5,49424
2567,1371,2,973959201,Star Trek: The Motion Picture (1979),Action|Adventure|Sci-Fi,M,25,0,06451
2789,3033,4,972949040,Spaceballs (1987),Comedy|Sci-Fi,M,18,4,90025
2846,2696,4,972526360,"Dinner Game, The (Le Dîner de cons) (1998)",Comedy,F,18,4,91604
2995,1371,3,970684091,Star Trek: The Motion Picture (1979),Action|Adventure|Sci-Fi,M,25,15,97333
2485,3176,3,974146285,"Talented Mr. Ripley, The (1999)",Drama|Mystery|Thriller,M,35,14,95746
2493,3176,2,974105181,"Talented Mr. Ripley, The (1999)",Drama|Mystery|Thriller,M,45,2,90631
2507,1101,4,974083447,Top Gun (1986),Action|Romance,M,25,4,94107
2624,802,5,973651221,Phenomenon (1996),Drama|Romance,F,35,0,44313
2888,2949,4,972061167,Dr. No (1962),Action,M,25,14,55438
2271,2997,4,974576077,Being John Malkovich (1999),Comedy,M,50,14,13210
2368,535,5,974341163,Short Cuts (1993),Drama,F,56,13,13057
2489,2997,5,1010682154,Being John Malkovich (1999),Comedy,F,35,9,37843
2544,2248,4,990395379,Say Anything... (1989),Comedy|Drama|Romance,M,45,1,52001
2561,2997,3,974596649,Being John Malkovich (1999),Comedy,M,25,15,06460
2856,2997,4,972505513,Being John Malkovich (1999),Comedy,M,35,11,22030
2529,2423,5,974569005,Christmas Vacation (1989),Comedy,F,35,9,95903
2669,3554,4,977970603,Love and Basketball (2000),Drama|Romance,M,45,0,24541
2750,2423,4,973200767,Christmas Vacation (1989),Comedy,F,25,15,91360
2288,1178,5,974523115,Paths of Glory (1957),Drama|War,M,1,10,13066
2324,1674,5,974435406,Witness (1985),Drama|Romance|Thriller,M,35,17,50321
2353,1674,5,974401524,Witness (1985),Drama|Romance|Thriller,F,35,9,61270
2389,1584,4,974300707,Contact (1997),Drama|Sci-Fi,M,25,16,37922
2917,2186,5,974241756,Strangers on a Train (1951),Film-Noir|Thriller,M,25,0,60201
2304,2969,4,974510886,"Man and a Woman, A (Un Homme et une Femme) (1966)",Drama|Romance,M,45,12,94103
2411,2900,3,974588992,Monkey Shines (1988),Horror|Sci-Fi,F,35,14,01536
2621,172,2,973657504,Johnny Mnemonic (1995),Action|Sci-Fi|Thriller,M,18,0,46304
2697,3555,5,973306571,U-571 (2000),Action|Thriller,F,50,17,87031
2304,2976,3,974493894,Bringing Out the Dead (1999),Drama|Horror,M,45,12,94103
2340,2676,3,974422472,Instinct (1999),Drama|Thriller,M,35,2,48104
2378,1676,3,974331747,Starship Troopers (1997),Action|Adventure|Sci-Fi|War,M,25,3,75150
2457,551,4,974178604,"Nightmare Before Christmas, The (1993)",Children's|Comedy|Musical,M,25,0,60656
2576,1676,5,973898540,Starship Troopers (1997),Action|Adventure|Sci-Fi|War,M,18,17,97030
2683,2289,4,979964982,"Player, The (1992)",Comedy|Drama,M,35,7,60188
2754,551,5,973195685,"Nightmare Before Christmas, The (1993)",Children's|Comedy|Musical,M,50,12,60148
2885,551,3,972185884,"Nightmare Before Christmas, The (1993)",Children's|Comedy|Musical,F,18,1,80302
2911,252,4,971794390,I.Q. (1994),Comedy|Romance,F,25,4,55455
2454,153,2,974234118,Batman Forever (1995),Action|Adventure|Comedy|Crime,M,18,0,97005
2750,1278,5,973199420,Young Frankenstein (1974),Comedy|Horror,F,25,15,91360
2807,144,4,972778656,"Brothers McMullen, The (1995)",Comedy,F,35,11,22043
2581,3271,5,973889951,Of Mice and Men (1992),Drama,M,25,11,60611
2934,2301,2,971499253,History of the World: Part I (1981),Comedy,F,35,20,91324
2266,475,3,974579496,In the Name of the Father (1993),Drama,F,50,2,48118
2355,947,4,974399087,My Man Godfrey (1936),Comedy,F,45,9,13203
2638,1246,3,974346726,Dead Poets Society (1989),Drama,M,25,14,06405
2665,1762,3,974822719,Deep Rising (1998),Action|Horror|Sci-Fi,M,35,11,98443
2685,1292,5,973376658,Being There (1979),Comedy,M,45,7,02116
2801,3148,3,972845528,"Cider House Rules, The (1999)",Drama,F,25,3,12866
2832,475,5,972588627,In the Name of the Father (1993),Drama,M,25,17,20036
2841,1719,3,972552220,"Sweet Hereafter, The (1997)",Drama,M,50,12,98056
2304,1713,3,974500830,Mouse Hunt (1997),Children's|Comedy,M,45,12,94103
2411,934,4,974590105,Father of the Bride (1950),Comedy,F,35,14,01536
2463,1097,4,974168818,E.T. the Extra-Terrestrial (1982),Children's|Drama|Fantasy|Sci-Fi,M,25,7,33916
2581,934,5,973889471,Father of the Bride (1950),Comedy,M,25,11,60611
2880,1097,2,989097796,E.T. the Extra-Terrestrial (1982),Children's|Drama|Fantasy|Sci-Fi,M,18,12,55405
2271,468,3,1007159067,"Englishman Who Went Up a Hill, But Came Down a Mountain, The (1995)",Comedy|Romance,M,50,14,13210
2339,180,5,974420824,Mallrats (1995),Comedy,F,56,3,52003
2562,2700,3,973982411,"South Park: Bigger, Longer and Uncut (1999)",Animation|Comedy,M,18,0,98021
2785,468,2,972990027,"Englishman Who Went Up a Hill, But Came Down a Mountain, The (1995)",Comedy|Romance,M,56,13,29928
2279,2733,2,974561996,Vibes (1988),Adventure|Comedy,M,50,7,08816
2593,521,5,973823088,Romeo Is Bleeding (1993),Crime|Thriller,M,56,16,95816
2796,2643,1,997321596,Superman IV: The Quest for Peace (1987),Action|Adventure|Sci-Fi,M,25,14,92104
2456,2599,4,974178246,Election (1999),Comedy,M,25,5,48103
2645,3688,4,973560798,Porky's (1981),Comedy,M,25,7,60657
2797,1387,1,972876806,Jaws (1975),Action|Horror,F,25,7,94043
2891,2599,4,972009207,Election (1999),Comedy,F,18,4,66044
2445,315,3,974218247,"Specialist, The (1994)",Action,M,25,0,48104
2627,3846,3,988659832,Easy Money (1983),Comedy,M,25,1,06877
2699,36,5,973306231,Dead Man Walking (1995),Drama,F,56,13,74128
2776,3846,4,973054498,Easy Money (1983),Comedy,M,25,14,22205
2653,2706,3,973534596,American Pie (1999),Comedy,M,25,7,94109
2655,2706,4,1010071845,American Pie (1999),Comedy,M,35,7,66224
2790,3668,5,972941258,Romeo and Juliet (1968),Drama|Romance,M,25,20,85013
2801,2706,5,972845795,American Pie (1999),Comedy,F,25,3,12866
2844,3825,2,972531054,Coyote Ugly (2000),Drama,M,25,20,87103
2994,2457,3,970706982,Running Scared (1986),Action|Comedy,M,35,5,95008
3025,1088,4,970463426,Dirty Dancing (1987),Musical|Romance,F,35,0,90004
3192,3175,4,968644150,Galaxy Quest (1999),Adventure|Comedy|Sci-Fi,M,18,4,02912
3370,1580,1,967607117,Men in Black (1997),Action|Adventure|Comedy|Sci-Fi,M,18,4,92833
3378,2142,4,967821783,"American Tail: Fievel Goes West, An (1991)",Animation|Children's|Comedy,M,18,4,48135
3454,1342,3,968198644,Candyman (1992),Horror,M,18,0,92122
3457,1645,4,967241098,"Devil's Advocate, The (1997)",Crime|Horror|Mystery|Thriller,M,25,20,19083
3610,1580,4,966610361,Men in Black (1997),Action|Adventure|Comedy|Sci-Fi,M,18,6,30064
3683,1088,1,966520975,Dirty Dancing (1987),Musical|Romance,M,25,2,30606
3691,2122,1,968903446,Children of the Corn (1984),Horror|Thriller,M,25,7,21030
3696,471,3,966302801,"Hudsucker Proxy, The (1994)",Comedy|Romance,M,35,7,19149
3715,1591,4,966266240,Spawn (1997),Action|Adventure|Sci-Fi|Thriller,M,18,5,55428
3760,2366,5,966093496,King Kong (1933),Action|Adventure|Horror,M,50,0,55128
3054,858,5,970590429,"Godfather, The (1972)",Action|Crime|Drama,M,18,4,44056
3078,858,5,969817805,"Godfather, The (1972)",Action|Crime|Drama,F,35,1,02155
3135,858,5,969063387,"Godfather, The (1972)",Action|Crime|Drama,M,25,15,12345
3272,540,3,971259208,Sliver (1993),Thriller,M,35,0,08330
3401,3698,3,967435559,"Running Man, The (1987)",Action|Adventure|Sci-Fi,M,35,7,76109
3430,1721,3,967342011,Titanic (1997),Drama|Romance,F,45,1,15208
3475,858,5,974769064,"Godfather, The (1972)",Action|Crime|Drama,M,25,14,33133
3599,737,3,969810030,Barb Wire (1996),Action|Sci-Fi,M,25,16,97378
3613,858,5,992928798,"Godfather, The (1972)",Action|Crime|Drama,M,25,0,37205
3625,858,5,966561596,"Godfather, The (1972)",Action|Crime|Drama,M,18,10,48439
3626,3698,3,966608999,"Running Man, The (1987)",Action|Adventure|Sci-Fi,M,25,17,75075
3679,1721,4,976299237,Titanic (1997),Drama|Romance,M,25,4,68108
3729,3179,4,966215051,Angela's Ashes (1999),Drama,M,18,4,20037
3207,1270,3,968555050,Back to the Future (1985),Comedy|Sci-Fi,M,35,7,60610
3278,1270,3,968168365,Back to the Future (1985),Comedy|Sci-Fi,M,35,7,10014
3562,1270,5,966795545,Back to the Future (1985),Comedy|Sci-Fi,F,25,6,32812
3658,1270,4,966445706,Back to the Future (1985),Comedy|Sci-Fi,F,25,7,07090
3669,31,5,966380204,Dangerous Minds (1995),Drama,M,25,14,60148
3058,1265,4,970072798,Groundhog Day (1993),Comedy|Romance,M,18,12,55123
3171,1265,3,968792315,Groundhog Day (1993),Comedy|Romance,F,50,3,10128
3191,1265,5,968653219,Groundhog Day (1993),Comedy|Romance,M,25,12,27707
3688,3089,5,1011647755,"Bicycle Thief, The (Ladri di biciclette) (1948)",Drama,M,18,6,21202
3713,1265,4,966271151,Groundhog Day (1993),Comedy|Romance,F,25,7,22201
3716,1265,5,966265821,Groundhog Day (1993),Comedy|Romance,M,18,12,36115
3047,2924,5,970184967,Drunken Master (Zui quan) (1979),Action|Comedy,F,25,4,94117
3526,3425,2,967618134,Mo' Better Blues (1990),Drama,M,35,2,62263-3004
3358,3105,5,967693562,Awakenings (1990),Drama,F,25,1,91790
3457,799,3,967230616,"Frighteners, The (1996)",Comedy|Horror,M,25,20,19083
3589,2802,3,966655495,Tequila Sunrise (1988),Action|Romance|Thriller,F,45,0,80010
3695,3105,3,1014170832,Awakenings (1990),Drama,M,25,2,98502
3752,3105,2,966120691,Awakenings (1990),Drama,F,18,1,86314
3075,296,4,969898714,Pulp Fiction (1994),Crime|Drama,F,25,11,06107
3079,296,5,979079610,Pulp Fiction (1994),Crime|Drama,F,25,1,55410
3313,2542,4,967953479,"Lock, Stock & Two Smoking Barrels (1998)",Comedy|Crime|Thriller,M,35,20,90292
3333,2542,4,993535493,"Lock, Stock & Two Smoking Barrels (1998)",Comedy|Crime|Thriller,M,18,16,29404-2205
3499,2542,5,966997062,"Lock, Stock & Two Smoking Barrels (1998)",Comedy|Crime|Thriller,M,25,3,77006
3560,1466,4,966797177,Donnie Brasco (1997),Crime|Drama,F,25,6,74105
3283,2396,4,968121705,Shakespeare in Love (1998),Comedy|Romance,M,35,16,66208
3301,2396,2,1026010510,Shakespeare in Love (1998),Comedy|Romance,F,25,2,85719
3328,1005,3,967912173,D3: The Mighty Ducks (1996),Children's|Comedy,M,56,19,91790-1161
3390,2396,5,967601349,Shakespeare in Love (1998),Comedy|Romance,F,45,20,02476
3391,2848,3,970256391,Othello (1952),Drama,M,18,4,48135
3476,1016,2,968949298,"Shaggy Dog, The (1959)",Children's|Comedy,M,50,0,44126
3569,1016,2,968213071,"Shaggy Dog, The (1959)",Children's|Comedy,F,18,2,48823
3576,918,3,966722691,Meet Me in St. Louis (1944),Musical,M,50,7,68046
3189,3087,3,969862764,Scrooged (1988),Comedy,M,25,16,90292
3209,2625,3,968547626,Black Mask (Hak hap) (1996),Action,M,25,0,21555
3262,673,4,968250590,Space Jam (1996),Adventure|Animation|Children's|Comedy|Fantasy,M,25,14,55391
3320,597,2,969218015,Pretty Woman (1990),Comedy|Romance,M,25,1,56082
3735,1212,5,966190548,"Third Man, The (1949)",Mystery|Thriller,M,25,0,10009
3055,3844,5,1001894974,Steel Magnolias (1989),Drama,F,25,3,98501
3519,1863,2,967573389,Major League: Back to the Minors (1998),Comedy,F,25,14,11215
3648,2294,2,994801269,Antz (1998),Animation|Children's,M,18,4,85210
3081,34,4,969802417,Babe (1995),Children's|Comedy|Drama,M,25,7,77252
3153,2888,5,968907335,Drive Me Crazy (1999),Comedy|Romance,F,25,4,73160
3190,1198,4,968649928,Raiders of the Lost Ark (1981),Action|Adventure,M,1,17,97062
3207,34,2,968555249,Babe (1995),Children's|Comedy|Drama,M,35,7,60610
3336,368,4,967853591,Maverick (1994),Action|Comedy|Western,M,35,17,93436
3356,34,5,967697094,Babe (1995),Children's|Comedy|Drama,M,35,7,95031
3399,368,4,967478460,Maverick (1994),Action|Comedy|Western,M,25,4,14623
3403,368,4,967430534,Maverick (1994),Action|Comedy|Western,M,35,5,48342
3430,368,2,973918395,Maverick (1994),Action|Comedy|Western,F,45,1,15208
3491,1198,5,967047414,Raiders of the Lost Ark (1981),Action|Adventure,M,25,16,28542
3607,1924,1,971916668,Plan 9 from Outer Space (1958),Horror|Sci-Fi,M,35,17,32506
3704,34,5,966284221,Babe (1995),Children's|Comedy|Drama,F,35,0,04255
3292,3198,4,968099454,Papillon (1973),Drama,F,50,6,79410
3401,1500,3,980126199,Grosse Pointe Blank (1997),Comedy|Crime,M,35,7,76109
3454,1183,4,970771793,"English Patient, The (1996)",Drama|Romance|War,M,18,0,92122
3517,1378,4,966962493,Young Guns (1988),Action|Comedy|Western,M,18,12,53713
3520,2003,3,1033784677,Gremlins (1984),Comedy|Horror,M,25,0,40515
3688,1500,5,987309828,Grosse Pointe Blank (1997),Comedy|Crime,M,18,6,21202
3227,830,3,969646274,"First Wives Club, The (1996)",Comedy,F,25,14,60657
3308,81,4,967996160,Things to Do in Denver when You're Dead (1995),Crime|Drama|Romance,F,18,20,15701-1348
3391,3313,2,1005836995,Class Reunion (1982),Comedy,M,18,4,48135
3189,3841,3,968665541,Air America (1990),Action|Comedy,M,25,16,90292
3201,1201,5,968626656,"Good, The Bad and The Ugly, The (1966)",Action|Western,M,45,7,35216
3350,1175,5,967747483,Delicatessen (1991),Comedy|Sci-Fi,F,18,0,20815
3471,2683,3,968032000,Austin Powers: The Spy Who Shagged Me (1999),Comedy,M,18,4,80302
3539,2683,4,966930881,Austin Powers: The Spy Who Shagged Me (1999),Comedy,F,25,4,77006
3698,2683,1,966976502,Austin Powers: The Spy Who Shagged Me (1999),Comedy,M,25,7,53202
3745,1441,4,966141758,Benny & Joon (1993),Comedy|Romance,F,25,9,49442
3029,1243,5,972846377,Rosencrantz and Guildenstern Are Dead (1990),Comedy|Drama,M,18,4,92037
3083,2355,3,969762073,"Bug's Life, A (1998)",Animation|Children's|Comedy,F,50,0,97403
3109,1296,3,969487073,"Room with a View, A (1986)",Drama|Romance,F,25,11,43201
3203,2355,5,968570719,"Bug's Life, A (1998)",Animation|Children's|Comedy,M,35,0,90254
3217,497,4,968780819,Much Ado About Nothing (1993),Comedy|Romance,F,35,0,92630
3274,2355,3,979768607,"Bug's Life, A (1998)",Animation|Children's|Comedy,M,25,20,02062
3507,2355,3,966997518,"Bug's Life, A (1998)",Animation|Children's|Comedy,M,25,0,02472
3540,2355,4,970582620,"Bug's Life, A (1998)",Animation|Children's|Comedy,M,18,17,57106
3128,784,5,985045297,"Cable Guy, The (1996)",Comedy,M,18,2,10012
3260,300,3,1019506325,Quiz Show (1994),Drama,M,25,4,44514
3352,1974,4,967744040,Friday the 13th (1980),Horror,M,35,0,30533
3679,1163,1,976297965,Mina Tannenbaum (1994),Drama,M,25,4,68108
3081,2094,3,969800683,"Rocketeer, The (1991)",Action|Adventure|Sci-Fi,M,25,7,77252
3346,1307,4,967776400,When Harry Met Sally... (1989),Comedy|Romance,M,35,7,54016
3391,1307,5,967661015,When Harry Met Sally... (1989),Comedy|Romance,M,18,4,48135
3507,731,3,967153892,Heaven's Prisoners (1996),Mystery|Thriller,M,25,0,02472
3531,1307,4,966997921,When Harry Met Sally... (1989),Comedy|Romance,F,25,11,55409
3688,1307,5,985462907,When Harry Met Sally... (1989),Comedy|Romance,M,18,6,21202
3733,1307,4,966200642,When Harry Met Sally... (1989),Comedy|Romance,M,18,4,02777
3193,76,4,968645871,Screamers (1995),Sci-Fi|Thriller,M,25,0,92019
3475,2871,5,974773726,Deliverance (1972),Adventure|Thriller,M,25,14,33133
3515,3435,3,966970091,Double Indemnity (1944),Crime|Film-Noir,M,35,3,55042
3519,2871,3,969997340,Deliverance (1972),Adventure|Thriller,F,25,14,11215
3562,2467,2,966787598,"Name of the Rose, The (1986)",Mystery,F,25,6,32812
3610,3264,4,966610982,Buffy the Vampire Slayer (1992),Comedy|Horror,M,18,6,30064
3082,2335,2,969780679,"Waterboy, The (1998)",Comedy,F,35,6,45459
3237,3811,5,968357762,Breaker Morant (1980),Drama|War,M,35,7,05401
3328,1493,4,968013927,Love and Other Catastrophes (1996),Romance,M,56,19,91790-1161
3592,1235,5,970165246,Harold and Maude (1971),Comedy,F,56,2,99701
3025,1269,5,970461784,Arsenic and Old Lace (1944),Comedy|Mystery|Thriller,F,35,0,90004
3106,1269,5,969530918,Arsenic and Old Lace (1944),Comedy|Mystery|Thriller,M,25,0,33142
3157,1294,3,968901802,M*A*S*H (1970),Comedy|War,M,25,12,92880
3285,1294,5,968116983,M*A*S*H (1970),Comedy|War,M,25,4,44706
3458,3072,5,967221487,Moonstruck (1987),Comedy,M,45,0,02131
3618,1269,3,966597453,Arsenic and Old Lace (1944),Comedy|Mystery|Thriller,M,56,17,22657
3672,1019,4,966376113,"20,000 Leagues Under the Sea (1954)",Adventure|Children's|Fantasy|Sci-Fi,M,35,5,08406
3453,2644,3,967765659,Dracula (1931),Horror,M,35,7,07981
3503,3481,4,969306113,High Fidelity (2000),Comedy,M,18,4,59715
3621,908,4,966576024,North by Northwest (1959),Drama|Thriller,M,18,4,33023
3081,2371,4,969802602,Fletch (1985),Comedy,M,25,7,77252
3088,2804,4,969747357,"Christmas Story, A (1983)",Comedy|Drama,F,25,4,87110
3368,1210,3,968793435,Star Wars: Episode VI - Return of the Jedi (1983),Action|Adventure|Romance|Sci-Fi|War,M,25,14,55435
3391,2371,4,1046188298,Fletch (1985),Comedy,M,18,4,48135
3507,253,4,966998778,Interview with the Vampire (1994),Drama|Horror,M,25,0,02472
3583,1210,4,966695501,Star Wars: Episode VI - Return of the Jedi (1983),Action|Adventure|Romance|Sci-Fi|War,F,25,9,41075
3681,1210,5,967066010,Star Wars: Episode VI - Return of the Jedi (1983),Action|Adventure|Romance|Sci-Fi|War,M,25,7,29662
3712,1210,4,966272870,Star Wars: Episode VI - Return of the Jedi (1983),Action|Adventure|Romance|Sci-Fi|War,M,25,17,60042
3733,1148,3,966200459,"Wrong Trousers, The (1993)",Animation|Comedy,M,18,4,02777
3752,2804,5,966120150,"Christmas Story, A (1983)",Comedy|Drama,F,18,1,86314
3169,2497,1,968808854,Message in a Bottle (1999),Romance,M,50,0,23518
3116,2723,3,969464021,Mystery Men (1999),Action|Adventure|Comedy,M,25,12,98034
3182,2409,5,968770710,Rocky II (1979),Action|Drama,M,25,12,12866
3336,3196,4,967837877,Stalag 17 (1953),Drama|War,M,35,17,93436
3550,1260,4,995305938,M (1931),Crime|Film-Noir|Thriller,M,25,5,55447
3658,2531,4,966445371,Battle for the Planet of the Apes (1973),Action|Sci-Fi,F,25,7,07090
3762,2939,4,966435669,Niagara (1953),Drama|Thriller,M,50,6,11746
3044,3037,4,970209822,Little Big Man (1970),Comedy|Drama|Western,M,35,16,77301
3054,3859,4,970587285,"Eyes of Tammy Faye, The (2000)",Documentary,M,18,4,44056
3471,223,5,968032000,Clerks (1994),Comedy,M,18,4,80302
3756,2090,4,966099740,"Rescuers, The (1977)",Animation|Children's,M,18,12,53188
3301,1208,5,968215006,Apocalypse Now (1979),Drama|War,F,25,2,85719
3590,3260,4,966652308,Howards End (1992),Drama,F,18,15,02115
3652,1208,4,1006570737,Apocalypse Now (1979),Drama|War,M,25,12,94608
3192,1777,5,975976244,"Wedding Singer, The (1998)",Comedy|Romance,M,18,4,02912
3771,1978,1,966048768,Friday the 13th Part V: A New Beginning (1985),Horror,M,25,1,14982
3028,1215,2,970441305,Army of Darkness (1993),Action|Adventure|Comedy|Horror|Sci-Fi,M,1,10,12701
3180,3450,2,968801270,Grumpy Old Men (1993),Comedy,M,25,14,07430
3180,2668,2,968775406,Swamp Thing (1982),Horror|Sci-Fi,M,25,14,07430
3292,2772,4,968095660,Detroit Rock City (1999),Comedy,F,50,6,79410
3308,1457,3,967994564,Fools Rush In (1997),Comedy|Romance,F,18,20,15701-1348
3323,3814,5,968985737,Love and Death (1975),Comedy,M,35,14,11784
3401,2789,1,980113246,Damien: Omen II (1978),Horror,M,35,7,76109
3592,3071,5,966645836,Stand and Deliver (1987),Drama,F,56,2,99701
3759,333,5,966094872,Tommy Boy (1995),Comedy,M,35,6,54751
3598,3108,1,966627272,"Fisher King, The (1991)",Comedy|Drama|Romance,M,56,1,90210
3675,3108,4,966362981,"Fisher King, The (1991)",Comedy|Drama|Romance,M,35,7,06680
3471,22,3,973297310,Copycat (1995),Crime|Drama|Thriller,M,18,4,80302
3576,2407,4,966722330,Cocoon (1985),Comedy|Sci-Fi,M,50,7,68046
3618,1961,3,966600676,Rain Man (1988),Drama,M,56,17,22657
3717,1961,5,967475964,Rain Man (1988),Drama,M,35,17,94533
3760,2407,4,966097245,Cocoon (1985),Comedy|Sci-Fi,M,50,0,55128
3029,493,4,972847087,Menace II Society (1993),Action|Crime|Drama,M,18,4,92037
3032,493,4,970342631,Menace II Society (1993),Action|Crime|Drama,M,25,0,47303
3476,1291,5,967209762,Indiana Jones and the Last Crusade (1989),Action|Adventure,M,50,0,44126
3679,1291,5,966448140,Indiana Jones and the Last Crusade (1989),Action|Adventure,M,25,4,68108
3224,2724,3,968523216,Runaway Bride (1999),Comedy|Romance,F,25,14,93428
3266,2724,3,968212410,Runaway Bride (1999),Comedy|Romance,F,25,4,95616
3328,157,5,967910026,Canadian Bacon (1994),Comedy|War,M,56,19,91790-1161
3391,2414,4,967661291,Young Sherlock Holmes (1985),Action|Adventure|Mystery,M,18,4,48135
3551,924,3,966821952,2001: A Space Odyssey (1968),Drama|Mystery|Sci-Fi|Thriller,F,56,0,98374
3620,93,1,972867633,Vampire in Brooklyn (1995),Comedy|Romance,M,25,7,94117
3741,232,4,966160193,Eat Drink Man Woman (1994),Comedy|Drama,M,25,0,96818
3035,539,3,970275492,Sleepless in Seattle (1993),Comedy|Romance,F,25,7,90230
3224,539,5,968522333,Sleepless in Seattle (1993),Comedy|Romance,F,25,14,93428
3262,246,5,968250922,Hoop Dreams (1994),Documentary,M,25,14,55391
3313,861,4,968381877,Supercop (1992),Action|Thriller,M,35,20,90292
3422,367,2,967410959,"Mask, The (1994)",Comedy|Crime|Fantasy,M,25,5,43221
3457,1061,3,967230350,Sleepers (1996),Crime|Drama,M,25,20,19083
3531,2791,1,966997921,Airplane! (1980),Comedy,F,25,11,55409
3047,1197,4,970184003,"Princess Bride, The (1987)",Action|Adventure|Comedy|Romance,F,25,4,94117
3173,1197,5,968793799,"Princess Bride, The (1987)",Action|Adventure|Comedy|Romance,M,25,12,55317
3327,1197,5,967867380,"Princess Bride, The (1987)",Action|Adventure|Comedy|Romance,M,18,12,91423
3416,2628,4,967400294,Star Wars: Episode I - The Phantom Menace (1999),Action|Adventure|Fantasy|Sci-Fi,M,25,12,20850
3470,1197,5,967148549,"Princess Bride, The (1987)",Action|Adventure|Comedy|Romance,M,35,17,49887
3509,1729,3,967148591,Jackie Brown (1997),Crime|Drama,M,18,4,02115
3556,2628,3,966808220,Star Wars: Episode I - The Phantom Menace (1999),Action|Adventure|Fantasy|Sci-Fi,M,25,17,03038
3565,2628,4,966780834,Star Wars: Episode I - The Phantom Menace (1999),Action|Adventure|Fantasy|Sci-Fi,M,25,18,53572
3569,1197,4,968211722,"Princess Bride, The (1987)",Action|Adventure|Comedy|Romance,F,18,2,48823
3729,2628,4,966575893,Star Wars: Episode I - The Phantom Menace (1999),Action|Adventure|Fantasy|Sci-Fi,M,18,4,20037
3746,1197,5,966137513,"Princess Bride, The (1987)",Action|Adventure|Comedy|Romance,M,25,5,54703
3445,1207,5,967279363,To Kill a Mockingbird (1962),Drama,F,35,20,92009
3539,2549,4,966930349,Wing Commander (1999),Action|Sci-Fi,F,25,4,77006
3648,47,5,994800402,Seven (Se7en) (1995),Crime|Thriller,M,18,4,85210
3358,2398,3,967693649,Miracle on 34th Street (1947),Drama,F,25,1,91790
3080,444,1,969810422,Even Cowgirls Get the Blues (1993),Comedy|Romance,M,25,20,55410
3563,3104,3,966788023,Midnight Run (1988),Action|Adventure|Comedy|Crime,M,25,2,33133
3754,2466,2,966120009,Belizaire the Cajun (1986),Drama,M,56,7,94612
3762,1206,5,966093437,"Clockwork Orange, A (1971)",Sci-Fi,M,50,6,11746
3032,747,4,970349222,"Stupids, The (1996)",Comedy,M,25,0,47303
3285,1694,4,968116087,"Apostle, The (1997)",Drama,M,25,4,44706
3416,1599,4,967406615,Steel (1997),Action,M,25,12,20850
3464,3155,4,967242965,Anna and the King (1999),Drama|Romance,F,25,14,78251
3518,1586,3,966958824,G.I. Jane (1997),Action|Drama|War,F,18,7,11215
3600,2092,3,966626476,"Return of Jafar, The (1993)",Animation|Children's|Musical,M,35,20,94506
3756,355,3,966102319,"Flintstones, The (1994)",Children's|Comedy,M,18,12,53188
3341,386,1,967798906,S.F.W. (1994),Drama,M,25,20,91730
3539,1288,5,967016510,This Is Spinal Tap (1984),Comedy|Drama|Musical,F,25,4,77006
3658,3095,4,971900308,"Grapes of Wrath, The (1940)",Drama,F,25,7,07090
3669,1288,4,966463549,This Is Spinal Tap (1984),Comedy|Drama|Musical,M,25,14,60148
3689,2082,2,966313629,"Mighty Ducks, The (1992)",Children's|Comedy,M,25,0,80906
3289,912,5,968094083,Casablanca (1942),Drama|Romance|War,M,45,6,95695
3341,3753,1,967796965,"Patriot, The (2000)",Action|Drama|War,M,25,20,91730
3475,3261,3,1016256875,Singles (1992),Comedy|Drama|Romance,M,25,14,33133
3501,912,5,966998336,Casablanca (1942),Drama|Romance|War,F,35,7,30309
3556,3753,3,966807282,"Patriot, The (2000)",Action|Drama|War,M,25,17,03038
3562,3020,5,966792273,Falling Down (1993),Action|Drama,F,25,6,32812
3626,912,3,1018416749,Casablanca (1942),Drama|Romance|War,M,25,17,75075
3675,473,3,966369075,In the Army Now (1994),Comedy|War,M,35,7,06680
3726,912,5,966227171,Casablanca (1942),Drama|Romance|War,M,25,17,92882
3075,3798,4,969897549,What Lies Beneath (2000),Thriller,F,25,11,06107
3161,1304,3,968870967,Butch Cassidy and the Sundance Kid (1969),Action|Comedy|Western,M,25,7,55408
3205,1304,5,968567398,Butch Cassidy and the Sundance Kid (1969),Action|Comedy|Western,F,35,16,80304
3266,3798,4,968212495,What Lies Beneath (2000),Thriller,F,25,4,95616
3365,1304,5,967663417,Butch Cassidy and the Sundance Kid (1969),Action|Comedy|Western,M,50,17,23059
3403,1247,5,967428095,"Graduate, The (1967)",Drama|Romance,M,35,5,48342
3441,2329,4,972961058,American History X (1998),Drama,F,25,14,94109
3599,704,2,968296634,"Quest, The (1996)",Action|Adventure,M,25,16,97378
3683,2329,3,966522538,American History X (1998),Drama,M,25,2,30606
3717,3798,4,966265408,What Lies Beneath (2000),Thriller,M,35,17,94533
3110,3819,4,969485252,Tampopo (1986),Comedy,M,25,0,10002
3391,259,3,1046189115,Kiss of Death (1995),Crime|Drama|Thriller,M,18,4,48135
3065,1,4,970001943,Toy Story (1995),Animation|Children's|Comedy,F,18,4,48135
3390,1172,5,967513675,Cinema Paradiso (1988),Comedy|Drama|Romance,F,45,20,02476
3592,3452,3,1001472936,Romeo Must Die (2000),Action|Romance,F,56,2,99701
3143,3147,3,969492970,"Green Mile, The (1999)",Drama|Thriller,F,50,16,90272
3280,2763,3,982260518,"Thomas Crown Affair, The (1999)",Action|Thriller,M,25,7,33486
3410,1302,2,967486359,Field of Dreams (1989),Drama,M,35,1,20653
3454,1485,3,1016220917,Liar Liar (1997),Comedy,M,18,0,92122
3537,3861,3,966883293,"Replacements, The (2000)",Comedy,M,1,10,97402
3565,3147,2,966779812,"Green Mile, The (1999)",Drama|Thriller,M,25,18,53572
3727,3147,4,966224468,"Green Mile, The (1999)",Drama|Thriller,M,35,7,74401
3752,2138,5,966119900,Watership Down (1978),Animation|Children's|Drama|Fantasy,F,18,1,86314
3079,2155,4,980705179,"Slums of Beverly Hills, The (1998)",Comedy,F,25,1,55410
3570,2967,2,966739057,"Bad Seed, The (1956)",Drama|Thriller,M,35,12,19050
3101,1722,4,969578259,Tomorrow Never Dies (1997),Action|Romance|Thriller,M,18,15,91101
3320,1722,4,968522548,Tomorrow Never Dies (1997),Action|Romance|Thriller,M,25,1,56082
3537,3754,1,966883323,"Adventures of Rocky and Bullwinkle, The (2000)",Animation|Children's|Comedy,M,1,10,97402
3116,1608,3,969465412,Air Force One (1997),Action|Thriller,M,25,12,98034
3327,442,2,988592456,Demolition Man (1993),Action|Sci-Fi,M,18,12,91423
3569,1644,1,966742390,I Know What You Did Last Summer (1997),Horror|Mystery|Thriller,F,18,2,48823
3683,3197,1,966520750,"Presidio, The (1988)",Action,M,25,2,30606
3045,2455,4,970189144,"Fly, The (1986)",Horror|Sci-Fi,M,45,1,90631
3138,2471,3,969050314,Crocodile Dundee II (1988),Adventure|Comedy,M,35,17,46229
3159,2337,5,968880797,Velvet Goldmine (1998),Drama,F,25,15,15213
3272,1663,5,968197710,Stripes (1981),Comedy,M,35,0,08330
3320,280,4,967922630,Murder in the First (1995),Drama|Thriller,M,25,1,56082
3471,440,3,973296796,Dave (1993),Comedy|Romance,M,18,4,80302
3563,1663,3,966787957,Stripes (1981),Comedy,M,25,2,33133
3581,2455,2,966699779,"Fly, The (1986)",Horror|Sci-Fi,M,18,1,57382
3679,1682,4,976298514,"Truman Show, The (1998)",Drama,M,25,4,68108
3706,1663,5,966376938,Stripes (1981),Comedy,M,25,12,46725
3246,3720,4,968309896,Sunshine (1999),Drama,F,35,1,85258
3318,1267,4,967928417,"Manchurian Candidate, The (1962)",Film-Noir|Thriller,M,56,13,30047
3539,6,3,966929281,Heat (1995),Action|Crime|Thriller,F,25,4,77006
3635,1267,4,966516866,"Manchurian Candidate, The (1962)",Film-Noir|Thriller,M,50,1,60062
3760,474,4,966094675,In the Line of Fire (1993),Action|Thriller,M,50,0,55128
3087,168,5,969682919,First Knight (1995),Action|Adventure|Drama|Romance,F,1,1,90802
3333,2699,3,967846907,Arachnophobia (1990),Action|Comedy|Sci-Fi|Thriller,M,18,16,29404-2205
3458,2699,2,967223757,Arachnophobia (1990),Action|Comedy|Sci-Fi|Thriller,M,45,0,02131
3712,2470,4,966279379,Crocodile Dundee (1986),Adventure|Comedy,M,25,17,60042
3764,1952,5,966091006,Midnight Cowboy (1969),Drama,M,25,1,06111
3025,3549,5,970463089,Guys and Dolls (1955),Musical,F,35,0,90004
3193,998,2,968645674,Set It Off (1996),Action|Crime,M,25,0,92019
3320,3,1,968525355,Grumpier Old Men (1995),Comedy|Romance,M,25,1,56082
3336,1242,3,968043516,Glory (1989),Action|Drama|War,M,35,17,93436
3367,1082,3,970080693,"Candidate, The (1972)",Drama,M,50,16,10025
3371,2877,2,967663870,Tommy (1975),Drama|Musical,M,25,2,55405
3461,1242,4,967181050,Glory (1989),Action|Drama|War,M,35,0,95409
3610,3549,1,977889112,Guys and Dolls (1955),Musical,M,18,6,30064
3137,2686,2,969052583,"Red Violin, The (Le Violon rouge) (1998)",Drama|Mystery,M,25,11,11217
3202,2391,1,968573499,"Simple Plan, A (1998)",Crime|Thriller,F,18,4,24060
3425,164,5,967352024,Devil in a Blue Dress (1995),Crime|Film-Noir|Mystery|Thriller,M,18,20,48135
3439,1275,5,967319571,Highlander (1986),Action|Adventure,M,18,17,76116
3693,1275,4,966377897,Highlander (1986),Action|Adventure,M,25,15,94062
3074,3793,4,982531291,X-Men (2000),Action|Sci-Fi,M,25,0,23451
3096,3793,5,969642691,X-Men (2000),Action|Sci-Fi,F,45,3,38028
3189,1353,3,969869859,"Mirror Has Two Faces, The (1996)",Comedy|Romance,M,25,16,90292
3244,3793,4,968310666,X-Men (2000),Action|Sci-Fi,F,18,4,92647
3558,500,5,966804093,Mrs. Doubtfire (1993),Comedy,M,18,17,66044
3162,2808,2,968858984,Universal Soldier (1992),Action|Sci-Fi,M,25,1,08854-3115
3209,479,2,968547719,Judgment Night (1993),Action,M,25,0,21555
3314,2736,5,967947997,Brighton Beach Memoirs (1986),Comedy,M,25,7,06516
3217,431,5,968775035,Carlito's Way (1993),Crime|Drama,F,35,0,92630
3218,3791,3,968453965,Footloose (1984),Drama,M,56,6,48070
3246,2712,1,968309245,Eyes Wide Shut (1999),Drama,F,35,1,85258
3620,431,4,966576782,Carlito's Way (1993),Crime|Drama,M,25,7,94117
3023,3863,3,970471396,"Cell, The (2000)",Sci-Fi|Thriller,F,25,7,92108
3265,3863,2,968262517,"Cell, The (2000)",Sci-Fi|Thriller,M,25,15,53704
3768,377,4,987188718,Speed (1994),Action|Romance|Thriller,M,25,4,86314
3320,3489,5,968522304,Hook (1991),Adventure|Fantasy,M,25,1,56082
3390,920,5,967511106,Gone with the Wind (1939),Drama|Romance|War,F,45,20,02476
3623,920,4,966566582,Gone with the Wind (1939),Drama|Romance|War,M,35,11,43209
3032,3932,4,970363674,"Invisible Man, The (1933)",Horror|Sci-Fi,M,25,0,47303
3208,1968,4,968551513,"Breakfast Club, The (1985)",Comedy|Drama,M,25,14,30342
3426,3871,5,967353248,Shane (1953),Drama|Western,M,25,20,90046
3435,3871,3,967333136,Shane (1953),Drama|Western,M,45,1,48867
3720,647,3,966251789,Courage Under Fire (1996),Drama|War,M,45,7,43065
3080,3388,2,1015019399,Harry and the Hendersons (1987),Comedy,M,25,20,55410
3154,2177,3,973792727,Family Plot (1976),Comedy|Thriller,F,25,4,95616
3450,292,4,967245935,Outbreak (1995),Action|Drama|Thriller,M,25,5,78251
3512,292,2,967482499,Outbreak (1995),Action|Drama|Thriller,M,18,17,02140
3709,339,3,966276148,While You Were Sleeping (1995),Comedy|Romance,M,25,12,89502
3713,3269,3,966271403,Forever Young (1992),Adventure|Romance|Sci-Fi,F,25,7,22201
3748,1517,5,966136060,Austin Powers: International Man of Mystery (1997),Comedy,M,18,4,02026
3768,919,5,987187477,"Wizard of Oz, The (1939)",Adventure|Children's|Drama|Musical,M,25,4,86314
3032,1499,5,970344271,Anaconda (1997),Action|Adventure|Thriller,M,25,0,47303
3163,2014,3,968886652,Freaky Friday (1977),Children's|Comedy,M,18,15,95616
3281,1917,5,968168352,Armageddon (1998),Action|Adventure|Sci-Fi|Thriller,M,25,17,79705
3401,2779,3,967434227,Heaven Can Wait (1978),Comedy,M,35,7,76109
3424,3827,5,967357651,Space Cowboys (2000),Action|Sci-Fi,M,25,6,92111
3589,1917,1,1019401846,Armageddon (1998),Action|Adventure|Sci-Fi|Thriller,F,45,0,80010
3618,3730,3,966597413,"Conversation, The (1974)",Drama|Mystery,M,56,17,22657
3370,2640,1,967607141,Superman (1978),Action|Adventure|Sci-Fi,M,18,4,92833
3483,491,5,967070571,"Man Without a Face, The (1993)",Drama,F,45,7,30260
3501,1191,1,966999435,Madonna: Truth or Dare (1991),Documentary,F,35,7,30309
3683,2485,3,966353817,She's All That (1999),Comedy|Romance,M,25,2,30606
3693,2640,4,966304272,Superman (1978),Action|Adventure|Sci-Fi,M,25,15,94062
3717,2640,4,966383399,Superman (1978),Action|Adventure|Sci-Fi,M,35,17,94533
3754,2613,2,966120128,Night of the Comet (1984),Action|Horror|Sci-Fi,M,56,7,94612
3108,1701,3,969496121,Deconstructing Harry (1997),Comedy|Drama,M,50,6,22039
3270,235,2,969933432,Ed Wood (1994),Comedy|Drama,M,18,11,45220
3507,235,4,982456562,Ed Wood (1994),Comedy|Drama,M,25,0,02472
3574,3034,4,966731622,Robin Hood (1973),Animation|Children's,F,35,6,33314
3220,3702,3,968452051,Mad Max (1979),Action|Sci-Fi,M,35,7,54016
3253,3683,4,968283858,Blood Simple (1984),Drama|Film-Noir,F,35,4,26505
3410,3702,2,967419036,Mad Max (1979),Action|Sci-Fi,M,35,1,20653
3715,1032,5,966266495,Alice in Wonderland (1951),Animation|Children's|Musical,M,18,5,55428
3074,2375,4,982532216,"Money Pit, The (1986)",Comedy,M,25,0,23451
3140,266,5,969039635,Legends of the Fall (1994),Drama|Romance|War|Western,F,25,4,78728
3208,266,5,968555120,Legends of the Fall (1994),Drama|Romance|War|Western,M,25,14,30342
3285,544,3,968212537,Striking Distance (1993),Action,M,25,4,44706
3526,544,2,966907667,Striking Distance (1993),Action,M,35,2,62263-3004
3693,266,2,966304105,Legends of the Fall (1994),Drama|Romance|War|Western,M,25,15,94062
3756,507,4,966098704,"Perfect World, A (1993)",Action|Drama,M,18,12,53188
3201,1711,4,972669786,Midnight in the Garden of Good and Evil (1997),Comedy|Crime|Drama|Mystery,M,45,7,35216
3367,1407,2,970873877,Scream (1996),Horror|Thriller,M,50,16,10025
3172,3007,4,968792410,American Movie (1999),Documentary,M,18,12,55408
3265,2268,5,968261337,"Few Good Men, A (1992)",Crime|Drama,M,25,15,53704
3675,2252,3,966363443,Hero (1992),Comedy|Drama,M,35,7,06680
3702,2499,4,966290190,God Said 'Ha!' (1998),Comedy,M,35,15,53095
3096,2105,4,969642853,Tron (1982),Action|Adventure|Fantasy|Sci-Fi,F,45,3,38028
3157,1748,3,968960174,Dark City (1998),Film-Noir|Sci-Fi|Thriller,M,25,12,92880
3726,1748,4,966226088,Dark City (1998),Film-Noir|Sci-Fi|Thriller,M,25,17,92882
3058,2571,3,970591276,"Matrix, The (1999)",Action|Sci-Fi|Thriller,M,18,12,55123
3270,2761,3,969934134,"Iron Giant, The (1999)",Animation|Children's,M,18,11,45220
3400,2571,4,967466802,"Matrix, The (1999)",Action|Sci-Fi|Thriller,M,25,14,08742
3471,3039,4,973141583,Trading Places (1983),Comedy,M,18,4,80302
3526,3039,5,966906114,Trading Places (1983),Comedy,M,35,2,62263-3004
3716,19,4,966265691,Ace Ventura: When Nature Calls (1995),Comedy,M,18,12,36115
3731,2571,5,966209495,"Matrix, The (1999)",Action|Sci-Fi|Thriller,M,25,17,67443
3772,19,3,966046131,Ace Ventura: When Nature Calls (1995),Comedy,M,35,17,06074
3445,2664,5,967278510,Invasion of the Body Snatchers (1956),Horror|Sci-Fi,F,35,20,92009
3662,2664,5,966429006,Invasion of the Body Snatchers (1956),Horror|Sci-Fi,M,35,16,08753
3705,553,3,966287875,Tombstone (1993),Western,M,45,7,30076
3162,780,1,968859115,Independence Day (ID4) (1996),Action|Sci-Fi|War,M,25,1,08854-3115
3163,780,4,968868962,Independence Day (ID4) (1996),Action|Sci-Fi|War,M,18,15,95616
3401,780,5,980113823,Independence Day (ID4) (1996),Action|Sci-Fi|War,M,35,7,76109
3454,780,2,968199031,Independence Day (ID4) (1996),Action|Sci-Fi|War,M,18,0,92122
3624,780,2,966562923,Independence Day (ID4) (1996),Action|Sci-Fi|War,M,25,12,60068
3128,1186,3,983827988,"Sex, Lies, and Videotape (1989)",Drama,M,18,2,10012
3224,1569,3,968522243,My Best Friend's Wedding (1997),Comedy|Romance,F,25,14,93428
3311,1497,2,967955665,Double Team (1997),Action,M,25,4,90039
3313,1186,3,967953261,"Sex, Lies, and Videotape (1989)",Drama,M,35,20,90292
3529,1186,3,966897612,"Sex, Lies, and Videotape (1989)",Drama,F,45,1,97361
3694,1250,3,966302633,"Bridge on the River Kwai, The (1957)",Drama|War,M,25,12,28227
3182,1225,4,968774612,Amadeus (1984),Drama,M,25,12,12866
3271,1299,4,968198319,"Killing Fields, The (1984)",Drama|War,F,35,0,92704
3350,1222,5,967747855,Full Metal Jacket (1987),Action|Drama|War,F,18,0,20815
3439,2987,3,967318633,Who Framed Roger Rabbit? (1988),Adventure|Animation|Film-Noir,M,18,17,76116
3444,2987,4,967303820,Who Framed Roger Rabbit? (1988),Adventure|Animation|Film-Noir,M,50,14,33401
3519,2987,3,968340999,Who Framed Roger Rabbit? (1988),Adventure|Animation|Film-Noir,F,25,14,11215
3615,2987,1,966602915,Who Framed Roger Rabbit? (1988),Adventure|Animation|Film-Noir,M,25,17,76028
3639,2987,3,966487930,Who Framed Roger Rabbit? (1988),Adventure|Animation|Film-Noir,M,18,4,78250
3754,1222,4,966119227,Full Metal Jacket (1987),Action|Drama|War,M,56,7,94612
3032,1252,4,970356701,Chinatown (1974),Film-Noir|Mystery|Thriller,M,25,0,47303
3032,3694,3,970358670,"Toxic Avenger, Part II, The (1989)",Comedy|Horror,M,25,0,47303
3274,1375,3,979767165,Star Trek III: The Search for Spock (1984),Action|Adventure|Sci-Fi,M,25,20,02062
3739,1252,4,966180283,Chinatown (1974),Film-Noir|Mystery|Thriller,M,56,11,48070
3053,425,3,970170672,Blue Sky (1994),Drama|Romance,F,25,3,55102
3272,3675,5,968200360,White Christmas (1954),Musical,M,35,0,08330
3304,904,4,968006376,Rear Window (1954),Mystery|Thriller,F,45,5,92649
3365,931,4,967661101,Spellbound (1945),Mystery|Romance|Thriller,M,50,17,23059
3378,1321,1,967756520,"American Werewolf in London, An (1981)",Horror,M,18,4,48135
3513,3440,1,966975740,Teenage Mutant Ninja Turtles III (1993),Action|Children's|Fantasy,M,25,16,01890
3652,3440,2,966460423,Teenage Mutant Ninja Turtles III (1993),Action|Children's|Fantasy,M,25,12,94608
3724,904,5,966224024,Rear Window (1954),Mystery|Thriller,M,35,6,77083
3762,931,5,966435433,Spellbound (1945),Mystery|Romance|Thriller,M,50,6,11746
3096,1688,5,969643418,Anastasia (1997),Animation|Children's|Musical,F,45,3,38028
3681,1035,5,967065867,"Sound of Music, The (1965)",Musical,M,25,7,29662
3086,3686,5,969692546,Flatliners (1990),Thriller,M,18,12,98105
3129,2420,2,969293789,"Karate Kid, The (1984)",Drama,M,25,7,21117
3186,3789,3,968699221,"Pawnbroker, The (1965)",Drama,M,50,1,92122
3401,2346,3,980114108,"Stepford Wives, The (1975)",Sci-Fi|Thriller,M,35,7,76109
3425,1136,5,967352871,Monty Python and the Holy Grail (1974),Comedy,M,18,20,48135
3487,1136,4,967058313,Monty Python and the Holy Grail (1974),Comedy,M,18,4,60611
3490,1136,3,967048663,Monty Python and the Holy Grail (1974),Comedy,M,25,0,74136
3513,1136,5,966973992,Monty Python and the Holy Grail (1974),Comedy,M,25,16,01890
3615,1253,3,966602472,"Day the Earth Stood Still, The (1951)",Drama|Sci-Fi,M,25,17,76028
3693,1136,5,966355444,Monty Python and the Holy Grail (1974),Comedy,M,25,15,94062
3032,3040,5,970348056,Meatballs (1979),Comedy,M,25,0,47303
3032,2798,4,970350160,Problem Child (1990),Comedy,M,25,0,47303
3230,3527,5,968389892,Predator (1987),Action|Sci-Fi|Thriller,M,35,16,92630
3308,3835,1,968002564,"Crush, The (1993)",Thriller,F,18,20,15701-1348
3556,3527,4,966807251,Predator (1987),Action|Sci-Fi|Thriller,M,25,17,03038
3626,511,4,966609330,"Program, The (1993)",Action|Drama,M,25,17,75075
3022,112,2,970507321,Rumble in the Bronx (1995),Action|Adventure|Crime,M,25,17,78730
3265,1263,2,968365803,"Deer Hunter, The (1978)",Drama|War,M,25,15,53704
3509,1732,3,985771458,"Big Lebowski, The (1998)",Comedy|Crime|Mystery|Thriller,M,18,4,02115
3718,1732,5,966265518,"Big Lebowski, The (1998)",Comedy|Crime|Mystery|Thriller,M,50,17,07728
3101,2019,5,969582289,Seven Samurai (The Magnificent Seven) (Shichinin no samurai) (1954),Action|Drama,M,18,15,91101
3292,2019,5,968098912,Seven Samurai (The Magnificent Seven) (Shichinin no samurai) (1954),Action|Drama,F,50,6,79410
3526,3262,3,967618526,Twin Peaks: Fire Walk with Me (1992),Drama|Mystery,M,35,2,62263-3004
3621,3262,5,966575860,Twin Peaks: Fire Walk with Me (1992),Drama|Mystery,M,18,4,33023
3674,1240,5,966442098,"Terminator, The (1984)",Action|Sci-Fi|Thriller,M,25,20,29205
3678,1240,3,967053468,"Terminator, The (1984)",Action|Sci-Fi|Thriller,M,25,0,06880
3171,2732,5,969039891,Jules and Jim (Jules et Jim) (1961),Drama,F,50,3,10128
3217,2734,2,968780759,"Mosquito Coast, The (1986)",Drama,F,35,0,92630
3272,1286,4,968199883,Somewhere in Time (1980),Drama|Romance,M,35,0,08330
3526,1831,4,966907771,Lost in Space (1998),Action|Sci-Fi|Thriller,M,35,2,62263-3004
3732,2732,1,986750945,Jules and Jim (Jules et Jim) (1961),Drama,M,25,17,60153
3079,1635,5,979072969,"Ice Storm, The (1997)",Drama,F,25,1,55410
3280,1073,3,968169267,Willy Wonka and the Chocolate Factory (1971),Adventure|Children's|Comedy|Fantasy,M,25,7,33486
3315,590,4,967942631,Dances with Wolves (1990),Adventure|Drama|Western,M,25,12,78731
3422,2149,1,967413903,House II: The Second Story (1987),Comedy|Horror,M,25,5,43221
3509,2413,3,967060722,Clue (1985),Comedy|Mystery,M,18,4,02115
3562,1073,4,966794875,Willy Wonka and the Chocolate Factory (1971),Adventure|Children's|Comedy|Fantasy,F,25,6,32812
3128,3717,2,982705899,Gone in 60 Seconds (2000),Action|Crime,M,18,2,10012
3499,1396,5,966997138,Sneakers (1992),Crime|Drama|Sci-Fi,M,25,3,77006
3507,2468,3,967066056,Jumpin' Jack Flash (1986),Action|Comedy|Romance|Thriller,M,25,0,02472
3597,1396,5,966631051,Sneakers (1992),Crime|Drama|Sci-Fi,M,25,17,55446
3755,2336,5,966098231,Elizabeth (1998),Drama,F,50,14,08810
3497,2067,5,967182789,Doctor Zhivago (1965),Drama|Romance|War,F,35,2,94109
3760,1334,4,966093563,"Blob, The (1958)",Horror|Sci-Fi,M,50,0,55128
3029,3471,5,970368663,Close Encounters of the Third Kind (1977),Drama|Sci-Fi,M,18,4,92037
3374,3471,5,967601970,Close Encounters of the Third Kind (1977),Drama|Sci-Fi,M,35,5,64801
3578,3334,5,966711654,Key Largo (1948),Crime|Drama|Film-Noir|Thriller,M,50,3,96714
3658,3471,5,971900938,Close Encounters of the Third Kind (1977),Drama|Sci-Fi,F,25,7,07090
3091,3476,4,969659286,Jacob's Ladder (1990),Horror|Mystery|Thriller,F,25,0,19107
3140,318,5,969034839,"Shawshank Redemption, The (1994)",Drama,F,25,4,78728
3261,3805,1,968937250,Knightriders (1981),Action|Adventure|Drama,M,45,20,87505
3300,2657,4,969938456,"Rocky Horror Picture Show, The (1975)",Comedy|Horror|Musical|Sci-Fi,M,35,5,19119
3333,318,5,967855067,"Shawshank Redemption, The (1994)",Drama,M,18,16,29404-2205
3443,2657,4,967304317,"Rocky Horror Picture Show, The (1975)",Comedy|Horror|Musical|Sci-Fi,F,35,17,48219
3446,3476,4,967263788,Jacob's Ladder (1990),Horror|Mystery|Thriller,M,25,7,30620
3464,3476,4,967174521,Jacob's Ladder (1990),Horror|Mystery|Thriller,F,25,14,78251
3503,318,5,1005441719,"Shawshank Redemption, The (1994)",Drama,M,18,4,59715
3509,2735,2,967478382,"Golden Child, The (1986)",Action|Adventure|Comedy,M,18,4,02115
3624,3476,5,966564199,Jacob's Ladder (1990),Horror|Mystery|Thriller,M,25,12,60068
3683,1248,5,966355359,Touch of Evil (1958),Crime|Film-Noir|Thriller,M,25,2,30606
3752,1271,3,966121711,Fried Green Tomatoes (1991),Drama,F,18,1,86314
3283,3420,5,968123142,...And Justice for All (1979),Drama|Thriller,M,35,16,66208
3445,2968,3,967278606,Time Bandits (1981),Adventure|Fantasy|Sci-Fi,F,35,20,92009
3526,2926,5,966906114,Hairspray (1988),Comedy|Drama,M,35,2,62263-3004
3025,3451,3,970461841,Guess Who's Coming to Dinner (1967),Comedy|Drama,F,35,0,90004
3163,1219,5,969048622,Psycho (1960),Horror|Thriller,M,18,15,95616
3471,2805,3,968032464,Mickey Blue Eyes (1999),Comedy|Romance,M,18,4,80302
3159,586,3,968879291,Home Alone (1990),Children's|Comedy,F,25,15,15213
3327,2770,3,967872216,Bowfinger (1999),Comedy,M,18,12,91423
3338,3779,3,967828156,Project Moon Base (1953),Sci-Fi,M,45,16,08053
3471,1967,3,973297163,Labyrinth (1986),Adventure|Children's|Fantasy,M,18,4,80302
3591,586,4,966646299,Home Alone (1990),Children's|Comedy,M,35,6,96158
3648,3051,1,994802679,Anywhere But Here (1999),Drama,M,18,4,85210
3671,2770,2,966375492,Bowfinger (1999),Comedy,M,25,4,98102
3026,2688,2,970459515,"General's Daughter, The (1999)",Drama|Thriller,F,18,4,45750
3189,2107,3,969790525,Halloween: H20 (1998),Horror|Thriller,M,25,16,90292
3191,2107,1,968653120,Halloween: H20 (1998),Horror|Thriller,M,25,12,27707
3391,3114,4,1028904068,Toy Story 2 (1999),Animation|Children's|Comedy,M,18,4,48135
3600,2688,3,966624637,"General's Daughter, The (1999)",Drama|Thriller,M,35,20,94506
3658,2783,4,971900760,"Tomb of Ligeia, The (1965)",Horror,F,25,7,07090
3712,3114,4,966270338,Toy Story 2 (1999),Animation|Children's|Comedy,M,25,17,60042
3715,2087,5,966265474,Peter Pan (1953),Animation|Children's|Fantasy|Musical,M,18,5,55428
3159,2720,3,968880361,Inspector Gadget (1999),Action|Adventure|Children's|Comedy,F,25,15,15213
3313,1017,4,967954452,Swiss Family Robinson (1960),Adventure|Children's,M,35,20,90292
3022,3408,3,970500718,Erin Brockovich (2000),Drama,M,25,17,78730
3229,3408,5,970352129,Erin Brockovich (2000),Drama,F,56,1,93105
3313,3408,4,967952190,Erin Brockovich (2000),Drama,M,35,20,90292
3476,1982,1,968949941,Halloween (1978),Horror,M,50,0,44126
3751,1982,4,966132425,Halloween (1978),Horror,F,35,12,55555
3288,850,3,979847759,Cyclo (1995),Crime|Drama,M,25,14,94133
3292,3499,5,968126991,Misery (1990),Horror,F,50,6,79410
3313,2915,4,967953261,Risky Business (1983),Comedy,M,35,20,90292
3394,3468,5,967491249,"Hustler, The (1961)",Drama,M,35,7,90069
3418,3499,3,967397232,Misery (1990),Horror,F,18,3,22305
3510,2324,5,967046711,Life Is Beautiful (La Vita è bella) (1997),Comedy|Drama,F,18,4,02142
3516,610,4,966967131,Heavy Metal (1981),Action|Adventure|Animation|Horror|Sci-Fi,M,18,4,42101
3602,1589,4,970711066,Cop Land (1997),Crime|Drama|Mystery,M,25,12,55443
3154,2875,3,968904526,Sommersby (1993),Drama|Mystery|Romance,F,25,4,95616
3312,1059,2,1002701684,William Shakespeare's Romeo and Juliet (1996),Drama|Romance,F,18,4,90039
3371,3201,4,967606796,Five Easy Pieces (1970),Drama,M,25,2,55405
3509,2716,3,967478382,Ghostbusters (1984),Comedy|Horror,M,18,4,02115
3569,1059,3,967143465,William Shakespeare's Romeo and Juliet (1996),Drama|Romance,F,18,2,48823
3571,2716,4,966737745,Ghostbusters (1984),Comedy|Horror,M,18,4,10044
3577,2875,5,966711970,Sommersby (1993),Drama|Mystery|Romance,F,56,0,00231
3648,2716,5,1002822961,Ghostbusters (1984),Comedy|Horror,M,18,4,85210
3648,3740,4,1002817997,Big Trouble in Little China (1986),Action|Comedy,M,18,4,85210
3745,2716,5,966139606,Ghostbusters (1984),Comedy|Horror,F,25,9,49442
3121,1513,3,969335489,Romy and Michele's High School Reunion (1997),Comedy,M,25,2,32118
3180,1377,2,968801320,Batman Returns (1992),Action|Adventure|Comedy|Crime,M,25,14,07430
3182,1377,1,968772920,Batman Returns (1992),Action|Adventure|Comedy|Crime,M,25,12,12866
3200,838,4,968629461,Emma (1996),Comedy|Drama|Romance,F,25,1,98144
3358,900,2,967696254,"American in Paris, An (1951)",Musical|Romance,F,25,1,91790
3401,3102,3,967434382,Jagged Edge (1985),Thriller,M,35,7,76109
3512,2297,5,967482348,What Dreams May Come (1998),Drama|Romance,M,18,17,02140
3648,2273,5,994801452,Rush Hour (1998),Action|Thriller,M,18,4,85210
3771,485,3,966182623,Last Action Hero (1993),Action|Comedy,M,25,1,14982
3084,3129,3,969753155,Sweet and Lowdown (1999),Comedy|Drama,M,25,16,01581
3253,2369,4,968622024,Desperately Seeking Susan (1985),Comedy|Romance,F,35,4,26505
3336,1438,1,967853795,Dante's Peak (1997),Action|Thriller,M,35,17,93436
3411,1272,4,967757025,Patton (1970),Drama|War,M,18,4,02139
3723,2369,5,967149162,Desperately Seeking Susan (1985),Comedy|Romance,M,25,14,53048
3732,1945,4,974061265,On the Waterfront (1954),Crime|Drama,M,25,17,60153
3152,2174,2,1019015669,Beetlejuice (1988),Comedy|Fantasy,M,18,4,61801
3182,441,5,968772308,Dazed and Confused (1993),Comedy,M,25,12,12866
3283,2174,4,968121992,Beetlejuice (1988),Comedy|Fantasy,M,35,16,66208
3367,3422,5,982809463,She's Gotta Have It (1986),Comedy|Romance,M,50,16,10025
3464,800,4,967246792,Lone Star (1996),Drama|Mystery,F,25,14,78251
3648,733,3,988938910,"Rock, The (1996)",Action|Adventure|Thriller,M,18,4,85210
3682,1643,4,966354648,"Mrs. Brown (Her Majesty, Mrs. Brown) (1997)",Drama|Romance,F,50,1,10706
3029,326,4,970362793,To Live (Huozhe) (1994),Drama,M,18,4,92037
3196,3273,3,971756374,Scream 3 (2000),Horror|Mystery|Thriller,F,18,4,45219
3360,2081,5,967694007,"Little Mermaid, The (1989)",Animation|Children's|Comedy|Musical|Romance,F,25,0,92646
3401,2081,4,967432597,"Little Mermaid, The (1989)",Animation|Children's|Comedy|Musical|Romance,M,35,7,76109
3711,1037,5,966271380,"Lawnmower Man, The (1992)",Action|Sci-Fi|Thriller,M,35,0,32506
3155,1036,4,968896739,Die Hard (1988),Action|Thriller,M,25,7,55112
3178,2872,4,968782065,Excalibur (1981),Action|Drama|Fantasy|Romance,F,35,5,44313
3414,173,4,967486649,Judge Dredd (1995),Action|Adventure|Sci-Fi,M,25,17,75146
3579,2872,4,966710116,Excalibur (1981),Action|Drama|Fantasy|Romance,M,18,0,32219
3626,2402,4,966609206,Rambo: First Blood Part II (1985),Action|War,M,25,17,75075
3693,1036,5,966354812,Die Hard (1988),Action|Thriller,M,25,15,94062
3726,173,3,966226320,Judge Dredd (1995),Action|Adventure|Sci-Fi,M,25,17,92882
3771,1036,5,966049345,Die Hard (1988),Action|Thriller,M,25,1,14982
3051,2993,4,970816170,Thunderball (1965),Action,M,18,17,94063
3198,3093,5,968701774,McCabe & Mrs. Miller (1971),Drama|Western,M,25,12,94110
3378,2046,4,967757530,Flight of the Navigator (1986),Adventure|Children's|Sci-Fi,M,18,4,48135
3391,1779,2,967658128,Sphere (1998),Adventure|Sci-Fi|Thriller,M,18,4,48135
3112,2574,4,969475908,"Out-of-Towners, The (1999)",Comedy,M,18,12,98133
3137,2574,1,969052510,"Out-of-Towners, The (1999)",Comedy,M,25,11,11217
3224,3629,4,968444507,"Gold Rush, The (1925)",Comedy,F,25,14,93428
3278,1256,5,971622500,Duck Soup (1933),Comedy|War,M,35,7,10014
3316,1385,2,967940089,Under Siege (1992),Action,M,1,19,92557
3441,555,5,967308087,True Romance (1993),Action|Crime|Romance,F,25,14,94109
3577,1066,4,966710812,Shall We Dance? (1937),Comedy|Musical|Romance,F,56,0,00231
3692,3479,3,966396134,Ladyhawke (1985),Adventure|Fantasy|Romance,M,35,17,89147
3698,3479,2,966294050,Ladyhawke (1985),Adventure|Fantasy|Romance,M,25,7,53202
3112,2959,1,969475216,Fight Club (1999),Drama,M,18,12,98133
3219,2959,3,978358920,Fight Club (1999),Drama,F,18,4,54302
3235,3157,4,968360266,Stuart Little (1999),Children's|Comedy,M,18,4,87801
3285,39,3,968117807,Clueless (1995),Comedy|Romance,M,25,4,44706
3335,1060,4,967839727,Swingers (1996),Comedy|Drama,M,25,0,10023
3483,1015,4,971898410,Homeward Bound: The Incredible Journey (1993),Adventure|Children's,F,45,7,30260
3596,1254,5,966629877,"Treasure of the Sierra Madre, The (1948)",Adventure,F,35,4,19104
3600,3157,4,966619600,Stuart Little (1999),Children's|Comedy,M,35,20,94506
3615,1254,4,966601690,"Treasure of the Sierra Madre, The (1948)",Adventure,M,25,17,76028
3635,39,4,966517089,Clueless (1995),Comedy|Romance,M,50,1,60062
3716,39,4,966265999,Clueless (1995),Comedy|Romance,M,18,12,36115
3313,380,4,979700918,True Lies (1994),Action|Adventure|Comedy|Romance,M,35,20,90292
3401,520,2,980129757,Robin Hood: Men in Tights (1993),Comedy,M,35,7,76109
3532,380,4,978229637,True Lies (1994),Action|Adventure|Comedy|Romance,F,35,14,10028
3558,380,4,966802528,True Lies (1994),Action|Adventure|Comedy|Romance,M,18,17,66044
3590,520,3,966656832,Robin Hood: Men in Tights (1993),Comedy,F,18,15,02115
3591,3263,3,966644110,White Men Can't Jump (1992),Comedy,M,35,6,96158
3032,1431,4,970344209,Beverly Hills Ninja (1997),Action|Comedy,M,25,0,47303
3416,2034,4,967401072,"Black Hole, The (1979)",Sci-Fi,M,25,12,20850
3423,514,4,967364693,"Ref, The (1994)",Comedy,M,25,7,84088
3641,7,3,966484274,Sabrina (1995),Comedy|Romance,M,25,0,92008
3079,2912,2,979079360,"Limey, The (1999)",Action|Crime|Drama,F,25,1,55410
3101,648,5,969583659,Mission: Impossible (1996),Action|Adventure|Mystery,M,18,15,91101
3108,446,3,969495363,Farewell My Concubine (1993),Drama|Romance,M,50,6,22039
3180,2918,3,968800601,Ferris Bueller's Day Off (1986),Comedy,M,25,14,07430
3182,2918,4,1041602685,Ferris Bueller's Day Off (1986),Comedy,M,25,12,12866
3388,2918,4,967520292,Ferris Bueller's Day Off (1986),Comedy,F,25,1,92646
3483,2918,5,967069895,Ferris Bueller's Day Off (1986),Comedy,F,45,7,30260
3547,2918,5,966912311,Ferris Bueller's Day Off (1986),Comedy,M,35,16,94108
3031,1601,3,970363301,Hoodlum (1997),Crime|Drama|Film-Noir,M,18,4,48135
3032,1601,4,970350923,Hoodlum (1997),Crime|Drama|Film-Noir,M,25,0,47303
3403,3169,3,967428973,"Falcon and the Snowman, The (1984)",Drama,M,35,5,48342
3436,3864,4,1004146241,Godzilla 2000 (Gojira ni-sen mireniamu) (1999),Action|Adventure|Sci-Fi,M,35,0,98503
3507,1358,5,966996757,Sling Blade (1996),Drama|Thriller,M,25,0,02472
3721,1358,5,966225524,Sling Blade (1996),Drama|Thriller,M,25,15,94065
3080,3543,5,969812188,Diner (1982),Comedy|Drama,M,25,20,55410
3261,1810,3,968252371,Primary Colors (1998),Drama,M,45,20,87505
3512,3916,3,1001442771,Remember the Titans (2000),Drama,M,18,17,02140
3693,728,3,1031464550,Cold Comfort Farm (1995),Comedy,M,25,15,94062
3727,1998,2,966223074,Exorcist II: The Heretic (1977),Horror,M,35,7,74401
3029,1374,5,970367596,Star Trek: The Wrath of Khan (1982),Action|Adventure|Sci-Fi,M,18,4,92037
3208,585,3,968554307,"Brady Bunch Movie, The (1995)",Comedy,M,25,14,30342
3218,3516,4,968454100,"Bell, Book and Candle (1958)",Comedy|Romance,M,56,6,48070
3224,3516,4,1023864612,"Bell, Book and Candle (1958)",Comedy|Romance,F,25,14,93428
3240,1673,5,968350020,Boogie Nights (1997),Drama,M,18,4,55403
3454,1673,4,970772049,Boogie Nights (1997),Drama,M,18,0,92122
3724,1673,3,966225224,Boogie Nights (1997),Drama,M,35,6,77083
3128,994,4,969395389,Big Night (1996),Drama,M,18,2,10012
3240,994,4,968351345,Big Night (1996),Drama,M,18,4,55403
3134,3763,4,969083508,F/X (1986),Action|Crime|Thriller,M,18,4,55455
3529,3763,3,966898447,F/X (1986),Action|Crime|Thriller,F,45,1,97361
3563,3608,3,966787834,Pee-wee's Big Adventure (1985),Comedy,M,25,2,33133
3158,1200,5,1025053306,Aliens (1986),Action|Sci-Fi|Thriller|War,M,25,15,15217
3160,1200,5,968877507,Aliens (1986),Action|Sci-Fi|Thriller|War,M,25,17,77521
3308,1200,5,967992495,Aliens (1986),Action|Sci-Fi|Thriller|War,F,18,20,15701-1348
3430,1200,3,969162323,Aliens (1986),Action|Sci-Fi|Thriller|War,F,45,1,15208
3453,2951,3,967766364,"Fistful of Dollars, A (1964)",Action|Western,M,35,7,07981
3571,2881,4,966737696,Double Jeopardy (1999),Action|Thriller,M,18,4,10044
3607,2881,4,966612405,Double Jeopardy (1999),Action|Thriller,M,35,17,32506
3032,3430,5,970355503,Death Wish (1974),Action|Drama,M,25,0,47303
3056,1261,4,970124240,Evil Dead II (Dead By Dawn) (1987),Action|Adventure|Comedy|Horror,M,25,18,10309
3116,2194,4,969465251,"Untouchables, The (1987)",Action|Crime|Drama,M,25,12,98034
3308,2143,5,967975346,Legend (1985),Adventure|Fantasy|Romance,F,18,20,15701-1348
3491,1261,4,967047802,Evil Dead II (Dead By Dawn) (1987),Action|Adventure|Comedy|Horror,M,25,16,28542
3507,1261,4,982457412,Evil Dead II (Dead By Dawn) (1987),Action|Adventure|Comedy|Horror,M,25,0,02472
3513,1876,1,966974905,Deep Impact (1998),Action|Drama|Sci-Fi|Thriller,M,25,16,01890
3603,543,2,966621147,So I Married an Axe Murderer (1993),Comedy|Romance|Thriller,F,35,7,78704
3612,543,4,966605524,So I Married an Axe Murderer (1993),Comedy|Romance|Thriller,M,25,14,29609
3621,2194,4,966576607,"Untouchables, The (1987)",Action|Crime|Drama,M,18,4,33023
3685,543,3,966867593,So I Married an Axe Murderer (1993),Comedy|Romance|Thriller,M,25,5,55100
3096,1690,3,969643046,Alien: Resurrection (1997),Action|Horror|Sci-Fi,F,45,3,38028
3505,3357,2,966979852,East-West (Est-ouest) (1999),Drama|Romance,F,25,15,55455
3528,3840,1,966901209,Pumpkinhead (1988),Horror,M,35,5,41144
3754,1965,3,966119765,Repo Man (1984),Comedy|Sci-Fi,M,56,7,94612
3081,1347,4,969801157,"Nightmare on Elm Street, A (1984)",Horror,M,25,7,77252
3205,1356,4,968564767,Star Trek: First Contact (1996),Action|Adventure|Sci-Fi,F,35,16,80304
3311,234,3,967959767,Exit to Eden (1994),Comedy,M,25,4,90039
3620,2020,4,972866889,Dangerous Liaisons (1988),Drama|Romance,M,25,7,94117
3367,1104,5,970080946,"Streetcar Named Desire, A (1951)",Drama,M,50,16,10025
3512,1104,3,966976415,"Streetcar Named Desire, A (1951)",Drama,M,18,17,02140
3082,3526,3,969779215,Parenthood (1989),Comedy|Drama,F,35,6,45459
3410,3266,4,995212132,Man Bites Dog (C'est arrivé près de chez vous) (1992),Action|Comedy|Crime|Drama,M,35,1,20653
3430,3386,3,967341760,JFK (1991),Drama|Mystery,F,45,1,15208
3509,3386,5,967478845,JFK (1991),Drama|Mystery,M,18,4,02115
3538,1625,4,966883510,"Game, The (1997)",Mystery|Thriller,M,35,0,40504
3590,1094,5,966652161,"Crying Game, The (1992)",Drama|Romance|War,F,18,15,02115
3687,509,2,966316948,"Piano, The (1993)",Drama|Romance,F,50,1,62221
3060,2167,3,970021183,Blade (1998),Action|Adventure|Horror,F,35,1,92705
3246,361,2,968309307,It Could Happen to You (1994),Drama|Romance,F,35,1,85258
3389,589,4,967512570,Terminator 2: Judgment Day (1991),Action|Sci-Fi|Thriller,M,18,0,13603
3485,589,3,967094772,Terminator 2: Judgment Day (1991),Action|Sci-Fi|Thriller,M,25,0,94121
3491,1647,5,967069750,Playing God (1997),Crime|Thriller,M,25,16,28542
3067,2641,3,970003015,Superman II (1980),Action|Adventure|Sci-Fi,F,25,0,02148
3336,2641,4,968043695,Superman II (1980),Action|Adventure|Sci-Fi,M,35,17,93436
3610,3592,1,974825042,Time Masters (Les Maîtres du Temps) (1982),Animation|Sci-Fi,M,18,6,30064
3197,50,4,968637042,"Usual Suspects, The (1995)",Crime|Thriller,F,18,14,94110
3329,1214,5,967865948,Alien (1979),Action|Horror|Sci-Fi|Thriller,M,50,18,72601
3352,1214,2,967742358,Alien (1979),Action|Horror|Sci-Fi|Thriller,M,35,0,30533
3430,750,5,970888431,Dr. Strangelove or: How I Learned to Stop Worrying and Love the Bomb (1963),Sci-Fi|War,F,45,1,15208
3493,3168,2,967039287,Easy Rider (1969),Adventure|Drama,M,25,17,61350
3648,50,4,977182984,"Usual Suspects, The (1995)",Crime|Thriller,M,18,4,85210
3669,1214,4,966465046,Alien (1979),Action|Horror|Sci-Fi|Thriller,M,25,14,60148
3733,2395,4,974088002,Rushmore (1998),Comedy,M,18,4,02777
3774,50,5,966041136,"Usual Suspects, The (1995)",Crime|Thriller,M,25,0,52556
3328,2012,4,967911822,Back to the Future Part III (1990),Comedy|Sci-Fi|Western,M,56,19,91790-1161
3347,527,4,967756697,Schindler's List (1993),Drama|War,F,35,7,91362
3394,527,5,967491350,Schindler's List (1993),Drama|War,M,35,7,90069
3469,293,5,967227924,"Professional, The (a.k.a. Leon: The Professional) (1994)",Crime|Drama|Romance|Thriller,M,45,17,02176
3470,293,5,967148879,"Professional, The (a.k.a. Leon: The Professional) (1994)",Crime|Drama|Romance|Thriller,M,35,17,49887
3568,527,5,966745853,Schindler's List (1993),Drama|War,M,25,0,98503
3620,293,4,966576782,"Professional, The (a.k.a. Leon: The Professional) (1994)",Crime|Drama|Romance|Thriller,M,25,7,94117
3712,2012,4,966272450,Back to the Future Part III (1990),Comedy|Sci-Fi|Western,M,25,17,60042
3756,2671,4,966105077,Notting Hill (1999),Comedy|Romance,M,18,12,53188
3210,1704,5,969031136,Good Will Hunting (1997),Drama,F,45,0,02115
3305,45,4,968002627,To Die For (1995),Comedy|Drama,M,56,20,94708
3371,45,3,967608220,To Die For (1995),Comedy|Drama,M,25,2,55405
3471,45,3,1039903714,To Die For (1995),Comedy|Drama,M,18,4,80302
3709,3014,2,966276887,Bustin' Loose (1981),Comedy,M,25,12,89502
3768,1333,5,987188172,"Birds, The (1963)",Horror,M,25,4,86314
3108,952,3,969490988,Around the World in 80 Days (1956),Adventure|Comedy,M,50,6,22039
3037,261,5,970268845,Little Women (1994),Drama,F,25,2,97333
3189,2889,4,969869589,"Mystery, Alaska (1999)",Comedy,M,25,16,90292
3342,2719,3,967785698,"Haunting, The (1999)",Horror|Thriller,F,25,5,92705
3313,3070,3,974839670,"Adventures of Buckaroo Bonzai Across the 8th Dimension, The (1984)",Adventure|Comedy|Sci-Fi,M,35,20,90292
3469,2311,4,967232179,2010 (1984),Mystery|Sci-Fi,M,45,17,02176
3499,2378,2,966996066,Police Academy (1984),Comedy,M,25,3,77006
3539,364,4,966928571,"Lion King, The (1994)",Animation|Children's|Musical,F,25,4,77006
3669,2378,2,966464033,Police Academy (1984),Comedy,M,25,14,60148
3167,3354,1,968815866,Mission to Mars (2000),Sci-Fi,M,25,2,77056
3342,3354,3,967785806,Mission to Mars (2000),Sci-Fi,F,25,5,92705
3367,3317,4,970873357,Wonder Boys (2000),Comedy|Drama,M,50,16,10025
3472,3478,3,967142288,"Bamba, La (1987)",Drama,M,25,6,33156
3635,945,5,966517369,Top Hat (1935),Comedy|Musical|Romance,M,50,1,60062
3365,356,5,967664156,Forrest Gump (1994),Comedy|Romance|War,M,50,17,23059
3426,3551,5,967350541,Marathon Man (1976),Thriller,M,25,20,90046
3583,356,5,966695524,Forrest Gump (1994),Comedy|Romance|War,F,25,9,41075
3713,289,2,966271471,Only You (1994),Comedy|Romance,F,25,7,22201
3317,1923,4,967931973,There's Something About Mary (1998),Comedy,M,25,4,78705
3484,1923,3,967063505,There's Something About Mary (1998),Comedy,M,18,4,28403
3705,25,4,966284595,Leaving Las Vegas (1995),Drama|Romance,M,45,7,30076
3083,2858,4,969763749,American Beauty (1999),Comedy|Drama,F,50,0,97403
3191,237,3,968653795,Forget Paris (1995),Comedy|Romance,M,25,12,27707
3265,2858,5,968259841,American Beauty (1999),Comedy|Drama,M,25,15,53704
3506,2858,5,966978527,American Beauty (1999),Comedy|Drama,M,18,12,80503
3507,1126,2,967154789,Drop Dead Fred (1991),Comedy|Fantasy,M,25,0,02472
3526,2539,5,966904985,Analyze This (1999),Comedy,M,35,2,62263-3004
3561,1126,4,967060468,Drop Dead Fred (1991),Comedy|Fantasy,M,35,14,63304
3582,3461,2,966698722,Lord of the Flies (1963),Adventure|Drama|Thriller,F,35,0,52405
3589,3508,5,966656253,"Outlaw Josey Wales, The (1976)",Western,F,45,0,80010
3590,2858,5,966915462,American Beauty (1999),Comedy|Drama,F,18,15,02115
3608,2858,5,966612154,American Beauty (1999),Comedy|Drama,F,35,9,02879
3620,3510,3,973487604,Frequency (2000),Drama|Thriller,M,25,7,94117
3685,2858,5,966948163,American Beauty (1999),Comedy|Drama,M,25,5,55100
3756,2321,5,966097392,Pleasantville (1998),Comedy,M,18,12,53188
3300,1213,4,968205569,GoodFellas (1990),Crime|Drama,M,35,5,19119
3430,3365,4,967340211,"Searchers, The (1956)",Western,F,45,1,15208
3468,1103,4,967156224,Rebel Without a Cause (1955),Drama,M,25,20,94546
3669,818,1,966380400,"Very Brady Sequel, A (1996)",Comedy,M,25,14,60148
3080,3035,5,969812064,Mister Roberts (1955),Comedy|Drama|War,M,25,20,55410
3031,3751,5,977118834,Chicken Run (2000),Animation|Children's|Comedy,M,18,4,48135
3185,2529,5,968699817,Planet of the Apes (1968),Action|Sci-Fi,M,18,7,55337
3332,3751,4,1007168401,Chicken Run (2000),Animation|Children's|Comedy,M,25,7,06854
3438,1912,1,967390496,Out of Sight (1998),Action|Crime|Romance,F,25,0,78735
3683,1912,5,966521803,Out of Sight (1998),Action|Crime|Romance,M,25,2,30606
3711,3751,5,966270530,Chicken Run (2000),Animation|Children's|Comedy,M,35,0,32506
3720,1907,3,966253740,Mulan (1998),Animation|Children's,M,45,7,43065
3726,1907,4,966230181,Mulan (1998),Animation|Children's,M,25,17,92882
3771,1912,4,966049316,Out of Sight (1998),Action|Crime|Romance,M,25,1,14982
3224,3391,2,968523467,Who's That Girl? (1987),Comedy,F,25,14,93428
3645,480,5,966468786,Jurassic Park (1993),Action|Adventure|Sci-Fi,M,35,17,97232
3689,480,3,966311729,Jurassic Park (1993),Action|Adventure|Sci-Fi,M,25,0,80906
3692,3576,4,966397208,"Hidden, The (1987)",Action|Horror|Sci-Fi,M,35,17,89147
3118,1610,3,969403061,"Hunt for Red October, The (1990)",Action|Thriller,M,25,0,77025
3314,1610,5,967945001,"Hunt for Red October, The (1990)",Action|Thriller,M,25,7,06516
3358,1083,4,967695724,"Great Race, The (1965)",Comedy|Musical,F,25,1,91790
3377,1610,4,967587641,"Hunt for Red October, The (1990)",Action|Thriller,M,25,17,03570
3479,1610,4,967089605,"Hunt for Red October, The (1990)",Action|Thriller,M,18,4,78626
3715,2408,3,966266240,Cocoon: The Return (1988),Comedy|Sci-Fi,M,18,5,55428
3045,968,5,970189035,Night of the Living Dead (1968),Horror|Sci-Fi,M,45,1,90631
3081,3868,4,969802507,"Naked Gun: From the Files of Police Squad!, The (1988)",Comedy,M,25,7,77252
3207,968,5,968569430,Night of the Living Dead (1968),Horror|Sci-Fi,M,35,7,60610
3246,1784,4,968308006,As Good As It Gets (1997),Comedy|Drama,F,35,1,85258
3590,1784,5,966658868,As Good As It Gets (1997),Comedy|Drama,F,18,15,02115
3611,2359,4,966613485,Waking Ned Devine (1998),Comedy,M,25,2,84321
3111,2860,4,969481033,Blue Streak (1999),Comedy,M,18,4,56520
3297,2541,3,968052280,Cruel Intentions (1999),Drama,M,18,4,91325
3491,3848,5,967066412,Silent Fall (1994),Drama|Thriller,M,25,16,28542
3024,464,4,970539811,Hard Target (1993),Action|Adventure|Crime|Thriller,M,35,17,14302
3075,2125,3,969898986,Ever After: A Cinderella Story (1998),Drama|Romance,F,25,11,06107
3247,1221,3,968303195,"Godfather: Part II, The (1974)",Action|Crime|Drama,M,35,15,92649
3472,1221,5,967142575,"Godfather: Part II, The (1974)",Action|Crime|Drama,M,25,6,33156
3733,1221,5,966915324,"Godfather: Part II, The (1974)",Action|Crime|Drama,M,18,4,02777
3121,21,4,969332993,Get Shorty (1995),Action|Comedy|Drama,M,25,2,32118
3140,653,4,1020013399,Dragonheart (1996),Action|Adventure|Fantasy,F,25,4,78728
3208,653,1,968556706,Dragonheart (1996),Action|Adventure|Fantasy,M,25,14,30342
3227,3253,2,969645550,Wayne's World (1992),Comedy,F,25,14,60657
3292,653,3,968095986,Dragonheart (1996),Action|Adventure|Fantasy,F,50,6,79410
3345,21,4,967775712,Get Shorty (1995),Action|Comedy|Drama,M,25,7,18655
3487,3253,3,967075246,Wayne's World (1992),Comedy,M,18,4,60611
3499,653,3,966996617,Dragonheart (1996),Action|Adventure|Fantasy,M,25,3,77006
3756,1587,3,966106122,Conan the Barbarian (1982),Action|Adventure,M,18,12,53188
3760,21,4,966094675,Get Shorty (1995),Action|Comedy|Drama,M,50,0,55128
3026,1079,4,970461818,"Fish Called Wanda, A (1988)",Comedy,F,18,4,45750
3038,1079,4,1018061402,"Fish Called Wanda, A (1988)",Comedy,F,35,2,97401
3095,1079,3,970774379,"Fish Called Wanda, A (1988)",Comedy,F,25,3,06810
3242,1552,5,968350148,Con Air (1997),Action|Adventure|Thriller,M,50,13,94089
3329,1283,4,967865428,High Noon (1952),Western,M,50,18,72601
3336,1552,2,967853795,Con Air (1997),Action|Adventure|Thriller,M,35,17,93436
3353,1552,4,968126455,Con Air (1997),Action|Adventure|Thriller,M,35,17,92688
3610,1283,1,977890022,High Noon (1952),Western,M,18,6,30064
3643,1283,5,966470047,High Noon (1952),Western,M,25,17,22302
3643,1552,4,966475088,Con Air (1997),Action|Adventure|Thriller,M,25,17,22302
3402,1179,5,967433124,"Grifters, The (1990)",Crime|Drama|Film-Noir,M,35,20,30306
3572,2426,5,966735322,"Theory of Flight, The (1998)",Comedy|Drama|Romance,M,35,11,04287
3621,338,4,966575407,Virtuosity (1995),Sci-Fi|Thriller,M,18,4,33023
3067,1185,5,970003408,My Left Foot (1989),Drama,F,25,0,02148
3410,1936,4,995514283,Mrs. Miniver (1942),Drama|War,M,35,1,20653
3422,195,1,967411617,Something to Talk About (1995),Comedy|Drama|Romance,M,25,5,43221
3464,3275,3,973283124,"Boondock Saints, The (1999)",Action|Comedy,F,25,14,78251
3618,2100,3,966603668,Splash (1984),Comedy|Fantasy|Romance,M,56,17,22657
3611,1188,5,966612106,Strictly Ballroom (1992),Comedy|Romance,M,25,2,84321
3675,595,5,966364404,Beauty and the Beast (1991),Animation|Children's|Musical,M,35,7,06680
3705,2435,3,966284002,Hurlyburly (1998),Drama,M,45,7,30076
3726,595,3,966230484,Beauty and the Beast (1991),Animation|Children's|Musical,M,25,17,92882
3745,3466,3,966141662,Heart and Souls (1993),Comedy|Fantasy,F,25,9,49442
3051,3255,3,970194278,"League of Their Own, A (1992)",Comedy|Drama,M,18,17,94063
3363,1767,4,1011635639,Music From Another Room (1998),Drama|Romance,F,35,9,04046
3384,828,2,967566097,"Adventures of Pinocchio, The (1996)",Adventure|Children's,M,35,7,91304
3520,3307,5,966947172,City Lights (1931),Comedy|Drama|Romance,M,25,0,40515
3266,1150,4,968213007,"Return of Martin Guerre, The (Retour de Martin Guerre, Le) (1982)",Drama,F,25,4,95616
3300,3521,2,968035914,Mystery Train (1989),Comedy|Crime|Drama,M,35,5,19119
3381,3079,4,967576731,Mansfield Park (1999),Drama,M,25,0,96671
3390,2352,5,967511106,"Big Chill, The (1983)",Comedy|Drama,F,45,20,02476
3648,809,4,1002818487,Fled (1996),Action|Adventure,M,18,4,85210
3136,32,5,969055568,Twelve Monkeys (1995),Drama|Sci-Fi,F,25,4,72801
3527,3081,2,966901997,Sleepy Hollow (1999),Horror|Romance,M,25,0,53213
3529,32,3,966899073,Twelve Monkeys (1995),Drama|Sci-Fi,F,45,1,97361
3576,3684,3,966723819,"Fabulous Baker Boys, The (1989)",Drama|Romance,M,50,7,68046
3751,2450,1,966133534,Howard the Duck (1986),Adventure|Children's|Sci-Fi,F,35,12,55555
3675,1282,4,966364270,Fantasia (1940),Animation|Children's|Musical,M,35,7,06680
3290,2530,1,968095112,Beneath the Planet of the Apes (1970),Action|Sci-Fi,M,25,14,90292
3426,457,3,967351509,"Fugitive, The (1993)",Action|Thriller,M,25,20,90046
3442,457,4,967306737,"Fugitive, The (1993)",Action|Thriller,M,18,12,20878
3547,265,4,966835845,Like Water for Chocolate (Como agua para chocolate) (1992),Drama|Romance,M,35,16,94108
3648,457,5,977183876,"Fugitive, The (1993)",Action|Thriller,M,18,4,85210
3682,1237,5,966353600,"Seventh Seal, The (Sjunde inseglet, Det) (1957)",Drama,F,50,1,10706
3683,3788,4,966354922,Blowup (1966),Drama|Mystery,M,25,2,30606
3747,3788,5,966136072,Blowup (1966),Drama|Mystery,M,45,13,89109
3308,141,4,967994337,"Birdcage, The (1996)",Comedy,F,18,20,15701-1348
3401,2160,2,980112937,Rosemary's Baby (1968),Horror|Thriller,M,35,7,76109
3518,2154,4,970243594,How Stella Got Her Groove Back (1998),Drama|Romance,F,18,7,11215
3591,141,4,966645370,"Birdcage, The (1996)",Comedy,M,35,6,96158
3603,2160,4,966621322,Rosemary's Baby (1968),Horror|Thriller,F,35,7,78704
3696,608,5,966302901,Fargo (1996),Crime|Drama|Thriller,M,35,7,19149
3328,1043,2,967918245,To Gillian on Her 37th Birthday (1996),Drama|Romance,M,56,19,91790-1161
3611,1909,5,966610815,"X-Files: Fight the Future, The (1998)",Mystery|Sci-Fi|Thriller,M,25,2,84321
3760,953,3,966096450,It's a Wonderful Life (1946),Drama,M,50,0,55128
3428,272,4,967347402,"Madness of King George, The (1994)",Drama,M,45,1,47933
3662,2660,5,966429140,"Thing From Another World, The (1951)",Sci-Fi,M,35,16,08753
3224,3247,4,968522333,Sister Act (1992),Comedy|Crime,F,25,14,93428
3246,1617,3,968307353,L.A. Confidential (1997),Crime|Film-Noir|Mystery|Thriller,F,35,1,85258
3265,1617,3,968262947,L.A. Confidential (1997),Crime|Film-Noir|Mystery|Thriller,M,25,15,53704
3416,1617,5,967409796,L.A. Confidential (1997),Crime|Film-Noir|Mystery|Thriller,M,25,12,20850
3626,487,3,966606645,Lightning Jack (1994),Comedy|Western,M,25,17,75075
3720,1617,4,966250584,L.A. Confidential (1997),Crime|Film-Noir|Mystery|Thriller,M,45,7,43065
3265,2427,2,968215330,"Thin Red Line, The (1998)",Action|Drama|War,M,25,15,53704
3545,1585,5,966858512,Love Serenade (1996),Comedy,M,35,12,92507
3029,1281,5,970369465,"Great Dictator, The (1940)",Comedy,M,18,4,92037
3080,1281,5,976306436,"Great Dictator, The (1940)",Comedy,M,25,20,55410
3387,1408,3,967525458,"Last of the Mohicans, The (1992)",Action|Romance|War,M,18,1,94706
3576,426,3,966722375,Body Snatchers (1993),Horror|Sci-Fi|Thriller,M,50,7,68046
3675,574,3,966363366,Spanking the Monkey (1994),Comedy|Drama,M,35,7,06680
3705,574,4,966287246,Spanking the Monkey (1994),Comedy|Drama,M,45,7,30076
3751,303,3,966128662,"Quick and the Dead, The (1995)",Action|Adventure|Western,F,35,12,55555
3058,1196,3,970591146,Star Wars: Episode V - The Empire Strikes Back (1980),Action|Adventure|Drama|Sci-Fi|War,M,18,12,55123
3072,1196,4,969940931,Star Wars: Episode V - The Empire Strikes Back (1980),Action|Adventure|Drama|Sci-Fi|War,M,50,1,55126
3082,1544,3,969778232,"Lost World: Jurassic Park, The (1997)",Action|Adventure|Sci-Fi|Thriller,F,35,6,45459
3125,708,4,993074761,"Truth About Cats & Dogs, The (1996)",Comedy|Romance,M,25,7,10025
3270,1196,5,968197755,Star Wars: Episode V - The Empire Strikes Back (1980),Action|Adventure|Drama|Sci-Fi|War,M,18,11,45220
3321,1953,5,967917626,"French Connection, The (1971)",Action|Crime|Drama|Thriller,M,35,1,95380
3361,1196,4,967682889,Star Wars: Episode V - The Empire Strikes Back (1980),Action|Adventure|Drama|Sci-Fi|War,M,25,4,91790
3470,708,3,967150067,"Truth About Cats & Dogs, The (1996)",Comedy|Romance,M,35,17,49887
3484,1544,4,967063197,"Lost World: Jurassic Park, The (1997)",Action|Adventure|Sci-Fi|Thriller,M,18,4,28403
3603,1196,4,966619463,Star Wars: Episode V - The Empire Strikes Back (1980),Action|Adventure|Drama|Sci-Fi|War,F,35,7,78704
3478,2936,2,967119728,Sullivan's Travels (1942),Comedy,M,25,7,10019
3507,3424,4,966996771,Do the Right Thing (1989),Comedy|Drama,M,25,0,02472
3313,3203,4,967952921,Dead Calm (1989),Thriller,M,35,20,90292
3377,1744,4,967588732,Firestorm (1998),Action|Adventure|Thriller,M,25,17,03570
3697,3203,3,966301700,Dead Calm (1989),Thriller,M,25,15,68516
3724,913,3,966224054,"Maltese Falcon, The (1941)",Film-Noir|Mystery,M,35,6,77083
3133,2126,2,969122862,Snake Eyes (1998),Action|Crime|Mystery|Thriller,M,18,4,33720
3227,2916,3,968797698,Total Recall (1990),Action|Adventure|Sci-Fi|Thriller,F,25,14,60657
3410,3362,4,993520910,Dog Day Afternoon (1975),Comedy|Crime|Drama,M,35,1,20653
3434,2126,2,967336157,Snake Eyes (1998),Action|Crime|Mystery|Thriller,M,18,4,48867
3442,1573,2,967305554,Face/Off (1997),Action|Sci-Fi|Thriller,M,18,12,20878
3462,2916,3,967177655,Total Recall (1990),Action|Adventure|Sci-Fi|Thriller,F,25,4,73160
3475,2916,3,1015738573,Total Recall (1990),Action|Adventure|Sci-Fi|Thriller,M,25,14,33133
3540,1370,4,966880769,Die Hard 2 (1990),Action|Thriller,M,18,17,57106
3607,2916,4,971915099,Total Recall (1990),Action|Adventure|Sci-Fi|Thriller,M,35,17,32506
3691,2916,4,966308993,Total Recall (1990),Action|Adventure|Sci-Fi|Thriller,M,25,7,21030
3213,11,4,968517661,"American President, The (1995)",Comedy|Drama|Romance,F,25,1,83705
3239,11,2,968358478,"American President, The (1995)",Comedy|Drama|Romance,F,25,12,07730
3285,3735,5,968117005,Serpico (1973),Crime|Drama,M,25,4,44706
3305,1794,4,968003022,Love and Death on Long Island (1997),Comedy|Drama,M,56,20,94708
3526,11,4,966904400,"American President, The (1995)",Comedy|Drama|Romance,M,35,2,62263-3004
3557,2058,4,966806981,"Negotiator, The (1998)",Action|Thriller,M,18,5,48185
3716,575,3,966266976,"Little Rascals, The (1994)",Children's|Comedy,M,18,12,36115
3716,2058,4,966264658,"Negotiator, The (1998)",Action|Thriller,M,18,12,36115
3062,150,4,970016801,Apollo 13 (1995),Drama,M,18,4,03106
3067,369,5,970000619,Mrs. Parker and the Vicious Circle (1994),Drama,F,25,0,02148
3129,110,5,969366977,Braveheart (1995),Action|Drama|War,M,25,7,21117
3160,541,5,968877507,Blade Runner (1982),Film-Noir|Sci-Fi,M,25,17,77521
3170,541,4,968806517,Blade Runner (1982),Film-Noir|Sci-Fi,M,25,0,08461
3200,150,4,968629141,Apollo 13 (1995),Drama,F,25,1,98144
3308,3418,3,967991734,Thelma & Louise (1991),Action|Drama,F,18,20,15701-1348
3335,3178,3,967838876,"Hurricane, The (1999)",Drama,M,25,0,10023
3340,541,4,967845749,Blade Runner (1982),Film-Noir|Sci-Fi,M,45,16,48097
3355,110,5,967705901,Braveheart (1995),Action|Drama|War,M,25,1,400060
3402,541,4,967433445,Blade Runner (1982),Film-Noir|Sci-Fi,M,35,20,30306
3410,1821,3,967416920,"Object of My Affection, The (1998)",Comedy|Romance,M,35,1,20653
3414,3418,4,967486921,Thelma & Louise (1991),Action|Drama,M,25,17,75146
3464,508,4,967247382,Philadelphia (1993),Drama,F,25,14,78251
3469,369,4,967230108,Mrs. Parker and the Vicious Circle (1994),Drama,M,45,17,02176
3491,110,4,967066360,Braveheart (1995),Action|Drama|War,M,25,16,28542
3505,3903,5,974413402,Urbania (2000),Drama,F,25,15,55455
3580,110,5,966707720,Braveheart (1995),Action|Drama|War,F,18,3,32219
3638,1129,5,966580318,Escape from New York (1981),Action|Adventure|Sci-Fi|Thriller,M,25,2,90038
3695,110,4,966304761,Braveheart (1995),Action|Drama|War,M,25,2,98502
3697,110,5,966302091,Braveheart (1995),Action|Drama|War,M,25,15,68516
3713,413,3,966271016,Airheads (1994),Comedy,F,25,7,22201
3046,260,2,970186750,Star Wars: Episode IV - A New Hope (1977),Action|Adventure|Fantasy|Sci-Fi,M,1,4,46311
3108,2474,4,969497246,"Color of Money, The (1986)",Drama,M,50,6,22039
3118,260,5,969401638,Star Wars: Episode IV - A New Hope (1977),Action|Adventure|Fantasy|Sci-Fi,M,25,0,77025
3281,260,5,968167201,Star Wars: Episode IV - A New Hope (1977),Action|Adventure|Fantasy|Sci-Fi,M,25,17,79705
3356,2459,3,967697366,"Texas Chainsaw Massacre, The (1974)",Horror,M,35,7,95031
3452,3238,1,967241409,Eye of the Beholder (1999),Thriller,M,25,14,07702
3539,3347,4,967017897,Never Cry Wolf (1983),Drama,F,25,4,77006
3600,2917,5,966624873,Body Heat (1981),Crime|Thriller,M,35,20,94506
3646,260,5,966467897,Star Wars: Episode IV - A New Hope (1977),Action|Adventure|Fantasy|Sci-Fi,M,35,20,98106
3190,2028,5,968649735,Saving Private Ryan (1998),Action|Drama|War,M,1,17,97062
3229,2028,4,968559285,Saving Private Ryan (1998),Action|Drama|War,F,56,1,93105
3428,2028,3,967343010,Saving Private Ryan (1998),Action|Drama|War,M,45,1,47933
3536,2028,4,966886560,Saving Private Ryan (1998),Action|Drama|War,M,18,4,57103
3491,2263,3,967065417,"Seventh Sign, The (1988)",Thriller,M,25,16,28542
3217,805,4,968784069,"Time to Kill, A (1996)",Drama,F,35,0,92630
3499,198,4,966996432,Strange Days (1995),Action|Crime|Sci-Fi,M,25,3,77006
3648,198,5,994801139,Strange Days (1995),Action|Crime|Sci-Fi,M,18,4,85210
3651,2478,4,966457934,Three Amigos! (1986),Comedy|Western,M,25,14,98103
3029,349,4,970364433,Clear and Present Danger (1994),Action|Adventure|Thriller,M,18,4,92037
3183,349,4,968729141,Clear and Present Danger (1994),Action|Adventure|Thriller,M,50,7,60510
3265,1285,4,968259894,Heathers (1989),Comedy,M,25,15,53704
3337,3623,3,967834874,Mission: Impossible 2 (2000),Action|Thriller,M,25,4,97214
3418,3623,3,967396439,Mission: Impossible 2 (2000),Action|Thriller,F,18,3,22305
3585,1658,3,966695386,"Life Less Ordinary, A (1997)",Romance|Thriller,M,35,20,60640
3618,424,3,967116688,Blue Chips (1994),Drama,M,56,17,22657
3029,1958,4,970366945,Terms of Endearment (1983),Comedy|Drama,M,18,4,92037
3036,3100,4,972133215,"River Runs Through It, A (1992)",Drama,M,56,13,14843
3066,3785,4,969998268,Scary Movie (2000),Comedy|Horror,M,18,4,61801
3074,3785,2,969925235,Scary Movie (2000),Comedy|Horror,M,25,0,23451
3327,342,4,967897100,Muriel's Wedding (1994),Comedy|Romance,M,18,12,91423
3433,3785,2,967414227,Scary Movie (2000),Comedy|Horror,M,18,12,55113
3261,2065,3,968938039,"Purple Rose of Cairo, The (1985)",Comedy|Drama|Romance,M,45,20,87505
3308,158,3,967992959,Casper (1995),Adventure|Children's,F,18,20,15701-1348
3422,2416,3,967412285,Back to School (1986),Comedy,M,25,5,43221
3685,3250,3,966862591,Alive (1993),Drama,M,25,5,55100
3205,2762,5,968566420,"Sixth Sense, The (1999)",Thriller,F,35,16,80304
3216,1095,4,968462224,Glengarry Glen Ross (1992),Drama,M,35,1,54481
3311,3355,2,967961057,"Ninth Gate, The (2000)",Thriller,M,25,4,90039
3346,1095,4,967773544,Glengarry Glen Ross (1992),Drama,M,35,7,54016
3410,2611,5,967491593,"Winslow Boy, The (1998)",Drama,M,35,1,20653
3493,2890,4,967039673,Three Kings (1999),Drama|War,M,25,17,61350
3498,1606,1,967000936,Kull the Conqueror (1997),Action|Adventure,M,25,17,28052
3539,499,4,966931449,Mr. Wonderful (1993),Comedy|Romance,F,25,4,77006
3546,522,5,967022372,Romper Stomper (1992),Action|Drama,M,25,20,41706
3712,2617,5,966271567,"Mummy, The (1999)",Action|Adventure|Horror|Thriller,M,25,17,60042
3757,2762,5,966096361,"Sixth Sense, The (1999)",Thriller,M,25,7,92612
3762,2762,4,966092055,"Sixth Sense, The (1999)",Thriller,M,50,6,11746
3032,1954,5,970342466,Rocky (1976),Action|Drama,M,25,0,47303
3105,1954,4,969906833,Rocky (1976),Action|Drama,M,35,12,98166
3309,1566,3,967968646,Hercules (1997),Adventure|Animation|Children's|Comedy|Musical,M,25,17,20707
3665,2124,4,993858589,"Addams Family, The (1991)",Comedy,M,25,0,95903
3080,1262,5,976307325,"Great Escape, The (1963)",Adventure|War,M,25,20,55410
3128,3556,4,969296245,"Virgin Suicides, The (1999)",Comedy|Drama,M,18,2,10012
3279,1262,5,968194352,"Great Escape, The (1963)",Adventure|War,M,45,15,92880
3503,1262,5,969479696,"Great Escape, The (1963)",Adventure|War,M,18,4,59715
3568,3366,4,966746061,Where Eagles Dare (1969),Action|Adventure|War,M,25,0,98503
3576,2,4,966723297,Jumanji (1995),Adventure|Children's|Fantasy,M,50,7,68046
3588,3366,5,966659945,Where Eagles Dare (1969),Action|Adventure|War,M,25,2,90068
3760,2944,5,966094530,"Dirty Dozen, The (1967)",Action|War,M,50,0,55128
3768,2944,3,966069197,"Dirty Dozen, The (1967)",Action|War,M,25,4,86314
3051,3107,3,970205208,Backdraft (1991),Action|Drama,M,18,17,94063
3095,3536,5,969645105,Keeping the Faith (2000),Comedy|Romance,F,25,3,06810
3189,3917,4,969790272,Hellraiser (1987),Horror,M,25,16,90292
3206,2605,4,968561010,Entrapment (1999),Crime|Thriller,M,18,20,44089
3254,2302,4,968281367,My Cousin Vinny (1992),Comedy,F,35,6,95843
3513,2166,2,966973769,Return to Paradise (1998),Drama|Romance,M,25,16,01890
3526,3107,2,966907284,Backdraft (1991),Action|Drama,M,35,2,62263-3004
3562,2302,4,966786326,My Cousin Vinny (1992),Comedy,F,25,6,32812
3771,1984,1,966048950,Halloween III: Season of the Witch (1983),Horror,M,25,1,14982
3747,999,4,966136208,2 Days in the Valley (1996),Crime,M,45,13,89109
3756,2115,4,966105287,Indiana Jones and the Temple of Doom (1984),Action|Adventure,M,18,12,53188
3129,2144,5,969290732,Sixteen Candles (1984),Comedy,M,25,7,21117
3612,2144,4,966605506,Sixteen Candles (1984),Comedy,M,25,14,29609
3751,529,4,966128339,Searching for Bobby Fischer (1993),Drama,F,35,12,55555
3057,3186,1,970594029,"Girl, Interrupted (1999)",Drama,F,25,12,55438
3156,3186,4,968886733,"Girl, Interrupted (1999)",Drama,M,35,7,07663
3280,2348,3,968348355,Sid and Nancy (1986),Drama,M,25,7,33486
3762,2642,2,966094001,Superman III (1983),Action|Adventure|Sci-Fi,M,50,6,11746
3032,1011,5,970345347,Herbie Rides Again (1974),Adventure|Children's|Comedy,M,25,0,47303
3411,1193,5,967755020,One Flew Over the Cuckoo's Nest (1975),Drama,M,18,4,02139
3574,3174,4,966731287,Man on the Moon (1999),Comedy|Drama,F,35,6,33314
3688,1193,3,991371190,One Flew Over the Cuckoo's Nest (1975),Drama,M,18,6,21202
3719,3174,4,966261288,Man on the Moon (1999),Comedy|Drama,M,25,1,39759
3680,3225,3,966359879,Down to You (2000),Comedy|Romance,F,25,1,94939
3695,2406,5,974187107,Romancing the Stone (1984),Action|Adventure|Comedy|Romance,M,25,2,98502
3709,2406,5,966276757,Romancing the Stone (1984),Action|Adventure|Comedy|Romance,M,25,12,89502
3022,3578,4,970507113,Gladiator (2000),Action|Drama,M,25,17,78730
3045,2011,5,970189144,Back to the Future Part II (1989),Comedy|Sci-Fi,M,45,1,90631
3191,3515,2,968654417,Me Myself I (2000),Comedy,M,25,12,27707
3224,2011,4,968522183,Back to the Future Part II (1989),Comedy|Sci-Fi,F,25,14,93428
3309,2243,3,967968564,Broadcast News (1987),Comedy|Drama|Romance,M,25,17,20707
3336,2011,2,968096464,Back to the Future Part II (1989),Comedy|Sci-Fi,M,35,17,93436
3494,3005,4,967037969,"Bone Collector, The (1999)",Thriller,M,25,1,28607
3550,3578,4,966987994,Gladiator (2000),Action|Drama,M,25,5,55447
3592,3578,5,966645189,Gladiator (2000),Action|Drama,F,56,2,99701
3621,2011,3,966575148,Back to the Future Part II (1989),Comedy|Sci-Fi,M,18,4,33023
3669,3578,5,966464889,Gladiator (2000),Action|Drama,M,25,14,60148
3705,1805,3,966288416,Wild Things (1998),Crime|Drama|Mystery|Thriller,M,45,7,30076
3224,2696,4,968522828,"Dinner Game, The (Le Dîner de cons) (1998)",Comedy,F,25,14,93428
3294,1090,4,968072742,Platoon (1986),Drama|War,M,18,4,78749
3118,405,1,969402212,Highlander III: The Sorcerer (1994),Action|Sci-Fi,M,25,0,77025
3260,1012,3,1019506229,Old Yeller (1957),Children's|Drama,M,25,4,44514
3293,3758,4,968128134,Communion (1989),Drama|Sci-Fi|Thriller,M,45,14,37343
3360,915,4,967694232,Sabrina (1954),Comedy|Romance,F,25,0,92646
3386,3176,4,967528844,"Talented Mr. Ripley, The (1999)",Drama|Mystery|Thriller,M,18,4,55414
3558,700,4,966804293,Angus (1995),Comedy,M,18,17,66044
3605,3176,5,966615491,"Talented Mr. Ripley, The (1999)",Drama|Mystery|Thriller,M,18,12,60640
3032,1376,4,970343018,Star Trek IV: The Voyage Home (1986),Action|Adventure|Sci-Fi,M,25,0,47303
3125,802,4,993075607,Phenomenon (1996),Drama|Romance,M,25,7,10025
3363,186,3,995426721,Nine Months (1995),Comedy,F,35,9,04046
3588,1101,3,966659666,Top Gun (1986),Action|Romance,M,25,2,90068
3112,3159,4,969475201,Fantasia 2000 (1999),Animation|Children's|Musical,M,18,12,98133
3265,535,4,968261604,Short Cuts (1993),Drama,M,25,15,53704
3301,2997,5,968035112,Being John Malkovich (1999),Comedy,F,25,2,85719
3234,3134,4,968366397,"Grand Illusion (Grande illusion, La) (1937)",Drama|War,F,1,0,90012
3401,2423,5,967432471,Christmas Vacation (1989),Comedy,M,35,7,76109
3682,2621,5,966354820,Xiu Xiu: The Sent-Down Girl (Tian yu) (1998),Drama|Romance,F,50,1,10706
3683,3134,5,966352565,"Grand Illusion (Grande illusion, La) (1937)",Drama|War,M,25,2,30606
3049,215,4,970183722,Before Sunrise (1995),Drama|Romance,F,50,0,02421
3097,1674,4,969910449,Witness (1985),Drama|Romance|Thriller,F,25,5,10021
3116,3809,4,969413425,What About Bob? (1991),Comedy,M,25,12,98034
3196,1584,2,971538819,Contact (1997),Drama|Sci-Fi,F,18,4,45219
3205,1584,5,968562234,Contact (1997),Drama|Sci-Fi,F,35,16,80304
3312,174,2,990955128,Jury Duty (1995),Comedy,F,18,4,90039
3390,1674,4,967601079,Witness (1985),Drama|Romance|Thriller,F,45,20,02476
3412,410,4,969589629,Addams Family Values (1993),Comedy,M,25,18,85213
3562,1584,2,966786079,Contact (1997),Drama|Sci-Fi,F,25,6,32812
3659,3809,3,966444654,What About Bob? (1991),Comedy,M,18,4,29649
3715,2900,1,966266074,Monkey Shines (1988),Horror|Sci-Fi,M,18,5,55428
3032,3701,4,970350700,Alien Nation (1988),Crime|Drama|Sci-Fi,M,25,0,47303
3425,2976,2,967351109,Bringing Out the Dead (1999),Drama|Horror,M,18,20,48135
3526,551,3,967610617,"Nightmare Before Christmas, The (1993)",Children's|Comedy|Musical,M,35,2,62263-3004
3711,1676,3,966271343,Starship Troopers (1997),Action|Adventure|Sci-Fi|War,M,35,0,32506
3029,1013,5,970369154,"Parent Trap, The (1961)",Children's|Drama,M,18,4,92037
3157,153,3,968901519,Batman Forever (1995),Action|Adventure|Comedy|Crime,M,25,12,92880
3626,1013,3,966623027,"Parent Trap, The (1961)",Children's|Drama,M,25,17,75075
3677,1278,4,966363820,Young Frankenstein (1974),Comedy|Horror,F,25,12,06906
3691,3949,4,1007790827,Requiem for a Dream (2000),Drama,M,25,7,21030
3735,3308,3,966921653,"Flamingo Kid, The (1984)",Comedy|Drama,M,25,0,10009
3219,3831,4,968597502,Saving Grace (2000),Comedy,F,18,4,54302
3361,1246,4,967685211,Dead Poets Society (1989),Drama,M,25,4,91790
3539,1246,4,967018013,Dead Poets Society (1989),Drama,F,25,4,77006
3611,1246,5,966614231,Dead Poets Society (1989),Drama,M,25,2,84321
3340,1204,4,967845684,Lawrence of Arabia (1962),Adventure|War,M,45,16,48097
3345,1097,3,967774449,E.T. the Extra-Terrestrial (1982),Children's|Drama|Fantasy|Sci-Fi,M,25,7,18655
3504,1713,2,967478459,Mouse Hunt (1997),Children's|Comedy,M,18,7,02215
3547,1258,5,966912208,"Shining, The (1980)",Horror,M,35,16,94108
3128,2700,2,969286451,"South Park: Bigger, Longer and Uncut (1999)",Animation|Comedy,M,18,2,10012
3292,3416,5,968100642,"Trial, The (Le Procès) (1963)",Drama,F,50,6,79410
3406,104,4,967424625,Happy Gilmore (1996),Comedy,F,25,7,85214
3458,1416,4,967224891,Evita (1996),Drama|Musical,M,45,0,02131
3519,2140,2,980182339,"Dark Crystal, The (1982)",Children's|Fantasy|Sci-Fi,F,25,14,11215
3569,2140,5,966740541,"Dark Crystal, The (1982)",Children's|Fantasy|Sci-Fi,F,18,2,48823
3618,2265,3,966865391,Nothing But Trouble (1991),Adventure|Comedy,M,56,17,22657
3725,104,4,966217972,Happy Gilmore (1996),Comedy,M,18,4,32608
3082,2546,2,969814928,"Deep End of the Ocean, The (1999)",Drama,F,35,6,45459
3515,2973,4,966970642,Crimes and Misdemeanors (1989),Comedy,M,35,3,55042
3453,788,3,967238475,"Nutty Professor, The (1996)",Comedy|Fantasy|Romance|Sci-Fi,M,35,7,07981
3524,407,4,970889359,In the Mouth of Madness (1995),Horror|Thriller,F,25,0,83355
3058,1387,4,970591939,Jaws (1975),Action|Horror,M,18,12,55123
3220,1387,3,968452022,Jaws (1975),Action|Horror,M,35,7,54016
3413,2599,5,1031440311,Election (1999),Comedy,F,25,17,92084
3521,3688,3,966924935,Porky's (1981),Comedy,M,25,0,53213
3559,2599,5,966796102,Election (1999),Comedy,M,18,4,11364
3618,1387,4,966863187,Jaws (1975),Action|Horror,M,56,17,22657
3336,3846,2,968096596,Easy Money (1983),Comedy,M,35,17,93436
3341,36,4,967798943,Dead Man Walking (1995),Drama,M,25,20,91730
3546,2208,3,967027084,"Lady Vanishes, The (1938)",Comedy|Mystery|Romance|Thriller,M,25,20,41706
3618,2454,2,967121679,"Fly, The (1958)",Horror|Sci-Fi,M,56,17,22657
3159,2706,3,968879291,American Pie (1999),Comedy,F,25,15,15213
3163,3836,4,968868914,Kelly's Heroes (1970),Action|Comedy|War,M,18,15,95616
3180,3836,3,968775272,Kelly's Heroes (1970),Action|Comedy|War,M,25,14,07430
3353,2376,4,968126651,"View to a Kill, A (1985)",Action,M,35,17,92688
3422,2706,4,967410863,American Pie (1999),Comedy,M,25,5,43221
3612,3053,3,966604328,"Messenger: The Story of Joan of Arc, The (1999)",Drama|War,M,25,14,29609
3626,517,3,966624519,Rising Sun (1993),Action|Drama|Mystery,M,25,17,75075
3681,2457,3,968950917,Running Scared (1986),Action|Comedy,M,25,7,29662
3713,2706,5,966270654,American Pie (1999),Comedy,F,25,7,22201
3807,1591,2,970440672,Spawn (1997),Action|Adventure|Sci-Fi|Thriller,F,35,19,32095
3808,2122,4,965970100,Children of the Corn (1984),Horror|Thriller,M,25,7,60010
3829,1645,3,967054181,"Devil's Advocate, The (1997)",Crime|Horror|Mystery|Thriller,F,25,1,22307
3892,3175,4,965796941,Galaxy Quest (1999),Adventure|Comedy|Sci-Fi,M,25,20,91505
4001,1088,4,965571203,Dirty Dancing (1987),Musical|Romance,F,25,1,01860
4072,1580,4,965453521,Men in Black (1997),Action|Adventure|Comedy|Sci-Fi,M,50,6,93111
4126,1088,3,978745380,Dirty Dancing (1987),Musical|Romance,M,25,17,53188
4298,2122,4,965447039,Children of the Corn (1984),Horror|Thriller,F,18,14,85705
4303,1645,4,965269389,"Devil's Advocate, The (1997)",Crime|Horror|Mystery|Thriller,M,25,2,91910
4458,1342,3,965077596,Candyman (1992),Horror,F,25,4,15701-2017
3940,858,5,965696090,"Godfather, The (1972)",Action|Crime|Drama,M,35,20,32708
4001,3179,4,965582702,Angela's Ashes (1999),Drama,F,25,1,01860
4407,1721,5,965155859,Titanic (1997),Drama|Romance,M,18,4,02143
3971,1270,5,969490359,Back to the Future (1985),Comedy|Sci-Fi,F,18,4,80228
4000,1270,3,965569981,Back to the Future (1985),Comedy|Sci-Fi,M,35,7,08876
4089,2996,4,965583791,Music of the Heart (1999),Drama,M,25,7,79416
4238,2393,5,965341897,Star Trek: Insurrection (1998),Action|Sci-Fi,M,35,16,44691
4408,1270,5,965155061,Back to the Future (1985),Comedy|Sci-Fi,F,45,2,19033
3825,3089,5,965938797,"Bicycle Thief, The (Ladri di biciclette) (1948)",Drama,M,18,1,06279
3847,2025,3,965884621,Lolita (1997),Drama|Romance,M,25,7,12801
4064,3098,2,965478457,"Natural, The (1984)",Drama,M,45,0,20851
4227,2748,1,965325773,Allan Quartermain and the Lost City of Gold (1987),Action|Adventure,M,25,19,11414-2520
4261,2748,3,965307012,Allan Quartermain and the Lost City of Gold (1987),Action|Adventure,F,35,6,07950
4416,1265,5,965324973,Groundhog Day (1993),Comedy|Romance,M,18,4,02134
4449,1265,5,965088238,Groundhog Day (1993),Comedy|Romance,M,25,12,27513
3778,3425,2,966047943,Mo' Better Blues (1990),Drama,M,25,0,61832
3821,3566,2,988599744,"Big Kahuna, The (2000)",Comedy|Drama,M,25,20,44313
4211,3834,2,965318885,Bronco Billy (1980),Adventure|Drama|Romance,M,45,5,77662
4436,2392,3,965101187,Jack Frost (1998),Comedy|Drama,M,25,12,19067
3808,3028,1,965976174,"Taming of the Shrew, The (1967)",Comedy,M,25,7,60010
3884,799,2,965817628,"Frighteners, The (1996)",Comedy|Horror,M,18,4,78759
3885,588,1,967649993,Aladdin (1992),Animation|Children's|Comedy|Musical,M,25,12,92728
3934,2802,3,965711413,Tequila Sunrise (1988),Action|Romance|Thriller,M,25,0,44512
4015,3105,5,965533120,Awakenings (1990),Drama,F,45,3,75605
4092,2247,5,965420583,Married to the Mob (1988),Comedy,F,25,0,19063
4104,799,4,965408551,"Frighteners, The (1996)",Comedy|Horror,M,18,16,42141
4224,804,2,965318622,She's the One (1996),Comedy|Romance,F,45,1,48198
4277,3028,3,975250422,"Taming of the Shrew, The (1967)",Comedy,M,35,16,98133
4013,296,3,965537328,Pulp Fiction (1994),Crime|Drama,M,25,1,77803
4416,296,5,965323896,Pulp Fiction (1994),Crime|Drama,M,18,4,02134
4425,296,5,965107546,Pulp Fiction (1994),Crime|Drama,M,35,7,98607
4467,1888,3,1032407143,Hope Floats (1998),Comedy|Drama|Romance,F,50,6,15333
4480,296,5,965027503,Pulp Fiction (1994),Crime|Drama,M,25,0,94403
4505,1888,4,964983380,Hope Floats (1998),Comedy|Drama|Romance,M,50,7,39648
3947,3703,4,965688312,Mad Max 2 (a.k.a. The Road Warrior) (1981),Action|Sci-Fi,M,25,0,90019
4138,2396,5,970008203,Shakespeare in Love (1998),Comedy|Romance,M,25,7,91423
4285,1016,3,965278750,"Shaggy Dog, The (1959)",Children's|Comedy,M,35,0,62704
4430,2396,4,965104379,Shakespeare in Love (1998),Comedy|Romance,F,25,0,94403
4444,2396,3,965090235,Shakespeare in Love (1998),Comedy|Romance,F,25,12,80126
4506,3703,4,964982964,Mad Max 2 (a.k.a. The Road Warrior) (1981),Action|Sci-Fi,M,50,16,29464
4115,362,5,965364000,"Jungle Book, The (1994)",Adventure|Children's|Romance,M,25,15,99353
3810,1212,4,965958818,"Third Man, The (1949)",Mystery|Thriller,M,50,7,20016
3824,593,3,965939766,"Silence of the Lambs, The (1991)",Drama|Thriller,M,25,17,32308
4181,1468,2,965332100,Booty Call (1997),Comedy|Romance,F,25,7,33177
4256,593,3,965305494,"Silence of the Lambs, The (1991)",Drama|Thriller,F,1,2,78945
4347,1653,3,965218178,Gattaca (1997),Drama|Sci-Fi|Thriller,F,18,20,77304
4380,593,5,965175726,"Silence of the Lambs, The (1991)",Drama|Thriller,F,25,1,37153
4038,2739,4,965506463,"Color Purple, The (1985)",Drama,M,50,6,11510-2001
4472,3436,3,965069054,Dying Young (1991),Drama|Romance,F,45,16,14424
4480,3844,3,965023022,Steel Magnolias (1989),Drama,M,25,0,94403
3796,1198,5,966016876,Raiders of the Lost Ark (1981),Action|Adventure,M,45,14,02021
3808,34,4,965964861,Babe (1995),Children's|Comedy|Drama,M,25,7,60010
3842,1344,5,965990594,Cape Fear (1962),Film-Noir|Thriller,F,35,16,92054
3966,1198,4,965668618,Raiders of the Lost Ark (1981),Action|Adventure,M,25,0,30096
3999,1198,5,965572521,Raiders of the Lost Ark (1981),Action|Adventure,M,35,17,30701
4048,1198,4,965498048,Raiders of the Lost Ark (1981),Action|Adventure,F,35,1,89431
4080,1198,5,965441266,Raiders of the Lost Ark (1981),Action|Adventure,M,35,1,48912
4094,1198,5,966222148,Raiders of the Lost Ark (1981),Action|Adventure,M,25,17,49017
3778,3043,1,966039791,Meatballs 4 (1992),Comedy,M,25,0,61832
3792,1500,5,966635590,Grosse Pointe Blank (1997),Comedy|Crime,M,25,6,68108
3908,101,5,965757066,Bottle Rocket (1996),Comedy,M,25,0,10021
4447,3198,3,965355799,Papillon (1973),Drama,M,45,5,32953
4458,2261,3,965095844,One Crazy Summer (1986),Comedy,F,25,4,15701-2017
4471,2003,3,973202338,Gremlins (1984),Comedy|Horror,M,25,6,94108
4344,1259,3,966455955,Stand by Me (1986),Adventure|Comedy|Drama,M,25,1,44240
4373,1259,4,965179209,Stand by Me (1986),Adventure|Comedy|Drama,M,50,12,32920
4471,1259,3,965063372,Stand by Me (1986),Adventure|Comedy|Drama,M,25,6,94108
3821,1201,4,974760306,"Good, The Bad and The Ugly, The (1966)",Action|Western,M,25,20,44313
4009,2313,5,965545810,"Elephant Man, The (1980)",Drama,M,18,7,44039
4058,2463,5,965492613,Ruthless People (1986),Comedy,M,25,6,73118
4161,3841,2,965338312,Air America (1990),Action|Comedy,M,45,0,90404
4193,1201,4,965326004,"Good, The Bad and The Ugly, The (1966)",Action|Western,M,56,13,93907
4251,3685,4,965322203,Prizzi's Honor (1985),Comedy|Drama|Romance,M,45,7,60139
4277,436,3,965388324,Color of Night (1994),Drama|Thriller,M,35,16,98133
4302,2463,3,965585823,Ruthless People (1986),Comedy,M,50,1,45385
3847,1274,3,965881944,Akira (1988),Adventure|Animation|Sci-Fi|Thriller,M,25,7,12801
3960,2355,4,965671770,"Bug's Life, A (1998)",Animation|Children's|Comedy,F,35,14,55014
4213,762,4,965846052,Striptease (1996),Comedy|Crime,M,35,7,63125
4343,762,3,965228956,Striptease (1996),Comedy|Crime,M,25,12,75007
4452,1621,3,965089186,Soul Food (1997),Drama,F,25,7,78666
3868,2386,3,965854851,Jerry Springer: Ringmaster (1998),Drama,M,18,12,73112
4085,1752,3,986186117,Hard Rain (1998),Action|Thriller,F,25,6,79416
4318,1974,2,965380652,Friday the 13th (1980),Horror,M,25,5,02891
4335,1752,3,965238309,Hard Rain (1998),Action|Thriller,M,35,0,74011
3780,1307,5,966030743,When Harry Met Sally... (1989),Comedy|Romance,M,1,0,46979
3942,2015,2,969567941,"Absent Minded Professor, The (1961)",Children's|Comedy|Fantasy,M,18,4,49855
4169,3403,2,971581056,Raise the Titanic (1980),Drama|Thriller,M,50,0,66048
4408,3296,3,965161070,To Sir with Love (1967),Drama,F,45,2,19033
4480,587,3,965026506,Ghost (1990),Comedy|Romance|Thriller,M,25,0,94403
3916,3725,5,965914014,American Pop (1981),Animation|Musical,M,25,4,02134
4032,2871,5,965513641,Deliverance (1972),Adventure|Thriller,M,25,12,56301
4497,2467,5,972445059,"Name of the Rose, The (1986)",Mystery,M,50,0,29678
3821,3133,3,965944669,Go West (1925),Comedy,M,25,20,44313
3825,2857,1,965939753,Yellow Submarine (1968),Animation|Musical,M,18,1,06279
3957,2335,5,965677595,"Waterboy, The (1998)",Comedy,M,35,11,40242
4112,3133,5,965366865,Go West (1925),Comedy,M,45,18,47129
4442,2023,3,965092518,"Godfather: Part III, The (1990)",Action|Crime|Drama,M,50,15,94303
4453,3811,2,965086013,Breaker Morant (1980),Drama|War,M,35,0,95667
4525,2023,4,964808312,"Godfather: Part III, The (1990)",Action|Crime|Drama,M,25,14,10021
3824,2189,3,978124126,I Married A Strange Person (1997),Animation,M,25,17,32308
3989,3072,4,965601277,Moonstruck (1987),Comedy,M,50,12,30030
4028,2750,5,966107288,Radio Days (1987),Comedy|Drama,M,25,4,02140
4037,1269,4,965507454,Arsenic and Old Lace (1944),Comedy|Mystery|Thriller,M,50,16,80206
4180,1019,3,965331778,"20,000 Leagues Under the Sea (1954)",Adventure|Children's|Fantasy|Sci-Fi,M,56,13,13502
4285,1269,4,965279605,Arsenic and Old Lace (1944),Comedy|Mystery|Thriller,M,35,0,62704
3793,2169,4,966018888,Dead Man on Campus (1998),Comedy,M,18,4,21093
4031,3744,3,965512859,Shaft (2000),Action|Crime,M,25,0,42445
4112,2134,4,965368896,Weird Science (1985),Comedy,M,45,18,47129
4161,3783,5,965336315,Croupier (1998),Crime|Drama,M,45,0,90404
4480,2134,4,965027198,Weird Science (1985),Comedy,M,25,0,94403
4499,908,4,964997583,North by Northwest (1959),Drama|Thriller,M,25,6,62702
4312,2804,5,965483393,"Christmas Story, A (1983)",Comedy|Drama,M,25,18,78757
4344,253,4,965330378,Interview with the Vampire (1994),Drama|Horror,M,25,1,44240
4482,2076,5,965017196,Blue Velvet (1986),Drama|Mystery,F,35,1,94044
4482,2804,5,965016784,"Christmas Story, A (1983)",Comedy|Drama,F,35,1,94044
3887,2062,3,965805974,"Governess, The (1998)",Drama|Romance,M,18,4,80513
3985,3456,4,975725916,"Color of Paradise, The (Rang-e Khoda) (1999)",Drama,M,45,16,01880
4018,329,3,965528696,Star Trek: Generations (1994),Action|Adventure|Sci-Fi,F,45,20,75214
4094,3328,2,990838672,Ghost Dog: The Way of the Samurai (1999),Crime|Drama,M,25,17,49017
4156,2531,2,965342208,Battle for the Planet of the Apes (1973),Action|Sci-Fi,M,56,20,95123
4422,1093,3,965181401,"Doors, The (1991)",Drama|Musical,M,25,5,10463
4510,1260,3,964991154,M (1931),Crime|Film-Noir|Thriller,M,45,7,92503
4511,2409,4,964980023,Rocky II (1979),Action|Drama,M,35,7,62234
3778,223,3,966037186,Clerks (1994),Comedy,M,25,0,61832
3853,223,5,965874213,Clerks (1994),Comedy,M,25,14,92614
3976,2692,5,965650905,Run Lola Run (Lola rennt) (1998),Action|Crime|Romance,F,25,0,44107
3994,3037,4,965587257,Little Big Man (1970),Comedy|Drama|Western,M,50,7,43081
4215,223,4,965325607,Clerks (1994),Comedy,M,25,7,77006
4277,3083,4,967621628,All About My Mother (Todo Sobre Mi Madre) (1999),Comedy|Drama,M,35,16,98133
4051,1208,3,965493970,Apocalypse Now (1979),Drama|War,M,18,14,01604
4291,548,2,965278865,Terminal Velocity (1994),Action,M,35,14,98125
4511,1077,4,964978782,Sleeper (1973),Comedy|Sci-Fi,M,35,7,62234
3989,3450,3,965599655,Grumpy Old Men (1993),Comedy,M,50,12,30030
4122,2772,4,965359475,Detroit Rock City (1999),Comedy,M,18,19,82070
4169,3184,2,988324880,Montana (1998),Action|Comedy|Crime|Drama,M,50,0,66048
4336,3450,5,965238244,Grumpy Old Men (1993),Comedy,F,25,0,40241
4388,333,2,966142880,Tommy Boy (1995),Comedy,M,45,3,75074
3824,3654,3,990726948,"Guns of Navarone, The (1961)",Action|Drama|War,M,25,17,32308
3834,1824,5,965927625,Homegrown (1998),Comedy|Thriller,M,18,2,02322
3940,2288,4,965748049,"Thing, The (1982)",Action|Horror|Sci-Fi|Thriller,M,35,20,32708
4104,3654,3,965408992,"Guns of Navarone, The (1961)",Action|Drama|War,M,18,16,42141
4381,3108,4,965176613,"Fisher King, The (1991)",Comedy|Drama|Romance,M,25,4,65804
3808,2407,3,965966391,Cocoon (1985),Comedy|Sci-Fi,M,25,7,60010
3942,2407,2,965691978,Cocoon (1985),Comedy|Sci-Fi,M,18,4,49855
3976,22,3,965650246,Copycat (1995),Crime|Drama|Thriller,F,25,0,44107
4009,330,1,965544909,Tales from the Hood (1995),Comedy|Horror,M,18,7,44039
4165,372,2,965334877,Reality Bites (1994),Comedy|Drama,F,25,14,94114
4248,22,4,965309867,Copycat (1995),Crime|Drama|Thriller,M,25,4,26508
4523,2407,4,964817966,Cocoon (1985),Comedy|Sci-Fi,M,18,2,55304
4473,319,4,965063497,Shallow Grave (1994),Thriller,M,35,1,94121
3824,924,3,970245687,2001: A Space Odyssey (1968),Drama|Mystery|Sci-Fi|Thriller,M,25,17,32308
4018,2414,3,965527384,Young Sherlock Holmes (1985),Action|Adventure|Mystery,F,45,20,75214
4347,2724,3,965218787,Runaway Bride (1999),Comedy|Romance,F,18,20,77304
4450,924,3,965086537,2001: A Space Odyssey (1968),Drama|Mystery|Sci-Fi|Thriller,M,25,15,60611
3778,2791,2,966036933,Airplane! (1980),Comedy,M,25,0,61832
3808,367,4,965966006,"Mask, The (1994)",Comedy|Crime|Fantasy,M,25,7,60010
3909,725,2,965755822,"Great White Hype, The (1996)",Comedy,M,18,17,19104
4150,367,4,965344949,"Mask, The (1994)",Comedy|Crime|Fantasy,M,25,0,29672
4167,3244,5,965425742,"Goodbye Girl, The (1977)",Comedy|Romance,M,25,20,22032
4169,539,4,975804570,Sleepless in Seattle (1993),Comedy|Romance,M,50,0,66048
4318,367,3,965340467,"Mask, The (1994)",Comedy|Crime|Fantasy,M,25,5,02891
4418,346,4,1018135001,Backbeat (1993),Drama|Musical,F,50,0,02139
4430,539,2,965105633,Sleepless in Seattle (1993),Comedy|Romance,F,25,0,94403
3790,3504,4,966039400,Network (1976),Comedy|Drama,F,25,17,94618
3825,1785,3,965939935,King of New York (1990),Action|Crime,M,18,1,06279
3839,2628,5,965917346,Star Wars: Episode I - The Phantom Menace (1999),Action|Adventure|Fantasy|Sci-Fi,M,50,14,02651
3984,2628,3,965611957,Star Wars: Episode I - The Phantom Menace (1999),Action|Adventure|Fantasy|Sci-Fi,M,25,7,75089
3993,2628,4,965590288,Star Wars: Episode I - The Phantom Menace (1999),Action|Adventure|Fantasy|Sci-Fi,M,25,0,22015
4458,111,3,967689077,Taxi Driver (1976),Drama|Thriller,F,25,4,15701-2017
4508,2628,2,964981550,Star Wars: Episode I - The Phantom Menace (1999),Action|Adventure|Fantasy|Sci-Fi,M,25,20,15701
4092,2064,4,965420451,Roger & Me (1989),Comedy|Documentary,F,25,0,19063
4227,1456,2,965315151,"Pest, The (1997)",Comedy,M,25,19,11414-2520
4277,2064,5,967622073,Roger & Me (1989),Comedy|Documentary,M,35,16,98133
4448,47,5,966449756,Seven (Se7en) (1995),Crime|Thriller,M,25,14,06880
3940,3498,4,966007015,Midnight Express (1978),Drama,M,35,20,32708
4360,2038,3,965189287,"Cat from Outer Space, The (1978)",Children's|Comedy|Sci-Fi,F,25,9,98001
3864,1206,5,965855505,"Clockwork Orange, A (1971)",Sci-Fi,M,50,20,29630
4352,3104,5,965533672,Midnight Run (1988),Action|Adventure|Comedy|Crime,M,18,4,11010
4089,1586,4,965430203,G.I. Jane (1997),Action|Drama|War,M,25,7,79416
4117,185,3,1025278702,"Net, The (1995)",Sci-Fi|Thriller,M,18,4,43551
4249,185,4,965310886,"Net, The (1995)",Sci-Fi|Thriller,F,18,17,65203
4261,2092,3,965305696,"Return of Jafar, The (1993)",Animation|Children's|Musical,F,35,6,07950
4277,882,4,965388373,"Trigger Effect, The (1996)",Drama|Thriller,M,35,16,98133
3824,1288,5,965940425,This Is Spinal Tap (1984),Comedy|Drama|Musical,M,25,17,32308
3957,1288,5,965672922,This Is Spinal Tap (1984),Comedy|Drama|Musical,M,35,11,40242
4060,1288,4,965491591,This Is Spinal Tap (1984),Comedy|Drama|Musical,M,25,18,55412
4258,2108,3,968175504,L.A. Story (1991),Comedy|Romance,M,25,17,19711
3850,3261,4,965880707,Singles (1992),Comedy|Drama|Romance,M,18,3,92278
4004,748,2,965562130,"Arrival, The (1996)",Action|Sci-Fi|Thriller,M,50,0,21050
4220,912,4,965883619,Casablanca (1942),Drama|Romance|War,M,35,0,97225
4291,1590,1,965279125,Event Horizon (1997),Action|Mystery|Sci-Fi|Thriller,M,35,14,98125
4406,912,5,971032364,Casablanca (1942),Drama|Romance|War,M,25,16,80013
3804,3421,5,965969805,Animal House (1978),Comedy,M,25,6,06511
3956,3752,2,965673113,"Me, Myself and Irene (2000)",Comedy,M,25,0,94930-2010
3976,3421,5,965652628,Animal House (1978),Comedy,F,25,0,44107
3981,1247,5,965628211,"Graduate, The (1967)",Drama|Romance,F,45,0,97701
4062,3798,4,965479848,What Lies Beneath (2000),Thriller,M,25,7,60559
4276,1304,4,965296376,Butch Cassidy and the Sundance Kid (1969),Action|Comedy|Western,F,45,0,96821
4448,3798,4,984802983,What Lies Beneath (2000),Thriller,M,25,14,06880
4508,3421,4,964986980,Animal House (1978),Comedy,M,25,20,15701
4517,3421,4,991034957,Animal House (1978),Comedy,F,18,1,48067
3841,2781,3,966000888,"Tingler, The (1959)",Horror,M,45,18,26101
4277,3826,4,984837839,Hollow Man (2000),Horror|Sci-Fi|Thriller,M,35,16,98133
4488,2781,2,965014308,"Tingler, The (1959)",Horror,M,35,7,72703
3850,1,4,965880424,Toy Story (1995),Animation|Children's|Comedy,M,18,3,92278
3868,1,4,965855312,Toy Story (1995),Animation|Children's|Comedy,M,18,12,73112
4272,1391,2,965301833,Mars Attacks! (1996),Action|Comedy|Sci-Fi|War,M,45,17,37923
4291,1391,2,965278895,Mars Attacks! (1996),Action|Comedy|Sci-Fi|War,M,35,14,98125
4343,2296,2,965227322,"Night at the Roxbury, A (1998)",Comedy,M,25,12,75007
4451,1391,3,965088490,Mars Attacks! (1996),Action|Comedy|Sci-Fi|War,M,25,14,30101
3884,1902,2,965816473,Dream for an Insomniac (1996),Drama|Romance,M,18,4,78759
3957,1302,5,965673074,Field of Dreams (1989),Drama,M,35,11,40242
4071,3147,5,965451490,"Green Mile, The (1999)",Drama|Thriller,M,25,17,33823
4233,2763,4,965313320,"Thomas Crown Affair, The (1999)",Action|Thriller,M,35,4,37917
4322,2183,1,965251578,"Man Who Knew Too Much, The (1956)",Thriller,F,50,6,75605
4356,3622,4,965192347,"Twelve Chairs, The (1970)",Comedy,M,35,16,85730
4370,3060,4,965181013,"Commitments, The (1991)",Comedy|Drama,M,25,16,07701
4466,1302,3,965070562,Field of Dreams (1989),Drama,M,35,11,10022
4510,2475,2,964989553,52 Pick-Up (1986),Action|Mystery|Thriller,M,45,7,92503
4517,52,4,964863887,Mighty Aphrodite (1995),Comedy,F,18,1,48067
3841,1190,4,965999246,Tie Me Up! Tie Me Down! (1990),Drama,M,45,18,26101
3876,3006,5,965837592,"Insider, The (1999)",Drama,M,25,0,11235
3998,2637,3,965577124,"Mummy's Hand, The (1940)",Horror,M,45,0,74354
4083,674,1,965459008,Barbarella (1968),Adventure|Sci-Fi,M,56,14,92630
3878,3210,5,965835466,Fast Times at Ridgemont High (1982),Comedy,M,35,16,22124
3929,3210,4,965709302,Fast Times at Ridgemont High (1982),Comedy,M,25,5,80227
4287,1722,4,965277775,Tomorrow Never Dies (1997),Action|Romance|Thriller,M,25,7,35244
4312,2989,3,965506671,For Your Eyes Only (1981),Action,M,25,18,78757
4333,2363,5,965242658,Godzilla (Gojira) (1954),Action|Sci-Fi,M,50,2,33134
3999,3272,3,965577772,Bad Lieutenant (1992),Crime|Drama,M,35,17,30701
4014,1644,1,965532704,I Know What You Did Last Summer (1997),Horror|Mystery|Thriller,M,25,0,48316-5601
4404,3272,3,965157871,Bad Lieutenant (1992),Crime|Drama,M,25,1,57106
4425,1608,4,965114673,Air Force One (1997),Action|Thriller,M,35,7,98607
4507,1644,3,964983536,I Know What You Did Last Summer (1997),Horror|Mystery|Thriller,M,18,4,61820
3978,2455,4,965633441,"Fly, The (1986)",Horror|Sci-Fi,M,35,13,78252
4318,2471,3,965339412,Crocodile Dundee II (1988),Adventure|Comedy,M,25,5,02891
3855,6,4,965872994,Heat (1995),Action|Crime|Thriller,M,25,17,20886
3892,2102,4,965796031,Steamboat Willie (1940),Animation|Children's|Comedy|Musical,M,25,20,91505
4152,1267,5,965341440,"Manchurian Candidate, The (1962)",Film-Noir|Thriller,M,25,14,74114
4309,86,4,965723199,White Squall (1996),Adventure|Drama,M,25,0,36301
4439,16,3,965095717,Casino (1995),Drama|Thriller,M,35,6,37664
4508,474,3,964982042,In the Line of Fire (1993),Action|Thriller,M,25,20,15701
4521,16,4,964836889,Casino (1995),Drama|Thriller,M,35,12,15202
3864,852,4,965856105,Tin Cup (1996),Comedy|Romance,M,50,20,29630
4312,852,3,966114493,Tin Cup (1996),Comedy|Romance,M,25,18,78757
4411,1952,3,971740909,Midnight Cowboy (1969),Drama,M,18,4,92122
3907,2879,3,965758850,Operation Condor (Feiying gaiwak) (1990),Action|Adventure|Comedy,F,18,14,22201
4265,1380,3,965306212,Grease (1978),Comedy|Musical|Romance,M,25,12,03060
4311,2537,2,965258431,Beyond the Poseidon Adventure (1979),Adventure,M,50,13,68502
4425,2481,3,965114921,My Name Is Joe (1998),Drama|Romance,M,35,7,98607
4478,1242,3,985369182,Glory (1989),Action|Drama|War,M,1,12,02138
3892,1646,1,972175891,Rocket Man (1997),Comedy,M,25,20,91505
4053,2040,4,965496693,"Computer Wore Tennis Shoes, The (1970)",Children's|Comedy,M,25,18,36264
4344,2852,4,966266858,"Soldier's Story, A (1984)",Drama,M,25,1,44240
4344,1956,5,965239684,Ordinary People (1980),Drama,M,25,1,44240
3823,40,4,965943029,"Cry, the Beloved Country (1995)",Drama,M,56,7,93711
3942,2161,2,965775009,"NeverEnding Story, The (1984)",Adventure|Children's|Fantasy,M,18,4,49855
3963,3115,4,1025322895,Flawless (1999),Drama,M,50,20,30030
4030,2391,5,965606446,"Simple Plan, A (1998)",Crime|Thriller,M,35,7,89128
4093,1997,5,965421253,"Exorcist, The (1973)",Horror,M,25,4,70806
4447,1275,2,965167290,Highlander (1986),Action|Adventure,M,45,5,32953
4440,3793,4,965095630,X-Men (2000),Action|Sci-Fi,M,35,1,81005
3824,1994,3,965940883,Poltergeist (1982),Horror|Thriller,M,25,17,32308
3829,1994,3,965933100,Poltergeist (1982),Horror|Thriller,F,25,1,22307
4115,1994,1,965365155,Poltergeist (1982),Horror|Thriller,M,25,15,99353
4161,3539,4,965336315,"Filth and the Fury, The (2000)",Documentary,M,45,0,90404
4227,1144,3,965411718,"Line King: Al Hirschfeld, The (1996)",Documentary,M,25,19,11414-2520
4352,1994,3,965226836,Poltergeist (1982),Horror|Thriller,M,18,4,11010
4162,2712,4,965336325,Eyes Wide Shut (1999),Drama,F,25,14,23221
4380,3791,4,965175266,Footloose (1984),Drama,F,25,1,37153
4414,2712,1,965560570,Eyes Wide Shut (1999),Drama,M,25,4,40504
3842,432,3,976516066,City Slickers II: The Legend of Curly's Gold (1994),Comedy|Western,F,35,16,92054
4072,377,3,965454091,Speed (1994),Action|Romance|Thriller,M,50,6,93111
4079,1394,4,965445316,Raising Arizona (1987),Comedy,M,35,17,26505
4406,1394,5,971032868,Raising Arizona (1987),Comedy,M,25,16,80013
4408,1301,2,965162113,Forbidden Planet (1956),Sci-Fi,F,45,2,19033
3792,570,3,966610243,"Slingshot, The (Kådisbellan ) (1993)",Comedy|Drama,M,25,6,68108
3821,2885,2,975780645,Guinevere (1999),Drama|Romance,M,25,20,44313
3832,920,5,1013716158,Gone with the Wind (1939),Drama|Romance|War,F,25,7,43214
3882,920,5,965826158,Gone with the Wind (1939),Drama|Romance|War,M,56,14,55337
3934,3699,2,965703811,Starman (1984),Adventure|Drama|Romance|Sci-Fi,M,25,0,44512
3996,3489,5,965585080,Hook (1991),Adventure|Fantasy,M,18,14,32825
4054,920,5,965497007,Gone with the Wind (1939),Drama|Romance|War,M,35,3,68122
4269,3699,3,965303428,Starman (1984),Adventure|Drama|Romance|Sci-Fi,M,35,18,27603
4312,920,4,965483765,Gone with the Wind (1939),Drama|Romance|War,M,25,18,78757
4448,3699,4,965134008,Starman (1984),Adventure|Drama|Romance|Sci-Fi,M,25,14,06880
3823,1968,3,965941534,"Breakfast Club, The (1985)",Comedy|Drama,M,56,7,93711
3853,2405,3,965875346,"Jewel of the Nile, The (1985)",Action|Adventure|Comedy|Romance,M,25,14,92614
4033,1615,4,965528351,"Edge, The (1997)",Adventure|Thriller,M,25,6,43551
4268,3613,4,965303414,Things Change (1988),Comedy,F,45,20,04046
4283,1968,3,965278610,"Breakfast Club, The (1985)",Comedy|Drama,F,25,9,98632
4335,1968,4,965338778,"Breakfast Club, The (1985)",Comedy|Drama,M,35,0,74011
4467,2405,4,1032408964,"Jewel of the Nile, The (1985)",Action|Adventure|Comedy|Romance,F,50,6,15333
3808,1517,5,965965077,Austin Powers: International Man of Mystery (1997),Comedy,M,25,7,60010
3900,292,4,965845954,Outbreak (1995),Action|Drama|Thriller,F,25,14,55343
3907,339,4,965759003,While You Were Sleeping (1995),Comedy|Romance,F,18,14,22201
4107,923,5,966646829,Citizen Kane (1941),Drama,F,25,0,23221
4112,1517,4,965367821,Austin Powers: International Man of Mystery (1997),Comedy,M,45,18,47129
4352,292,4,965227240,Outbreak (1995),Action|Drama|Thriller,M,18,4,11010
4508,292,2,964982408,Outbreak (1995),Action|Drama|Thriller,M,25,20,15701
4408,3730,5,965152957,"Conversation, The (1974)",Drama|Mystery,F,45,2,19033
4422,1499,3,965118517,Anaconda (1997),Action|Adventure|Thriller,M,25,5,10463
4521,3730,4,964837954,"Conversation, The (1974)",Drama|Mystery,M,35,12,15202
3843,2485,5,965909538,She's All That (1999),Comedy|Romance,F,1,10,32043
4021,2613,4,965520359,Night of the Comet (1984),Action|Horror|Sci-Fi,M,50,20,95236
4115,2640,4,965362612,Superman (1978),Action|Adventure|Sci-Fi,M,25,15,99353
4497,3350,4,964999043,"Raisin in the Sun, A (1961)",Drama,M,50,0,29678
3780,3702,4,966032470,Mad Max (1979),Action|Sci-Fi,M,1,0,46979
3806,3663,3,965966461,Puppet Master 4 (1993),Horror|Sci-Fi|Thriller,M,18,4,55104
4140,1518,4,965348662,Breakdown (1997),Action|Thriller,M,25,0,32112
4461,3702,4,965071928,Mad Max (1979),Action|Sci-Fi,M,25,20,81101
4508,1464,5,964986400,Lost Highway (1997),Mystery,M,25,20,15701
4026,266,3,965519536,Legends of the Fall (1994),Drama|Romance|War|Western,M,25,7,68164
4252,2803,2,965308331,"Pelican Brief, The (1993)",Thriller,F,35,3,28262
4277,544,3,966423238,Striking Distance (1993),Action,M,35,16,98133
4425,1835,3,965115218,City of Angels (1998),Romance,M,35,7,98607
3850,1711,4,965883390,Midnight in the Garden of Good and Evil (1997),Comedy|Crime|Drama|Mystery,M,18,3,92278
3953,2985,3,976925892,Robocop (1987),Action|Crime|Sci-Fi,M,25,12,55117
4048,3249,2,965508304,"Hand That Rocks the Cradle, The (1992)",Thriller,F,35,1,89431
4123,2985,4,965359040,Robocop (1987),Action|Crime|Sci-Fi,F,25,4,46807
4179,2985,4,965333058,Robocop (1987),Action|Crime|Sci-Fi,F,35,20,94949
4368,163,3,965184422,Desperado (1995),Action|Romance|Thriller,M,18,17,22043
4448,2985,4,966286034,Robocop (1987),Action|Crime|Sci-Fi,M,25,14,06880
4482,3135,5,965095598,"Great Santini, The (1979)",Drama,F,35,1,94044
3967,1357,2,968872633,Shine (1996),Drama|Romance,F,18,2,13603
4001,3552,5,965570228,Caddyshack (1980),Comedy,F,25,1,01860
4085,2268,4,965434672,"Few Good Men, A (1992)",Crime|Drama,F,25,6,79416
4345,2268,4,966267019,"Few Good Men, A (1992)",Crime|Drama,F,25,14,44304
4388,2072,4,965166036,"'burbs, The (1989)",Comedy,M,45,3,75074
4422,2072,3,965118077,"'burbs, The (1989)",Comedy,M,25,5,10463
4085,2105,4,965502766,Tron (1982),Action|Adventure|Fantasy|Sci-Fi,F,25,6,79416
4140,2105,3,965348756,Tron (1982),Action|Adventure|Fantasy|Sci-Fi,M,25,0,32112
4476,1748,5,965059877,Dark City (1998),Film-Noir|Sci-Fi|Thriller,M,45,1,50588
3842,2571,1,965914448,"Matrix, The (1999)",Action|Sci-Fi|Thriller,F,35,16,92054
3887,2571,4,965803578,"Matrix, The (1999)",Action|Sci-Fi|Thriller,M,18,4,80513
3934,3039,3,965706092,Trading Places (1983),Comedy,M,25,0,44512
4070,2571,5,965453144,"Matrix, The (1999)",Action|Sci-Fi|Thriller,M,25,15,93107
4118,2085,5,983347354,101 Dalmatians (1961),Animation|Children's,M,25,3,91221
4179,2571,5,965332883,"Matrix, The (1999)",Action|Sci-Fi|Thriller,F,35,20,94949
4245,2571,5,965309017,"Matrix, The (1999)",Action|Sci-Fi|Thriller,M,50,12,44286
4277,2554,4,975759132,Children of the Damned (1963),Horror|Sci-Fi|Thriller,M,35,16,98133
4371,2761,5,1005351761,"Iron Giant, The (1999)",Animation|Children's,F,18,4,63109
4506,2571,4,964981945,"Matrix, The (1999)",Action|Sci-Fi|Thriller,M,50,16,29464
4014,419,3,965538013,"Beverly Hillbillies, The (1993)",Comedy,M,25,0,48316-5601
4350,2664,4,965202004,Invasion of the Body Snatchers (1956),Horror|Sci-Fi,M,18,2,29118
4373,2664,4,965182522,Invasion of the Body Snatchers (1956),Horror|Sci-Fi,M,50,12,32920
4140,780,3,965353178,Independence Day (ID4) (1996),Action|Sci-Fi|War,M,25,0,32112
4406,780,5,965156190,Independence Day (ID4) (1996),Action|Sci-Fi|War,M,25,16,80013
4437,2856,4,965097421,I Saw What You Did (1965),Thriller,F,35,5,47129
3942,1250,4,966547158,"Bridge on the River Kwai, The (1957)",Drama|War,M,18,4,49855
3989,1569,3,965602535,My Best Friend's Wedding (1997),Comedy|Romance,M,50,12,30030
3822,1299,4,966300794,"Killing Fields, The (1984)",Drama|War,M,45,20,98027
4064,2891,4,965481783,"Happy, Texas (1999)",Comedy,M,45,0,20851
4344,1220,5,965239462,"Blues Brothers, The (1980)",Action|Comedy|Musical,M,25,1,44240
4367,1299,4,967945767,"Killing Fields, The (1984)",Drama|War,M,35,0,52057
4447,1222,4,965166802,Full Metal Jacket (1987),Action|Drama|War,M,45,5,32953
4488,1222,3,965012262,Full Metal Jacket (1987),Action|Drama|War,M,35,7,72703
4510,1225,3,964988733,Amadeus (1984),Drama,M,45,7,92503
3885,1375,3,965811018,Star Trek III: The Search for Spock (1984),Action|Adventure|Sci-Fi,M,25,12,92728
3929,886,3,965708081,Bulletproof (1996),Action,M,25,5,80227
3945,1375,3,965694339,Star Trek III: The Search for Spock (1984),Action|Adventure|Sci-Fi,F,45,1,96778
4020,1375,4,965524533,Star Trek III: The Search for Spock (1984),Action|Adventure|Sci-Fi,M,25,6,77034
4137,1252,5,965348575,Chinatown (1974),Film-Noir|Mystery|Thriller,M,25,7,91941
4305,1252,5,965263310,Chinatown (1974),Film-Noir|Mystery|Thriller,F,45,17,27616
4458,1298,4,965095587,Pink Floyd - The Wall (1982),Drama|Musical|War,F,25,4,15701-2017
3891,425,5,965798482,Blue Sky (1994),Drama|Romance,F,56,16,90039
3942,904,4,965776373,Rear Window (1954),Mystery|Thriller,M,18,4,49855
4083,2041,1,965460866,Condorman (1981),Action|Adventure|Children's|Comedy,M,56,14,92630
4189,904,5,965326626,Rear Window (1954),Mystery|Thriller,M,35,14,91364
4387,1321,2,965247008,"American Werewolf in London, An (1981)",Horror,F,18,4,63109
4425,1321,4,965108502,"American Werewolf in London, An (1981)",Horror,M,35,7,98607
4473,41,4,965063744,Richard III (1995),Drama|War,M,35,1,94121
3865,3285,3,965853567,"Beach, The (2000)",Adventure|Drama,F,1,10,95864
3940,3256,2,965747513,Patriot Games (1992),Action|Thriller,M,35,20,32708
4064,455,3,965482053,Free Willy (1993),Adventure|Children's|Drama,M,45,0,20851
4086,1035,5,965517262,"Sound of Music, The (1965)",Musical,F,1,10,55391
4274,455,3,965301293,Free Willy (1993),Adventure|Children's|Drama,F,45,1,04258
4277,1035,5,970050003,"Sound of Music, The (1965)",Musical,M,35,16,98133
4373,1035,5,965181953,"Sound of Music, The (1965)",Musical,M,50,12,32920
3823,3638,4,965945251,Moonraker (1979),Action|Romance|Sci-Fi,M,56,7,93711
3930,2346,3,965706854,"Stepford Wives, The (1975)",Sci-Fi|Thriller,M,56,3,52240
4045,3789,5,965498976,"Pawnbroker, The (1965)",Drama,M,56,13,40511
4115,2420,4,965368731,"Karate Kid, The (1984)",Drama,M,25,15,99353
4279,1136,5,965287315,Monty Python and the Holy Grail (1974),Comedy,M,25,16,43215
4288,2420,4,965275998,"Karate Kid, The (1984)",Drama,F,25,9,46580
4437,1136,2,965100629,Monty Python and the Holy Grail (1974),Comedy,F,35,5,47129
4035,511,5,965509437,"Program, The (1993)",Action|Drama,M,18,4,45251
4408,3527,2,965171416,Predator (1987),Action|Sci-Fi|Thriller,F,45,2,19033
3878,1947,4,965918524,West Side Story (1961),Musical|Romance,M,35,16,22124
4169,1793,2,973310368,Welcome to Woop-Woop (1997),Comedy,M,50,0,66048
3836,849,2,966184478,Escape from L.A. (1996),Action|Adventure|Sci-Fi|Thriller,F,50,8,84770
3850,2841,4,965879380,Stir of Echoes (1999),Thriller,M,18,3,92278
3858,3674,4,965876599,For the Love of Benji (1977),Adventure|Children's,F,45,9,63119
4005,1263,5,988885348,"Deer Hunter, The (1978)",Drama|War,M,35,7,12110
4055,2278,3,965493356,Ronin (1998),Action|Crime|Thriller,M,50,0,98826
4079,2794,3,990622061,European Vacation (1985),Comedy,M,35,17,26505
4227,3766,1,965325157,Missing in Action (1984),Action|War,M,25,19,11414-2520
4274,849,1,965303313,Escape from L.A. (1996),Action|Adventure|Sci-Fi|Thriller,F,45,1,04258
4344,327,1,965332071,Tank Girl (1995),Action|Comedy|Musical|Sci-Fi,M,25,1,44240
4021,2428,4,965520653,"Faculty, The (1998)",Horror|Sci-Fi,M,50,20,95236
4064,3401,2,965479058,Baby... Secret of the Lost Legend (1985),Adventure|Sci-Fi,M,45,0,20851
4312,1240,4,965258628,"Terminator, The (1984)",Action|Sci-Fi|Thriller,M,25,18,78757
4354,3074,5,965198523,Jeremiah Johnson (1972),Western,M,35,14,78611
4476,2428,1,965059907,"Faculty, The (1998)",Horror|Sci-Fi,M,45,1,50588
3808,2734,3,965971808,"Mosquito Coast, The (1986)",Drama,M,25,7,60010
3847,358,3,965884550,Higher Learning (1995),Drama,M,25,7,12801
4085,2734,4,965502333,"Mosquito Coast, The (1986)",Drama,F,25,6,79416
4238,1971,2,965416718,"Nightmare on Elm Street 4: The Dream Master, A (1988)",Horror,M,35,16,44691
4290,358,3,965275784,Higher Learning (1995),Drama,M,25,17,98661
4482,2734,4,965017724,"Mosquito Coast, The (1986)",Drama,F,35,1,94044
3823,1635,5,965943365,"Ice Storm, The (1997)",Drama,M,56,7,93711
3920,590,5,965732042,Dances with Wolves (1990),Adventure|Drama|Western,M,35,17,63126
3953,1073,4,1029643183,Willy Wonka and the Chocolate Factory (1971),Adventure|Children's|Comedy|Fantasy,M,25,12,55117
4318,2942,3,965380020,Flashdance (1983),Drama|Romance,M,25,5,02891
4447,3832,3,965177931,"Black Sabbath (Tre Volti Della Paura, I) (1963)",Horror,M,45,5,32953
4418,2336,2,1018134681,Elizabeth (1998),Drama,F,50,0,02139
4448,1747,5,966968572,Wag the Dog (1997),Comedy|Drama,M,25,14,06880
3865,3301,3,965853544,"Whole Nine Yards, The (2000)",Comedy|Crime,F,1,10,95864
3965,3301,5,965705401,"Whole Nine Yards, The (2000)",Comedy|Crime,M,18,11,65202
4062,3301,5,965480100,"Whole Nine Yards, The (2000)",Comedy|Crime,M,25,7,60559
4193,2067,4,965329119,Doctor Zhivago (1965),Drama|Romance|War,M,56,13,93907
4222,2067,3,965315390,Doctor Zhivago (1965),Drama|Romance|War,F,45,17,55976
4351,3301,4,965438341,"Whole Nine Yards, The (2000)",Comedy|Crime,M,25,12,37919
4356,316,3,965327641,Stargate (1994),Action|Adventure|Sci-Fi,M,35,16,85730
4467,2067,3,1032410720,Doctor Zhivago (1965),Drama|Romance|War,F,50,6,15333
3898,3471,3,965776895,Close Encounters of the Third Kind (1977),Drama|Sci-Fi,M,45,11,01772
4277,3471,5,967112960,Close Encounters of the Third Kind (1977),Drama|Sci-Fi,M,35,16,98133
4277,1725,5,965645287,"Education of Little Tree, The (1997)",Drama,M,35,16,98133
4410,3471,4,965151271,Close Encounters of the Third Kind (1977),Drama|Sci-Fi,M,18,19,40475
4433,3471,3,965099319,Close Encounters of the Third Kind (1977),Drama|Sci-Fi,M,25,0,43081
3841,3476,3,966000606,Jacob's Ladder (1990),Horror|Mystery|Thriller,M,45,18,26101
3847,2060,3,965883323,BASEketball (1998),Comedy,M,25,7,12801
3967,1271,3,968872863,Fried Green Tomatoes (1991),Drama,F,18,2,13603
3976,318,5,965651107,"Shawshank Redemption, The (1994)",Drama,F,25,0,44107
4016,1271,3,965536173,Fried Green Tomatoes (1991),Drama,M,50,0,33901
4053,3697,2,965494618,Predator 2 (1990),Action|Sci-Fi|Thriller,M,25,18,36264
4089,3068,3,965503913,"Verdict, The (1982)",Drama,M,25,7,79416
4114,3068,3,965364705,"Verdict, The (1982)",Drama,M,35,14,48187
4377,547,3,965177324,Surviving the Game (1994),Action|Adventure|Thriller,M,25,0,32444
4482,3476,4,965020067,Jacob's Ladder (1990),Horror|Mystery|Thriller,F,35,1,94044
3807,2279,5,965966493,Urban Legend (1998),Horror|Thriller,F,35,19,32095
3841,2926,4,965998705,Hairspray (1988),Comedy|Drama,M,45,18,26101
4171,2926,1,965334980,Hairspray (1988),Comedy|Drama,M,56,16,79705
4253,3671,3,965309779,Blazing Saddles (1974),Comedy|Western,M,45,11,03301
4269,2968,5,965303335,Time Bandits (1981),Adventure|Fantasy|Sci-Fi,M,35,18,27603
4425,2926,4,965108928,Hairspray (1988),Comedy|Drama,M,35,7,98607
4459,1641,4,965497486,"Full Monty, The (1997)",Comedy,M,25,1,28027
4510,374,5,966827374,Richie Rich (1994),Children's|Comedy,M,45,7,92503
4517,2926,3,965106350,Hairspray (1988),Comedy|Drama,F,18,1,48067
3821,3952,2,984519408,"Contender, The (2000)",Drama|Thriller,M,25,20,44313
3841,1219,5,966000573,Psycho (1960),Horror|Thriller,M,45,18,26101
3884,3141,3,967597729,"Two Jakes, The (1990)",Drama,M,18,4,78759
3992,2473,3,965593400,Soul Man (1986),Comedy,M,25,4,32653
4009,1991,3,965545162,Child's Play (1988),Horror,M,18,7,44039
4074,231,4,965499617,Dumb & Dumber (1994),Comedy,M,35,6,78746
4152,1219,3,965341394,Psycho (1960),Horror|Thriller,M,25,14,74114
4204,1219,5,965321569,Psycho (1960),Horror|Thriller,M,35,7,06905
4238,1991,2,965416798,Child's Play (1988),Horror,M,35,16,44691
4309,552,4,965723540,"Three Musketeers, The (1993)",Action|Adventure|Comedy,M,25,0,36301
4327,1219,4,965243263,Psycho (1960),Horror|Thriller,M,35,17,37221
4418,17,4,1018134313,Sense and Sensibility (1995),Drama|Romance,F,50,0,02139
4471,2473,2,973202455,Soul Man (1986),Comedy,M,25,6,94108
3812,1967,3,965956752,Labyrinth (1986),Adventure|Children's|Fantasy,M,35,17,78749
4089,2770,4,965429991,Bowfinger (1999),Comedy,M,25,7,79416
4175,3619,5,965332661,"Hollywood Knights, The (1980)",Comedy,M,35,0,66204
4194,2770,4,965327382,Bowfinger (1999),Comedy,M,18,4,60637
4344,3254,2,966519829,Wayne's World 2 (1993),Comedy,M,25,1,44240
4352,3254,3,965192982,Wayne's World 2 (1993),Comedy,M,18,4,11010
3834,2078,4,966371669,"Jungle Book, The (1967)",Animation|Children's|Comedy|Musical,M,18,2,02322
4009,2107,3,965544909,Halloween: H20 (1998),Horror|Thriller,M,18,7,44039
4249,2107,4,965311022,Halloween: H20 (1998),Horror|Thriller,F,18,17,65203
4252,2107,3,965308605,Halloween: H20 (1998),Horror|Thriller,F,35,3,28262
4425,2688,3,965117123,"General's Daughter, The (1999)",Drama|Thriller,M,35,7,98607
3847,3300,4,965881421,Pitch Black (2000),Action|Sci-Fi,M,25,7,12801
4014,3300,2,965538233,Pitch Black (2000),Action|Sci-Fi,M,25,0,48316-5601
4135,2720,3,965349065,Inspector Gadget (1999),Action|Adventure|Children's|Comedy,M,1,10,46321
4279,1017,3,965286813,Swiss Family Robinson (1960),Adventure|Children's,M,25,16,43215
4116,423,3,968554486,Blown Away (1994),Action|Thriller,M,35,7,07040
4198,1982,5,965323155,Halloween (1978),Horror,M,18,4,80631
4249,695,1,965309385,True Crime (1995),Mystery|Thriller,F,18,17,65203
4274,695,2,965302697,True Crime (1995),Mystery|Thriller,F,45,1,04258
4457,1865,4,965078363,Wild Man Blues (1998),Documentary,M,35,14,95492
4345,381,3,966267662,When a Man Loves a Woman (1994),Drama,F,25,14,44304
3808,1589,4,965968233,Cop Land (1997),Crime|Drama|Mystery,M,25,7,60010
3829,3499,3,965937815,Misery (1990),Horror,F,25,1,22307
3830,2324,5,965933373,Life Is Beautiful (La Vita è bella) (1997),Comedy|Drama,M,18,4,60630
3926,761,2,965709244,"Phantom, The (1996)",Adventure,M,25,2,94404
3951,2080,4,965677826,Lady and the Tramp (1955),Animation|Children's|Comedy|Musical|Romance,F,18,4,60014
3961,610,4,967225714,Heavy Metal (1981),Action|Adventure|Animation|Horror|Sci-Fi,M,25,1,45230
3963,2324,5,977982647,Life Is Beautiful (La Vita è bella) (1997),Comedy|Drama,M,50,20,30030
4058,2324,5,965491397,Life Is Beautiful (La Vita è bella) (1997),Comedy|Drama,M,25,6,73118
4195,3468,5,965323831,"Hustler, The (1961)",Drama,F,56,13,95050
4277,594,5,967621893,Snow White and the Seven Dwarfs (1937),Animation|Children's|Musical,M,35,16,98133
4344,3468,4,966452303,"Hustler, The (1961)",Drama,M,25,1,44240
4386,2324,4,965247541,Life Is Beautiful (La Vita è bella) (1997),Comedy|Drama,M,25,5,74055
4411,2324,4,969331792,Life Is Beautiful (La Vita è bella) (1997),Comedy|Drama,M,18,4,92122
4510,761,2,966788663,"Phantom, The (1996)",Adventure,M,45,7,92503
3841,2947,4,965995227,Goldfinger (1964),Action,M,45,18,26101
4021,3099,4,965524194,Shampoo (1975),Comedy|Romance,M,50,20,95236
4037,2947,4,965507192,Goldfinger (1964),Action,M,50,16,80206
4064,3740,4,965478457,Big Trouble in Little China (1986),Action|Comedy,M,45,0,20851
4077,3740,4,965446476,Big Trouble in Little China (1986),Action|Comedy,F,35,2,22030
4478,2947,4,983908866,Goldfinger (1964),Action,M,1,12,02138
3821,2906,2,985550859,Random Hearts (1999),Drama|Romance,M,25,20,44313
3839,485,3,965918144,Last Action Hero (1993),Action|Comedy,M,50,14,02651
4016,900,1,965530080,"American in Paris, An (1951)",Musical|Romance,M,50,0,33901
4051,838,3,965495165,Emma (1996),Comedy|Drama|Romance,M,18,14,01604
4169,2523,2,971579182,Rollercoaster (1977),Drama|Thriller,M,50,0,66048
4344,1513,4,965223139,Romy and Michele's High School Reunion (1997),Comedy,M,25,1,44240
4456,900,4,965231022,"American in Paris, An (1951)",Musical|Romance,F,35,2,49770
4506,2099,4,964985525,Song of the South (1946),Adventure|Animation|Children's|Musical,M,50,16,29464
3824,196,3,970246082,Species (1995),Horror|Sci-Fi,M,25,17,32308
3918,2369,1,965739169,Desperately Seeking Susan (1985),Comedy|Romance,M,25,18,30189
4026,2469,2,965521765,Peggy Sue Got Married (1986),Comedy|Romance,M,25,7,68164
4181,829,1,965332011,Joe's Apartment (1996),Comedy|Musical,F,25,7,33177
4222,1272,3,965314655,Patton (1970),Drama|War,F,45,17,55976
4294,1438,4,1041053606,Dante's Peak (1997),Action|Thriller,M,1,10,75633
4328,1272,5,965245660,Patton (1970),Drama|War,M,50,3,75650
4436,2369,3,965101036,Desperately Seeking Susan (1985),Comedy|Romance,M,25,12,19067
4482,456,5,965019131,Fresh (1994),Drama,F,35,1,94044
4519,1945,5,964838200,On the Waterfront (1954),Crime|Drama,M,50,7,38135
3821,441,3,974760894,Dazed and Confused (1993),Comedy,M,25,20,44313
4298,441,3,965270527,Dazed and Confused (1993),Comedy,F,18,14,85705
4392,2174,1,965160423,Beetlejuice (1988),Comedy|Fantasy,M,18,4,43402
4448,800,3,966287409,Lone Star (1996),Drama|Mystery,M,25,14,06880
4156,1037,3,965341862,"Lawnmower Man, The (1992)",Action|Sci-Fi|Thriller,M,56,20,95123
4310,3273,4,965260172,Scream 3 (2000),Horror|Mystery|Thriller,M,25,4,57006
4523,1037,3,964815509,"Lawnmower Man, The (1992)",Action|Sci-Fi|Thriller,M,18,2,55304
3862,2111,1,965855445,"Man with Two Brains, The (1983)",Comedy,M,25,17,10025
3892,1036,4,969754215,Die Hard (1988),Action|Thriller,M,25,20,91505
3957,2872,3,965673143,Excalibur (1981),Action|Drama|Fantasy|Romance,M,35,11,40242
3962,2402,4,965676028,Rambo: First Blood Part II (1985),Action|War,F,56,0,98115
4009,220,1,965958239,Castle Freak (1995),Horror,M,18,7,44039
4054,2970,4,965504134,Fitzcarraldo (1982),Adventure|Drama,M,35,3,68122
4210,1205,3,965320131,"Transformers: The Movie, The (1986)",Action|Animation|Children's|Sci-Fi|Thriller|War,M,25,17,85710
4508,2929,5,964984607,Reds (1981),Drama,M,25,20,15701
3842,3505,4,965991044,No Way Out (1987),Thriller,F,35,16,92054
4257,2581,3,965306683,Never Been Kissed (1999),Comedy|Romance,M,50,16,38122
4153,2424,5,965342478,You've Got Mail (1998),Comedy|Romance,M,50,17,16801
4281,2424,3,965284432,You've Got Mail (1998),Comedy|Romance,M,56,13,92120
4169,1256,5,965693140,Duck Soup (1933),Comedy|War,M,50,0,66048
4401,2937,5,965158433,"Palm Beach Story, The (1942)",Comedy,M,18,4,10027
3823,1254,4,965945931,"Treasure of the Sierra Madre, The (1948)",Adventure,M,56,7,93711
3823,1022,4,965954689,Cinderella (1950),Animation|Children's|Musical,M,56,7,93711
4064,1022,4,965476406,Cinderella (1950),Animation|Children's|Musical,M,45,0,20851
4132,3157,4,965350906,Stuart Little (1999),Children's|Comedy,M,25,17,80112
4162,2959,5,965334577,Fight Club (1999),Drama,F,25,14,23221
4169,2440,3,976587629,Another Day in Paradise (1998),Drama,M,50,0,66048
4253,1022,3,965309879,Cinderella (1950),Animation|Children's|Musical,M,45,11,03301
4459,2959,2,965074859,Fight Club (1999),Drama,M,25,1,28027
4497,2854,3,964998769,Don't Look in the Basement! (1973),Horror,M,50,0,29678
3889,1041,3,966233982,Secrets & Lies (1996),Drama,M,45,6,66203
3892,1287,5,965798228,Ben-Hur (1959),Action|Adventure|Drama,M,25,20,91505
3916,520,1,965763866,Robin Hood: Men in Tights (1993),Comedy,M,25,4,02134
3929,1717,3,965712725,Scream 2 (1997),Horror|Thriller,M,25,5,80227
4169,380,3,975804676,True Lies (1994),Action|Adventure|Comedy|Romance,M,50,0,66048
4212,736,3,965320533,Twister (1996),Action|Adventure|Romance|Thriller,M,56,18,56716
4279,736,2,965283453,Twister (1996),Action|Adventure|Romance|Thriller,M,25,16,43215
4285,380,5,965280886,True Lies (1994),Action|Adventure|Comedy|Romance,M,35,0,62704
4311,1287,5,965258554,Ben-Hur (1959),Action|Adventure|Drama,M,50,13,68502
4375,380,4,965186353,True Lies (1994),Action|Adventure|Comedy|Romance,F,25,5,40241
4524,380,3,964812676,True Lies (1994),Action|Adventure|Comedy|Romance,M,25,2,55113
4093,514,4,965422251,"Ref, The (1994)",Comedy,M,25,4,70806
4482,514,4,965020462,"Ref, The (1994)",Comedy,F,35,1,94044
3942,2717,3,968594842,Ghostbusters II (1989),Comedy|Horror,M,18,4,49855
3951,648,3,965679740,Mission: Impossible (1996),Action|Adventure|Mystery,F,18,4,60014
4054,2988,4,965501585,Melvin and Howard (1980),Drama,M,35,3,68122
4374,648,5,965179106,Mission: Impossible (1996),Action|Adventure|Mystery,M,18,4,43201
3821,136,1,991551230,From the Journals of Jean Seberg (1995),Documentary,M,25,20,44313
3824,1849,3,1029449085,Prince Valiant (1997),Adventure,M,25,17,32308
3854,1358,5,965873390,Sling Blade (1996),Drama|Thriller,M,25,14,30340
3942,1601,1,966381288,Hoodlum (1997),Crime|Drama|Film-Noir,M,18,4,49855
4011,1358,5,965543541,Sling Blade (1996),Drama|Thriller,M,25,17,85210
4235,1358,5,965311049,Sling Blade (1996),Drama|Thriller,M,50,2,90029
4448,1422,3,966287409,Murder at 1600 (1997),Mystery|Thriller,M,25,14,06880
4078,3251,4,965603810,Agnes of God (1985),Drama|Mystery,M,25,15,28226
4227,2097,3,965323109,Something Wicked This Way Comes (1983),Children's|Horror,M,25,19,11414-2520
4305,1810,3,1041432011,Primary Colors (1998),Drama,F,45,17,27616
4418,728,4,1018134923,Cold Comfort Farm (1995),Comedy,F,50,0,02139
4482,627,4,965101156,"Last Supper, The (1995)",Drama|Thriller,F,35,1,94044
3951,1374,4,965678365,Star Trek: The Wrath of Khan (1982),Action|Adventure|Sci-Fi,F,18,4,60014
4112,1374,4,965365925,Star Trek: The Wrath of Khan (1982),Action|Adventure|Sci-Fi,M,45,18,47129
4328,1594,5,965244381,In the Company of Men (1997),Drama,M,50,3,75650
4506,1374,3,964981169,Star Trek: The Wrath of Khan (1982),Action|Adventure|Sci-Fi,M,50,16,29464
3841,2814,3,966000641,"Bat, The (1959)",Horror,M,45,18,26101
4053,1620,3,965493930,Kiss the Girls (1997),Crime|Drama|Thriller,M,25,18,36264
4058,1673,5,996712735,Boogie Nights (1997),Drama,M,25,6,73118
4222,1673,3,965315249,Boogie Nights (1997),Drama,F,45,17,55976
4451,585,2,965087917,"Brady Bunch Movie, The (1995)",Comedy,M,25,14,30101
3824,3090,2,966539329,Matewan (1987),Drama,M,25,17,32308
3938,2921,4,965703822,High Plains Drifter (1972),Western,M,25,2,92711-0571
3985,994,5,965620423,Big Night (1996),Drama,M,45,16,01880
4335,277,4,965240731,Miracle on 34th Street (1994),Drama,M,35,0,74011
3821,3608,3,974762200,Pee-wee's Big Adventure (1985),Comedy,M,25,20,44313
3847,1297,4,965882719,Real Genius (1985),Comedy,M,25,7,12801
4037,2863,4,965507044,"Hard Day's Night, A (1964)",Comedy|Musical,M,50,16,80206
4079,532,1,990633810,Serial Mom (1994),Comedy|Crime|Horror,M,35,17,26505
4230,3763,3,965312408,F/X (1986),Action|Crime|Thriller,M,56,13,34235
4323,1297,5,965285913,Real Genius (1985),Comedy,M,18,4,82072
4332,3052,4,965239081,Dogma (1999),Comedy,F,25,3,60606
4352,532,3,965226685,Serial Mom (1994),Comedy|Crime|Horror,M,18,4,11010
4381,3052,1,965177025,Dogma (1999),Comedy,M,25,4,65804
4393,3052,3,965158912,Dogma (1999),Comedy,M,18,4,43402
4425,3608,3,965106841,Pee-wee's Big Adventure (1985),Comedy,M,35,7,98607
3808,1234,4,965964967,"Sting, The (1973)",Comedy|Crime,M,25,7,60010
3829,448,4,965937572,Fearless (1993),Drama,F,25,1,22307
3978,1200,5,965630996,Aliens (1986),Action|Sci-Fi|Thriller|War,M,35,13,78252
4021,2951,3,965521208,"Fistful of Dollars, A (1964)",Action|Western,M,50,20,95236
4253,2951,3,965309963,"Fistful of Dollars, A (1964)",Action|Western,M,45,11,03301
4408,3469,4,965154177,Inherit the Wind (1960),Drama,F,45,2,19033
4506,1200,2,964982964,Aliens (1986),Action|Sci-Fi|Thriller|War,M,50,16,29464
3793,1020,3,966017843,Cool Runnings (1993),Comedy,M,18,4,21093
3844,1261,4,965890450,Evil Dead II (Dead By Dawn) (1987),Action|Adventure|Comedy|Horror,M,18,4,73071
3885,2143,1,967652587,Legend (1985),Adventure|Fantasy|Romance,M,25,12,92728
3887,2394,5,965806954,"Prince of Egypt, The (1998)",Animation|Musical,M,18,4,80513
3945,1317,2,965690548,I'm Not Rappaport (1996),Comedy,F,45,1,96778
4007,2394,2,968959984,"Prince of Egypt, The (1998)",Animation|Musical,M,35,12,88005
4088,97,5,965430453,"Hate (Haine, La) (1995)",Drama,M,25,3,77057
4150,1020,2,965346322,Cool Runnings (1993),Comedy,M,25,0,29672
4277,97,5,967112014,"Hate (Haine, La) (1995)",Drama,M,35,16,98133
4386,1876,3,965241895,Deep Impact (1998),Action|Drama|Sci-Fi|Thriller,M,25,5,74055
4426,1230,4,965107876,Annie Hall (1977),Comedy|Romance,M,45,17,93401
3865,2966,5,965853463,"Straight Story, The (1999)",Drama,F,1,10,95864
3985,3357,3,975726047,East-West (Est-ouest) (1999),Drama|Romance,M,45,16,01880
4026,524,3,965521579,Rudy (1993),Drama,M,25,7,68164
4156,1690,4,965340953,Alien: Resurrection (1997),Action|Horror|Sci-Fi,M,56,20,95123
4344,3715,2,966448228,Burglar (1987),Comedy,M,25,1,44240
4407,533,1,965156799,"Shadow, The (1994)",Action,M,18,4,02143
3997,1356,4,965581137,Star Trek: First Contact (1996),Action|Adventure|Sci-Fi,M,35,17,45255
4115,1356,5,965362868,Star Trek: First Contact (1996),Action|Adventure|Sci-Fi,M,25,15,99353
4508,1347,3,964980536,"Nightmare on Elm Street, A (1984)",Horror,M,25,20,15701
4064,1104,5,965476295,"Streetcar Named Desire, A (1951)",Drama,M,45,0,20851
4090,2728,3,965426327,Spartacus (1960),Drama,M,56,6,77379
4345,1104,4,966387278,"Streetcar Named Desire, A (1951)",Drama,F,25,14,44304
3903,1625,1,965765891,"Game, The (1997)",Mystery|Thriller,M,25,0,02542
3974,3633,3,965654215,On Her Majesty's Secret Service (1969),Action,M,35,0,30741
3992,3633,4,965598277,On Her Majesty's Secret Service (1969),Action,M,25,4,32653
3829,1459,2,965939947,Absolute Power (1997),Mystery|Thriller,F,25,1,22307
4142,1459,1,965348633,Absolute Power (1997),Mystery|Thriller,M,56,7,01040
4371,1755,4,965180945,Shooting Fish (1997),Romance,F,18,4,63109
4447,589,4,965166906,Terminator 2: Judgment Day (1991),Action|Sci-Fi|Thriller,M,45,5,32953
4488,1007,2,965011862,"Apple Dumpling Gang, The (1975)",Children's|Comedy|Western,M,35,7,72703
4489,2167,4,971397703,Blade (1998),Action|Adventure|Horror,M,18,4,78613
4169,2397,4,971580846,Mass Appeal (1984),Drama,M,50,0,66048
4245,3375,5,965309327,Destination Moon (1950),Sci-Fi,M,50,12,44286
4277,3855,5,1008825647,"Affair of Love, An (Une Liaison Pornographique) (1999)",Drama|Romance,M,35,16,98133
3827,50,5,966127931,"Usual Suspects, The (1995)",Crime|Thriller,M,50,2,87020
3868,2431,3,965853462,Patch Adams (1998),Comedy|Drama,M,18,12,73112
3904,1214,4,965764993,Alien (1979),Action|Horror|Sci-Fi|Thriller,M,1,10,48445
4018,1214,4,965526770,Alien (1979),Action|Horror|Sci-Fi|Thriller,F,45,20,75214
4033,2395,5,965512363,Rushmore (1998),Comedy,M,25,6,43551
4049,3807,4,965496585,Sinbad and the Eye of the Tiger (1977),Action|Adventure,M,45,11,33133
4066,1214,3,965469859,Alien (1979),Action|Horror|Sci-Fi|Thriller,M,25,0,19010
4193,750,4,965328497,Dr. Strangelove or: How I Learned to Stop Worrying and Love the Bomb (1963),Sci-Fi|War,M,56,13,93907
4215,750,5,965318147,Dr. Strangelove or: How I Learned to Stop Worrying and Love the Bomb (1963),Sci-Fi|War,M,25,7,77006
4423,1214,4,965115042,Alien (1979),Action|Horror|Sci-Fi|Thriller,M,18,4,52241
3830,293,5,965933003,"Professional, The (a.k.a. Leon: The Professional) (1994)",Crime|Drama|Romance|Thriller,M,18,4,60630
3850,1343,4,965880495,Cape Fear (1991),Thriller,M,18,3,92278
4006,2012,3,965552532,Back to the Future Part III (1990),Comedy|Sci-Fi|Western,M,1,7,48038
4123,527,2,965357210,Schindler's List (1993),Drama|War,F,25,4,46807
4161,2671,2,965336196,Notting Hill (1999),Comedy|Romance,M,45,0,90404
4310,527,5,965258640,Schindler's List (1993),Drama|War,M,25,4,57006
4322,1343,4,965387367,Cape Fear (1991),Thriller,F,50,6,75605
3892,1704,3,972172431,Good Will Hunting (1997),Drama,M,25,20,91505
3942,1333,4,971830917,"Birds, The (1963)",Horror,M,18,4,49855
3947,2091,4,965688811,Return from Witch Mountain (1978),Children's|Sci-Fi,M,25,0,90019
4008,3618,4,965545991,Small Time Crooks (2000),Comedy,M,18,1,92802
4139,45,3,965349824,To Die For (1995),Comedy|Drama,M,56,14,40207
4217,1704,4,965317572,Good Will Hunting (1997),Drama,M,18,4,18042
4271,3190,1,965307177,Supernova (2000),Adventure|Sci-Fi,M,35,7,83405
4483,1704,3,965016707,Good Will Hunting (1997),Drama,F,25,6,72703
3824,1320,3,970245915,Alien³ (1992),Action|Horror|Sci-Fi|Thriller,M,25,17,32308
4140,1320,3,965353413,Alien³ (1992),Action|Horror|Sci-Fi|Thriller,M,25,0,32112
4271,1320,3,965306975,Alien³ (1992),Action|Horror|Sci-Fi|Thriller,M,35,7,83405
4328,952,4,965246068,Around the World in 80 Days (1956),Adventure|Comedy,M,50,3,75650
4384,1320,4,965363155,Alien³ (1992),Action|Horror|Sci-Fi|Thriller,M,25,0,43623
4458,1320,4,965077470,Alien³ (1992),Action|Horror|Sci-Fi|Thriller,F,25,4,15701-2017
4526,3646,1,964807971,Big Momma's House (2000),Comedy,M,25,20,10012
3836,2793,3,965970442,"American Werewolf in Paris, An (1997)",Comedy|Horror,F,50,8,84770
3865,2889,2,965853518,"Mystery, Alaska (1999)",Comedy,F,1,10,95864
3917,2889,3,965740464,"Mystery, Alaska (1999)",Comedy,F,35,9,60618
4139,2889,4,965350878,"Mystery, Alaska (1999)",Comedy,M,56,14,40207
4161,1918,1,965341083,Lethal Weapon 4 (1998),Action|Comedy|Crime|Drama,M,45,0,90404
4352,2793,2,965226743,"American Werewolf in Paris, An (1997)",Comedy|Horror,M,18,4,11010
4375,1405,4,965179742,Beavis and Butt-head Do America (1996),Animation|Comedy,F,25,5,40241
4414,2889,5,965704017,"Mystery, Alaska (1999)",Comedy,M,25,4,40504
3834,2378,5,966400012,Police Academy (1984),Comedy,M,18,2,02322
4043,364,5,965503140,"Lion King, The (1994)",Animation|Children's|Musical,F,25,15,94002
4281,2378,4,965281675,Police Academy (1984),Comedy,M,56,13,92120
4359,364,4,965189062,"Lion King, The (1994)",Animation|Children's|Musical,M,18,4,33168
4360,364,3,965187573,"Lion King, The (1994)",Animation|Children's|Musical,F,25,9,98001
4039,3354,1,970373683,Mission to Mars (2000),Sci-Fi,M,25,16,97401
4169,3354,2,971578508,Mission to Mars (2000),Sci-Fi,M,50,0,66048
4482,1049,2,965101731,"Ghost and the Darkness, The (1996)",Action|Adventure,F,35,1,94044
3891,356,5,965798032,Forrest Gump (1994),Comedy|Romance|War,F,56,16,90039
3985,356,3,965610860,Forrest Gump (1994),Comedy|Romance|War,M,45,16,01880
4183,356,4,965330472,Forrest Gump (1994),Comedy|Romance|War,M,25,1,91730
4193,3551,3,965329519,Marathon Man (1976),Thriller,M,56,13,93907
4386,3551,4,965232920,Marathon Man (1976),Thriller,M,25,5,74055
4425,3551,4,965108072,Marathon Man (1976),Thriller,M,35,7,98607
3841,2316,3,965999955,Practical Magic (1998),Drama|Romance,M,45,18,26101
3894,2596,4,965791237,SLC Punk! (1998),Comedy|Drama,M,35,16,02139
4028,1923,5,965765082,There's Something About Mary (1998),Comedy,M,25,4,02140
4029,2114,4,965513471,"Outsiders, The (1983)",Drama,F,56,3,21114
3792,3461,4,970580293,Lord of the Flies (1963),Adventure|Drama|Thriller,M,25,6,68108
3834,1126,4,966405678,Drop Dead Fred (1991),Comedy|Fantasy,M,18,2,02322
3841,3461,4,965998473,Lord of the Flies (1963),Adventure|Drama|Thriller,M,45,18,26101
4032,3461,3,965513725,Lord of the Flies (1963),Adventure|Drama|Thriller,M,25,12,56301
4041,2539,3,965713189,Analyze This (1999),Comedy,M,18,3,48005
4048,2321,4,965501429,Pleasantville (1998),Comedy,F,35,1,89431
4064,2539,3,965480444,Analyze This (1999),Comedy,M,45,0,20851
4172,2858,5,965332628,American Beauty (1999),Comedy|Drama,M,35,7,19901
4368,2858,5,965183615,American Beauty (1999),Comedy|Drama,M,18,17,22043
4448,2648,5,966444468,Frankenstein (1931),Horror,M,25,14,06880
4508,3438,2,964980229,Teenage Mutant Ninja Turtles (1990),Action|Children's|Fantasy,M,25,20,15701
3778,1213,5,966044982,GoodFellas (1990),Crime|Drama,M,25,0,61832
4124,2552,2,965445523,My Boyfriend's Back (1993),Comedy,M,25,18,62330-1408
3952,3153,4,974594466,"7th Voyage of Sinbad, The (1958)",Action|Adventure|Fantasy,F,45,1,12449
3963,1071,3,977982833,For the Moment (1994),Romance|War,M,50,20,30030
4026,24,4,965517126,Powder (1995),Drama|Sci-Fi,M,25,7,68164
4121,3153,5,965358095,"7th Voyage of Sinbad, The (1958)",Action|Adventure|Fantasy,M,45,7,08876
4233,3153,3,965313157,"7th Voyage of Sinbad, The (1958)",Action|Adventure|Fantasy,M,35,4,37917
4303,1103,5,965267000,Rebel Without a Cause (1955),Drama,M,25,2,91910
4422,160,2,965155120,Congo (1995),Action|Adventure|Mystery|Sci-Fi,M,25,5,10463
3821,3219,2,974758507,Pacific Heights (1990),Thriller,M,25,20,44313
3834,2846,3,966396281,"Adventures of Milo and Otis, The (1986)",Children's,M,18,2,02322
3873,2846,5,965840207,"Adventures of Milo and Otis, The (1986)",Children's,F,45,2,94558
4238,3219,3,965312029,Pacific Heights (1990),Thriller,M,35,16,44691
4378,3219,3,965175776,Pacific Heights (1990),Thriller,M,18,17,06040
4426,921,4,965108382,My Favorite Year (1982),Comedy,M,45,17,93401
3819,3265,4,965997042,Hard-Boiled (Lashou shentan) (1992),Action|Crime,M,25,12,36115
3885,3265,5,965811442,Hard-Boiled (Lashou shentan) (1992),Action|Crime,M,25,12,92728
3908,125,5,965756701,Flirting With Disaster (1996),Comedy,M,25,0,10021
4076,121,4,965444841,"Boys of St. Vincent, The (1993)",Drama,M,25,17,55344
4114,2529,4,965364083,Planet of the Apes (1968),Action|Sci-Fi,M,35,14,48187
4217,3267,4,966188663,"Mariachi, El (1992)",Action|Thriller,M,18,4,18042
4287,2529,4,965276293,Planet of the Apes (1968),Action|Sci-Fi,M,25,7,35244
4401,3091,4,965158409,Kagemusha (1980),Drama|War,M,18,4,10027
4471,125,3,973203022,Flirting With Disaster (1996),Comedy,M,25,6,94108
4524,2529,4,964817870,Planet of the Apes (1968),Action|Sci-Fi,M,25,2,55113
3793,1592,1,966018639,Air Bud (1997),Children's|Comedy,M,18,4,21093
3994,480,5,966700939,Jurassic Park (1993),Action|Adventure|Sci-Fi,M,50,7,43081
4123,480,4,965359040,Jurassic Park (1993),Action|Adventure|Sci-Fi,F,25,4,46807
4150,480,4,965343654,Jurassic Park (1993),Action|Adventure|Sci-Fi,M,25,0,29672
4328,480,3,965251393,Jurassic Park (1993),Action|Adventure|Sci-Fi,M,50,3,75650
4354,3591,4,965192445,Mr. Mom (1983),Comedy|Drama,M,35,14,78611
4483,3591,3,965016220,Mr. Mom (1983),Comedy|Drama,F,25,6,72703
3900,1610,3,965845834,"Hunt for Red October, The (1990)",Action|Thriller,F,25,14,55343
3937,1610,5,965700468,"Hunt for Red October, The (1990)",Action|Thriller,M,56,2,92020
4344,1336,4,965330647,Body Parts (1991),Horror,M,25,1,44240
3892,1784,4,972172894,As Good As It Gets (1997),Comedy|Drama,M,25,20,91505
3971,2133,3,970447391,Adventures in Babysitting (1987),Adventure|Comedy,F,18,4,80228
4238,1687,3,965341919,"Jackal, The (1997)",Action|Thriller,M,35,16,44691
4335,2359,2,965238800,Waking Ned Devine (1998),Comedy,M,35,0,74011
4352,2133,4,965232414,Adventures in Babysitting (1987),Adventure|Comedy,M,18,4,11010
4373,2948,4,965181914,From Russia with Love (1963),Action,M,50,12,32920
4508,390,4,993147020,Faster Pussycat! Kill! Kill! (1965),Action|Comedy|Drama,M,25,20,15701
3844,1289,5,965890411,Koyaanisqatsi (1983),Documentary|War,M,18,4,73071
3880,1221,4,965829519,"Godfather: Part II, The (1974)",Action|Crime|Drama,M,25,7,54942
4183,1221,4,965332602,"Godfather: Part II, The (1974)",Action|Crime|Drama,M,25,1,91730
3853,1801,3,965875544,"Man in the Iron Mask, The (1998)",Action|Drama|Romance,M,25,14,92614
3931,1409,3,965711288,Michael (1996),Comedy|Romance,M,25,5,92117
3945,1801,2,965691611,"Man in the Iron Mask, The (1998)",Action|Drama|Romance,F,45,1,96778
3945,1393,3,965690841,Jerry Maguire (1996),Drama|Romance,F,45,1,96778
4078,1587,2,965604818,Conan the Barbarian (1982),Action|Adventure,M,25,15,28226
4257,1393,3,965306184,Jerry Maguire (1996),Drama|Romance,M,50,16,38122
4448,1801,4,966967221,"Man in the Iron Mask, The (1998)",Action|Drama|Romance,M,25,14,06880
4459,3253,4,965497619,Wayne's World (1992),Comedy,M,25,1,28027
4497,3847,2,972443618,"Ilsa, She Wolf of the SS (1974)",Horror,M,50,0,29678
4511,1587,4,964978861,Conan the Barbarian (1982),Action|Adventure,M,35,7,62234
3945,1345,3,965687964,Carrie (1976),Horror,F,45,1,96778
4140,2922,5,965352891,Hang 'em High (1967),Western,M,25,0,32112
4386,1079,5,965230020,"Fish Called Wanda, A (1988)",Comedy,M,25,5,74055
4446,1552,3,965091546,Con Air (1997),Action|Adventure|Thriller,M,18,18,60435
4463,3246,3,1031334795,Malcolm X (1992),Drama,M,50,7,07405
3821,492,3,975777615,Manhattan Murder Mystery (1993),Comedy|Mystery,M,25,20,44313
3841,338,3,966003232,Virtuosity (1995),Sci-Fi|Thriller,M,45,18,26101
3977,1179,4,965644872,"Grifters, The (1990)",Crime|Drama|Film-Noir,M,35,14,22180
4072,866,2,965453599,Bound (1996),Crime|Drama|Romance|Thriller,M,50,6,93111
4343,866,4,965224710,Bound (1996),Crime|Drama|Romance|Thriller,M,25,12,75007
4449,3775,4,965087137,Make Mine Music (1946),Animation|Children's|Musical,M,25,12,27513
4458,3063,2,965077516,Poison Ivy (1992),Thriller,F,25,4,15701-2017
3837,1185,4,965932580,My Left Foot (1989),Drama,M,25,17,28804
3948,933,3,965682508,To Catch a Thief (1955),Comedy|Romance|Thriller,F,45,12,61554
4054,2016,2,965513714,"Apple Dumpling Gang Rides Again, The (1979)",Children's|Comedy|Western,M,35,3,68122
4071,1257,4,965611534,Better Off Dead... (1985),Comedy,M,25,17,33823
4277,911,3,985509376,Charade (1963),Comedy|Mystery|Romance|Thriller,M,35,16,98133
3796,595,3,966017481,Beauty and the Beast (1991),Animation|Children's|Musical,M,45,14,02021
4055,345,3,965491974,"Adventures of Priscilla, Queen of the Desert, The (1994)",Comedy|Drama,M,50,0,98826
4096,595,5,965422262,Beauty and the Beast (1991),Animation|Children's|Musical,M,25,15,60004
4344,490,4,965936007,Malice (1993),Thriller,M,25,1,44240
3819,1920,4,965948934,Small Soldiers (1998),Animation|Children's|Fantasy|War,M,25,12,36115
4107,3255,4,965689368,"League of Their Own, A (1992)",Comedy|Drama,F,25,0,23221
4126,3255,3,1005057116,"League of Their Own, A (1992)",Comedy|Drama,M,25,17,53188
4268,3255,3,965304515,"League of Their Own, A (1992)",Comedy|Drama,F,45,20,04046
4508,2314,4,964985614,Beloved (1998),Drama,M,25,20,15701
4523,3307,4,964818924,City Lights (1931),Comedy|Drama|Romance,M,18,2,55304
3841,2132,3,965997703,Who's Afraid of Virginia Woolf? (1966),Drama,M,45,18,26101
4021,1284,5,965521031,"Big Sleep, The (1946)",Film-Noir|Mystery,M,50,20,95236
4042,2352,4,965595581,"Big Chill, The (1983)",Comedy|Drama,M,35,15,94002
4390,809,3,965162755,Fled (1996),Action|Adventure,M,25,0,11201
4422,2352,3,965154244,"Big Chill, The (1983)",Comedy|Drama,M,25,5,10463
4440,2389,2,965096902,Psycho (1998),Crime|Horror|Thriller,M,35,1,81005
4447,1284,3,965088469,"Big Sleep, The (1946)",Film-Noir|Mystery,M,45,5,32953
3834,3081,5,965926901,Sleepy Hollow (1999),Horror|Romance,M,18,2,02322
3847,3081,4,965880732,Sleepy Hollow (1999),Horror|Romance,M,25,7,12801
4017,3081,3,965526663,Sleepy Hollow (1999),Horror|Romance,M,25,14,17972
4064,3684,3,965478326,"Fabulous Baker Boys, The (1989)",Drama|Romance,M,45,0,20851
4172,3081,5,965332673,Sleepy Hollow (1999),Horror|Romance,M,35,7,19901
3963,1282,4,1018672824,Fantasia (1940),Animation|Children's|Musical,M,50,20,30030
4022,1027,3,965519333,Robin Hood: Prince of Thieves (1991),Drama,M,35,14,53403
4446,2088,2,965092672,Popeye (1980),Adventure|Comedy|Musical,M,18,18,60435
3824,265,4,970244390,Like Water for Chocolate (Como agua para chocolate) (1992),Drama|Romance,M,25,17,32308
3951,2421,3,965679892,"Karate Kid, Part II, The (1986)",Action|Adventure|Drama,F,18,4,60014
3963,265,4,971297675,Like Water for Chocolate (Como agua para chocolate) (1992),Drama|Romance,M,50,20,30030
4380,662,3,965176086,Fear (1996),Thriller,F,25,1,37153
4409,2806,3,965152743,Teaching Mrs. Tingle (1999),Comedy|Thriller,M,25,14,65023
4490,457,4,965010101,"Fugitive, The (1993)",Action|Thriller,M,35,5,70123
3795,2594,4,966016176,Open Your Eyes (Abre los ojos) (1997),Drama|Romance|Sci-Fi,F,18,4,91405
3864,608,5,965854535,Fargo (1996),Crime|Drama|Thriller,M,50,20,29630
4150,151,4,965343001,Rob Roy (1995),Drama|Romance|War,M,25,0,29672
4335,151,4,965418981,Rob Roy (1995),Drama|Romance|War,M,35,0,74011
4379,141,2,965176156,"Birdcage, The (1996)",Comedy,M,25,4,27278
4452,608,5,965087087,Fargo (1996),Crime|Drama|Thriller,F,25,7,78666
4490,151,3,965010446,Rob Roy (1995),Drama|Romance|War,M,35,5,70123
3894,751,1,965790452,Careful (1992),Comedy,M,35,16,02139
4411,1909,3,970364419,"X-Files: Fight the Future, The (1998)",Mystery|Sci-Fi|Thriller,M,18,4,92122
3806,2550,1,965965698,"Haunting, The (1963)",Horror|Thriller,M,18,4,55104
4016,2710,1,965533778,"Blair Witch Project, The (1999)",Horror,M,50,0,33901
4112,3614,4,965368518,Honeymoon in Vegas (1992),Comedy|Romance,M,45,18,47129
4234,2043,3,965310780,Darby O'Gill and the Little People (1959),Adventure|Children's|Fantasy,F,45,3,48130
4345,515,3,966267510,"Remains of the Day, The (1993)",Drama,F,25,14,44304
4386,3614,5,965169180,Honeymoon in Vegas (1992),Comedy|Romance,M,25,5,74055
4411,272,5,969332760,"Madness of King George, The (1994)",Drama,M,18,4,92122
3821,2283,2,975780267,"Sheltering Sky, The (1990)",Drama,M,25,20,44313
3823,1726,3,965944262,"Postman, The (1997)",Drama,M,56,7,93711
4044,1617,3,965498989,L.A. Confidential (1997),Crime|Film-Noir|Mystery|Thriller,F,35,3,95826
4086,2093,1,965516966,Return to Oz (1985),Adventure|Children's|Fantasy|Sci-Fi,F,1,10,55391
4387,1617,4,965170149,L.A. Confidential (1997),Crime|Film-Noir|Mystery|Thriller,F,18,4,63109
3834,2253,5,966406275,Toys (1992),Action|Comedy|Fantasy,M,18,2,02322
4086,2506,5,965433991,"Other Sister, The (1999)",Comedy|Drama|Romance,F,1,10,55391
4095,3879,4,968875584,"Art of War, The (2000)",Action,M,25,0,10013
4404,1623,1,965159109,Wishmaster (1997),Horror,M,25,1,57106
4141,1120,4,965351453,"People vs. Larry Flynt, The (1996)",Drama,M,35,17,95014
4194,1281,3,965323665,"Great Dictator, The (1940)",Comedy,M,18,4,60637
4335,1408,4,965241379,"Last of the Mohicans, The (1992)",Action|Romance|War,M,35,0,74011
4480,1120,4,965028282,"People vs. Larry Flynt, The (1996)",Drama,M,25,0,94403
3808,2373,1,965964538,Red Sonja (1985),Action|Adventure,M,25,7,60010
3842,1162,5,969006354,"Ruling Class, The (1972)",Comedy,F,35,16,92054
3923,1196,4,965711429,Star Wars: Episode V - The Empire Strikes Back (1980),Action|Adventure|Drama|Sci-Fi|War,M,35,2,92115
3971,708,4,967070272,"Truth About Cats & Dogs, The (1996)",Comedy|Romance,F,18,4,80228
4032,1196,5,965513605,Star Wars: Episode V - The Empire Strikes Back (1980),Action|Adventure|Drama|Sci-Fi|War,M,25,12,56301
4213,1953,5,965843769,"French Connection, The (1971)",Action|Crime|Drama|Thriller,M,35,7,63125
4271,1196,4,965302251,Star Wars: Episode V - The Empire Strikes Back (1980),Action|Adventure|Drama|Sci-Fi|War,M,35,7,83405
4417,1196,5,965136312,Star Wars: Episode V - The Empire Strikes Back (1980),Action|Adventure|Drama|Sci-Fi|War,M,25,15,02135
4433,1196,5,965098647,Star Wars: Episode V - The Empire Strikes Back (1980),Action|Adventure|Drama|Sci-Fi|War,M,25,0,43081
4489,1196,5,965010304,Star Wars: Episode V - The Empire Strikes Back (1980),Action|Adventure|Drama|Sci-Fi|War,M,18,4,78613
4505,1196,4,964992464,Star Wars: Episode V - The Empire Strikes Back (1980),Action|Adventure|Drama|Sci-Fi|War,M,50,7,39648
3886,2527,5,965808974,Westworld (1973),Action|Sci-Fi|Thriller|Western,M,35,7,95008
4169,2146,3,971581320,St. Elmo's Fire (1985),Drama|Romance,M,50,0,66048
4310,2908,3,965258670,Boys Don't Cry (1999),Drama,M,25,4,57006
4328,2908,5,1014824166,Boys Don't Cry (1999),Drama,M,50,3,75650
4404,612,2,965158676,"Pallbearer, The (1996)",Comedy,M,25,1,57106
4489,611,2,980883377,Hellraiser: Bloodline (1996),Action|Horror|Sci-Fi,M,18,4,78613
3807,3203,5,970438661,Dead Calm (1989),Thriller,F,35,19,32095
3946,2707,3,965756313,Arlington Road (1999),Thriller,F,25,12,22207
4140,105,3,965354664,"Bridges of Madison County, The (1995)",Drama|Romance,M,25,0,32112
4193,913,5,965328197,"Maltese Falcon, The (1941)",Film-Noir|Mystery,M,56,13,93907
4310,2707,4,966027024,Arlington Road (1999),Thriller,M,25,4,57006
4447,3203,4,965173669,Dead Calm (1989),Thriller,M,45,5,32953
3789,3145,3,966022079,"Cradle Will Rock, The (1999)",Drama,F,25,0,94110
3807,188,3,965966348,"Prophecy, The (1995)",Horror,F,35,19,32095
3834,2126,5,966404870,Snake Eyes (1998),Action|Crime|Mystery|Thriller,M,18,2,02322
4035,1370,5,965509376,Die Hard 2 (1990),Action|Thriller,M,18,4,45251
4096,3362,3,965423474,Dog Day Afternoon (1975),Comedy|Crime|Drama,M,25,15,60004
4232,2916,4,1023465848,Total Recall (1990),Action|Adventure|Sci-Fi|Thriller,F,35,20,75287
4287,1370,4,965277995,Die Hard 2 (1990),Action|Thriller,M,25,7,35244
4448,2347,4,966286237,"Pope of Greenwich Village, The (1984)",Action,M,25,14,06880
4470,1573,4,965064612,Face/Off (1997),Action|Sci-Fi|Thriller,M,35,12,15089
4497,3362,4,964999505,Dog Day Afternoon (1975),Comedy|Crime|Drama,M,50,0,29678
3807,2121,1,965966532,Cujo (1983),Horror|Thriller,F,35,19,32095
3847,11,3,965882885,"American President, The (1995)",Comedy|Drama|Romance,M,25,7,12801
3988,1794,2,965708090,Love and Death on Long Island (1997),Comedy|Drama,F,25,14,60647
4122,204,3,965357628,Under Siege 2: Dark Territory (1995),Action,M,18,19,82070
4279,2121,4,965284531,Cujo (1983),Horror|Thriller,M,25,16,43215
4318,3109,4,965379961,"River, The (1984)",Drama,M,25,5,02891
3778,2953,2,966039487,Home Alone 2: Lost in New York (1992),Children's|Comedy,M,25,0,61832
3789,541,5,966020038,Blade Runner (1982),Film-Noir|Sci-Fi,F,25,0,94110
3931,508,3,965706436,Philadelphia (1993),Drama,M,25,5,92117
4041,413,4,965714003,Airheads (1994),Comedy,M,18,3,48005
4121,1129,3,965357392,Escape from New York (1981),Action|Adventure|Sci-Fi|Thriller,M,45,7,08876
4162,1821,4,965336847,"Object of My Affection, The (1998)",Comedy|Romance,F,25,14,23221
4248,110,5,965308700,Braveheart (1995),Action|Drama|War,M,25,4,26508
4418,3418,4,1018134438,Thelma & Louise (1991),Action|Drama,F,50,0,02139
3830,3238,4,965933760,Eye of the Beholder (1999),Thriller,M,18,4,60630
3993,2001,4,965589171,Lethal Weapon 2 (1989),Action|Comedy|Crime|Drama,M,25,0,22015
4213,2917,5,965843637,Body Heat (1981),Crime|Thriller,M,35,7,63125
4277,260,5,965293814,Star Wars: Episode IV - A New Hope (1977),Action|Adventure|Fantasy|Sci-Fi,M,35,16,98133
4302,2001,4,965585500,Lethal Weapon 2 (1989),Action|Comedy|Crime|Drama,M,50,1,45385
4345,3358,4,966267496,Defending Your Life (1991),Comedy|Romance,F,25,14,44304
4471,260,4,965063311,Star Wars: Episode IV - A New Hope (1977),Action|Adventure|Fantasy|Sci-Fi,M,25,6,94108
4477,260,5,969030560,Star Wars: Episode IV - A New Hope (1977),Action|Adventure|Fantasy|Sci-Fi,M,25,7,98908
3892,2028,5,965799491,Saving Private Ryan (1998),Action|Drama|War,M,25,20,91505
3999,2379,3,965577297,Police Academy 2: Their First Assignment (1985),Comedy,M,35,17,30701
4055,2353,3,965490874,Enemy of the State (1998),Action|Thriller,M,50,0,98826
4111,2028,5,965364897,Saving Private Ryan (1998),Action|Drama|War,M,25,15,32603
4354,2379,1,965192844,Police Academy 2: Their First Assignment (1985),Comedy,M,35,14,78611
4361,2028,5,965187993,Saving Private Ryan (1998),Action|Drama|War,M,35,15,83616
3778,147,4,966046744,"Basketball Diaries, The (1995)",Drama,M,25,0,61832
3992,1797,4,1025360415,Everest (1998),Documentary,M,25,4,32653
4060,1080,5,965491615,Monty Python's Life of Brian (1979),Comedy,M,25,18,55412
4312,1972,3,1001624179,"Nightmare on Elm Street 5: The Dream Child, A (1989)",Horror,M,25,18,78757
4448,910,5,966274631,Some Like It Hot (1959),Comedy|Crime,M,25,14,06880
3832,1228,5,997896966,Raging Bull (1980),Drama,F,25,7,43214
3946,1680,4,965766135,Sliding Doors (1998),Drama|Romance,F,25,12,22207
4033,805,4,965514982,"Time to Kill, A (1996)",Drama,M,25,6,43551
4058,1672,4,965965001,"Rainmaker, The (1997)",Drama,M,25,6,73118
4088,1680,4,965431474,Sliding Doors (1998),Drama|Romance,M,25,3,77057
4302,1672,4,965267966,"Rainmaker, The (1997)",Drama,M,50,1,45385
4433,198,3,965099530,Strange Days (1995),Action|Crime|Sci-Fi,M,25,0,43081
3930,3623,3,965704789,Mission: Impossible 2 (2000),Action|Thriller,M,56,3,52240
4042,349,4,965504877,Clear and Present Danger (1994),Action|Adventure|Thriller,M,35,15,94002
4130,2303,5,965351295,Nashville (1975),Drama|Musical,M,35,6,48439
4298,3623,3,965269621,Mission: Impossible 2 (2000),Action|Thriller,F,18,14,85705
4310,424,3,965259886,Blue Chips (1994),Drama,M,25,4,57006
4318,349,4,965338310,Clear and Present Danger (1994),Action|Adventure|Thriller,M,25,5,02891
4347,3623,3,965217043,Mission: Impossible 2 (2000),Action|Thriller,F,18,20,77304
4528,3623,4,981321269,Mission: Impossible 2 (2000),Action|Thriller,M,25,14,27605
3900,1018,4,965876881,That Darn Cat! (1965),Children's|Comedy|Mystery,F,25,14,55343
3945,971,5,965687984,Cat on a Hot Tin Roof (1958),Drama,F,45,1,96778
4007,3360,4,965549374,Hoosiers (1986),Drama,M,35,12,88005
4042,379,3,965506150,Timecop (1994),Action|Sci-Fi,M,35,15,94002
4079,1958,4,990618482,Terms of Endearment (1983),Comedy|Drama,M,35,17,26505
4092,1958,4,965420613,Terms of Endearment (1983),Comedy|Drama,F,25,0,19063
4148,379,4,965343598,Timecop (1994),Action|Sci-Fi,F,35,7,55021
4269,1958,3,965302550,Terms of Endearment (1983),Comedy|Drama,M,35,18,27603
4271,1958,2,965308358,Terms of Endearment (1983),Comedy|Drama,M,35,7,83405
4318,3100,4,965379333,"River Runs Through It, A (1992)",Drama,M,25,5,02891
4322,971,5,965249123,Cat on a Hot Tin Roof (1958),Drama,F,50,6,75605
4344,832,1,965936072,Ransom (1996),Drama|Thriller,M,25,1,44240
4387,971,2,987135126,Cat on a Hot Tin Roof (1958),Drama,F,18,4,63109
4457,1264,4,965075677,Diva (1981),Action|Drama|Mystery|Romance|Thriller,M,35,14,95492
3894,2065,4,965791682,"Purple Rose of Cairo, The (1985)",Comedy|Drama|Romance,M,35,16,02139
4169,270,2,975804394,Love Affair (1994),Drama|Romance,M,50,0,66048
4281,2065,2,965282092,"Purple Rose of Cairo, The (1985)",Comedy|Drama|Romance,M,56,13,92120
4447,2065,3,965175224,"Purple Rose of Cairo, The (1985)",Comedy|Drama|Romance,M,45,5,32953
4483,1086,3,965015351,Dial M for Murder (1954),Mystery|Thriller,F,25,6,72703
4488,1086,4,965014686,Dial M for Murder (1954),Mystery|Thriller,M,35,7,72703
3808,499,3,965967425,Mr. Wonderful (1993),Comedy|Romance,M,25,7,60010
3847,135,1,965883692,Down Periscope (1996),Comedy,M,25,7,12801
3887,2611,5,965805365,"Winslow Boy, The (1998)",Drama,M,18,4,80513
3946,2617,4,965748416,"Mummy, The (1999)",Action|Adventure|Horror|Thriller,F,25,12,22207
3981,1095,1,965628293,Glengarry Glen Ross (1992),Drama,F,45,0,97701
4117,3946,4,1022810288,Get Carter (2000),Action|Drama|Thriller,M,18,4,43551
4268,135,1,965307010,Down Periscope (1996),Comedy,F,45,20,04046
4354,3142,3,965198815,U2: Rattle and Hum (1988),Documentary|Musical,M,35,14,78611
4404,2762,5,965156629,"Sixth Sense, The (1999)",Thriller,M,25,1,57106
4407,2762,5,965155034,"Sixth Sense, The (1999)",Thriller,M,18,4,02143
4411,3355,4,970361627,"Ninth Gate, The (2000)",Thriller,M,18,4,92122
4451,522,4,965089241,Romper Stomper (1992),Action|Drama,M,25,14,30101
3825,3448,3,965941346,"Good Morning, Vietnam (1987)",Comedy|Drama|War,M,18,1,06279
3900,3160,4,965873972,Magnolia (1999),Drama,F,25,14,55343
4053,3103,4,965493994,Stanley & Iris (1990),Drama|Romance,M,25,18,36264
4167,2124,3,965425798,"Addams Family, The (1991)",Comedy,M,25,20,22032
4227,466,1,965412468,Hot Shots! Part Deux (1993),Action|Comedy|War,M,25,19,11414-2520
4320,1954,5,965250120,Rocky (1976),Action|Drama,M,25,5,89114
4378,3448,3,965177144,"Good Morning, Vietnam (1987)",Comedy|Drama|War,M,18,17,06040
4381,3113,2,969679255,End of Days (1999),Action|Thriller,M,25,4,65804
4152,1262,5,965341681,"Great Escape, The (1963)",Adventure|War,M,25,14,74114
4303,3366,4,965268432,Where Eagles Dare (1969),Action|Adventure|War,M,25,2,91910
4343,2266,2,965228495,"Butcher's Wife, The (1991)",Comedy|Romance,M,25,12,75007
4511,2944,5,964980205,"Dirty Dozen, The (1967)",Action|War,M,35,7,62234
3908,2302,4,965932465,My Cousin Vinny (1992),Comedy,M,25,0,10021
3974,2302,5,965654215,My Cousin Vinny (1992),Comedy,M,35,0,30741
3992,3107,4,965591946,Backdraft (1991),Action|Drama,M,25,4,32653
4088,3274,3,965432197,Single White Female (1992),Action,M,25,3,77057
4430,2302,2,965104890,My Cousin Vinny (1992),Comedy,F,25,0,94403
4470,3107,5,965066343,Backdraft (1991),Action|Drama,M,35,12,15089
3993,2548,1,965699325,"Rage: Carrie 2, The (1999)",Horror,M,25,0,22015
4042,2115,2,965511412,Indiana Jones and the Temple of Doom (1984),Action|Adventure,M,35,15,94002
4305,2548,2,965263971,"Rage: Carrie 2, The (1999)",Horror,F,45,17,27616
4311,2115,3,965258188,Indiana Jones and the Temple of Doom (1984),Action|Adventure,M,50,13,68502
3895,357,4,965784759,Four Weddings and a Funeral (1994),Comedy|Romance,F,35,0,20723
3940,529,3,965693871,Searching for Bobby Fischer (1993),Drama,M,35,20,32708
4085,529,4,965434577,Searching for Bobby Fischer (1993),Drama,F,25,6,79416
4344,1612,1,966520699,"Kiss Me, Guido (1997)",Comedy,M,25,1,44240
4430,294,3,965106095,"Perez Family, The (1995)",Comedy|Romance,F,25,0,94403
4482,2000,5,965017125,Lethal Weapon (1987),Action|Comedy|Crime|Drama,F,35,1,94044
3808,1981,1,965974402,Friday the 13th Part VIII: Jason Takes Manhattan (1989),Horror,M,25,7,60010
4012,3617,1,965542575,Road Trip (2000),Comedy,M,18,4,49503-1313
4164,2010,5,975364632,Metropolis (1926),Sci-Fi,M,35,1,50677
4194,1449,5,965326994,Waiting for Guffman (1996),Comedy,M,18,4,60637
4072,3503,4,965451014,Solaris (Solyaris) (1972),Drama|Sci-Fi,M,50,6,93111
4122,3174,4,965359051,Man on the Moon (1999),Comedy|Drama,M,18,19,82070
4277,2137,4,967621395,Charlotte's Web (1973),Animation|Children's,M,35,16,98133
4337,1193,5,965236884,One Flew Over the Cuckoo's Nest (1975),Drama,M,18,20,76135
4422,3174,5,965117731,Man on the Moon (1999),Comedy|Drama,M,25,5,10463
4480,3174,1,965022968,Man on the Moon (1999),Comedy|Drama,M,25,0,94403
4510,3483,5,966827008,"Road to El Dorado, The (2000)",Animation|Children's,M,45,7,92503
4018,2406,4,965527384,Romancing the Stone (1984),Action|Adventure|Comedy|Romance,F,45,20,75214
4089,3225,2,965428363,Down to You (2000),Comedy|Romance,M,25,7,79416
4520,2406,4,990898898,Romancing the Stone (1984),Action|Adventure|Comedy|Romance,M,25,4,45810
3819,3515,5,965948748,Me Myself I (2000),Comedy,M,25,12,36115
3832,3515,3,983368968,Me Myself I (2000),Comedy,F,25,7,43214
3894,3578,4,965788801,Gladiator (2000),Action|Drama,M,35,16,02139
3963,2243,5,1014434691,Broadcast News (1987),Comedy|Drama|Romance,M,50,20,30030
4007,3578,4,965546469,Gladiator (2000),Action|Drama,M,35,12,88005
4087,3005,4,965431010,"Bone Collector, The (1999)",Thriller,M,1,4,63376
4179,942,5,965333371,Laura (1944),Crime|Film-Noir|Mystery,F,35,20,94949
4302,2011,4,965585970,Back to the Future Part II (1989),Comedy|Sci-Fi,M,50,1,45385
4303,3578,4,965267769,Gladiator (2000),Action|Drama,M,25,2,91910
4447,942,5,965172414,Laura (1944),Crime|Film-Noir|Mystery,M,45,5,32953
4499,1805,3,964998446,Wild Things (1998),Crime|Drama|Mystery|Thriller,M,25,6,62702
4521,3578,5,964835199,Gladiator (2000),Action|Drama,M,35,12,15202
3842,3033,2,965918082,Spaceballs (1987),Comedy|Sci-Fi,F,35,16,92054
3890,3033,5,965799076,Spaceballs (1987),Comedy|Sci-Fi,M,18,4,33143
4080,1090,5,965442080,Platoon (1986),Drama|War,M,35,1,48912
4091,3214,4,965424309,American Flyers (1985),Drama,M,25,17,55410
4303,1090,5,965266149,Platoon (1986),Drama|War,M,25,2,91910
4318,1371,4,965338796,Star Trek: The Motion Picture (1979),Action|Adventure|Sci-Fi,M,25,5,02891
3792,3176,4,966018514,"Talented Mr. Ripley, The (1999)",Drama|Mystery|Thriller,M,25,6,68108
3878,3491,3,965836804,My Chauffeur (1986),Comedy,M,35,16,22124
4381,3176,4,965264667,"Talented Mr. Ripley, The (1999)",Drama|Mystery|Thriller,M,25,4,65804
3957,1376,4,965675692,Star Trek IV: The Voyage Home (1986),Action|Adventure|Sci-Fi,M,35,11,40242
4169,2995,2,981324348,"House on Haunted Hill, The (1999)",Horror,M,50,0,66048
4390,2504,2,965165221,200 Cigarettes (1999),Comedy|Drama,M,25,0,11201
4411,2949,4,970365307,Dr. No (1962),Action,M,18,4,92122
3857,2248,3,970150798,Say Anything... (1989),Comedy|Drama|Romance,M,18,14,08822
4046,2997,3,965498638,Being John Malkovich (1999),Comedy,M,45,17,53545
4342,2997,5,965229795,Being John Malkovich (1999),Comedy,M,25,0,66614
3919,3156,4,965736842,Bicentennial Man (1999),Comedy|Drama|Sci-Fi,M,45,0,73702
3992,3809,3,965617359,What About Bob? (1991),Comedy,M,25,4,32653
4079,1674,4,990622525,Witness (1985),Drama|Romance|Thriller,M,35,17,26505
4213,1584,3,965927299,Contact (1997),Drama|Sci-Fi,M,35,7,63125
4354,1674,4,965196940,Witness (1985),Drama|Romance|Thriller,M,35,14,78611
4447,996,3,965167982,Last Man Standing (1996),Action|Drama|Western,M,45,5,32953
4024,2900,3,965517952,Monkey Shines (1988),Horror|Sci-Fi,M,25,5,45011
4171,1948,3,965334087,Tom Jones (1963),Comedy,M,56,16,79705
4227,1999,1,965323780,"Exorcist III, The (1990)",Horror,M,25,19,11414-2520
4305,716,3,966734583,Switchblade Sisters (1975),Crime,F,45,17,27616
4411,1948,5,971740266,Tom Jones (1963),Comedy,M,18,4,92122
4478,2381,2,991838867,Police Academy 4: Citizens on Patrol (1987),Comedy,M,1,12,02138
4522,1429,2,964997973,Jackie Chan's First Strike (1996),Action,M,45,1,81004
3977,2289,4,965645319,"Player, The (1992)",Comedy|Drama,M,35,14,22180
4004,1676,1,965561346,Starship Troopers (1997),Action|Adventure|Sci-Fi|War,M,50,0,21050
4041,3838,4,965715336,Phantasm III: Lord of the Dead (1994),Horror,M,18,3,48005
4118,2289,5,965361538,"Player, The (1992)",Comedy|Drama,M,25,3,91221
4139,551,4,965350700,"Nightmare Before Christmas, The (1993)",Children's|Comedy|Musical,M,56,14,40207
4169,3838,2,965333700,Phantasm III: Lord of the Dead (1994),Horror,M,50,0,66048
4193,1676,3,965326693,Starship Troopers (1997),Action|Adventure|Sci-Fi|War,M,56,13,93907
4302,2639,3,965586370,Mommie Dearest (1981),Drama,M,50,1,45385
4335,1676,4,965239668,Starship Troopers (1997),Action|Adventure|Sci-Fi|War,M,35,0,74011
4388,1676,2,965218168,Starship Troopers (1997),Action|Adventure|Sci-Fi|War,M,45,3,75074
4452,551,5,965088088,"Nightmare Before Christmas, The (1993)",Children's|Comedy|Musical,F,25,7,78666
3813,1278,5,965955177,Young Frankenstein (1974),Comedy|Horror,M,35,7,80910
3823,153,3,965942065,Batman Forever (1995),Action|Adventure|Comedy|Crime,M,56,7,93711
3885,2528,3,965810735,Logan's Run (1976),Action|Adventure|Sci-Fi,M,25,12,92728
3925,785,4,965710231,Kingpin (1996),Comedy,M,25,12,77042
3927,144,3,965710791,"Brothers McMullen, The (1995)",Comedy,F,25,16,67846
4027,2528,5,965514567,Logan's Run (1976),Action|Adventure|Sci-Fi,F,25,7,12533
4064,1278,4,965477110,Young Frankenstein (1974),Comedy|Horror,M,45,0,20851
4167,2528,3,965334150,Logan's Run (1976),Action|Adventure|Sci-Fi,M,25,20,22032
3853,2002,4,965875544,Lethal Weapon 3 (1992),Action|Comedy|Crime|Drama,M,25,14,92614
4041,2002,4,965512804,Lethal Weapon 3 (1992),Action|Comedy|Crime|Drama,M,18,3,48005
4169,3853,4,971578220,"Tic Code, The (1998)",Drama,M,50,0,66048
4318,3705,4,965338968,Bird on a Wire (1990),Action|Adventure|Romance|Thriller,M,25,5,02891
4058,1246,4,996713023,Dead Poets Society (1989),Drama,M,25,6,73118
4112,3769,4,965364756,Thunderbolt and Lightfoot (1974),Action,M,45,18,47129
4169,2066,5,967165015,Out of the Past (1947),Film-Noir,M,50,0,66048
4227,2377,2,965324701,Lifeforce (1985),Horror|Sci-Fi,M,25,19,11414-2520
4367,1204,5,967945498,Lawrence of Arabia (1962),Adventure|War,M,35,0,52057
4386,1204,5,968949714,Lawrence of Arabia (1962),Adventure|War,M,25,5,74055
3880,180,4,965830048,Mallrats (1995),Comedy,M,25,7,54942
3967,1416,3,967553200,Evita (1996),Drama|Musical,F,18,2,13603
4121,2140,3,965357361,"Dark Crystal, The (1982)",Children's|Fantasy|Sci-Fi,M,45,7,08876
4169,3470,4,965692800,Dersu Uzala (1974),Adventure|Drama,M,50,0,66048
4271,2140,2,965306665,"Dark Crystal, The (1982)",Children's|Fantasy|Sci-Fi,M,35,7,83405
4480,2700,1,965025342,"South Park: Bigger, Longer and Uncut (1999)",Animation|Comedy,M,25,0,94403
3957,2417,2,965674199,Heartburn (1986),Comedy|Drama,M,35,11,40242
4404,991,4,965157742,Michael Collins (1996),Drama|War,M,25,1,57106
3896,788,4,965783210,"Nutty Professor, The (1996)",Comedy|Fantasy|Romance|Sci-Fi,M,35,0,60914
4167,2643,1,965335130,Superman IV: The Quest for Peace (1987),Action|Adventure|Sci-Fi,M,25,20,22032
4277,2730,3,975250706,Barry Lyndon (1975),Drama,M,35,16,98133
3808,2713,3,965969872,Lake Placid (1999),Horror|Thriller,M,25,7,60010
3818,2713,4,965948812,Lake Placid (1999),Horror|Thriller,M,45,17,32837
4133,2599,4,965350854,Election (1999),Comedy,M,45,4,77009
4310,3688,2,965258440,Porky's (1981),Comedy,M,25,4,57006
4359,2690,3,965188474,"Ideal Husband, An (1999)",Comedy,M,18,4,33168
4414,2599,1,965703056,Election (1999),Comedy,M,25,4,40504
4448,2021,5,966362532,Dune (1984),Fantasy|Sci-Fi,M,25,14,06880
4498,2690,4,964998405,"Ideal Husband, An (1999)",Comedy,M,50,7,76054
4508,1387,5,964980414,Jaws (1975),Action|Horror,M,25,20,15701
4510,2690,2,964991602,"Ideal Husband, An (1999)",Comedy,M,45,7,92503
3841,2746,4,966000783,Little Shop of Horrors (1986),Comedy|Horror|Musical,M,45,18,26101
3988,3712,3,965708524,Soapdish (1991),Comedy,F,25,14,60647
4055,393,1,965491524,Street Fighter (1994),Action,M,50,0,98826
4169,2558,2,976589129,Forces of Nature (1999),Comedy|Romance,M,50,0,66048
4366,2746,4,965183919,Little Shop of Horrors (1986),Comedy|Horror|Musical,M,18,15,02215
4447,2746,3,965175543,Little Shop of Horrors (1986),Comedy|Horror|Musical,M,45,5,32953
4510,208,2,966788084,Waterworld (1995),Action|Adventure,M,45,7,92503
3823,3836,5,965944697,Kelly's Heroes (1970),Action|Comedy|War,M,56,7,93711
4130,2457,4,965353123,Running Scared (1986),Action|Comedy,M,35,6,48439
4250,1476,1,965311404,Private Parts (1997),Comedy|Drama,F,50,0,33313
4274,517,3,965300583,Rising Sun (1993),Action|Drama|Mystery,F,45,1,04258
4356,3836,4,965192438,Kelly's Heroes (1970),Action|Comedy|War,M,35,16,85730
4377,2965,3,965177444,"Omega Code, The (1999)",Action,M,25,0,32444
4512,2376,4,964978956,"View to a Kill, A (1985)",Action,M,25,1,16508
4591,1645,3,964328805,"Devil's Advocate, The (1997)",Crime|Horror|Mystery|Thriller,M,25,15,02143
4647,471,2,963978127,"Hudsucker Proxy, The (1994)",Comedy|Romance,M,35,20,80222
4802,3175,4,962940910,Galaxy Quest (1999),Adventure|Comedy|Sci-Fi,M,56,1,40601
5044,1238,5,962503923,Local Hero (1983),Comedy,F,35,6,23507
5059,1645,4,962486949,"Devil's Advocate, The (1997)",Crime|Horror|Mystery|Thriller,M,45,16,22652
4604,1127,1,989760900,"Abyss, The (1989)",Action|Adventure|Sci-Fi|Thriller,M,25,15,10461
4659,3475,5,963975499,"Place in the Sun, A (1951)",Drama|Romance,F,25,14,37076
4970,1721,3,962606236,Titanic (1997),Drama|Romance,F,25,12,94526
5171,1127,5,961888608,"Abyss, The (1989)",Action|Adventure|Sci-Fi|Thriller,M,56,17,92009
5185,737,3,963401827,Barb Wire (1996),Action|Sci-Fi,F,35,4,44485
4611,1270,3,964151937,Back to the Future (1985),Comedy|Sci-Fi,F,18,4,78705
4631,1270,3,964039445,Back to the Future (1985),Comedy|Sci-Fi,M,18,4,94111
4789,2393,4,963005871,Star Trek: Insurrection (1998),Action|Sci-Fi,M,35,2,55104
4789,3704,3,963023334,Mad Max Beyond Thunderdome (1985),Action|Sci-Fi,M,35,2,55104
4907,2572,4,962681374,10 Things I Hate About You (1999),Comedy|Romance,F,50,7,55082
5077,1270,4,963211391,Back to the Future (1985),Comedy|Sci-Fi,M,25,2,20037
5256,1303,4,961306097,"Man Who Would Be King, The (1975)",Adventure,M,25,16,30269
4572,1265,3,964461648,Groundhog Day (1993),Comedy|Romance,F,1,10,17036
4708,580,4,963515213,Princess Caraboo (1994),Drama,M,25,0,60647
4754,1265,4,963184634,Groundhog Day (1993),Comedy|Romance,F,18,0,91107
4867,2259,3,962925096,Blame It on Rio (1984),Comedy|Romance,M,25,16,04101
5018,1265,4,962590692,Groundhog Day (1993),Comedy|Romance,F,56,12,90290
5172,1265,4,1020019801,Groundhog Day (1993),Comedy|Romance,F,35,11,05602
4566,2096,3,964633404,Sleeping Beauty (1959),Animation|Children's|Musical,M,35,17,19473
4841,3566,4,962851956,"Big Kahuna, The (2000)",Comedy|Drama,M,25,12,94114
4979,2656,2,962602459,Tarantula (1955),Horror|Sci-Fi,M,35,2,55423
4972,588,4,962607770,Aladdin (1992),Animation|Children's|Comedy|Musical,M,35,0,95118
4538,2238,4,964707051,Seven Beauties (Pasqualino Settebellezze) (1976),Comedy|Drama,M,25,12,0956456
4874,296,5,962781999,Pulp Fiction (1994),Crime|Drama,F,25,4,70808
5114,3062,1,962687253,"Longest Day, The (1962)",Action|Drama|War,F,1,10,22932
5275,296,5,961109080,Pulp Fiction (1994),Crime|Drama,M,25,17,60611
4571,2396,5,964468112,Shakespeare in Love (1998),Comedy|Romance,M,35,7,21013
4579,1016,3,969752859,"Shaggy Dog, The (1959)",Children's|Comedy,F,18,4,63332
4888,3703,4,962741138,Mad Max 2 (a.k.a. The Road Warrior) (1981),Action|Sci-Fi,F,56,0,08055
4796,321,4,962986065,Strawberry and Chocolate (Fresa y chocolate) (1993),Drama,M,35,7,98103
4831,2971,5,962903134,All That Jazz (1979),Musical,F,25,1,04210
5283,362,3,961165112,"Jungle Book, The (1994)",Adventure|Children's|Romance,M,18,2,63138
4732,2797,5,963637044,Big (1988),Comedy|Fantasy,M,25,14,24450
4747,1653,4,963242980,Gattaca (1997),Drama|Sci-Fi|Thriller,M,18,4,26201
4771,1199,5,963150525,Brazil (1985),Sci-Fi,F,25,4,04101
4894,593,5,962734052,"Silence of the Lambs, The (1991)",Drama|Thriller,M,35,7,14607
4897,3441,3,962714972,Red Dawn (1984),Action|War,M,35,16,16844
4921,1653,4,962782205,Gattaca (1997),Drama|Sci-Fi|Thriller,F,25,15,92507
5162,593,5,961906225,"Silence of the Lambs, The (1991)",Drama|Thriller,M,25,17,94043
5242,1199,4,962155411,Brazil (1985),Sci-Fi,M,25,1,14608
5278,1653,4,963263510,Gattaca (1997),Drama|Sci-Fi|Thriller,F,25,7,55122
4750,2739,5,963533981,"Color Purple, The (1985)",Drama,F,25,0,91107
5138,2739,2,962062085,"Color Purple, The (1985)",Drama,M,25,17,35205
4738,1198,5,963274897,Raiders of the Lost Ark (1981),Action|Adventure,M,56,1,23608
4772,1198,5,963074079,Raiders of the Lost Ark (1981),Action|Adventure,M,56,17,03801
4816,368,2,964743120,Maverick (1994),Action|Comedy|Western,F,45,6,04240
5026,34,3,962578495,Babe (1995),Children's|Comedy|Drama,M,25,17,92584
5083,193,1,962407750,Showgirls (1995),Drama,M,25,4,16803
4662,2907,1,963867097,Superstar (1999),Comedy,F,18,4,84109
4666,3198,2,964809745,Papillon (1973),Drama,M,35,1,53704
4957,2907,2,962637203,Superstar (1999),Comedy,M,25,2,48197
4654,1259,4,963935247,Stand by Me (1986),Adventure|Comedy|Drama,M,35,20,94574
4788,1259,4,962998640,Stand by Me (1986),Adventure|Comedy|Drama,M,35,7,85331
4902,1201,4,965149552,"Good, The Bad and The Ugly, The (1966)",Action|Western,M,35,14,84057
4967,2683,4,962612517,Austin Powers: The Spy Who Shagged Me (1999),Comedy,M,18,4,94708
5011,1441,4,962635618,Benny & Joon (1993),Comedy|Romance,M,18,4,64154
5042,1175,4,962506811,Delicatessen (1991),Comedy|Sci-Fi,F,18,2,55408
5209,1892,5,961606772,"Perfect Murder, A (1998)",Mystery|Thriller,M,50,1,46077
4809,2018,5,963250734,Bambi (1942),Animation|Children's,F,50,4,20902
4957,497,5,962906766,Much Ado About Nothing (1993),Comedy|Romance,M,25,2,48197
5011,2355,4,962584948,"Bug's Life, A (1998)",Animation|Children's|Comedy,M,18,4,64154
5054,2355,4,962487117,"Bug's Life, A (1998)",Animation|Children's|Comedy,M,35,2,20818
5268,2355,5,961168439,"Bug's Life, A (1998)",Animation|Children's|Comedy,F,25,2,68502
4591,1030,3,964325680,Pete's Dragon (1977),Adventure|Animation|Children's|Musical,M,25,15,02143
4715,784,4,963508595,"Cable Guy, The (1996)",Comedy,M,25,2,97205
4876,300,3,962766025,Quiz Show (1994),Drama,F,35,17,98201
4897,1030,3,962717655,Pete's Dragon (1977),Adventure|Animation|Children's|Musical,M,35,16,16844
5282,1489,2,961165084,Cats Don't Dance (1997),Animation|Children's|Musical,F,18,4,63146
4662,587,3,963866416,Ghost (1990),Comedy|Romance|Thriller,F,18,4,84109
5182,587,5,961790367,Ghost (1990),Comedy|Romance|Thriller,F,35,7,55441
5281,2240,4,961100270,My Bodyguard (1980),Drama,M,25,2,90210
4705,3725,3,964292869,American Pop (1981),Animation|Musical,F,18,0,75115
4997,1889,4,962591241,Insomnia (1997),Thriller,M,1,10,90210
5100,3252,4,962717914,Scent of a Woman (1992),Drama,M,50,6,193122042
5180,3359,3,961804568,Breaking Away (1979),Drama,M,35,11,85044
4577,2857,3,964404123,Yellow Submarine (1968),Animation|Musical,M,35,7,48306
4658,2857,2,963966666,Yellow Submarine (1968),Animation|Musical,M,25,4,99163
4834,2857,2,979065605,Yellow Submarine (1968),Animation|Musical,F,45,9,03862
4979,3811,4,963544335,Breaker Morant (1980),Drama|War,M,35,2,55423
5090,1235,5,962389544,Harold and Maude (1971),Comedy,F,35,19,75069
5182,577,4,961787976,Andre (1994),Adventure|Children's,F,35,7,55441
4686,1294,5,963627046,M*A*S*H (1970),Comedy|War,M,18,1,50201
4753,1269,3,971726824,Arsenic and Old Lace (1944),Comedy|Mystery|Thriller,M,56,1,03825
5220,2331,3,961545770,Living Out Loud (1998),Comedy|Romance,M,25,7,91436
4593,3528,2,964238378,"Prince of Tides, The (1991)",Drama|Romance,F,45,1,43202
4808,2322,4,962936851,Soldier (1998),Action|Adventure|Sci-Fi|Thriller|War,M,35,0,96707-1321
4543,1210,4,965107659,Star Wars: Episode VI - Return of the Jedi (1983),Action|Adventure|Romance|Sci-Fi|War,M,25,2,11105
4591,1148,3,972348755,"Wrong Trousers, The (1993)",Animation|Comedy,M,25,15,02143
4660,2804,5,963873798,"Christmas Story, A (1983)",Comedy|Drama,F,18,4,06074
4724,1280,5,963363898,Raise the Red Lantern (1991),Drama,F,56,6,01852
4736,2076,5,963300053,Blue Velvet (1986),Drama|Mystery,M,18,20,91505
4979,2076,2,962601177,Blue Velvet (1986),Drama|Mystery,M,35,2,55423
5011,1210,4,962584026,Star Wars: Episode VI - Return of the Jedi (1983),Action|Adventure|Romance|Sci-Fi|War,M,18,4,64154
5032,2804,5,962561343,"Christmas Story, A (1983)",Comedy|Drama,M,18,17,02139
5034,1210,4,962560546,Star Wars: Episode VI - Return of the Jedi (1983),Action|Adventure|Romance|Sci-Fi|War,F,25,15,62901
5187,1210,4,961724389,Star Wars: Episode VI - Return of the Jedi (1983),Action|Adventure|Romance|Sci-Fi|War,M,18,16,06510
4593,2069,4,964237867,"Trip to Bountiful, The (1985)",Drama,F,45,1,43202
5070,2069,4,962469797,"Trip to Bountiful, The (1985)",Drama,M,25,2,55344
5256,2497,4,971966557,Message in a Bottle (1999),Romance,M,25,16,30269
4729,350,4,963349955,"Client, The (1994)",Drama|Mystery|Thriller,M,50,16,55347
4790,1093,3,963105924,"Doors, The (1991)",Drama|Musical,F,25,2,94133
4834,2236,4,990758253,Simon Birch (1998),Drama,F,45,9,03862
5021,350,3,962582753,"Client, The (1994)",Drama|Mystery|Thriller,M,50,6,90504
5039,350,3,962512980,"Client, The (1994)",Drama|Mystery|Thriller,F,35,4,97068
5181,2723,2,1037809893,Mystery Men (1999),Action|Adventure|Comedy,M,25,7,19003
4579,2701,1,1015868789,Wild Wild West (1999),Action|Sci-Fi|Western,F,18,4,63332
4579,2006,5,969751494,"Mask of Zorro, The (1998)",Action|Adventure|Romance,F,18,4,63332
4708,223,5,963517936,Clerks (1994),Comedy,M,25,0,60647
4808,223,3,962934273,Clerks (1994),Comedy,M,35,0,96707-1321
4904,3037,5,962686950,Little Big Man (1970),Comedy|Drama|Western,M,50,15,63121
5020,3171,3,962581924,Room at the Top (1959),Drama,F,56,13,90241
5071,2692,5,962458114,Run Lola Run (Lola rennt) (1998),Action|Crime|Romance,F,25,7,75093
5173,2006,4,961888626,"Mask of Zorro, The (1998)",Action|Adventure|Romance,M,1,10,60423
5220,388,5,961541196,Boys Life (1995),Drama,M,25,7,91436
4543,2502,4,966916343,Office Space (1999),Comedy|Romance,M,25,2,11105
4680,2502,5,963698006,Office Space (1999),Comedy|Romance,M,35,0,04473
5225,2502,4,961517996,Office Space (1999),Comedy|Romance,M,18,4,55120
5253,926,4,961292483,All About Eve (1950),Drama,F,56,13,02838
4658,2668,3,963879163,Swamp Thing (1982),Horror|Sci-Fi,M,25,4,99163
4662,1457,2,963866710,Fools Rush In (1997),Comedy|Romance,F,18,4,84109
4708,1290,4,963516895,Some Kind of Wonderful (1987),Drama|Romance,M,25,0,60647
4728,1290,4,973325652,Some Kind of Wonderful (1987),Drama|Romance,M,25,19,31401
4812,707,1,962932341,Mulholland Falls (1996),Crime|Film-Noir|Thriller,M,18,14,25301
5102,3450,4,982890888,Grumpy Old Men (1993),Comedy,M,25,12,90240
4600,3108,2,967480986,"Fisher King, The (1991)",Comedy|Drama|Romance,M,25,0,46240
4869,3108,3,962816818,"Fisher King, The (1991)",Comedy|Drama|Romance,F,45,6,04578
4951,3240,3,978728894,"Big Tease, The (1999)",Comedy,F,35,17,90291
5103,1249,4,962410652,Nikita (La Femme Nikita) (1990),Thriller,F,35,16,78222
5111,3108,2,962330747,"Fisher King, The (1991)",Comedy|Drama|Romance,M,35,2,78006
5268,3108,2,961172061,"Fisher King, The (1991)",Comedy|Drama|Romance,F,25,2,68502
5270,2288,4,961174797,"Thing, The (1982)",Action|Horror|Sci-Fi|Thriller,M,25,12,87571
4578,2407,4,964449203,Cocoon (1985),Comedy|Sci-Fi,M,25,0,02134
4591,1961,5,967405687,Rain Man (1988),Drama,M,25,15,02143
4601,1961,4,964211831,Rain Man (1988),Drama,M,35,14,55415
4678,1961,3,963706676,Rain Man (1988),Drama,M,35,2,90292
4782,2407,3,963007558,Cocoon (1985),Comedy|Sci-Fi,M,45,1,78212
4802,1961,5,962943257,Rain Man (1988),Drama,M,56,1,40601
4854,2407,4,962834094,Cocoon (1985),Comedy|Sci-Fi,F,50,13,03851
4592,1291,5,964299208,Indiana Jones and the Last Crusade (1989),Action|Adventure,M,18,4,66044
4959,1291,4,962636204,Indiana Jones and the Last Crusade (1989),Action|Adventure,M,25,17,23454
5047,2013,2,962496889,"Poseidon Adventure, The (1972)",Action|Adventure,M,45,6,23452
5131,1291,3,962132459,Indiana Jones and the Last Crusade (1989),Action|Adventure,F,25,1,77707
4834,924,4,990758576,2001: A Space Odyssey (1968),Drama|Mystery|Sci-Fi|Thriller,F,45,9,03862
4911,2724,3,962678000,Runaway Bride (1999),Comedy|Romance,F,25,0,55421
5071,2414,3,962458322,Young Sherlock Holmes (1985),Action|Adventure|Mystery,F,25,7,75093
4592,2791,5,964301455,Airplane! (1980),Comedy,M,18,4,66044
4750,367,4,963192726,"Mask, The (1994)",Comedy|Crime|Fantasy,F,25,0,91107
4899,861,4,969317756,Supercop (1992),Action|Thriller,M,25,12,94402
4948,599,2,962649668,"Wild Bunch, The (1969)",Western,M,45,2,94618
5074,2791,4,962428476,Airplane! (1980),Comedy,M,1,0,20132
5239,246,5,961442107,Hoop Dreams (1994),Documentary,M,35,7,07043
4577,2404,2,964404499,Rambo III (1988),Action|War,M,35,7,48306
4715,111,3,963444807,Taxi Driver (1976),Drama|Thriller,M,25,2,97205
4742,1729,4,963330231,Jackie Brown (1997),Crime|Drama,M,25,3,94118
4796,1197,5,962990456,"Princess Bride, The (1987)",Action|Adventure|Comedy|Romance,M,35,7,98103
4909,3222,4,962678871,Carmen (1984),Drama,F,35,12,94014
5207,1197,5,961626135,"Princess Bride, The (1987)",Action|Adventure|Comedy|Romance,M,25,0,98102
5236,2628,4,961446565,Star Wars: Episode I - The Phantom Menace (1999),Action|Adventure|Fantasy|Sci-Fi,M,25,14,46268
4544,1207,3,964661605,To Kill a Mockingbird (1962),Drama,M,56,1,53705
4560,47,5,964649160,Seven (Se7en) (1995),Crime|Thriller,M,25,0,69301
4918,2549,3,963084528,Wing Commander (1999),Action|Sci-Fi,F,18,12,84107
4979,2064,3,984545596,Roger & Me (1989),Comedy|Documentary,M,35,2,55423
5011,2612,4,1019878813,Mildred Pierce (1945),Drama,M,18,4,64154
5100,1207,5,962362050,To Kill a Mockingbird (1962),Drama,M,50,6,193122042
5217,47,4,963799961,Seven (Se7en) (1995),Crime|Thriller,M,25,17,01060
4687,3498,5,963628991,Midnight Express (1978),Drama,M,35,14,01746
5050,140,4,968038697,Up Close and Personal (1996),Drama|Romance,F,18,4,11024
4531,3104,4,964740547,Midnight Run (1988),Action|Adventure|Comedy|Crime,M,18,4,85701
4977,1206,5,962601531,"Clockwork Orange, A (1971)",Sci-Fi,M,25,4,92507
5005,1206,4,962595503,"Clockwork Orange, A (1971)",Sci-Fi,M,45,16,92807
5085,3104,4,962398277,Midnight Run (1988),Action|Adventure|Comedy|Crime,M,56,17,75225
4621,353,4,964120018,"Crow, The (1994)",Action|Romance|Thriller,M,25,4,94305
4635,2045,3,964034408,"Far Off Place, A (1993)",Adventure|Children's|Drama|Romance,M,18,4,94703
4727,3155,3,963352843,Anna and the King (1999),Drama|Romance,F,56,0,98801
4984,1694,3,962595035,"Apostle, The (1997)",Drama,M,35,0,55405
5131,353,4,962130475,"Crow, The (1994)",Action|Romance|Thriller,F,25,1,77707
4704,955,4,963533593,Bringing Up Baby (1938),Comedy,M,18,20,02601
4715,2108,5,963508019,L.A. Story (1991),Comedy|Romance,M,25,2,97205
4742,3095,4,963330601,"Grapes of Wrath, The (1940)",Drama,M,25,3,94118
5111,1288,3,962332404,This Is Spinal Tap (1984),Comedy|Drama|Musical,M,35,2,78006
4711,473,3,963491635,In the Army Now (1994),Comedy|War,M,25,17,32250
4750,3261,5,964842806,Singles (1992),Comedy|Drama|Romance,F,25,0,91107
4773,3753,5,963066471,"Patriot, The (2000)",Action|Drama|War,M,45,1,22314
4828,3261,3,962905906,Singles (1992),Comedy|Drama|Romance,F,18,20,60194
5088,912,5,962391239,Casablanca (1942),Drama|Romance|War,M,25,17,38111
4578,1304,5,964390415,Butch Cassidy and the Sundance Kid (1969),Action|Comedy|Western,M,25,0,02134
4945,3421,4,962641893,Animal House (1978),Comedy,M,50,0,62234
5082,1304,3,962407988,Butch Cassidy and the Sundance Kid (1969),Action|Comedy|Western,M,35,1,23185
5128,1247,5,962434699,"Graduate, The (1967)",Drama|Romance,M,50,7,94709
4607,3125,5,964306908,"End of the Affair, The (1999)",Drama,M,25,0,27403
4708,1,4,963517435,Toy Story (1995),Animation|Children's|Comedy,M,25,0,60647
4928,1172,2,962662695,Cinema Paradiso (1988),Comedy|Drama|Romance,F,25,3,92103
5021,1391,3,962584362,Mars Attacks! (1996),Action|Comedy|Sci-Fi|War,M,50,6,90504
5026,1391,1,962581043,Mars Attacks! (1996),Action|Comedy|Sci-Fi|War,M,25,17,92584
5107,1516,3,962336385,Children of the Revolution (1996),Comedy,F,45,0,08081
5115,3125,4,962307079,"End of the Affair, The (1999)",Drama,M,56,12,02143
5243,1,1,961390737,Toy Story (1995),Animation|Children's|Comedy,M,1,10,54220
4656,3147,4,963894537,"Green Mile, The (1999)",Drama|Thriller,M,25,17,94041
4827,3030,4,962908578,Yojimbo (1961),Comedy|Drama|Western,M,35,0,13045
5046,2138,4,962507226,Watership Down (1978),Animation|Children's|Drama|Fantasy,M,25,16,60614
5134,3147,4,962088891,"Green Mile, The (1999)",Drama|Thriller,M,25,17,95014
4557,2155,4,964539998,"Slums of Beverly Hills, The (1998)",Comedy,M,25,14,02134
4879,674,5,962768097,Barbarella (1968),Adventure|Sci-Fi,M,25,3,60626
5033,2967,4,962559461,"Bad Seed, The (1956)",Drama|Thriller,F,56,13,60506
4535,2363,5,964722277,Godzilla (Gojira) (1954),Action|Sci-Fi,M,18,19,17517
4688,3210,4,963619181,Fast Times at Ridgemont High (1982),Comedy,M,25,9,44310
4808,1722,3,963031675,Tomorrow Never Dies (1997),Action|Romance|Thriller,M,35,0,96707-1321
5131,1616,1,962130764,"Peacemaker, The (1997)",Action|Thriller|War,F,25,1,77707
4610,442,2,984859749,Demolition Man (1993),Action|Sci-Fi,F,25,4,53951
4708,3032,3,964990819,"Omega Man, The (1971)",Sci-Fi,M,25,0,60647
4556,1682,4,1010610906,"Truman Show, The (1998)",Drama,M,45,16,55011
4889,440,5,962910166,Dave (1993),Comedy|Romance,M,18,4,63108
5054,440,3,962586168,Dave (1993),Comedy|Romance,M,35,2,20818
4656,6,5,963894112,Heat (1995),Action|Crime|Thriller,M,25,17,94041
4682,1089,4,965655951,Reservoir Dogs (1992),Crime|Thriller,M,25,7,05346
4884,1089,4,962744311,Reservoir Dogs (1992),Crime|Thriller,M,35,14,90266
4694,1952,3,963603338,Midnight Cowboy (1969),Drama,M,56,7,40505
4734,168,2,963323693,First Knight (1995),Action|Adventure|Drama|Romance,M,50,1,93105
4738,2470,2,963276639,Crocodile Dundee (1986),Adventure|Comedy,M,56,1,23608
4867,2470,2,962892194,Crocodile Dundee (1986),Adventure|Comedy,M,25,16,04101
5107,1952,4,962337647,Midnight Cowboy (1969),Drama,F,45,0,08081
5142,2470,4,962042366,Crocodile Dundee (1986),Adventure|Comedy,M,25,1,92101
5193,2699,3,961699421,Arachnophobia (1990),Action|Comedy|Sci-Fi|Thriller,M,35,12,14619
5013,1218,5,962584351,"Killer, The (Die xue shuang xiong) (1989)",Action|Thriller,M,18,4,26241
5092,1380,4,962567903,Grease (1978),Comedy|Musical|Romance,M,56,14,18954
5161,1218,5,961909819,"Killer, The (Die xue shuang xiong) (1989)",Action|Thriller,M,25,4,30052
5263,1380,3,961187347,Grease (1978),Comedy|Musical|Romance,M,35,7,40601
4754,1130,4,963185845,"Howling, The (1980)",Horror,F,18,0,91107
4774,1783,4,963113231,Palmetto (1998),Film-Noir|Mystery|Thriller,M,45,14,07458
4808,328,3,962952273,Tales From the Crypt Presents: Demon Knight (1995),Horror,M,35,0,96707-1321
5077,328,4,962568077,Tales From the Crypt Presents: Demon Knight (1995),Horror,M,25,2,20037
5099,867,2,962367270,Carpool (1996),Comedy|Crime,M,18,0,02780
5103,3557,5,962411324,Jennifer 8 (1992),Thriller,F,35,16,78222
5151,328,1,961986281,Tales From the Crypt Presents: Demon Knight (1995),Horror,M,18,19,30662
5239,1956,4,961441067,Ordinary People (1980),Drama,M,35,7,07043
4653,164,4,975533989,Devil in a Blue Dress (1995),Crime|Film-Noir|Mystery|Thriller,M,35,12,95051
4964,3708,3,962731772,Firestarter (1984),Horror|Thriller,M,35,0,94110
5020,1275,4,962582643,Highlander (1986),Action|Adventure,F,56,13,90241
5123,3115,4,962203630,Flawless (1999),Drama,M,50,12,34761
5264,1275,3,961180486,Highlander (1986),Action|Adventure,M,18,4,15217
4808,500,3,963031215,Mrs. Doubtfire (1993),Comedy,M,35,0,96707-1321
5090,3764,5,962389743,F/X 2 (1992),Action|Crime|Thriller,F,35,19,75069
4552,2808,2,964559963,Universal Soldier (1992),Action|Sci-Fi,M,25,0,22306
4575,1994,1,964445834,Poltergeist (1982),Horror|Thriller,F,1,10,03608
4821,2736,3,962946214,Brighton Beach Memoirs (1986),Comedy,M,18,19,75080
5026,1461,1,962581481,Vegas Vacation (1997),Comedy,M,25,17,92584
5176,2880,3,961889063,Operation Condor 2 (Longxiong hudi) (1990),Action|Adventure|Comedy,M,1,10,60423
4801,3439,5,962964868,Teenage Mutant Ninja Turtles II: The Secret of the Ooze (1991),Action|Children's|Fantasy,M,25,4,30349
4635,432,3,964035601,City Slickers II: The Legend of Curly's Gold (1994),Comedy|Western,M,18,4,94703
4937,377,4,962647040,Speed (1994),Action|Romance|Thriller,M,35,0,02108
5077,1394,4,962417774,Raising Arizona (1987),Comedy,M,25,2,20037
4588,2384,3,964315709,Babe: Pig in the City (1998),Children's|Comedy,F,25,4,48042
4591,2653,2,964328754,Son of Dracula (1943),Horror,M,25,15,02143
4609,3699,3,964166268,Starman (1984),Adventure|Drama|Romance|Sci-Fi,F,25,4,53951
4655,920,5,963902361,Gone with the Wind (1939),Drama|Romance|War,F,25,1,92037
4745,3489,3,963245312,Hook (1991),Adventure|Fantasy,F,18,4,06268
4893,3489,4,962733164,Hook (1991),Adventure|Fantasy,M,25,17,48092
4946,920,5,962640924,Gone with the Wind (1939),Drama|Romance|War,F,35,1,91106
5002,3489,1,962597888,Hook (1991),Adventure|Fantasy,M,25,17,90505
5169,3699,2,961892532,Starman (1984),Adventure|Drama|Romance|Sci-Fi,F,50,4,53562
5249,3699,4,961600185,Starman (1984),Adventure|Drama|Romance|Sci-Fi,F,45,14,75006
4919,1968,4,962675538,"Breakfast Club, The (1985)",Comedy|Drama,M,18,0,84058
5153,647,4,961971278,Courage Under Fire (1996),Drama|War,M,25,7,60046
4578,292,4,964389485,Outbreak (1995),Action|Drama|Thriller,M,25,0,02134
4712,919,4,963456940,"Wizard of Oz, The (1939)",Adventure|Children's|Drama|Musical,M,35,17,03824
4867,1517,3,962849593,Austin Powers: International Man of Mystery (1997),Comedy,M,25,16,04101
4932,306,2,962650531,Three Colors: Red (1994),Drama,M,25,7,63303
5018,3649,3,962582180,American Gigolo (1980),Drama,F,56,12,90290
5038,1251,5,963797254,8 1/2 (1963),Drama,M,25,20,10010
5056,1517,4,962487811,Austin Powers: International Man of Mystery (1997),Comedy,M,45,1,16673
5086,919,4,962395782,"Wizard of Oz, The (1939)",Adventure|Children's|Drama|Musical,M,25,1,23462
5100,923,5,962738620,Citizen Kane (1941),Drama,M,50,6,193122042
5113,3730,3,962313973,"Conversation, The (1974)",Drama|Mystery,M,25,0,55408
5140,969,3,962058618,"African Queen, The (1951)",Action|Adventure|Romance|War,M,25,6,35205
4725,2640,3,963368981,Superman (1978),Action|Adventure|Sci-Fi,M,35,5,96707-1321
5011,1665,4,962635996,Bean (1997),Comedy,M,18,4,64154
5077,2245,4,962417774,Working Girl (1988),Comedy|Drama,M,25,2,20037
5196,1665,2,961698141,Bean (1997),Comedy,M,56,7,20814
5198,1191,3,961686566,Madonna: Truth or Dare (1991),Documentary,F,18,4,55118
4732,1518,4,963636039,Breakdown (1997),Action|Thriller,M,25,14,24450
4763,1464,5,963139501,Lost Highway (1997),Mystery,M,56,11,04259
4835,3702,3,962895572,Mad Max (1979),Action|Sci-Fi,M,25,20,14450
4726,1835,1,963988880,City of Angels (1998),Romance,F,35,16,95828
5026,507,2,962580642,"Perfect World, A (1993)",Action|Drama,M,25,17,92584
4611,3249,2,964153753,"Hand That Rocks the Cradle, The (1992)",Thriller,F,18,4,78705
4675,5,3,963903232,Father of the Bride Part II (1995),Comedy,F,18,4,27514
4578,3677,5,974474657,Baraka (1992),Documentary,M,25,0,02134
4682,1010,3,965656941,"Love Bug, The (1969)",Children's|Comedy,M,25,7,05346
4726,1357,3,963988547,Shine (1996),Drama|Romance,F,35,16,95828
4754,3552,5,963184988,Caddyshack (1980),Comedy,F,18,0,91107
4957,2268,4,962759784,"Few Good Men, A (1992)",Crime|Drama,M,25,2,48197
5082,1357,3,962409308,Shine (1996),Drama|Romance,M,35,1,23185
4910,2105,5,962679146,Tron (1982),Action|Adventure|Fantasy|Sci-Fi,M,18,12,84041
5124,1748,3,962199837,Dark City (1998),Film-Noir|Sci-Fi|Thriller,M,35,2,20818
4578,3635,5,964390956,"Spy Who Loved Me, The (1977)",Action,M,25,0,02134
4591,2085,5,964328575,101 Dalmatians (1961),Animation|Children's,M,25,15,02143
4824,3039,4,962918475,Trading Places (1983),Comedy,M,25,7,55411
4861,2571,5,962826914,"Matrix, The (1999)",Action|Sci-Fi|Thriller,M,25,4,04309
5042,3138,4,962665252,Stealing Home (1988),Drama,F,18,2,55408
4980,553,3,963975560,Tombstone (1993),Western,M,25,1,55403
4994,3676,5,962592346,Eraserhead (1977),Drama|Horror,M,45,17,56001
5268,836,1,961170696,Chain Reaction (1996),Action|Adventure|Thriller,F,25,2,68502
4673,780,4,963770340,Independence Day (ID4) (1996),Action|Sci-Fi|War,M,35,16,94705
4711,780,2,963491343,Independence Day (ID4) (1996),Action|Sci-Fi|War,M,25,17,32250
5070,780,3,962468732,Independence Day (ID4) (1996),Action|Sci-Fi|War,M,25,2,55344
5220,1227,4,961542090,Once Upon a Time in America (1984),Crime|Drama|Thriller,M,25,7,91436
4856,1250,3,962831535,"Bridge on the River Kwai, The (1957)",Drama|War,M,25,7,94110
4916,1569,2,962676242,My Best Friend's Wedding (1997),Comedy|Romance,M,18,20,85054
5021,1250,4,962585072,"Bridge on the River Kwai, The (1957)",Drama|War,M,50,6,90504
5198,1569,2,961687629,My Best Friend's Wedding (1997),Comedy|Romance,F,18,4,55118
4579,1225,4,970626851,Amadeus (1984),Drama,F,18,4,63332
4632,2987,4,964039507,Who Framed Roger Rabbit? (1988),Adventure|Animation|Film-Noir,M,25,0,98040
4666,1222,4,964799179,Full Metal Jacket (1987),Action|Drama|War,M,35,1,53704
4815,3181,5,972240802,Titus (1999),Drama,F,50,18,04849
4957,1220,4,962636765,"Blues Brothers, The (1980)",Action|Comedy|Musical,M,25,2,48197
4975,1299,4,962607595,"Killing Fields, The (1984)",Drama|War,M,35,0,90065
5026,1222,4,962582855,Full Metal Jacket (1987),Action|Drama|War,M,25,17,92584
5065,1222,3,962477803,Full Metal Jacket (1987),Action|Drama|War,M,25,14,28715
5169,1220,5,961892693,"Blues Brothers, The (1980)",Action|Comedy|Musical,F,50,4,53562
4591,1375,3,964305114,Star Trek III: The Search for Spock (1984),Action|Adventure|Sci-Fi,M,25,15,02143
4968,1252,5,962606716,Chinatown (1974),Film-Noir|Mystery|Thriller,F,50,20,95404
5080,1375,4,962412654,Star Trek III: The Search for Spock (1984),Action|Adventure|Sci-Fi,F,50,12,95472
5197,1375,3,961691066,Star Trek III: The Search for Spock (1984),Action|Adventure|Sci-Fi,F,56,3,75001
4764,2150,5,964391266,"Gods Must Be Crazy, The (1980)",Comedy,M,1,10,03608
4771,2150,3,963151030,"Gods Must Be Crazy, The (1980)",Comedy,F,25,4,04101
4780,904,5,963015949,Rear Window (1954),Mystery|Thriller,M,25,12,94114
4837,1321,5,962891398,"American Werewolf in London, An (1981)",Horror,M,25,5,46254
5090,1189,4,963862706,"Thin Blue Line, The (1988)",Documentary,F,35,19,75069
5098,904,5,962373857,Rear Window (1954),Mystery|Thriller,M,50,7,19380
5124,904,5,962198435,Rear Window (1954),Mystery|Thriller,M,35,2,20818
5185,1688,3,963068808,Anastasia (1997),Animation|Children's|Musical,F,35,4,44485
5249,3256,2,961600498,Patriot Games (1992),Action|Thriller,F,45,14,75006
5281,2410,3,961100423,Rocky III (1982),Action|Drama,M,25,2,90210
4579,3638,3,970626681,Moonraker (1979),Action|Romance|Sci-Fi,F,18,4,63332
4849,1136,5,963420580,Monty Python and the Holy Grail (1974),Comedy,F,18,4,44515
4890,3112,4,962737908,'Night Mother (1986),Drama,F,25,1,79928
5253,3686,2,961290740,Flatliners (1990),Thriller,F,56,13,02838
5255,3789,5,966572700,"Pawnbroker, The (1965)",Drama,M,1,10,55305
5269,1136,4,961168462,Monty Python and the Holy Grail (1974),Comedy,M,18,0,37211
4627,3040,3,964109756,Meatballs (1979),Comedy,M,56,1,45224
5034,3527,3,962560947,Predator (1987),Action|Sci-Fi|Thriller,F,25,15,62901
5039,3527,1,962512505,Predator (1987),Action|Sci-Fi|Thriller,F,35,4,97068
5178,3040,2,961997065,Meatballs (1979),Comedy,M,50,0,45420
4959,1947,4,962637458,West Side Story (1961),Musical|Romance,M,25,17,23454
4980,1947,4,963972174,West Side Story (1961),Musical|Romance,M,25,1,55403
5090,3015,3,962820899,Coma (1978),Thriller,F,35,19,75069
4562,2841,3,977012144,Stir of Echoes (1999),Thriller,M,35,10,94133
4728,849,3,982382924,Escape from L.A. (1996),Action|Adventure|Sci-Fi|Thriller,M,25,19,31401
4732,2278,5,963635854,Ronin (1998),Action|Crime|Thriller,M,25,14,24450
4774,2278,5,963113494,Ronin (1998),Action|Crime|Thriller,M,45,14,07458
4957,2794,3,962908869,European Vacation (1985),Comedy,M,25,2,48197
5046,1263,5,962507837,"Deer Hunter, The (1978)",Drama|War,M,25,16,60614
5074,2841,3,981036961,Stir of Echoes (1999),Thriller,M,1,0,20132
4674,1240,5,963749716,"Terminator, The (1984)",Action|Sci-Fi|Thriller,F,35,7,08318
4898,2019,5,962711350,Seven Samurai (The Magnificent Seven) (Shichinin no samurai) (1954),Action|Drama,M,25,1,27713
4901,1240,4,962685940,"Terminator, The (1984)",Action|Sci-Fi|Thriller,M,25,7,11228
4985,165,4,962594513,Die Hard: With a Vengeance (1995),Action|Thriller,M,35,0,29063
5005,2764,3,962592870,"Thomas Crown Affair, The (1968)",Crime|Drama|Thriller,M,45,16,92807
5108,2019,4,962340835,Seven Samurai (The Magnificent Seven) (Shichinin no samurai) (1954),Action|Drama,F,25,9,93940
5118,165,2,962294872,Die Hard: With a Vengeance (1995),Action|Thriller,M,1,10,95123
5263,1240,5,961190987,"Terminator, The (1984)",Action|Sci-Fi|Thriller,M,35,7,40601
4890,1286,2,962738415,Somewhere in Time (1980),Drama|Romance,F,25,1,79928
5000,1286,4,962597431,Somewhere in Time (1980),Drama|Romance,M,25,4,46254
5018,3330,4,962584693,Splendor in the Grass (1961),Drama,F,56,12,90290
5193,2734,2,961701924,"Mosquito Coast, The (1986)",Drama,M,35,12,14619
4855,1073,2,962847153,Willy Wonka and the Chocolate Factory (1971),Adventure|Children's|Comedy|Fantasy,M,25,12,90034
5046,1527,2,962500796,"Fifth Element, The (1997)",Action|Sci-Fi,M,25,16,60614
5268,207,2,961172643,"Walk in the Clouds, A (1995)",Drama|Romance,F,25,2,68502
5269,1950,3,961167257,In the Heat of the Night (1967),Drama|Mystery,M,18,0,37211
4605,2336,5,964203990,Elizabeth (1998),Drama,M,25,15,92656
4785,383,4,988244286,Wyatt Earp (1994),Western,F,25,14,55104
4927,1396,3,962660741,Sneakers (1992),Crime|Drama|Sci-Fi,M,45,0,97520
5016,1747,3,962583974,Wag the Dog (1997),Comedy|Drama,F,35,1,89447
5136,2336,4,962088601,Elizabeth (1998),Drama,M,25,12,91106
5251,1396,3,961900263,Sneakers (1992),Crime|Drama|Sci-Fi,F,25,17,97330
4816,523,5,965868307,Ruby in Paradise (1993),Drama,F,45,6,04240
4889,316,4,962910438,Stargate (1994),Action|Adventure|Sci-Fi,M,18,4,63108
4556,3334,4,965074385,Key Largo (1948),Crime|Drama|Film-Noir|Thriller,M,45,16,55011
4750,1487,4,963191869,Selena (1997),Drama|Musical,F,25,0,91107
4855,3471,3,962845431,Close Encounters of the Third Kind (1977),Drama|Sci-Fi,M,25,12,90034
4908,3471,4,962684410,Close Encounters of the Third Kind (1977),Drama|Sci-Fi,M,35,15,85282
4979,3471,3,962601839,Close Encounters of the Third Kind (1977),Drama|Sci-Fi,M,35,2,55423
5111,903,5,962424589,Vertigo (1958),Mystery|Thriller,M,35,2,78006
5220,3398,3,961542751,"Muppets Take Manhattan, The (1984)",Children's|Comedy,M,25,7,91436
4543,1271,3,966030485,Fried Green Tomatoes (1991),Drama,M,25,2,11105
4616,318,4,964138836,"Shawshank Redemption, The (1994)",Drama,M,25,20,11717
4795,318,3,969660173,"Shawshank Redemption, The (1994)",Drama,M,45,16,10962
5026,318,5,962578297,"Shawshank Redemption, The (1994)",Drama,M,25,17,92584
5039,1248,3,962513246,Touch of Evil (1958),Crime|Film-Noir|Thriller,F,35,4,97068
5282,2060,1,961168049,BASEketball (1998),Comedy,F,18,4,63146
4552,202,4,964560066,Total Eclipse (1995),Drama|Romance,M,25,0,22306
4685,2968,4,963643579,Time Bandits (1981),Adventure|Fantasy|Sci-Fi,M,35,1,55454
5011,3671,4,962588272,Blazing Saddles (1974),Comedy|Western,M,18,4,64154
4655,1597,4,963901888,Conspiracy Theory (1997),Action|Mystery|Romance|Thriller,F,25,1,92037
4784,2805,3,963254078,Mickey Blue Eyes (1999),Comedy|Romance,F,35,6,48105
4858,3952,4,975452977,"Contender, The (2000)",Drama|Thriller,M,25,1,04086
4879,17,3,962768384,Sense and Sensibility (1995),Drama|Romance,M,25,3,60626
4884,1219,4,963045887,Psycho (1960),Horror|Thriller,M,35,14,90266
5001,17,5,1019971858,Sense and Sensibility (1995),Drama|Romance,F,25,2,63119
5026,552,4,962581263,"Three Musketeers, The (1993)",Action|Adventure|Comedy,M,25,17,92584
5169,1597,4,961890871,Conspiracy Theory (1997),Action|Mystery|Romance|Thriller,F,50,4,53562
4759,586,4,963104326,Home Alone (1990),Children's|Comedy,F,50,0,04259
4803,2861,4,962937403,For Love of the Game (1999),Comedy|Drama,F,25,16,45750
4626,2688,4,964116876,"General's Daughter, The (1999)",Drama|Thriller,M,25,14,97219
4715,2598,4,963508544,Pushing Tin (1999),Comedy,M,25,2,97205
4754,2048,5,963186387,"Great Mouse Detective, The (1986)",Animation|Children's,F,18,0,91107
4796,3114,4,962985776,Toy Story 2 (1999),Animation|Children's|Comedy,M,35,7,98103
4867,1293,5,962818358,Gandhi (1982),Drama,M,25,16,04101
4879,1293,4,962769140,Gandhi (1982),Drama,M,25,3,60626
4897,2078,5,962718826,"Jungle Book, The (1967)",Animation|Children's|Comedy|Musical,M,35,16,16844
4950,3615,3,962639011,Dinosaur (2000),Animation|Children's,M,25,16,55421
5097,2598,4,962374818,Pushing Tin (1999),Comedy,M,56,16,19131
5096,3392,1,962391017,She-Devil (1989),Comedy,M,25,11,75206
5269,3392,1,961167868,She-Devil (1989),Comedy,M,18,0,37211
5039,695,1,962512603,True Crime (1995),Mystery|Thriller,F,35,4,97068
5139,3408,5,962059108,Erin Brockovich (2000),Drama,M,50,16,12866
4634,2490,4,964713914,Payback (1999),Action|Thriller,M,50,20,98119
4950,2490,3,962948100,Payback (1999),Action|Thriller,M,25,16,55421
5001,381,4,1019974267,When a Man Loves a Woman (1994),Drama,F,25,2,63119
4537,2080,4,964714170,Lady and the Tramp (1955),Animation|Children's|Comedy|Musical|Romance,F,45,1,01379
4607,3499,4,964196643,Misery (1990),Horror,M,25,0,27403
4765,3499,4,1012019673,Misery (1990),Horror,F,35,16,03301
4788,610,4,962997826,Heavy Metal (1981),Action|Adventure|Animation|Horror|Sci-Fi,M,35,7,85331
5000,2080,5,962595412,Lady and the Tramp (1955),Animation|Children's|Comedy|Musical|Romance,M,25,4,46254
5138,594,4,962061761,Snow White and the Seven Dwarfs (1937),Animation|Children's|Musical,M,25,17,35205
4568,2716,3,964477629,Ghostbusters (1984),Comedy|Horror,F,25,4,90034
4631,3681,5,964042258,For a Few Dollars More (1965),Western,M,18,4,94111
4734,2716,4,963325267,Ghostbusters (1984),Comedy|Horror,M,50,1,93105
4808,2947,3,963036765,Goldfinger (1964),Action,M,35,0,96707-1321
4866,2716,5,962817970,Ghostbusters (1984),Comedy|Horror,M,56,12,04085
4887,2716,5,962848968,Ghostbusters (1984),Comedy|Horror,M,18,2,19072
4950,2947,4,1038170947,Goldfinger (1964),Action,M,25,16,55421
5181,2716,5,961787943,Ghostbusters (1984),Comedy|Horror,M,25,7,19003
4671,2273,5,963795849,Rush Hour (1998),Action|Thriller,M,25,12,94043
5098,900,3,962373917,"American in Paris, An (1951)",Musical|Romance,M,50,7,19380
5173,1377,3,962213784,Batman Returns (1992),Action|Adventure|Comedy|Crime,M,1,10,60423
4708,1272,5,963515868,Patton (1970),Drama|War,M,25,0,60647
4811,1945,3,962933467,On the Waterfront (1954),Crime|Drama,M,35,1,01773
4977,2369,2,962637541,Desperately Seeking Susan (1985),Comedy|Romance,M,25,4,92507
5161,1272,4,961908490,Patton (1970),Drama|War,M,25,4,30052
4725,2174,3,963377450,Beetlejuice (1988),Comedy|Fantasy,M,35,5,96707-1321
5077,2174,4,963203622,Beetlejuice (1988),Comedy|Fantasy,M,25,2,20037
5249,1833,3,961600851,Mercury Rising (1998),Action|Drama|Thriller,F,45,14,75006
5265,800,5,961177856,Lone Star (1996),Drama|Mystery,M,45,1,97405
5269,2174,3,961168346,Beetlejuice (1988),Comedy|Fantasy,M,18,0,37211
4705,1727,3,963672737,"Horse Whisperer, The (1998)",Drama,F,18,0,75115
4967,307,5,962610822,Three Colors: Blue (1993),Drama,M,18,4,94708
5074,1096,4,986218131,Sophie's Choice (1982),Drama,M,1,0,20132
4535,1036,4,964722002,Die Hard (1988),Action|Thriller,M,18,19,17517
4577,2872,3,964405205,Excalibur (1981),Action|Drama|Fantasy|Romance,M,35,7,48306
4626,1036,4,964113281,Die Hard (1988),Action|Thriller,M,25,14,97219
4666,2991,3,964809745,Live and Let Die (1973),Action,M,35,1,53704
4685,2970,3,963645988,Fitzcarraldo (1982),Adventure|Drama,M,35,1,55454
4715,494,4,963507645,Executive Decision (1996),Action|Thriller,M,25,2,97205
4879,2991,5,962764528,Live and Let Die (1973),Action,M,25,3,60626
4984,2929,4,962595573,Reds (1981),Drama,M,35,0,55405
5011,494,4,962590663,Executive Decision (1996),Action|Thriller,M,18,4,64154
5102,3018,5,962348499,Re-Animator (1985),Horror,M,25,12,90240
5220,2111,3,961552978,"Man with Two Brains, The (1983)",Comedy,M,25,7,91436
5282,1205,4,961095954,"Transformers: The Movie, The (1986)",Action|Animation|Children's|Sci-Fi|Thriller|War,F,18,4,63146
4946,1669,2,962641544,"Tango Lesson, The (1997)",Romance,F,35,1,91106
5118,1779,2,962297544,Sphere (1998),Adventure|Sci-Fi|Thriller,M,1,10,95123
4808,450,3,962958707,With Honors (1994),Comedy|Drama,M,35,0,96707-1321
5163,450,4,961904360,With Honors (1994),Comedy|Drama,M,45,6,53216
4585,1385,4,964322731,Under Siege (1992),Action,M,35,7,30324
4715,2163,3,963527965,Attack of the Killer Tomatoes! (1980),Comedy|Horror,M,25,2,97205
4828,555,3,962905906,True Romance (1993),Action|Crime|Romance,F,18,20,60194
4981,555,4,962600235,True Romance (1993),Action|Crime|Romance,M,50,1,55406
5201,1256,4,961646410,Duck Soup (1933),Comedy|War,M,50,7,95376
5283,3036,3,961165145,Quest for Fire (1981),Adventure,M,18,2,63138
4567,39,2,964486108,Clueless (1995),Comedy|Romance,M,18,4,98105
4634,922,5,964714595,Sunset Blvd. (a.k.a. Sunset Boulevard) (1950),Film-Noir,M,50,20,98119
4662,39,2,963866388,Clueless (1995),Comedy|Romance,F,18,4,84109
4694,1254,5,963603010,"Treasure of the Sierra Madre, The (1948)",Adventure,M,56,7,40505
4922,1060,5,962670185,Swingers (1996),Comedy|Drama,M,18,17,98121
4950,1060,4,962935661,Swingers (1996),Comedy|Drama,M,25,16,55421
4578,3263,4,967048225,White Men Can't Jump (1992),Comedy,M,25,0,02134
4771,1111,4,969916524,Microcosmos (Microcosmos: Le peuple de l'herbe) (1996),Documentary,F,25,4,04101
4801,380,4,962964123,True Lies (1994),Action|Adventure|Comedy|Romance,M,25,4,30349
4965,1754,3,962612215,Fallen (1998),Action|Mystery|Thriller,M,1,10,63123-1507
5099,380,3,962366967,True Lies (1994),Action|Adventure|Comedy|Romance,M,18,0,02780
5120,736,1,962257260,Twister (1996),Action|Adventure|Romance|Thriller,M,50,7,80302
5230,380,3,961546191,True Lies (1994),Action|Adventure|Comedy|Romance,M,25,12,91104
4750,514,4,963190632,"Ref, The (1994)",Comedy,F,25,0,91107
4979,162,1,962606633,Crumb (1994),Documentary,M,35,2,55423
5002,2034,4,962593402,"Black Hole, The (1979)",Sci-Fi,M,25,17,90505
5026,2034,3,962585098,"Black Hole, The (1979)",Sci-Fi,M,25,17,92584
4626,2677,3,964112503,Buena Vista Social Club (1999),Documentary,M,25,14,97219
4802,2677,5,962942000,Buena Vista Social Club (1999),Documentary,M,56,1,40601
4924,2677,5,962667479,Buena Vista Social Club (1999),Documentary,F,35,0,99801
5263,648,3,961190829,Mission: Impossible (1996),Action|Adventure|Mystery,M,35,7,40601
4531,720,5,965155368,Wallace & Gromit: The Best of Aardman Animation (1996),Animation,M,18,4,85701
4575,84,5,964446371,Last Summer in the Hamptons (1995),Comedy|Drama,F,1,10,03608
4867,3864,4,1021222823,Godzilla 2000 (Gojira ni-sen mireniamu) (1999),Action|Adventure|Sci-Fi,M,25,16,04101
4887,2083,3,962740614,"Muppet Christmas Carol, The (1992)",Children's|Musical,M,18,2,19072
5161,2399,1,961910343,Santa Claus: The Movie (1985),Adventure|Children's|Fantasy,M,25,4,30052
4578,1594,3,974474056,In the Company of Men (1997),Drama,M,25,0,02134
4658,2807,1,963879564,Universal Soldier: The Return (1999),Action|Sci-Fi,M,25,4,99163
4978,1374,4,962599239,Star Trek: The Wrath of Khan (1982),Action|Adventure|Sci-Fi,M,35,14,68108
4728,273,3,1032136338,Mary Shelley's Frankenstein (1994),Drama|Horror,M,25,19,31401
4790,1673,5,963105028,Boogie Nights (1997),Drama,F,25,2,94133
4826,3516,2,963004524,"Bell, Book and Candle (1958)",Comedy|Romance,M,45,12,55436
4682,3090,5,965609014,Matewan (1987),Drama,M,25,7,05346
4802,3090,5,962977198,Matewan (1987),Drama,M,56,1,40601
4820,2262,3,962920395,About Last Night... (1986),Comedy|Drama|Romance,M,50,11,04210
5107,994,5,962337837,Big Night (1996),Drama,F,45,0,08081
4543,3763,4,964670720,F/X (1986),Action|Crime|Thriller,M,25,2,11105
4635,1388,4,964143466,Jaws 2 (1978),Action|Horror,M,18,4,94703
4788,3608,3,962999047,Pee-wee's Big Adventure (1985),Comedy,M,35,7,85331
4879,3608,2,962766039,Pee-wee's Big Adventure (1985),Comedy,M,25,3,60626
4996,3714,4,962591264,Clara's Heart (1988),Drama,M,35,7,94550
5000,1619,4,962596934,Seven Years in Tibet (1997),Drama|War,M,25,4,46254
5124,3038,3,962198483,"Face in the Crowd, A (1957)",Drama,M,35,2,20818
4579,928,4,970625091,Rebecca (1940),Romance|Thriller,F,18,4,63332
4731,1234,5,963337592,"Sting, The (1973)",Comedy|Crime,M,25,17,98033
4827,2881,3,962908148,Double Jeopardy (1999),Action|Thriller,M,35,0,13045
4889,2951,5,962925560,"Fistful of Dollars, A (1964)",Action|Western,M,18,4,63108
5082,3469,5,962407822,Inherit the Wind (1960),Drama,M,35,1,23185
5131,448,5,962131400,Fearless (1993),Drama,F,25,1,77707
5246,69,5,961375666,Friday (1995),Comedy,F,18,0,64030
4542,1230,4,964673240,Annie Hall (1977),Comedy|Romance,M,35,0,94610
4589,1230,5,999463688,Annie Hall (1977),Comedy|Romance,M,25,17,02139
4762,1230,3,963093353,Annie Hall (1977),Comedy|Romance,F,25,14,94110
4950,1876,3,962948025,Deep Impact (1998),Action|Drama|Sci-Fi|Thriller,M,25,16,55421
4607,2827,1,992289208,"Astronaut's Wife, The (1999)",Sci-Fi|Thriller,M,25,0,27403
4621,1690,3,964118545,Alien: Resurrection (1997),Action|Horror|Sci-Fi,M,25,4,94305
4626,1006,4,964116646,"Chamber, The (1996)",Drama,M,25,14,97219
5117,1006,3,962300984,"Chamber, The (1996)",Drama,F,25,0,70118
4601,1356,5,964206682,Star Trek: First Contact (1996),Action|Adventure|Sci-Fi,M,35,14,55415
4728,1356,3,1032135405,Star Trek: First Contact (1996),Action|Adventure|Sci-Fi,M,25,19,31401
4728,3361,5,963353182,Bull Durham (1988),Comedy,M,25,19,31401
4828,869,3,962905362,Kansas City (1996),Crime,F,18,20,60194
5171,3361,3,961888331,Bull Durham (1988),Comedy,M,56,17,92009
5249,3101,4,961603838,Fatal Attraction (1987),Thriller,F,45,14,75006
4627,3526,2,964109925,Parenthood (1989),Comedy|Drama,M,56,1,45224
4647,509,4,963965822,"Piano, The (1993)",Drama|Romance,M,35,20,80222
4708,3386,4,963514748,JFK (1991),Drama|Mystery,M,25,0,60647
4834,1625,4,1003765437,"Game, The (1997)",Mystery|Thriller,F,45,9,03862
4856,1094,4,962831610,"Crying Game, The (1992)",Drama|Romance|War,M,25,7,94110
5002,509,4,963282292,"Piano, The (1993)",Drama|Romance,M,25,17,90505
5038,3526,4,962520328,Parenthood (1989),Comedy|Drama,M,25,20,10010
5041,1625,4,962506843,"Game, The (1997)",Mystery|Thriller,F,45,6,60031
5054,3386,3,965151602,JFK (1991),Drama|Mystery,M,35,2,20818
4578,1459,3,964449541,Absolute Power (1997),Mystery|Thriller,M,25,0,02134
4591,2167,3,964327393,Blade (1998),Action|Adventure|Horror,M,25,15,02143
5091,589,5,962388745,Terminator 2: Judgment Day (1991),Action|Sci-Fi|Thriller,M,25,17,19810
5173,2167,3,961864027,Blade (1998),Action|Adventure|Horror,M,1,10,60423
5199,589,2,961652971,Terminator 2: Judgment Day (1991),Action|Sci-Fi|Thriller,F,25,1,35243
4543,1414,4,965110541,Mother (1996),Comedy,M,25,2,11105
4842,50,5,1022113601,"Usual Suspects, The (1995)",Crime|Thriller,F,35,1,23062
4882,1214,5,962754809,Alien (1979),Action|Horror|Sci-Fi|Thriller,M,45,11,03301
4918,50,5,965014080,"Usual Suspects, The (1995)",Crime|Thriller,F,18,12,84107
5026,1214,4,962584690,Alien (1979),Action|Horror|Sci-Fi|Thriller,M,25,17,92584
5260,1214,3,962497110,Alien (1979),Action|Horror|Sci-Fi|Thriller,M,35,7,78705
4573,1639,3,964452766,Chasing Amy (1997),Drama|Romance,M,50,16,11963
4654,527,5,963934914,Schindler's List (1993),Drama|War,M,35,20,94574
4700,2012,3,963590592,Back to the Future Part III (1990),Comedy|Sci-Fi|Western,F,18,4,48109
4898,527,5,963314453,Schindler's List (1993),Drama|War,M,25,1,27713
4917,1639,3,962677302,Chasing Amy (1997),Drama|Romance,M,45,0,27312
4950,1639,3,963639238,Chasing Amy (1997),Drama|Romance,M,25,16,55421
4957,527,5,962638446,Schindler's List (1993),Drama|War,M,25,2,48197
5065,527,5,962477712,Schindler's List (1993),Drama|War,M,25,14,28715
5070,1639,4,963771238,Chasing Amy (1997),Drama|Romance,M,25,2,55344
5074,293,3,962429070,"Professional, The (a.k.a. Leon: The Professional) (1994)",Crime|Drama|Romance|Thriller,M,1,0,20132
5255,527,5,966572610,Schindler's List (1993),Drama|War,M,1,10,55305
4651,3618,3,963952910,Small Time Crooks (2000),Comedy,F,45,0,10036
4790,1704,3,963104475,Good Will Hunting (1997),Drama,F,25,2,94133
5185,3014,3,963402686,Bustin' Loose (1981),Comedy,F,35,4,44485
4866,952,4,962818320,Around the World in 80 Days (1956),Adventure|Comedy,M,56,12,04085
4933,3182,5,962652668,Mr. Death: The Rise and Fall of Fred A. Leuchter Jr. (1999),Documentary,M,25,15,94040
5021,2986,3,962584613,Robocop 2 (1990),Action|Crime|Sci-Fi,M,50,6,90504
5090,3646,1,1030338701,Big Momma's House (2000),Comedy,F,35,19,75069
5120,952,4,962258128,Around the World in 80 Days (1956),Adventure|Comedy,M,50,7,80302
5128,952,2,962433819,Around the World in 80 Days (1956),Adventure|Comedy,M,50,7,94709
4860,2889,4,962827454,"Mystery, Alaska (1999)",Comedy,M,25,2,60640
5049,3462,5,962493502,Modern Times (1936),Comedy,M,25,12,60613
5158,1405,3,962834034,Beavis and Butt-head Do America (1996),Animation|Comedy,F,18,4,44509
5273,946,4,961110343,To Be or Not to Be (1942),Comedy|Drama|War,M,56,20,91030
4953,364,4,962640854,"Lion King, The (1994)",Animation|Children's|Musical,M,35,12,55082
4958,2311,1,962635113,2010 (1984),Mystery|Sci-Fi,M,18,7,55403
4543,3354,1,964669790,Mission to Mars (2000),Sci-Fi,M,25,2,11105
4798,3044,4,963330495,Dead Again (1991),Mystery|Romance|Thriller,M,25,1,19335
4821,3480,4,962946122,Lucas (1986),Drama,M,18,19,75080
4994,3760,5,962600566,"Kentucky Fried Movie, The (1977)",Comedy,M,45,17,56001
5222,945,4,961533060,Top Hat (1935),Comedy|Musical|Romance,M,25,12,94501
4790,356,4,963105072,Forrest Gump (1994),Comedy|Romance|War,F,25,2,94133
4793,356,2,963435527,Forrest Gump (1994),Comedy|Romance|War,F,25,6,48108
4855,356,3,962848208,Forrest Gump (1994),Comedy|Romance|War,M,25,12,90034
5015,3590,2,962584353,"Lords of Flatbush, The (1974)",Comedy,M,35,6,92672
4808,1923,3,963029351,There's Something About Mary (1998),Comedy,M,35,0,96707-1321
4589,2858,5,999463688,American Beauty (1999),Comedy|Drama,M,25,17,02139
4682,2539,4,965532986,Analyze This (1999),Comedy,M,25,7,05346
4693,2858,5,963602528,American Beauty (1999),Comedy|Drama,M,18,1,60626
4725,2321,4,963378171,Pleasantville (1998),Comedy,M,35,5,96707-1321
4728,2321,3,963354041,Pleasantville (1998),Comedy,M,25,19,31401
4795,2858,5,969656703,American Beauty (1999),Comedy|Drama,M,45,16,10962
5029,2858,5,962565504,American Beauty (1999),Comedy|Drama,M,25,4,70115
5054,2321,4,962585975,Pleasantville (1998),Comedy,M,35,2,20818
5099,2858,2,962367300,American Beauty (1999),Comedy|Drama,M,18,0,02780
4560,893,2,964649133,Mother Night (1996),Drama,M,25,0,69301
4605,24,2,964205311,Powder (1995),Drama|Sci-Fi,M,25,15,92656
4658,1479,1,963967707,"Saint, The (1997)",Action|Romance|Thriller,M,25,4,99163
4819,2846,5,962928048,"Adventures of Milo and Otis, The (1986)",Children's,M,35,18,17350
4947,3035,4,962642401,Mister Roberts (1955),Comedy|Drama|War,M,35,17,90035
5059,3219,3,962486949,Pacific Heights (1990),Thriller,M,45,16,22652
5107,3096,4,962336729,My Man Godfrey (1957),Comedy,F,45,0,08081
5225,1897,3,961519302,High Art (1998),Drama|Romance,M,18,4,55120
4705,62,4,963671157,Mr. Holland's Opus (1995),Drama,F,18,0,75115
4736,1912,3,963298532,Out of Sight (1998),Action|Crime|Romance,M,18,20,91505
4820,3751,3,962919970,Chicken Run (2000),Animation|Children's|Comedy,M,50,11,04210
4883,3751,2,962753631,Chicken Run (2000),Animation|Children's|Comedy,F,1,10,02906
4610,480,4,984860341,Jurassic Park (1993),Action|Adventure|Sci-Fi,F,25,4,53951
4880,480,2,962763428,Jurassic Park (1993),Action|Adventure|Sci-Fi,F,45,9,95030
4965,480,5,962611927,Jurassic Park (1993),Action|Adventure|Sci-Fi,M,1,10,63123-1507
4973,3591,3,962607278,Mr. Mom (1983),Comedy|Drama,F,56,2,949702
5219,480,3,961541717,Jurassic Park (1993),Action|Adventure|Sci-Fi,M,18,4,94706
5220,3591,3,961542835,Mr. Mom (1983),Comedy|Drama,M,25,7,91436
5263,480,3,961191213,Jurassic Park (1993),Action|Adventure|Sci-Fi,M,35,7,40601
5026,2408,2,962774992,Cocoon: The Return (1988),Comedy|Sci-Fi,M,25,17,92584
4673,2009,3,963767903,Soylent Green (1973),Sci-Fi|Thriller,M,35,16,94705
4808,1687,3,962946931,"Jackal, The (1997)",Action|Thriller,M,35,0,96707-1321
4823,3868,3,1012353309,"Naked Gun: From the Files of Police Squad!, The (1988)",Comedy,M,18,4,46219
4947,2359,3,962643097,Waking Ned Devine (1998),Comedy,M,35,17,90035
5046,1784,4,962500962,As Good As It Gets (1997),Comedy|Drama,M,25,16,60614
5087,2145,3,962896812,Pretty in Pink (1986),Comedy|Drama|Romance,F,25,6,19102
5268,2133,2,961171207,Adventures in Babysitting (1987),Adventure|Comedy,F,25,2,68502
4977,741,5,962601671,Ghost in the Shell (Kokaku kidotai) (1995),Animation|Sci-Fi,M,25,4,92507
5187,2948,5,961724301,From Russia with Love (1963),Action,M,18,16,06510
5225,741,5,961518755,Ghost in the Shell (Kokaku kidotai) (1995),Animation|Sci-Fi,M,18,4,55120
4620,2291,4,964122853,Edward Scissorhands (1990),Drama|Romance,F,18,17,94606
4647,2749,3,963980182,"Morning After, The (1986)",Drama|Mystery,M,35,20,80222
4830,558,3,962906097,"Pagemaster, The (1994)",Action|Adventure|Animation|Children's|Fantasy,M,1,10,55317
5005,1221,4,962592693,"Godfather: Part II, The (1974)",Action|Crime|Drama,M,45,16,92807
5108,1221,3,962340443,"Godfather: Part II, The (1974)",Action|Crime|Drama,F,25,9,93940
5124,2291,3,962199837,Edward Scissorhands (1990),Drama|Romance,M,35,2,20818
5156,1221,4,1042208757,"Godfather: Part II, The (1974)",Action|Crime|Drama,M,18,14,10024
5180,2749,3,961804391,"Morning After, The (1986)",Drama|Mystery,M,35,11,85044
5249,2291,2,961602513,Edward Scissorhands (1990),Drama|Romance,F,45,14,75006
4600,1393,4,967478095,Jerry Maguire (1996),Drama|Romance,M,25,0,46240
4663,21,4,963863730,Get Shorty (1995),Action|Comedy|Drama,M,25,4,92037
4728,1393,4,973325484,Jerry Maguire (1996),Drama|Romance,M,25,19,31401
4796,3253,4,962986318,Wayne's World (1992),Comedy,M,35,7,98103
4836,214,5,964275521,Before the Rain (Pred dozhdot) (1994),Drama,F,45,16,04074
4861,1393,1,971327890,Jerry Maguire (1996),Drama|Romance,M,25,4,04309
4927,1393,4,962662355,Jerry Maguire (1996),Drama|Romance,M,45,0,97520
5015,1393,4,962594210,Jerry Maguire (1996),Drama|Romance,M,35,6,92672
5142,653,3,962147487,Dragonheart (1996),Action|Adventure|Fantasy,M,25,1,92101
5148,1393,4,962012692,Jerry Maguire (1996),Drama|Romance,M,25,20,98101
5241,1409,3,961438191,Michael (1996),Comedy|Romance,F,25,4,02138
4601,1552,2,964206870,Con Air (1997),Action|Adventure|Thriller,M,35,14,55415
5026,1911,1,962571096,Doctor Dolittle (1998),Comedy,M,25,17,92584
5085,1283,5,962396277,High Noon (1952),Western,M,56,17,75225
5162,1079,4,961906196,"Fish Called Wanda, A (1988)",Comedy,M,25,17,94043
4728,866,3,973325222,Bound (1996),Crime|Drama|Romance|Thriller,M,25,19,31401
5097,2300,5,962375368,"Producers, The (1968)",Comedy|Musical,M,56,16,19131
4647,1185,4,963968186,My Left Foot (1989),Drama,M,35,20,80222
4806,256,4,962937542,Junior (1994),Comedy|Sci-Fi,M,25,17,90031
4957,1257,3,962906952,Better Off Dead... (1985),Comedy,M,25,2,48197
5074,3507,3,962433090,"Odd Couple, The (1968)",Comedy,M,1,0,20132
5100,1185,5,962362606,My Left Foot (1989),Drama,M,50,6,193122042
5256,1185,4,961296168,My Left Foot (1989),Drama,M,25,16,30269
4790,345,5,963105326,"Adventures of Priscilla, Queen of the Desert, The (1994)",Comedy|Drama,F,25,2,94133
4983,1188,4,975559468,Strictly Ballroom (1992),Comedy|Romance,F,45,16,55116
5106,595,5,962334821,Beauty and the Beast (1991),Animation|Children's|Musical,F,35,1,19348
5111,345,3,962427303,"Adventures of Priscilla, Queen of the Desert, The (1994)",Comedy|Drama,M,35,2,78006
5236,595,2,961445860,Beauty and the Beast (1991),Animation|Children's|Musical,M,25,14,46268
5256,1188,4,961272014,Strictly Ballroom (1992),Comedy|Romance,M,25,16,30269
4808,3255,3,962957874,"League of Their Own, A (1992)",Comedy|Drama,M,35,0,96707-1321
5183,3255,4,961770035,"League of Their Own, A (1992)",Comedy|Drama,F,18,20,45202
4682,1562,2,965531366,Batman & Robin (1997),Action|Adventure|Crime,M,25,7,05346
4928,2352,5,962663695,"Big Chill, The (1983)",Comedy|Drama,F,25,3,92103
5076,3521,3,962421573,Mystery Train (1989),Comedy|Crime|Drama,M,25,3,19147
4543,3804,2,964757826,H.O.T.S. (1979),Comedy,M,25,2,11105
4643,60,3,963999332,"Indian in the Cupboard, The (1995)",Adventure|Children's|Fantasy,M,25,0,98115
5070,371,2,963382562,"Paper, The (1994)",Comedy|Drama,M,25,2,55344
5204,32,5,961632232,Twelve Monkeys (1995),Drama|Sci-Fi,M,50,13,56342
5002,786,2,962594093,Eraser (1996),Action|Thriller,M,25,17,90505
4615,457,3,964141998,"Fugitive, The (1993)",Action|Thriller,M,25,17,61615
4626,457,5,964112571,"Fugitive, The (1993)",Action|Thriller,M,25,14,97219
4655,457,4,963901276,"Fugitive, The (1993)",Action|Thriller,F,25,1,92037
4906,3082,2,962736120,"World Is Not Enough, The (1999)",Action|Thriller,M,50,17,49506
5155,457,3,961948753,"Fugitive, The (1993)",Action|Thriller,M,25,16,33301
5271,457,4,961138011,"Fugitive, The (1993)",Action|Thriller,F,25,0,94110
4543,141,3,965111173,"Birdcage, The (1996)",Comedy,M,25,2,11105
4763,608,5,969536881,Fargo (1996),Crime|Drama|Thriller,M,56,11,04259
4837,141,3,962895182,"Birdcage, The (1996)",Comedy,M,25,5,46254
5201,899,2,961646242,Singin' in the Rain (1952),Musical|Romance,M,50,7,95376
4579,953,5,969752039,It's a Wonderful Life (1946),Drama,F,18,4,63332
4632,592,3,964039749,Batman (1989),Action|Adventure|Crime|Drama,M,25,0,98040
4679,2670,3,963705107,"Run Silent, Run Deep (1958)",War,M,56,13,76051
4708,953,5,963525983,It's a Wonderful Life (1946),Drama,M,25,0,60647
4742,1909,4,963331703,"X-Files: Fight the Future, The (1998)",Mystery|Sci-Fi|Thriller,M,25,3,94118
4909,3494,2,962679452,True Grit (1969),Adventure|Western,F,35,12,94014
4980,953,4,962597286,It's a Wonderful Life (1946),Drama,M,25,1,55403
5111,978,4,962332290,"Blue Angel, The (Blaue Engel, Der) (1930)",Drama,M,35,2,78006
4869,2372,1,962887292,Fletch Lives (1989),Comedy,F,45,6,04578
4592,3247,2,964303200,Sister Act (1992),Comedy|Crime,M,18,4,66044
4784,1617,5,963253533,L.A. Confidential (1997),Crime|Film-Noir|Mystery|Thriller,F,35,6,48105
5087,940,3,962397455,"Adventures of Robin Hood, The (1938)",Action|Adventure,F,25,6,19102
5136,1617,5,962087738,L.A. Confidential (1997),Crime|Film-Noir|Mystery|Thriller,M,25,12,91106
5019,2427,5,962582545,"Thin Red Line, The (1998)",Action|Drama|War,M,25,7,10025
4531,1281,3,964740700,"Great Dictator, The (1940)",Comedy,M,18,4,85701
4710,1281,5,963512387,"Great Dictator, The (1940)",Comedy,F,35,16,24450
5090,426,5,962392200,Body Snatchers (1993),Horror|Sci-Fi|Thriller,F,35,19,75069
5220,1408,2,961546050,"Last of the Mohicans, The (1992)",Action|Romance|War,M,25,7,91436
4734,1196,4,963324338,Star Wars: Episode V - The Empire Strikes Back (1980),Action|Adventure|Drama|Sci-Fi|War,M,50,1,93105
4868,1196,4,966445071,Star Wars: Episode V - The Empire Strikes Back (1980),Action|Adventure|Drama|Sci-Fi|War,M,35,17,03820
4916,708,2,962676242,"Truth About Cats & Dogs, The (1996)",Comedy|Romance,M,18,20,85054
5046,2367,2,962507099,King Kong (1976),Action|Adventure|Horror,M,25,16,60614
5120,1953,4,962256620,"French Connection, The (1971)",Action|Crime|Drama|Thriller,M,50,7,80302
5124,1196,4,962201098,Star Wars: Episode V - The Empire Strikes Back (1980),Action|Adventure|Drama|Sci-Fi|War,M,35,2,20818
5232,1196,3,961457537,Star Wars: Episode V - The Empire Strikes Back (1980),Action|Adventure|Drama|Sci-Fi|War,M,25,4,14607
5277,1196,2,969584024,Star Wars: Episode V - The Empire Strikes Back (1980),Action|Adventure|Drama|Sci-Fi|War,M,25,20,91740
4607,3342,5,964197647,Birdy (1984),Drama|War,M,25,0,27403
4819,2146,4,962928401,St. Elmo's Fire (1985),Drama|Romance,M,35,18,17350
4867,2146,3,962892194,St. Elmo's Fire (1985),Drama|Romance,M,25,16,04101
4884,2146,3,962743519,St. Elmo's Fire (1985),Drama|Romance,M,35,14,90266
5281,2527,4,961164877,Westworld (1973),Action|Sci-Fi|Thriller|Western,M,25,2,90210
4861,913,3,962827735,"Maltese Falcon, The (1941)",Film-Noir|Mystery,M,25,4,04309
5205,3203,4,979350038,Dead Calm (1989),Thriller,M,25,1,02908
4601,1573,4,964206721,Face/Off (1997),Action|Sci-Fi|Thriller,M,35,14,55415
4714,3145,2,963446752,"Cradle Will Rock, The (1999)",Drama,M,50,1,55405
4714,3362,4,963447389,Dog Day Afternoon (1975),Comedy|Crime|Drama,M,50,1,55405
4774,2916,5,963113448,Total Recall (1990),Action|Adventure|Sci-Fi|Thriller,M,45,14,07458
4961,2916,4,962633349,Total Recall (1990),Action|Adventure|Sci-Fi|Thriller,M,25,7,46220
5133,1370,2,962089589,Die Hard 2 (1990),Action|Thriller,M,18,11,10028
4663,3428,3,963869632,"Champ, The (1979)",Drama,M,25,4,92037
5100,11,4,962408650,"American President, The (1995)",Comedy|Drama|Romance,M,50,6,193122042
5249,204,3,961601298,Under Siege 2: Dark Territory (1995),Action,F,45,14,75006
4635,1821,4,964034532,"Object of My Affection, The (1998)",Comedy|Romance,M,18,4,94703
4809,3418,4,962937360,Thelma & Louise (1991),Action|Drama,F,50,4,20902
4893,110,5,962733212,Braveheart (1995),Action|Drama|War,M,25,17,48092
4932,541,5,962652334,Blade Runner (1982),Film-Noir|Sci-Fi,M,25,7,63303
4933,541,2,962651635,Blade Runner (1982),Film-Noir|Sci-Fi,M,25,15,94040
4977,1129,5,962601671,Escape from New York (1981),Action|Adventure|Sci-Fi|Thriller,M,25,4,92507
5008,1129,3,967432738,Escape from New York (1981),Action|Adventure|Sci-Fi|Thriller,M,25,20,60615
5120,541,4,962257333,Blade Runner (1982),Film-Noir|Sci-Fi,M,50,7,80302
5205,1129,3,961640603,Escape from New York (1981),Action|Adventure|Sci-Fi|Thriller,M,25,1,02908
4564,260,4,964490271,Star Wars: Episode IV - A New Hope (1977),Action|Adventure|Fantasy|Sci-Fi,M,35,12,19107
4626,3358,4,964117273,Defending Your Life (1991),Comedy|Romance,M,25,14,97219
4946,260,5,962643129,Star Wars: Episode IV - A New Hope (1977),Action|Adventure|Fantasy|Sci-Fi,F,35,1,91106
5022,260,5,962581775,Star Wars: Episode IV - A New Hope (1977),Action|Adventure|Fantasy|Sci-Fi,M,35,7,91001
4568,1080,5,964479509,Monty Python's Life of Brian (1979),Comedy,F,25,4,90034
4734,910,5,963325945,Some Like It Hot (1959),Comedy|Crime,M,50,1,93105
4865,1224,5,962818566,Henry V (1989),Drama|War,F,35,14,02130
5002,1080,4,962589772,Monty Python's Life of Brian (1979),Comedy,M,25,17,90505
4932,805,4,962651514,"Time to Kill, A (1996)",Drama,M,25,7,63303
5223,14,4,961530083,Nixon (1995),Drama,M,56,10,11361
5245,2946,5,961380762,Help! (1965),Comedy|Musical,F,45,1,27615
5283,2478,4,963930716,Three Amigos! (1986),Comedy|Western,M,18,2,63138
4655,1285,3,963901966,Heathers (1989),Comedy,F,25,1,92037
4682,1285,4,965532191,Heathers (1989),Comedy,M,25,7,05346
4927,349,4,962661105,Clear and Present Danger (1994),Action|Adventure|Thriller,M,45,0,97520
4932,349,4,962651488,Clear and Present Danger (1994),Action|Adventure|Thriller,M,25,7,63303
5282,344,1,961167675,Ace Ventura: Pet Detective (1994),Comedy,F,18,4,63146
4577,2476,2,964404478,Heartbreak Ridge (1986),Action|War,M,35,7,48306
5084,454,2,962399579,"Firm, The (1993)",Drama|Thriller,M,18,4,10013
5100,965,5,962738549,"39 Steps, The (1935)",Thriller,M,50,6,193122042
5198,832,3,961686549,Ransom (1996),Drama|Thriller,F,18,4,55118
4977,2416,3,962637541,Back to School (1986),Comedy,M,25,4,92507
4579,2617,4,1008575634,"Mummy, The (1999)",Action|Adventure|Horror|Thriller,F,18,4,63332
4809,2611,5,994702750,"Winslow Boy, The (1998)",Drama,F,50,4,20902
4867,2762,5,962818244,"Sixth Sense, The (1999)",Thriller,M,25,16,04101
4894,902,4,962732312,Breakfast at Tiffany's (1961),Drama|Romance,M,35,7,14607
4927,1095,3,962662340,Glengarry Glen Ross (1992),Drama,M,45,0,97520
5044,2762,5,962503705,"Sixth Sense, The (1999)",Thriller,F,35,6,23507
5100,3948,4,997652119,Meet the Parents (2000),Comedy,M,50,6,193122042
5282,2762,2,961095534,"Sixth Sense, The (1999)",Thriller,F,18,4,63146
4543,2005,2,964670939,"Goonies, The (1985)",Adventure|Children's|Fantasy,M,25,2,11105
4950,3160,4,969851019,Magnolia (1999),Drama,M,25,16,55421
4784,2266,4,963254132,"Butcher's Wife, The (1991)",Comedy|Romance,F,35,6,48105
4904,3447,5,962685324,"Good Earth, The (1937)",Drama,M,50,15,63121
5000,2944,5,962594046,"Dirty Dozen, The (1967)",Action|War,M,25,4,46254
5019,778,4,986270884,Trainspotting (1996),Drama,M,25,7,10025
5090,3447,5,1011213540,"Good Earth, The (1937)",Drama,F,35,19,75069
5185,2944,4,963403828,"Dirty Dozen, The (1967)",Action|War,F,35,4,44485
4543,3274,2,966025770,Single White Female (1992),Action,M,25,2,11105
4889,3536,5,962908607,Keeping the Faith (2000),Comedy|Romance,M,18,4,63108
4981,2302,4,962597991,My Cousin Vinny (1992),Comedy,M,50,1,55406
4556,2115,3,964625805,Indiana Jones and the Temple of Doom (1984),Action|Adventure,M,45,16,55011
4783,1092,5,963005670,Basic Instinct (1992),Mystery|Thriller,M,25,0,60618
4923,1839,5,962667416,My Giant (1998),Comedy,M,45,18,99826
4950,999,2,962946839,2 Days in the Valley (1996),Crime,M,25,16,55421
4543,2000,3,964670471,Lethal Weapon (1987),Action|Comedy|Crime|Drama,M,25,2,11105
5091,2000,5,962553936,Lethal Weapon (1987),Action|Comedy|Crime|Drama,M,25,17,19810
5201,529,4,961647231,Searching for Bobby Fischer (1993),Drama,M,50,7,95376
5260,1187,4,961201316,Passion Fish (1992),Drama,M,35,7,78705
4562,2348,3,967431345,Sid and Nancy (1986),Drama,M,35,10,94133
4647,1885,5,963965796,"Opposite of Sex, The (1998)",Comedy|Drama,M,35,20,80222
4647,3186,3,963965699,"Girl, Interrupted (1999)",Drama,M,35,20,80222
4747,3186,5,963241324,"Girl, Interrupted (1999)",Drama,M,18,4,26201
4791,2642,2,963005295,Superman III (1983),Action|Adventure|Sci-Fi,M,18,4,55116
4819,1390,4,962925914,My Fellow Americans (1996),Comedy,M,35,18,17350
4888,2348,4,962739867,Sid and Nancy (1986),Drama,F,56,0,08055
5142,3617,4,962041350,Road Trip (2000),Comedy,M,25,1,92101
4746,1366,3,963245706,"Crucible, The (1996)",Drama,M,50,1,19087-3622
4750,2137,5,968201983,Charlotte's Web (1973),Animation|Children's,F,25,0,91107
4768,1193,4,963085105,One Flew Over the Cuckoo's Nest (1975),Drama,M,25,4,22030
5097,1193,5,962373308,One Flew Over the Cuckoo's Nest (1975),Drama,M,56,16,19131
5153,1011,1,961969666,Herbie Rides Again (1974),Adventure|Children's|Comedy,M,25,7,60046
4684,2883,3,963667650,Mumford (1999),Comedy,F,25,0,04473
4698,3299,1,963588223,Hanging Up (2000),Comedy|Drama,F,25,6,55417
4819,2406,4,962927412,Romancing the Stone (1984),Action|Adventure|Comedy|Romance,M,35,18,17350
5082,3733,2,962408424,"Paper Chase, The (1973)",Drama,M,35,1,23185
5156,3733,5,961946454,"Paper Chase, The (1973)",Drama,M,18,14,10024
4613,1805,5,964145100,Wild Things (1998),Crime|Drama|Mystery|Thriller,M,25,12,41042
4717,3372,3,963519558,"Bridge at Remagen, The (1969)",Action|War,M,45,17,48310
4734,3005,4,963325163,"Bone Collector, The (1999)",Thriller,M,50,1,93105
5234,2243,5,961449221,Broadcast News (1987),Comedy|Drama|Romance,F,25,0,60657
5282,2011,4,961166178,Back to the Future Part II (1989),Comedy|Sci-Fi,F,18,4,63146
4670,3033,2,963801982,Spaceballs (1987),Comedy|Sci-Fi,M,35,5,91343
4725,3248,2,963379357,Sister Act 2: Back in the Habit (1993),Comedy,M,35,5,96707-1321
4771,1202,3,963150795,Withnail and I (1987),Comedy,F,25,4,04101
5163,3033,1,961904288,Spaceballs (1987),Comedy|Sci-Fi,M,45,6,53216
4607,3176,5,964306908,"Talented Mr. Ripley, The (1999)",Drama|Mystery|Thriller,M,25,0,27403
4658,66,1,963879520,Lawnmower Man 2: Beyond Cyberspace (1996),Sci-Fi|Thriller,M,25,4,99163
4793,3176,5,963434132,"Talented Mr. Ripley, The (1999)",Drama|Mystery|Thriller,F,25,6,48108
5112,3176,3,962326657,"Talented Mr. Ripley, The (1999)",Drama|Mystery|Thriller,M,35,13,89128
4662,46,4,963869997,How to Make an American Quilt (1995),Drama|Romance,F,18,4,84109
4725,2995,2,963365160,"House on Haunted Hill, The (1999)",Horror,M,35,5,96707-1321
5065,802,4,962489238,Phenomenon (1996),Drama|Romance,M,25,14,28715
5113,1101,1,971968929,Top Gun (1986),Action|Romance,M,25,0,55408
4608,2997,5,964189945,Being John Malkovich (1999),Comedy,F,25,0,02144
4771,2008,3,963115795,"This World, Then the Fireworks (1996)",Crime|Drama|Film-Noir,F,25,4,04101
4922,2248,4,962669827,Say Anything... (1989),Comedy|Drama|Romance,M,18,17,98121
4949,2997,5,962640212,Being John Malkovich (1999),Comedy,M,18,4,55104
4591,3134,2,964329204,"Grand Illusion (Grande illusion, La) (1937)",Drama|War,M,25,15,02143
5100,1674,5,962362570,Witness (1985),Drama|Romance|Thriller,M,50,6,193122042
5112,1584,3,962328104,Contact (1997),Drama|Sci-Fi,M,35,13,89128
4666,1054,4,963844643,Get on the Bus (1996),Drama,M,35,1,53704
4728,3555,2,1032132249,U-571 (2000),Action|Thriller,M,25,19,31401
4812,716,3,962932478,Switchblade Sisters (1975),Crime,M,18,14,25301
4940,1429,4,1022013140,Jackie Chan's First Strike (1996),Action,F,50,11,94102
4561,551,3,964497505,"Nightmare Before Christmas, The (1993)",Children's|Comedy|Musical,F,25,9,84037
4647,2976,4,963966612,Bringing Out the Dead (1999),Drama|Horror,M,35,20,80222
4828,2340,1,962905731,Meet Joe Black (1998),Romance,F,18,20,60194
4829,1676,4,964232819,Starship Troopers (1997),Action|Adventure|Sci-Fi|War,M,25,0,20008
4932,2340,2,962651782,Meet Joe Black (1998),Romance,M,25,7,63303
5011,2340,5,962588633,Meet Joe Black (1998),Romance,M,18,4,64154
5077,2976,2,962560121,Bringing Out the Dead (1999),Drama|Horror,M,25,2,20037
5136,1676,4,962092716,Starship Troopers (1997),Action|Adventure|Sci-Fi|War,M,25,12,91106
5140,1411,4,964875106,Hamlet (1996),Drama,M,25,6,35205
5244,1676,3,961383133,Starship Troopers (1997),Action|Adventure|Sci-Fi|War,M,18,4,01095
4708,2528,4,963595425,Logan's Run (1976),Action|Adventure|Sci-Fi,M,25,0,60647
4939,153,1,962643380,Batman Forever (1995),Action|Adventure|Comedy|Crime,M,25,7,63105
5046,1640,4,1041630180,How to Be a Player (1997),Comedy,M,25,16,60614
4571,745,5,964468032,"Close Shave, A (1995)",Animation|Comedy|Thriller,M,35,7,21013
4578,3308,2,964389092,"Flamingo Kid, The (1984)",Comedy|Drama,M,25,0,02134
4579,745,4,969750547,"Close Shave, A (1995)",Animation|Comedy|Thriller,F,18,4,63332
5035,2002,4,962557171,Lethal Weapon 3 (1992),Action|Comedy|Crime|Drama,F,25,17,19810
5264,2301,3,961181481,History of the World: Part I (1981),Comedy,M,18,4,15217
5275,1734,5,961109358,My Life in Pink (Ma vie en rose) (1997),Comedy|Drama,M,25,17,60611
4673,3769,4,964487561,Thunderbolt and Lightfoot (1974),Action,M,35,16,94705
4791,18,3,963003281,Four Rooms (1995),Thriller,M,18,4,55116
5026,1762,2,962774970,Deep Rising (1998),Action|Horror|Sci-Fi,M,25,17,92584
5038,2859,4,962520346,Stop Making Sense (1984),Documentary,M,25,20,10010
5086,2859,5,962395999,Stop Making Sense (1984),Documentary,M,25,1,23462
5172,1292,4,995328169,Being There (1979),Comedy,F,35,11,05602
5182,3394,3,961788596,Blind Date (1987),Comedy|Romance,F,35,7,55441
4578,1097,4,964388769,E.T. the Extra-Terrestrial (1982),Children's|Drama|Fantasy|Sci-Fi,M,25,0,02134
4939,2509,2,962648723,Eight Days a Week (1997),Comedy,M,25,7,63105
5138,1097,4,962060979,E.T. the Extra-Terrestrial (1982),Children's|Drama|Fantasy|Sci-Fi,M,25,17,35205
5197,3729,4,961691152,Shaft (1971),Action|Crime,F,56,3,75001
5200,1097,3,961648642,E.T. the Extra-Terrestrial (1982),Children's|Drama|Fantasy|Sci-Fi,F,35,15,43065
4705,932,5,963672427,"Affair to Remember, An (1957)",Romance,F,18,0,75115
4786,1416,3,963011165,Evita (1996),Drama|Musical,M,45,6,22630
5271,932,4,961140985,"Affair to Remember, An (1957)",Romance,F,25,0,94110
4869,2973,3,962886721,Crimes and Misdemeanors (1989),Comedy,F,45,6,04578
5273,2973,3,961110188,Crimes and Misdemeanors (1989),Comedy,M,56,20,91030
4585,788,3,964321418,"Nutty Professor, The (1996)",Comedy|Fantasy|Romance|Sci-Fi,M,35,7,30324
4531,1387,3,964837269,Jaws (1975),Action|Horror,M,18,4,85701
5076,2599,3,962420680,Election (1999),Comedy,M,25,3,19147
4704,1359,2,963533110,Jingle All the Way (1996),Adventure|Children's|Comedy,M,18,20,02601
4725,2746,3,963364335,Little Shop of Horrors (1986),Comedy|Horror|Musical,M,35,5,96707-1321
4758,36,3,963139834,Dead Man Walking (1995),Drama,F,56,13,03261
4989,2746,2,962592304,Little Shop of Horrors (1986),Comedy|Horror|Musical,M,25,0,55121
5042,36,4,962655754,Dead Man Walking (1995),Drama,F,18,2,55408
5070,36,3,962469169,Dead Man Walking (1995),Drama,M,25,2,55344
5220,3712,4,961546588,Soapdish (1991),Comedy,M,25,7,91436
5234,3046,5,961604668,"Incredibly True Adventure of Two Girls in Love, The (1995)",Comedy|Romance,F,25,0,60657
5236,36,3,961445471,Dead Man Walking (1995),Drama,M,25,14,46268
4535,2457,4,964722307,Running Scared (1986),Action|Comedy,M,18,19,17517
4587,2706,4,973295057,American Pie (1999),Comedy,M,35,14,07920
4952,2965,1,962638322,"Omega Code, The (1999)",Action,F,25,14,48067
5136,89,4,962093096,Nick of Time (1995),Action|Thriller,M,25,12,91106
5148,2706,5,962014631,American Pie (1999),Comedy,M,25,20,98101
5395,471,3,960323988,"Hudsucker Proxy, The (1994)",Comedy|Romance,M,50,1,13224
5523,3175,5,959645186,Galaxy Quest (1999),Adventure|Comedy|Sci-Fi,M,35,0,60187
5576,1580,3,959694997,Men in Black (1997),Action|Adventure|Comedy|Sci-Fi,M,25,4,55369
5717,1580,2,958509631,Men in Black (1997),Action|Adventure|Comedy|Sci-Fi,M,25,0,03766
5791,1829,3,958090762,Chinese Box (1997),Drama|Romance,M,18,4,44074
5871,2366,5,957801138,King Kong (1933),Action|Adventure|Horror,F,25,4,01002
5298,1127,5,961005552,"Abyss, The (1989)",Action|Adventure|Sci-Fi|Thriller,M,35,17,55126
5367,1483,1,960509711,Crash (1996),Drama|Thriller,M,18,4,55344
5394,1483,3,981231554,Crash (1996),Drama|Thriller,M,18,0,60618
5558,1460,1,959391725,That Darn Cat! (1997),Children's|Comedy|Mystery,M,1,10,02446
5627,1721,3,959045037,Titanic (1997),Drama|Romance,M,25,0,07040
5675,1127,3,958677224,"Abyss, The (1989)",Action|Adventure|Sci-Fi|Thriller,M,35,14,30030
5872,858,5,996420605,"Godfather, The (1972)",Action|Crime|Drama,M,25,17,61265
6010,1127,4,956858846,"Abyss, The (1989)",Action|Adventure|Sci-Fi|Thriller,M,35,0,79606
6011,1127,3,956783817,"Abyss, The (1989)",Action|Adventure|Sci-Fi|Thriller,M,35,15,80538
6021,858,4,956756375,"Godfather, The (1972)",Action|Crime|Drama,M,25,12,08876
6040,1127,3,956715988,"Abyss, The (1989)",Action|Adventure|Sci-Fi|Thriller,M,25,6,11106
5298,2393,5,961006149,Star Trek: Insurrection (1998),Action|Sci-Fi,M,35,17,55126
5458,1270,4,1026622877,Back to the Future (1985),Comedy|Sci-Fi,F,18,2,98102
5530,516,2,959994253,Renaissance Man (1994),Comedy|Drama|War,F,18,4,63141
5613,1270,3,959135212,Back to the Future (1985),Comedy|Sci-Fi,F,35,0,98622
5684,1270,4,958611582,Back to the Future (1985),Comedy|Sci-Fi,M,18,16,94110
5684,1303,3,958608227,"Man Who Would Be King, The (1975)",Adventure,M,18,16,94110
5699,1339,3,958597599,Bram Stoker's Dracula (1992),Horror|Romance,M,35,15,94706
5720,2572,3,958503926,10 Things I Hate About You (1999),Comedy|Romance,M,25,0,60610
5740,2393,3,958406112,Star Trek: Insurrection (1998),Action|Sci-Fi,M,25,1,60613
5763,2996,1,959537592,Music of the Heart (1999),Drama,F,25,1,08904
5982,2393,2,956935415,Star Trek: Insurrection (1998),Action|Sci-Fi,M,35,1,56082
5543,1265,5,959877788,Groundhog Day (1993),Comedy|Romance,M,25,17,97401
5599,2443,3,959214899,Playing by Heart (1998),Drama|Romance,M,35,7,90020
5779,3098,5,958159938,"Natural, The (1984)",Drama,M,25,5,10011
5788,1975,1,958523340,Friday the 13th Part 2 (1981),Horror,M,25,0,92646
5805,2096,4,958107948,Sleeping Beauty (1959),Animation|Children's|Musical,F,25,0,90802
5880,2249,4,957550412,My Blue Heaven (1990),Comedy,M,25,1,08904
5306,799,4,960939828,"Frighteners, The (1996)",Comedy|Horror,F,25,17,92121
5454,898,5,959922915,"Philadelphia Story, The (1940)",Comedy|Romance,M,35,7,10001
5615,2247,3,959306888,Married to the Mob (1988),Comedy,M,35,7,07028
5643,2247,4,958892744,Married to the Mob (1988),Comedy,F,35,1,84108
5367,2542,4,960501707,"Lock, Stock & Two Smoking Barrels (1998)",Comedy|Crime|Thriller,M,18,4,55344
5488,296,4,959817566,Pulp Fiction (1994),Crime|Drama,M,25,15,91125
6002,296,4,960005477,Pulp Fiction (1994),Crime|Drama,M,50,0,43231
5353,2396,5,960617743,Shakespeare in Love (1998),Comedy|Romance,M,25,6,77030
5448,918,5,959966157,Meet Me in St. Louis (1944),Musical,M,45,19,60626
5480,2396,4,959866658,Shakespeare in Love (1998),Comedy|Romance,F,25,14,07030
5682,78,1,1029457828,"Crossing Guard, The (1995)",Drama,M,18,0,23455-4959
5795,1133,1,958148444,Talking About Sex (1994),Comedy|Drama,M,25,1,92688
5956,2396,2,957077393,Shakespeare in Love (1998),Comedy|Romance,F,18,4,02142
5530,3087,3,959993608,Scrooged (1988),Comedy,F,18,4,63141
5812,3087,4,992071553,Scrooged (1988),Comedy,F,25,7,92120
5350,2797,2,960663057,Big (1988),Comedy|Fantasy,M,18,5,55344
5351,597,5,960658048,Pretty Woman (1990),Comedy|Romance,F,45,1,85259
5432,1212,5,960055822,"Third Man, The (1949)",Mystery|Thriller,M,56,13,01742
5468,1199,5,959898426,Brazil (1985),Sci-Fi,M,25,12,94618
5491,2797,4,959816357,Big (1988),Comedy|Fantasy,M,18,7,10016
5501,2797,4,959797876,Big (1988),Comedy|Fantasy,M,25,2,33334
5667,2797,4,958757621,Big (1988),Comedy|Fantasy,M,35,7,10009
5978,593,4,964184779,"Silence of the Lambs, The (1991)",Drama|Thriller,M,35,1,49307
5987,597,3,956882064,Pretty Woman (1990),Comedy|Romance,M,25,16,10003
5993,597,1,956863493,Pretty Woman (1990),Comedy|Romance,F,50,20,50010
5762,2294,5,958220696,Antz (1998),Animation|Children's,F,35,6,55125
5431,34,4,960069574,Babe (1995),Children's|Comedy|Drama,M,56,1,19026
5461,1198,5,959903008,Raiders of the Lost Ark (1981),Action|Adventure,M,50,0,94025
5492,34,1,997204496,Babe (1995),Children's|Comedy|Drama,M,18,4,55104
5812,1198,5,968567428,Raiders of the Lost Ark (1981),Action|Adventure,F,25,7,92120
5813,1198,5,957916964,Raiders of the Lost Ark (1981),Action|Adventure,M,25,7,94117
5830,34,5,957891809,Babe (1995),Children's|Comedy|Drama,F,18,4,78209
5367,1500,5,980391092,Grosse Pointe Blank (1997),Comedy|Crime,M,18,4,55344
5530,101,4,959993430,Bottle Rocket (1996),Comedy,F,18,4,63141
5745,2771,4,958360494,Brokedown Palace (1999),Drama,F,18,4,90024
5339,1259,4,960714225,Stand by Me (1986),Adventure|Comedy|Drama,M,18,17,60193
5458,1259,4,1004327154,Stand by Me (1986),Adventure|Comedy|Drama,F,18,2,98102
5812,2007,2,992074512,Polish Wedding (1998),Comedy,F,25,7,92120
5406,2355,4,960304831,"Bug's Life, A (1998)",Animation|Children's|Comedy,F,35,0,49504
5651,596,4,958847645,Pinocchio (1940),Animation|Children's,F,25,6,74105
5751,2355,4,958308251,"Bug's Life, A (1998)",Animation|Children's|Comedy,F,1,0,14167
5755,497,4,958279718,Much Ado About Nothing (1993),Comedy|Romance,F,35,2,78744
5851,596,3,957758158,Pinocchio (1940),Animation|Children's,F,18,20,55410
5992,2355,4,956865287,"Bug's Life, A (1998)",Animation|Children's|Comedy,F,18,4,21046
5779,300,4,958160424,Quiz Show (1994),Drama,M,25,5,10011
5954,1772,1,957650925,Blues Brothers 2000 (1998),Action|Comedy|Musical,M,45,11,70802
5333,2240,2,960827911,My Bodyguard (1980),Drama,F,25,7,02332
5334,3624,3,960796821,Shanghai Noon (2000),Action,F,56,13,46140
5720,1276,3,958577411,Cool Hand Luke (1967),Comedy|Drama,M,25,0,60610
5841,2240,5,957823280,My Bodyguard (1980),Drama,F,35,7,10024
5857,3296,3,957741605,To Sir with Love (1967),Drama,F,45,2,43229
6010,2094,4,956859898,"Rocketeer, The (1991)",Action|Adventure|Sci-Fi,M,35,0,79606
5317,914,5,997839583,My Fair Lady (1964),Musical|Romance,F,25,0,02138
5345,1372,4,960671503,Star Trek VI: The Undiscovered Country (1991),Action|Adventure|Sci-Fi,F,25,17,80003
5355,2871,4,960595862,Deliverance (1972),Adventure|Thriller,M,56,0,78232
5535,2871,5,959579221,Deliverance (1972),Adventure|Thriller,M,25,15,94538
5643,3435,4,958888750,Double Indemnity (1944),Crime|Film-Noir,F,35,1,84108
5795,1372,3,958144507,Star Trek VI: The Undiscovered Country (1991),Action|Adventure|Sci-Fi,M,25,1,92688
5831,1372,4,957894056,Star Trek VI: The Undiscovered Country (1991),Action|Adventure|Sci-Fi,M,25,1,92120
5520,2023,3,959737468,"Godfather: Part III, The (1990)",Action|Crime|Drama,M,45,1,18901
5614,2439,3,959204348,Affliction (1997),Drama,M,25,0,12833
5669,1235,4,958746003,Harold and Maude (1971),Comedy,M,56,1,90024
5788,2023,3,958107764,"Godfather: Part III, The (1990)",Action|Crime|Drama,M,25,0,92646
5519,1019,3,959656592,"20,000 Leagues Under the Sea (1954)",Adventure|Children's|Fantasy|Sci-Fi,M,35,15,33167
5530,1269,4,959993537,Arsenic and Old Lace (1944),Comedy|Mystery|Thriller,F,18,4,63141
5594,1269,5,959226739,Arsenic and Old Lace (1944),Comedy|Mystery|Thriller,F,45,0,55419
5878,3072,5,957547609,Moonstruck (1987),Comedy,F,25,0,60640
6016,1294,4,956780304,M*A*S*H (1970),Comedy|War,M,45,1,37209
5394,2169,3,1020053720,Dead Man on Campus (1998),Comedy,M,18,0,60618
5424,3481,4,976325222,High Fidelity (2000),Comedy,F,35,2,80012
5643,916,5,958893661,Roman Holiday (1953),Comedy|Romance,F,35,1,84108
5747,3017,1,958353428,Creepshow 2 (1987),Horror,M,25,0,03755
5766,3481,2,958176645,High Fidelity (2000),Comedy,M,56,14,96744
5916,606,2,957460073,Candyman: Farewell to the Flesh (1995),Horror,M,50,20,48230
5964,44,3,956996416,Mortal Kombat (1995),Action|Adventure,M,18,5,97202
5613,2804,3,959135073,"Christmas Story, A (1983)",Comedy|Drama,F,35,0,98622
5636,2804,4,959052586,"Christmas Story, A (1983)",Comedy|Drama,M,25,7,98102
5650,2371,3,958868256,Fletch (1985),Comedy,F,35,12,91104
5667,2076,5,958768885,Blue Velvet (1986),Drama|Mystery,M,35,7,10009
5848,1210,3,957783196,Star Wars: Episode VI - Return of the Jedi (1983),Action|Adventure|Romance|Sci-Fi|War,M,50,20,20009
6035,1689,5,956713330,"Man Who Knew Too Little, The (1997)",Comedy|Mystery,F,25,1,78734
5524,3258,4,959640810,Death Becomes Her (1992),Comedy,F,1,10,26505
5621,329,4,959122798,Star Trek: Generations (1994),Action|Adventure|Sci-Fi,M,25,7,02135
5649,2062,1,958868866,"Governess, The (1998)",Drama|Romance,F,18,4,90025
5831,1085,4,957888948,"Old Man and the Sea, The (1958)",Adventure|Drama,M,25,1,92120
5873,329,5,957563957,Star Trek: Generations (1994),Action|Adventure|Sci-Fi,M,18,12,10021
5881,1873,5,957552919,"Misérables, Les (1998)",Drama,M,35,17,30303
5974,1056,4,956948219,Jude (1996),Drama,F,25,1,32303
5555,350,3,959809845,"Client, The (1994)",Drama|Mystery|Thriller,M,1,10,37830
5571,3196,4,959304688,Stalag 17 (1953),Drama|War,F,25,9,07307
5583,2723,2,959280912,Mystery Men (1999),Action|Adventure|Comedy,M,56,15,37830
5981,973,4,956932075,Meet John Doe (1941),Drama,M,35,7,01776
5394,2692,5,961438212,Run Lola Run (Lola rennt) (1998),Action|Crime|Romance,M,18,0,60618
5501,2701,1,959796080,Wild Wild West (1999),Action|Sci-Fi|Western,M,25,2,33334
5688,223,1,958603519,Clerks (1994),Comedy,F,18,4,78666
5847,2006,4,957793418,"Mask of Zorro, The (1998)",Action|Adventure|Romance,F,18,4,02464
5530,417,3,959998040,Barcelona (1994),Comedy|Romance,F,18,4,63141
5936,1208,5,957214753,Apocalypse Now (1979),Drama|War,M,18,4,37130
5950,1077,3,957443880,Sleeper (1973),Comedy|Sci-Fi,M,25,4,19713
5965,2975,4,956975395,"Best Man, The (1999)",Drama,M,25,17,77449
6036,1077,4,956711642,Sleeper (1973),Comedy|Sci-Fi,F,25,15,32603
5443,1457,4,959983206,Fools Rush In (1997),Comedy|Romance,M,25,12,01915
5682,1249,5,959042604,Nikita (La Femme Nikita) (1990),Thriller,M,18,0,23455-4959
5709,2288,4,961729605,"Thing, The (1982)",Action|Horror|Sci-Fi|Thriller,M,18,4,90024
5479,1961,3,959868760,Rain Man (1988),Drama,M,35,1,50014
5616,1125,4,959133714,"Return of the Pink Panther, The (1974)",Comedy,M,45,1,08840
5652,22,5,958846544,Copycat (1995),Crime|Drama|Thriller,M,18,0,47901
5873,1961,3,957563896,Rain Man (1988),Drama,M,18,12,10021
5890,1961,4,957469184,Rain Man (1988),Drama,M,35,20,77008
5974,22,3,956946990,Copycat (1995),Crime|Drama|Thriller,F,25,1,32303
6035,372,3,956713228,Reality Bites (1994),Comedy|Drama,F,25,1,78734
5342,1291,4,960685244,Indiana Jones and the Last Crusade (1989),Action|Adventure,F,35,7,22039
5364,122,5,960523880,Boomerang (1992),Comedy|Romance,F,25,3,55408
5648,1291,4,958872103,Indiana Jones and the Last Crusade (1989),Action|Adventure,M,25,17,48473
5931,1291,5,957226744,Indiana Jones and the Last Crusade (1989),Action|Adventure,F,18,7,94111
6025,2517,3,956730327,Christine (1983),Horror,F,25,1,32607
5482,233,3,959868315,Exotica (1994),Drama,M,18,7,10014
5591,924,4,962222483,2001: A Space Odyssey (1968),Drama|Mystery|Sci-Fi|Thriller,M,18,0,10009
5831,225,4,957889226,Disclosure (1994),Drama|Thriller,M,25,1,92120
5987,232,4,956881721,Eat Drink Man Woman (1994),Comedy|Drama,M,25,16,10003
5569,539,4,959310574,Sleepless in Seattle (1993),Comedy|Romance,F,18,1,07666
5728,539,4,958470542,Sleepless in Seattle (1993),Comedy|Romance,F,35,20,09824
5788,360,1,958108048,I Love Trouble (1994),Action|Comedy,M,25,0,92646
5798,539,4,959194661,Sleepless in Seattle (1993),Comedy|Romance,M,35,0,80027
5363,2628,5,960506085,Star Wars: Episode I - The Phantom Menace (1999),Action|Adventure|Fantasy|Sci-Fi,M,56,13,30673
5550,2404,3,959472579,Rambo III (1988),Action|War,M,35,15,48187
5616,3504,4,959133527,Network (1976),Comedy|Drama,M,45,1,08840
5645,1197,5,958875551,"Princess Bride, The (1987)",Action|Adventure|Comedy|Romance,M,25,2,87123
5694,1197,4,958595434,"Princess Bride, The (1987)",Action|Adventure|Comedy|Romance,F,25,12,90640
5833,111,4,957879257,Taxi Driver (1976),Drama|Thriller,F,35,0,78253
5888,2628,3,957478953,Star Wars: Episode I - The Phantom Menace (1999),Action|Adventure|Fantasy|Sci-Fi,M,25,20,64114
6036,3132,5,956712862,Daddy Long Legs (1919),Comedy,F,25,15,32603
5306,47,4,961012724,Seven (Se7en) (1995),Crime|Thriller,F,25,17,92121
5482,1207,4,959864898,To Kill a Mockingbird (1962),Drama,M,18,7,10014
5550,2064,3,959472895,Roger & Me (1989),Comedy|Documentary,M,35,15,48187
5894,47,4,957465952,Seven (Se7en) (1995),Crime|Thriller,M,35,0,70748
5433,2038,2,960244050,"Cat from Outer Space, The (1978)",Children's|Comedy|Sci-Fi,F,35,17,45014
5623,2038,3,959092863,"Cat from Outer Space, The (1978)",Children's|Comedy|Sci-Fi,M,25,11,84109
5912,2398,3,957361601,Miracle on 34th Street (1947),Drama,M,25,1,77064
6016,2398,3,956958261,Miracle on 34th Street (1947),Drama,M,45,1,37209
5621,1206,5,959109299,"Clockwork Orange, A (1971)",Sci-Fi,M,25,7,02135
5679,3104,4,958617916,Midnight Run (1988),Action|Adventure|Comedy|Crime,M,35,2,33020
5797,1206,5,958059063,"Clockwork Orange, A (1971)",Sci-Fi,M,25,7,78757
5849,1206,3,957765523,"Clockwork Orange, A (1971)",Sci-Fi,M,35,17,97124
5870,1206,5,957568515,"Clockwork Orange, A (1971)",Sci-Fi,M,25,14,98109
5970,671,4,956959618,Mystery Science Theater 3000: The Movie (1996),Comedy|Sci-Fi,M,35,11,55438
5556,2045,4,959445005,"Far Off Place, A (1993)",Adventure|Children's|Drama|Romance,M,45,6,92103
5567,305,3,959349971,Ready to Wear (Pret-A-Porter) (1994),Comedy,M,50,3,78704
5643,185,2,959649478,"Net, The (1995)",Sci-Fi|Thriller,F,35,1,84108
5434,2108,5,960043271,L.A. Story (1991),Comedy|Romance,F,25,7,60618
5443,1288,3,959980662,This Is Spinal Tap (1984),Comedy|Drama|Musical,M,25,12,01915
5809,2108,3,957989768,L.A. Story (1991),Comedy|Romance,M,25,7,37206
5880,1306,3,982800482,Until the End of the World (Bis ans Ende der Welt) (1991),Drama|Sci-Fi,M,25,1,08904
5333,912,4,968399548,Casablanca (1942),Drama|Romance|War,F,25,7,02332
5443,912,4,959979539,Casablanca (1942),Drama|Romance|War,M,25,12,01915
5504,1382,4,959736058,Marked for Death (1990),Action|Drama,M,45,7,85287-2702
5555,2840,4,959649433,Stigmata (1999),Thriller,M,1,10,37830
5597,1266,1,959215575,Unforgiven (1992),Western,F,18,4,95008
5845,935,4,957797990,"Band Wagon, The (1953)",Comedy|Musical,F,25,3,79411
5939,912,3,957212812,Casablanca (1942),Drama|Romance|War,F,45,15,77040
5950,1266,5,957442659,Unforgiven (1992),Western,M,25,4,19713
5653,3798,3,965009174,What Lies Beneath (2000),Thriller,M,50,1,74105
5840,1304,5,957829096,Butch Cassidy and the Sundance Kid (1969),Action|Comedy|Western,F,1,0,44260
5888,1247,5,957479080,"Graduate, The (1967)",Drama|Romance,M,25,20,64114
5362,2941,3,960514359,South Pacific (1958),Musical|Romance|War,M,35,13,63130
5576,2054,3,959710055,"Honey, I Shrunk the Kids (1989)",Adventure|Children's|Comedy|Fantasy|Sci-Fi,M,25,4,55369
5961,259,3,957025562,Kiss of Death (1995),Crime|Drama|Thriller,F,45,0,78757
5305,1,4,960939471,Toy Story (1995),Animation|Children's|Comedy,F,18,4,95602
5535,1172,4,959581194,Cinema Paradiso (1988),Comedy|Drama|Romance,M,25,15,94538
5644,1,4,958881146,Toy Story (1995),Animation|Children's|Comedy,F,18,4,92833
5686,2780,1,958690864,"Raven, The (1963)",Comedy|Horror,M,56,16,60610
6006,1172,1,957031570,Cinema Paradiso (1988),Comedy|Drama|Romance,F,1,0,01036
5312,52,4,962235808,Mighty Aphrodite (1995),Comedy,M,25,1,10463
5364,1798,3,960583754,Hush (1998),Thriller,F,25,3,55408
5397,3060,4,963423839,"Commitments, The (1991)",Comedy|Drama,M,18,0,60451
5404,52,3,960256029,Mighty Aphrodite (1995),Comedy,M,25,0,30068
5511,2763,4,959715553,"Thomas Crown Affair, The (1999)",Action|Thriller,M,45,1,92407
5643,2763,4,959647909,"Thomas Crown Affair, The (1999)",Action|Thriller,F,35,1,84108
5763,3147,1,959535355,"Green Mile, The (1999)",Drama|Thriller,F,25,1,08904
5319,674,5,960875175,Barbarella (1968),Adventure|Sci-Fi,M,18,17,94941
5530,1047,3,959622906,"Long Kiss Goodnight, The (1996)",Action|Thriller,F,18,4,63141
5757,3006,4,958255395,"Insider, The (1999)",Drama,M,1,10,05667
6001,2600,4,1004811365,eXistenZ (1999),Action|Sci-Fi|Thriller,F,25,7,94117
5473,2989,4,959886242,For Your Eyes Only (1981),Action,M,25,1,20120-6354
5504,1722,4,959735561,Tomorrow Never Dies (1997),Action|Romance|Thriller,M,45,7,85287-2702
5720,1722,3,958576941,Tomorrow Never Dies (1997),Action|Romance|Thriller,M,25,0,60610
5795,3210,5,958147671,Fast Times at Ridgemont High (1982),Comedy,M,25,1,92688
5955,2989,3,957108794,For Your Eyes Only (1981),Action,F,25,7,34952
5350,1608,1,960660817,Air Force One (1997),Action|Thriller,M,18,5,55344
5663,1608,4,958769404,Air Force One (1997),Action|Thriller,F,35,20,75093
5964,2380,2,956998627,Police Academy 3: Back in Training (1986),Comedy,M,18,5,97202
5312,440,4,960923922,Dave (1993),Comedy|Romance,M,25,1,10463
5472,1663,3,959890316,Stripes (1981),Comedy,M,35,1,27909
5496,348,3,959808872,Bullets Over Broadway (1994),Comedy,M,25,7,90069
5496,2318,4,959810083,Happiness (1998),Comedy,M,25,7,90069
5561,3484,1,959374183,"Skulls, The (2000)",Thriller,F,25,3,74075
5627,348,3,959051089,Bullets Over Broadway (1994),Comedy,M,25,0,07040
5643,2455,1,958891077,"Fly, The (1986)",Horror|Sci-Fi,F,35,1,84108
5647,348,5,958873909,Bullets Over Broadway (1994),Comedy,M,18,1,62522
5650,13,3,958862718,Balto (1995),Animation|Children's,F,35,12,91104
5652,218,3,958847294,Boys on the Side (1995),Comedy|Drama,M,18,0,47901
6016,3022,5,956779941,"General, The (1927)",Comedy,M,45,1,37209
5300,1267,4,969083358,"Manchurian Candidate, The (1962)",Film-Noir|Thriller,M,25,20,94111
5312,1089,4,960923595,Reservoir Dogs (1992),Crime|Thriller,M,25,1,10463
5550,6,4,959470014,Heat (1995),Action|Crime|Thriller,M,35,15,48187
5625,1089,5,959088493,Reservoir Dogs (1992),Crime|Thriller,M,25,1,01760
5745,474,5,958364167,In the Line of Fire (1993),Action|Thriller,F,18,4,90024
5780,1089,4,958153467,Reservoir Dogs (1992),Crime|Thriller,M,18,17,92886
5861,1267,3,960790451,"Manchurian Candidate, The (1962)",Film-Noir|Thriller,F,50,1,98499
5974,1267,5,956946714,"Manchurian Candidate, The (1962)",Film-Noir|Thriller,F,25,1,32303
5426,168,4,960102746,First Knight (1995),Action|Adventure|Drama|Romance,M,25,14,95821
5450,2699,3,971898473,Arachnophobia (1990),Action|Comedy|Sci-Fi|Thriller,M,18,12,02143
5675,852,3,958685145,Tin Cup (1996),Comedy|Romance,M,35,14,30030
5765,2699,4,958180062,Arachnophobia (1990),Action|Comedy|Sci-Fi|Thriller,M,25,11,44515
5888,2699,1,957794970,Arachnophobia (1990),Action|Comedy|Sci-Fi|Thriller,M,25,20,64114
6025,852,3,956731528,Tin Cup (1996),Comedy|Romance,F,25,1,32607
6036,1952,4,956711123,Midnight Cowboy (1969),Drama,F,25,15,32603
5312,2879,3,962157977,Operation Condor (Feiying gaiwak) (1990),Action|Adventure|Comedy,M,25,1,10463
5421,1242,2,960154486,Glory (1989),Action|Drama|War,M,35,17,22030
5453,1834,4,1029360125,"Spanish Prisoner, The (1997)",Drama|Thriller,M,18,4,30305
5455,1242,4,959915486,Glory (1989),Action|Drama|War,F,18,17,55449
5614,1834,4,959203649,"Spanish Prisoner, The (1997)",Drama|Thriller,M,25,0,12833
5806,1834,4,957986270,"Spanish Prisoner, The (1997)",Drama|Thriller,F,50,1,08826
5927,3893,4,974828323,Nurse Betty (2000),Comedy|Thriller,M,35,14,10003
5333,2161,3,960829842,"NeverEnding Story, The (1984)",Adventure|Children's|Fantasy,F,25,7,02332
5603,1997,1,959210657,"Exorcist, The (1973)",Horror,M,50,7,02461
6001,1275,4,956805279,Highlander (1986),Action|Adventure,F,25,7,94117
5511,2193,3,959715713,Willow (1988),Action|Adventure|Fantasy,M,45,1,92407
5565,3793,4,1000156332,X-Men (2000),Action|Sci-Fi,M,18,17,02114
5654,2193,3,958847019,Willow (1988),Action|Adventure|Fantasy,M,25,4,95616
5795,1353,4,958148589,"Mirror Has Two Faces, The (1996)",Comedy|Romance,M,25,1,92688
5397,3539,4,963416556,"Filth and the Fury, The (2000)",Documentary,M,18,0,60451
5554,1994,3,959656108,Poltergeist (1982),Horror|Thriller,M,25,1,92116
5570,1994,3,959771995,Poltergeist (1982),Horror|Thriller,M,25,1,07666
5595,479,1,959218190,Judgment Night (1993),Action,M,25,20,90027
5528,2712,4,959632765,Eyes Wide Shut (1999),Drama,M,50,1,45840
5433,1394,2,960242735,Raising Arizona (1987),Comedy,F,35,17,45014
5458,1394,4,967881300,Raising Arizona (1987),Comedy,F,18,2,98102
5594,3067,2,959226113,Women on the Verge of a Nervous Breakdown (1988),Comedy|Drama,F,45,0,55419
5675,377,5,958744603,Speed (1994),Action|Romance|Thriller,M,35,14,30030
5684,2867,3,958605554,Fright Night (1985),Comedy|Horror,M,18,16,94110
5795,1394,2,958147159,Raising Arizona (1987),Comedy,M,25,1,92688
5916,1394,4,957320545,Raising Arizona (1987),Comedy,M,50,20,48230
5689,3699,4,960781758,Starman (1984),Adventure|Drama|Romance|Sci-Fi,M,25,0,84119
5752,2384,5,958275613,Babe: Pig in the City (1998),Children's|Comedy,F,56,0,14850
5831,3489,3,957898632,Hook (1991),Adventure|Fantasy,M,25,1,92120
5916,2653,4,957320408,Son of Dracula (1943),Horror,M,50,20,48230
5547,1968,4,959478129,"Breakfast Club, The (1985)",Comedy|Drama,F,18,4,10025
5728,1968,4,958469896,"Breakfast Club, The (1985)",Comedy|Drama,F,35,20,09824
5734,1968,3,983393624,"Breakfast Club, The (1985)",Comedy|Drama,F,25,14,10022
5286,339,2,961092250,While You Were Sleeping (1995),Comedy|Romance,M,45,16,97068
5311,923,5,960932021,Citizen Kane (1941),Drama,M,50,0,62025-8000
5312,919,4,962157219,"Wizard of Oz, The (1939)",Adventure|Children's|Drama|Musical,M,25,1,10463
5312,3388,2,964669244,Harry and the Hendersons (1987),Comedy,M,25,1,10463
5330,923,4,961013071,Citizen Kane (1941),Drama,F,25,0,19143
5432,1251,4,960056181,8 1/2 (1963),Drama,M,56,13,01742
5490,3269,3,959816189,Forever Young (1992),Adventure|Romance|Sci-Fi,M,45,17,80907
5493,339,2,959813591,While You Were Sleeping (1995),Comedy|Romance,M,35,12,96797
5530,919,5,959623293,"Wizard of Oz, The (1939)",Adventure|Children's|Drama|Musical,F,18,4,63141
5556,919,5,959442185,"Wizard of Oz, The (1939)",Adventure|Children's|Drama|Musical,M,45,6,92103
5580,339,3,960408934,While You Were Sleeping (1995),Comedy|Romance,M,45,7,01581
5795,3506,3,958148619,North Dallas Forty (1979),Comedy|Drama,M,25,1,92688
5805,919,5,958107878,"Wizard of Oz, The (1939)",Adventure|Children's|Drama|Musical,F,25,0,90802
5811,919,5,957939029,"Wizard of Oz, The (1939)",Adventure|Children's|Drama|Musical,M,18,4,60202
5827,1517,3,957895038,Austin Powers: International Man of Mystery (1997),Comedy,M,25,2,55118
5857,919,5,957723193,"Wizard of Oz, The (1939)",Adventure|Children's|Drama|Musical,F,45,2,43229
5996,292,4,956874154,Outbreak (1995),Action|Drama|Thriller,F,25,0,87114
5430,1028,4,960073054,Mary Poppins (1964),Children's|Comedy|Musical,F,45,1,26505
5540,1028,4,959533392,Mary Poppins (1964),Children's|Comedy|Musical,M,35,1,19149
5614,3730,5,964395883,"Conversation, The (1974)",Drama|Mystery,M,25,0,12833
5689,1028,3,958611397,Mary Poppins (1964),Children's|Comedy|Musical,M,25,0,84119
5744,1028,5,958531750,Mary Poppins (1964),Children's|Comedy|Musical,F,25,4,66044
5812,1028,5,957946677,Mary Poppins (1964),Children's|Comedy|Musical,F,25,7,92120
6032,969,5,956718431,"African Queen, The (1951)",Action|Adventure|Romance|War,M,45,7,55108
5400,3534,3,960283941,28 Days (2000),Comedy,F,18,4,30010
5536,491,2,959816252,"Man Without a Face, The (1993)",Drama,M,25,16,67204
5689,2485,3,960784871,She's All That (1999),Comedy|Romance,M,25,0,84119
5845,3534,3,957798527,28 Days (2000),Comedy,F,25,3,79411
5996,491,4,956874403,"Man Without a Face, The (1993)",Drama,F,25,0,87114
5387,1701,3,960329549,Deconstructing Harry (1997),Comedy|Drama,F,25,1,45056
5517,235,5,959779327,Ed Wood (1994),Comedy|Drama,M,56,0,80210
5433,1518,3,960050698,Breakdown (1997),Action|Thriller,F,35,17,45014
5543,1029,3,959705226,Dumbo (1941),Animation|Children's|Musical,M,25,17,97401
5738,1518,4,958417193,Breakdown (1997),Action|Thriller,M,25,12,55406
5312,544,1,962158208,Striking Distance (1993),Action,M,25,1,10463
5483,48,4,959889450,Pocahontas (1995),Animation|Children's|Musical|Romance,F,25,6,15202
5890,1711,4,957565269,Midnight in the Garden of Good and Evil (1997),Comedy|Crime|Drama|Mystery,M,35,20,77008
5924,2985,2,957284697,Robocop (1987),Action|Crime|Sci-Fi,M,35,0,55417
5627,1357,3,959049142,Shine (1996),Drama|Romance,M,25,0,07040
5631,2268,4,959135136,"Few Good Men, A (1992)",Crime|Drama,M,35,12,01944
5634,2072,4,959011296,"'burbs, The (1989)",Comedy,M,25,14,55406
5923,3552,5,957470872,Caddyshack (1980),Comedy,M,25,7,05401
5966,1357,3,964320262,Shine (1996),Drama|Romance,F,35,9,10021
5985,2268,4,960648961,"Few Good Men, A (1992)",Crime|Drama,F,18,4,78705-5221
5312,19,4,998492341,Ace Ventura: When Nature Calls (1995),Comedy,M,25,1,10463
5331,3039,3,960832140,Trading Places (1983),Comedy,M,35,14,06880
5333,2085,4,960832896,101 Dalmatians (1961),Animation|Children's,F,25,7,02332
5483,19,3,959889288,Ace Ventura: When Nature Calls (1995),Comedy,F,25,6,15202
5627,2950,2,959050398,"Blue Lagoon, The (1980)",Adventure|Drama|Romance,M,25,0,07040
5888,2950,1,957479837,"Blue Lagoon, The (1980)",Adventure|Drama|Romance,M,25,20,64114
6021,2571,5,956756822,"Matrix, The (1999)",Action|Sci-Fi|Thriller,M,25,12,08876
5366,553,3,960502961,Tombstone (1993),Western,M,18,12,90045
5446,2785,4,959970703,Tales of Terror (1962),Horror,F,50,1,65203
5570,780,2,959541878,Independence Day (ID4) (1996),Action|Sci-Fi|War,M,25,1,07666
5716,780,3,958700960,Independence Day (ID4) (1996),Action|Sci-Fi|War,M,1,10,03756
5867,2856,2,957594525,I Saw What You Did (1965),Thriller,F,45,3,91306
5312,1250,5,1012315069,"Bridge on the River Kwai, The (1957)",Drama|War,M,25,1,10463
5599,1569,5,959214175,My Best Friend's Wedding (1997),Comedy|Romance,M,35,7,90020
5632,1250,2,959015076,"Bridge on the River Kwai, The (1957)",Drama|War,F,18,4,78628
5367,1225,4,960505886,Amadeus (1984),Drama,M,18,4,55344
5390,2987,4,960327995,Who Framed Roger Rabbit? (1988),Adventure|Animation|Film-Noir,M,1,0,78130
5557,1220,4,959441755,"Blues Brothers, The (1980)",Action|Comedy|Musical,M,35,14,33701
5650,1220,4,958863651,"Blues Brothers, The (1980)",Action|Comedy|Musical,F,35,12,91104
5690,1222,5,958598671,Full Metal Jacket (1987),Action|Drama|War,M,18,4,78666
5702,1225,4,958578785,Amadeus (1984),Drama,M,18,0,90034
5790,2891,3,958090527,"Happy, Texas (1999)",Comedy,F,35,0,55303
5445,1252,3,959972982,Chinatown (1974),Film-Noir|Mystery|Thriller,M,25,0,43223
5679,504,4,958619988,No Escape (1994),Action|Sci-Fi,M,35,2,33020
5382,3440,2,960523336,Teenage Mutant Ninja Turtles III (1993),Action|Children's|Fantasy,M,18,4,07461
5418,2150,3,960184263,"Gods Must Be Crazy, The (1980)",Comedy,F,25,0,53589
5466,1189,5,959902827,"Thin Blue Line, The (1988)",Documentary,M,25,12,98033
5636,1321,4,959055640,"American Werewolf in London, An (1981)",Horror,M,25,7,98102
5333,1688,5,960832943,Anastasia (1997),Animation|Children's|Musical,F,25,7,02332
5359,455,3,960604268,Free Willy (1993),Adventure|Children's|Drama,M,18,16,27705
5605,1688,5,959195395,Anastasia (1997),Animation|Children's|Musical,F,18,2,95008
5812,1632,2,957942610,"Smile Like Yours, A (1997)",Comedy|Romance,F,25,7,92120
5961,447,4,957025023,"Favor, The (1994)",Comedy|Romance,F,45,0,78757
5367,2420,3,960509415,"Karate Kid, The (1984)",Drama,M,18,4,55344
5483,1136,5,959859631,Monty Python and the Holy Grail (1974),Comedy,F,25,6,15202
5575,1136,4,959291713,Monty Python and the Holy Grail (1974),Comedy,M,35,7,19808
5576,3638,5,959291645,Moonraker (1979),Action|Romance|Sci-Fi,M,25,4,55369
5620,2346,3,969985272,"Stepford Wives, The (1975)",Sci-Fi|Thriller,M,35,14,55330
5623,2420,4,959093261,"Karate Kid, The (1984)",Drama,M,25,11,84109
5857,1136,4,957722788,Monty Python and the Holy Grail (1974),Comedy,F,45,2,43229
6037,1253,5,956801620,"Day the Earth Stood Still, The (1951)",Drama|Sci-Fi,F,45,1,76006
5523,3527,5,959645128,Predator (1987),Action|Sci-Fi|Thriller,M,35,0,60187
5812,262,2,957944564,"Little Princess, A (1995)",Children's|Drama,F,25,7,92120
5950,2565,2,957181200,"King and I, The (1956)",Musical,M,25,4,19713
5448,3015,3,960052839,Coma (1978),Thriller,M,45,19,60626
5488,1947,5,969571622,West Side Story (1961),Musical|Romance,M,25,15,91125
5831,2524,4,957889877,"Towering Inferno, The (1974)",Action|Drama,M,25,1,92120
5908,112,3,957373843,Rumble in the Bronx (1995),Action|Adventure|Crime,M,25,4,19711
5942,1194,4,957206049,Up in Smoke (1978),Comedy,M,45,1,01867
6018,2524,3,956763932,"Towering Inferno, The (1974)",Action|Drama,M,35,1,48906
5317,1732,2,960909812,"Big Lebowski, The (1998)",Comedy|Crime|Mystery|Thriller,F,25,0,02138
5813,1732,5,957918509,"Big Lebowski, The (1998)",Comedy|Crime|Mystery|Thriller,M,25,7,94117
5888,2278,1,957534648,Ronin (1998),Action|Crime|Thriller,M,25,20,64114
6010,1263,4,957461309,"Deer Hunter, The (1978)",Drama|War,M,35,0,79606
5393,2764,2,960321325,"Thomas Crown Affair, The (1968)",Crime|Drama|Thriller,M,35,7,10471
5333,2157,4,976900013,"Chambermaid on the Titanic, The (1998)",Romance,F,25,7,02332
5576,590,5,959709907,Dances with Wolves (1990),Adventure|Drama|Western,M,25,4,55369
5605,2413,4,959195171,Clue (1985),Comedy|Mystery,F,18,2,95008
5657,1527,4,1041646875,"Fifth Element, The (1997)",Action|Sci-Fi,M,50,14,92026
5659,590,1,958790164,Dances with Wolves (1990),Adventure|Drama|Western,M,25,0,20874
5664,2413,5,958847919,Clue (1985),Comedy|Mystery,M,18,4,48363
5621,2241,3,961029353,Class (1983),Comedy,M,25,7,02135
5621,1747,2,986427078,Wag the Dog (1997),Comedy|Drama,M,25,7,02135
5961,2267,4,957021848,Mortal Thoughts (1991),Mystery|Thriller,F,45,0,78757
6010,383,4,957463882,Wyatt Earp (1994),Western,M,35,0,79606
5432,3163,2,960055940,Topsy-Turvy (1999),Drama,M,56,13,01742
5560,316,4,959375328,Stargate (1994),Action|Adventure|Sci-Fi,F,35,17,98036
5787,2067,5,1001122489,Doctor Zhivago (1965),Drama|Romance|War,M,25,20,90802
5797,316,2,958059341,Stargate (1994),Action|Adventure|Sci-Fi,M,25,7,78757
5982,1231,4,956935672,"Right Stuff, The (1983)",Drama,M,35,1,56082
5317,531,5,960906426,"Secret Garden, The (1993)",Children's|Drama,F,25,0,02138
5445,3471,4,959972697,Close Encounters of the Third Kind (1977),Drama|Sci-Fi,M,25,0,43223
5595,3471,2,975534932,Close Encounters of the Third Kind (1977),Drama|Sci-Fi,M,25,20,90027
5720,3471,4,958503509,Close Encounters of the Third Kind (1977),Drama|Sci-Fi,M,25,0,60610
5824,3471,5,957897983,Close Encounters of the Third Kind (1977),Drama|Sci-Fi,M,18,12,18052
5928,3334,5,957269864,Key Largo (1948),Crime|Drama|Film-Noir|Thriller,M,45,1,14760
5414,2657,2,960236684,"Rocky Horror Picture Show, The (1975)",Comedy|Horror|Musical|Sci-Fi,M,1,10,07652
5824,2657,1,957898009,"Rocky Horror Picture Show, The (1975)",Comedy|Horror|Musical|Sci-Fi,M,18,12,18052
5974,318,4,956947103,"Shawshank Redemption, The (1994)",Drama,F,25,1,32303
6016,3011,3,956958707,"They Shoot Horses, Don't They? (1969)",Drama,M,45,1,37209
5287,3671,4,961087064,Blazing Saddles (1974),Comedy|Western,M,25,8,85203
5374,2926,4,960431797,Hairspray (1988),Comedy|Drama,M,35,7,38018
5554,2968,4,959451546,Time Bandits (1981),Adventure|Fantasy|Sci-Fi,M,25,1,92116
5650,107,2,1027918722,Muppet Treasure Island (1996),Adventure|Children's|Comedy|Musical,F,35,12,91104
5720,3501,1,958577866,Murphy's Romance (1985),Comedy|Romance,M,25,0,60610
5329,17,5,960838561,Sense and Sensibility (1995),Drama|Romance,F,25,5,91773
5359,3952,5,971501252,"Contender, The (2000)",Drama|Thriller,M,18,16,27705
5578,2805,3,959289846,Mickey Blue Eyes (1999),Comedy|Romance,F,18,1,02109
5663,17,5,958770291,Sense and Sensibility (1995),Drama|Romance,F,35,20,75093
5705,2141,4,958546553,"American Tail, An (1986)",Animation|Children's|Comedy,F,18,4,90024
5790,1219,5,958091427,Psycho (1960),Horror|Thriller,F,35,0,55303
5812,3952,4,992072099,"Contender, The (2000)",Drama|Thriller,F,25,7,92120
6000,552,3,956884937,"Three Musketeers, The (1993)",Action|Adventure|Comedy,M,45,17,30075
5338,3658,5,960740934,Quatermass and the Pit (1967),Sci-Fi,M,25,17,27609
5365,3254,4,960501291,Wayne's World 2 (1993),Comedy,M,18,12,90250
5367,3254,2,960504681,Wayne's World 2 (1993),Comedy,M,18,4,55344
5880,586,2,982800124,Home Alone (1990),Children's|Comedy,M,25,1,08904
5937,1967,5,957214749,Labyrinth (1986),Adventure|Children's|Fantasy,M,25,12,60622
5386,3615,4,960349847,Dinosaur (2000),Animation|Children's,M,25,14,60045
5395,2759,4,960317814,Dick (1999),Comedy,M,50,1,13224
5452,2759,2,959933465,Dick (1999),Comedy,M,35,6,10011
5470,3615,4,987806447,Dinosaur (2000),Animation|Children's,M,56,7,20003-2712
5650,2078,4,960961347,"Jungle Book, The (1967)",Animation|Children's|Comedy|Musical,F,35,12,91104
5788,505,2,958110506,North (1994),Comedy,M,25,0,92646
5841,2078,5,957821540,"Jungle Book, The (1967)",Animation|Children's|Comedy|Musical,F,35,7,10024
6025,2759,3,956813210,Dick (1999),Comedy,F,25,1,32607
5762,2720,2,958219694,Inspector Gadget (1999),Action|Adventure|Children's|Comedy,F,35,6,55125
5925,1211,4,957285215,Wings of Desire (Der Himmel über Berlin) (1987),Comedy|Drama|Romance,F,25,0,90035-4444
5324,3408,4,976844104,Erin Brockovich (2000),Drama,M,25,7,02150
5508,3408,4,959723739,Erin Brockovich (2000),Drama,M,25,20,94519
5636,850,4,959053233,Cyclo (1995),Crime|Drama,M,25,7,98102
5784,2490,3,958149201,Payback (1999),Action|Thriller,M,18,10,56137
5313,2080,3,960919866,Lady and the Tramp (1955),Animation|Children's|Comedy|Musical|Romance,M,56,0,55406
5318,610,4,960886665,Heavy Metal (1981),Action|Adventure|Animation|Horror|Sci-Fi,M,18,17,98122
5394,3571,4,980666709,Time Code (2000),Drama,M,18,0,60618
5416,2324,5,960224754,Life Is Beautiful (La Vita è bella) (1997),Comedy|Drama,F,25,5,01801
5673,3545,4,958678599,Cabaret (1972),Musical|War,F,35,1,55417
5688,2080,3,958603161,Lady and the Tramp (1955),Animation|Children's|Comedy|Musical|Romance,F,18,4,78666
5733,3545,5,958433408,Cabaret (1972),Musical|War,M,25,4,48109
5885,2324,4,957489851,Life Is Beautiful (La Vita è bella) (1997),Comedy|Drama,M,25,1,96930
5949,1589,3,962582715,Cop Land (1997),Crime|Drama|Mystery,M,18,17,47901
5956,3499,4,957079597,Misery (1990),Horror,F,18,4,02142
5992,3499,4,956867724,Misery (1990),Horror,F,18,4,21046
5289,2947,3,961080318,Goldfinger (1964),Action,M,45,2,94102
5374,2716,4,962391248,Ghostbusters (1984),Comedy|Horror,M,35,7,38018
5441,2716,4,959989145,Ghostbusters (1984),Comedy|Horror,M,50,7,95762
5542,3201,5,959517656,Five Easy Pieces (1970),Drama,M,45,7,11576
5615,3099,4,959307115,Shampoo (1975),Comedy|Romance,M,35,7,07028
5763,2356,1,960677894,Celebrity (1998),Comedy,F,25,1,08904
5932,1379,1,957224863,Young Guns II (1990),Action|Comedy|Western,M,18,14,90038
5969,3099,3,957795701,Shampoo (1975),Comedy|Romance,M,45,13,77706
5321,1377,1,960862270,Batman Returns (1992),Action|Adventure|Comedy|Crime,M,25,4,02457
5683,485,3,961261880,Last Action Hero (1993),Action|Comedy,F,18,9,94538
5728,1377,3,958467468,Batman Returns (1992),Action|Adventure|Comedy|Crime,F,35,20,09824
5755,838,4,958279791,Emma (1996),Comedy|Drama|Romance,F,35,2,78744
5795,3102,3,958154263,Jagged Edge (1985),Thriller,M,25,1,92688
5811,2297,1,958118189,What Dreams May Come (1998),Drama|Romance,M,18,4,60202
5995,1513,1,956855775,Romy and Michele's High School Reunion (1997),Comedy,F,35,1,14618
6024,1513,4,956749410,Romy and Michele's High School Reunion (1997),Comedy,M,25,12,53705
5347,1438,3,960668436,Dante's Peak (1997),Action|Thriller,M,25,6,53705
5532,2369,3,959620475,Desperately Seeking Susan (1985),Comedy|Romance,M,25,17,27408
5808,1272,4,957982761,Patton (1970),Drama|War,F,25,7,37206
5287,2174,3,961088545,Beetlejuice (1988),Comedy|Fantasy,M,25,8,85203
5305,733,4,965005027,"Rock, The (1996)",Action|Adventure|Thriller,F,18,4,95602
5329,1735,4,961008759,Great Expectations (1998),Drama|Romance,F,25,5,91773
5364,2174,3,960523198,Beetlejuice (1988),Comedy|Fantasy,F,25,3,55408
5401,2174,4,963434684,Beetlejuice (1988),Comedy|Fantasy,F,18,1,20003
5511,2561,5,959715171,True Crime (1999),Crime|Thriller,M,45,1,92407
5620,2174,3,969984810,Beetlejuice (1988),Comedy|Fantasy,M,35,14,55330
5686,2174,3,958604799,Beetlejuice (1988),Comedy|Fantasy,M,56,16,60610
5938,2174,3,957212634,Beetlejuice (1988),Comedy|Fantasy,M,25,1,35401
6016,800,5,956957751,Lone Star (1996),Drama|Mystery,M,45,1,37209
6025,1643,4,956731335,"Mrs. Brown (Her Majesty, Mrs. Brown) (1997)",Drama|Romance,F,25,1,32607
5501,537,3,959799293,Sirens (1994),Comedy|Drama,M,25,2,33334
5697,3513,5,958589867,Rules of Engagement (2000),Drama|Thriller,M,25,0,95826
5780,1037,4,958156898,"Lawnmower Man, The (1992)",Action|Sci-Fi|Thriller,M,18,17,92886
5857,1727,5,957736948,"Horse Whisperer, The (1998)",Drama,F,45,2,43229
5646,2872,2,958873834,Excalibur (1981),Action|Drama|Fantasy|Romance,M,18,4,96744
5653,1036,2,958859677,Die Hard (1988),Action|Thriller,M,50,1,74105
5837,494,4,957844821,Executive Decision (1996),Action|Thriller,M,25,7,60607
5872,494,2,958263749,Executive Decision (1996),Action|Thriller,M,25,17,61265
5614,2993,4,959204419,Thunderball (1965),Action,M,25,0,12833
5701,2581,1,958588966,Never Been Kissed (1999),Comedy|Romance,M,25,7,55311
5824,2046,4,957898430,Flight of the Navigator (1986),Adventure|Children's|Sci-Fi,M,18,12,18052
5837,3505,5,957845358,No Way Out (1987),Thriller,M,25,7,60607
6025,4,3,956813456,Waiting to Exhale (1995),Comedy|Drama,F,25,1,32607
5504,450,4,959738208,With Honors (1994),Comedy|Drama,M,45,7,85287-2702
5539,3739,4,962589463,Trouble in Paradise (1932),Comedy|Romance,F,25,20,91403
5569,2574,3,959649547,"Out-of-Towners, The (1999)",Comedy,F,18,1,07666
5679,3443,4,958619701,Born American (1986),Action|Drama|Thriller,M,35,2,33020
5831,450,4,957897400,With Honors (1994),Comedy|Drama,M,25,1,92120
5996,2424,4,957297164,You've Got Mail (1998),Comedy|Romance,F,25,0,87114
5472,3479,5,959889397,Ladyhawke (1985),Adventure|Fantasy|Romance,M,35,1,27909
5614,3479,4,959205085,Ladyhawke (1985),Adventure|Fantasy|Romance,M,25,0,12833
5852,1397,4,957755908,Bastard Out of Carolina (1996),Drama,F,25,1,94044
5987,1279,4,956881795,Night on Earth (1991),Comedy|Drama,M,25,16,10003
6006,2687,1,957032936,Tarzan (1999),Animation|Children's,F,1,0,01036
5306,922,4,961014700,Sunset Blvd. (a.k.a. Sunset Boulevard) (1950),Film-Noir,F,25,17,92121
5317,1022,4,997840526,Cinderella (1950),Animation|Children's|Musical,F,25,0,02138
5357,3157,4,960573074,Stuart Little (1999),Children's|Comedy,F,18,20,60123
5447,922,4,959970058,Sunset Blvd. (a.k.a. Sunset Boulevard) (1950),Film-Noir,M,45,2,60626
5452,2959,5,959931099,Fight Club (1999),Drama,M,35,6,10011
5698,1015,4,958595061,Homeward Bound: The Incredible Journey (1993),Adventure|Children's,M,35,14,55418
5744,39,4,959995995,Clueless (1995),Comedy|Romance,F,25,4,66044
5824,1060,4,957968203,Swingers (1996),Comedy|Drama,M,18,12,18052
5936,2959,5,957214552,Fight Club (1999),Drama,M,18,4,37130
5491,380,2,959868407,True Lies (1994),Action|Adventure|Comedy|Romance,M,18,7,10016
5667,1287,3,958767005,Ben-Hur (1959),Action|Adventure|Drama,M,35,7,10009
5683,736,3,961267367,Twister (1996),Action|Adventure|Romance|Thriller,F,18,9,94538
5710,380,4,958519549,True Lies (1994),Action|Adventure|Comedy|Romance,M,25,15,90034
5812,736,4,963642902,Twister (1996),Action|Adventure|Romance|Thriller,F,25,7,92120
5838,1287,3,957839501,Ben-Hur (1959),Action|Adventure|Drama,F,45,7,02038
5847,380,5,957791710,True Lies (1994),Action|Adventure|Comedy|Romance,F,18,4,02464
5880,736,3,958405012,Twister (1996),Action|Adventure|Romance|Thriller,M,25,1,08904
5964,736,2,956996478,Twister (1996),Action|Adventure|Romance|Thriller,M,18,5,97202
6003,1041,5,956796913,Secrets & Lies (1996),Drama,F,45,17,78722
5452,2436,3,959934026,Tea with Mussolini (1999),Comedy,M,35,6,10011
5301,2918,4,960975794,Ferris Bueller's Day Off (1986),Comedy,M,25,17,00693
5403,2918,5,960256514,Ferris Bueller's Day Off (1986),Comedy,M,1,10,59801
5738,2912,2,958416969,"Limey, The (1999)",Action|Crime|Drama,M,25,12,55406
5738,2717,3,958416657,Ghostbusters II (1989),Comedy|Horror,M,25,12,55406
5746,2918,4,958354366,Ferris Bueller's Day Off (1986),Comedy,M,18,15,94061
6013,2704,5,956782313,"Lovers on the Bridge, The (Les Amants du Pont-Neuf) (1991)",Drama|Romance,F,25,20,32301
5317,3251,5,960908085,Agnes of God (1985),Drama|Mystery,F,25,0,02138
5466,2940,5,959898778,Gilda (1946),Film-Noir,M,25,12,98033
5650,2083,2,958864384,"Muppet Christmas Carol, The (1992)",Children's|Musical,F,35,12,91104
5654,247,4,965417979,Heavenly Creatures (1994),Drama|Fantasy|Romance|Thriller,M,25,4,95616
5737,2147,2,958418459,"Clan of the Cave Bear, The (1986)",Drama,M,45,15,93555
5916,2097,3,957459650,Something Wicked This Way Comes (1983),Children's|Horror,M,50,20,48230
6025,247,4,956731134,Heavenly Creatures (1994),Drama|Fantasy|Romance|Thriller,F,25,1,32607
5286,3405,3,961092406,"Night to Remember, A (1958)",Action|Drama,M,45,16,97068
5302,2429,2,1034352599,Mighty Joe Young (1998),Adventure|Children's|Drama,F,1,10,02332
5324,1673,4,960858322,Boogie Nights (1997),Drama,M,25,7,02150
5393,1673,4,960321263,Boogie Nights (1997),Drama,M,35,7,10471
5405,3516,5,963178653,"Bell, Book and Candle (1958)",Comedy|Romance,F,50,7,12866
5511,956,3,959801376,Penny Serenade (1941),Drama|Romance,M,45,1,92407
5530,585,2,959994555,"Brady Bunch Movie, The (1995)",Comedy,F,18,4,63141
5530,343,1,959624211,"Baby-Sitters Club, The (1995)",Children's,F,18,4,63141
5779,1673,2,958158350,Boogie Nights (1997),Drama,M,25,5,10011
6040,1673,4,997454212,Boogie Nights (1997),Drama,M,25,6,11106
5340,2333,4,960701753,Gods and Monsters (1998),Drama,F,50,3,95032
5574,1381,3,959294977,Grease 2 (1982),Comedy|Musical|Romance,M,25,0,20878
5722,1963,4,958502135,Take the Money and Run (1969),Comedy,M,25,20,48103
5734,2333,4,985272721,Gods and Monsters (1998),Drama,F,25,14,10022
5838,994,5,957839646,Big Night (1996),Drama,F,45,7,02038
5359,3763,2,975944674,F/X (1986),Action|Crime|Thriller,M,18,16,27705
5378,3608,4,960403694,Pee-wee's Big Adventure (1985),Comedy,M,35,18,10463
5434,3608,3,960044516,Pee-wee's Big Adventure (1985),Comedy,F,25,7,60618
5872,1619,3,958231904,Seven Years in Tibet (1997),Drama|War,M,25,17,61265
5946,2434,3,957193349,Down in the Delta (1998),Drama,F,56,1,55406
5306,1200,4,961014348,Aliens (1986),Action|Sci-Fi|Thriller|War,F,25,17,92121
5536,448,3,959815747,Fearless (1993),Drama,M,25,16,67204
5667,1234,4,958755637,"Sting, The (1973)",Comedy|Crime,M,35,7,10009
5684,1200,5,958606247,Aliens (1986),Action|Sci-Fi|Thriller|War,M,18,16,94110
5861,928,5,960791069,Rebecca (1940),Romance|Thriller,F,50,1,98499
5902,928,4,1008896653,Rebecca (1940),Romance|Thriller,M,50,16,77079
5423,1230,4,960148983,Annie Hall (1977),Comedy|Romance,F,50,5,60714
5607,3430,2,959190575,Death Wish (1974),Action|Drama,M,18,4,11209
5621,2194,5,959097851,"Untouchables, The (1987)",Action|Crime|Drama,M,25,7,02135
5643,1230,4,958888807,Annie Hall (1977),Comedy|Romance,F,35,1,84108
5738,1876,3,958417193,Deep Impact (1998),Action|Drama|Sci-Fi|Thriller,M,25,12,55406
5824,1876,3,957898514,Deep Impact (1998),Action|Drama|Sci-Fi|Thriller,M,18,12,18052
5903,2394,5,957463970,"Prince of Egypt, The (1998)",Animation|Musical,M,25,11,06851
6025,543,3,956731433,So I Married an Axe Murderer (1993),Comedy|Romance|Thriller,F,25,1,32607
5394,3933,1,1009820717,"Killer Shrews, The (1959)",Horror|Sci-Fi,M,18,0,60618
5473,1690,1,1012590023,Alien: Resurrection (1997),Action|Horror|Sci-Fi,M,25,1,20120-6354
5531,533,3,959620941,"Shadow, The (1994)",Action,M,50,17,09056
5663,2328,3,958770080,Vampires (1998),Horror,F,35,20,75093
5823,1965,4,957901678,Repo Man (1984),Comedy|Sci-Fi,M,25,12,02144
5567,2919,4,959347117,Year of Living Dangerously (1982),Drama|Romance,M,50,3,78704
5605,239,3,959200135,"Goofy Movie, A (1995)",Animation|Children's|Comedy|Romance,F,18,2,95008
5636,2919,4,960524590,Year of Living Dangerously (1982),Drama|Romance,M,25,7,98102
5762,1356,4,958224808,Star Trek: First Contact (1996),Action|Adventure|Sci-Fi,F,35,6,55125
5794,1581,1,958072465,Out to Sea (1997),Comedy,M,35,17,53703
5808,2020,5,957982824,Dangerous Liaisons (1988),Drama|Romance,F,25,7,37206
5831,234,2,982106180,Exit to Eden (1994),Comedy,M,25,1,92120
5888,2020,4,957479160,Dangerous Liaisons (1988),Drama|Romance,M,25,20,64114
5900,2020,2,957425831,Dangerous Liaisons (1988),Drama|Romance,M,25,7,60628
6007,1356,4,956791061,Star Trek: First Contact (1996),Action|Adventure|Sci-Fi,M,35,17,80537
5845,3417,4,957797990,"Crimson Pirate, The (1952)",Adventure|Comedy|Sci-Fi,F,25,3,79411
5910,1960,5,957371576,"Last Emperor, The (1987)",Drama|War,F,45,20,10033
5533,3101,2,959609315,Fatal Attraction (1987),Thriller,F,50,2,10025
5731,3639,5,958869632,"Man with the Golden Gun, The (1974)",Action,F,25,11,10022
5318,10,3,960886665,GoldenEye (1995),Action|Adventure|Thriller,M,18,17,98122
5373,2167,4,960466202,Blade (1998),Action|Adventure|Horror,M,18,12,55112
5397,589,4,960311099,Terminator 2: Judgment Day (1991),Action|Sci-Fi|Thriller,M,18,0,60451
5504,2167,5,959735707,Blade (1998),Action|Adventure|Horror,M,45,7,85287-2702
5603,589,1,959211217,Terminator 2: Judgment Day (1991),Action|Sci-Fi|Thriller,M,50,7,02461
5614,1346,5,964399748,Cat People (1982),Horror,M,25,0,12833
5627,10,3,959041812,GoldenEye (1995),Action|Adventure|Thriller,M,25,0,07040
5643,361,2,959648250,It Could Happen to You (1994),Drama|Romance,F,35,1,84108
5675,589,4,958677119,Terminator 2: Judgment Day (1991),Action|Sci-Fi|Thriller,M,35,14,30030
5686,589,3,958602688,Terminator 2: Judgment Day (1991),Action|Sci-Fi|Thriller,M,56,16,60610
5687,10,5,958602819,GoldenEye (1995),Action|Adventure|Thriller,F,1,0,55403
5734,589,3,959892287,Terminator 2: Judgment Day (1991),Action|Sci-Fi|Thriller,F,25,14,10022
5787,1007,3,1001121485,"Apple Dumpling Gang, The (1975)",Children's|Comedy|Western,M,25,20,90802
5890,589,5,957468475,Terminator 2: Judgment Day (1991),Action|Sci-Fi|Thriller,M,35,20,77008
5903,589,4,957390245,Terminator 2: Judgment Day (1991),Action|Sci-Fi|Thriller,M,25,11,06851
6011,589,5,956783615,Terminator 2: Judgment Day (1991),Action|Sci-Fi|Thriller,M,35,15,80538
5350,3168,4,960661121,Easy Rider (1969),Adventure|Drama,M,18,5,55344
5408,3061,3,960246470,Holiday Inn (1942),Comedy|Musical,M,25,20,11230-1710
5453,50,5,959927649,"Usual Suspects, The (1995)",Crime|Thriller,M,18,4,30305
5454,1214,5,959923123,Alien (1979),Action|Horror|Sci-Fi|Thriller,M,35,7,10001
5717,750,4,958743185,Dr. Strangelove or: How I Learned to Stop Worrying and Love the Bomb (1963),Sci-Fi|War,M,25,0,03766
5733,1214,5,958430411,Alien (1979),Action|Horror|Sci-Fi|Thriller,M,25,4,48109
5759,1214,5,959558330,Alien (1979),Action|Horror|Sci-Fi|Thriller,F,25,1,08904
5902,50,4,957394877,"Usual Suspects, The (1995)",Crime|Thriller,M,50,16,77079
6000,50,3,956878721,"Usual Suspects, The (1995)",Crime|Thriller,M,45,17,30075
5480,1639,3,959866943,Chasing Amy (1997),Drama|Romance,F,25,14,07030
5490,1343,3,959962895,Cape Fear (1991),Thriller,M,45,17,80907
5599,293,4,959213762,"Professional, The (a.k.a. Leon: The Professional) (1994)",Crime|Drama|Romance|Thriller,M,35,7,90020
5600,2671,5,959226124,Notting Hill (1999),Comedy|Romance,F,45,0,12833-2000
5623,527,5,959094023,Schindler's List (1993),Drama|War,M,25,11,84109
5665,527,5,958758967,Schindler's List (1993),Drama|War,M,18,4,10461-1301
5675,527,5,966350285,Schindler's List (1993),Drama|War,M,35,14,30030
5707,3429,5,965964881,Creature Comforts (1990),Animation|Comedy,M,25,12,01060
5716,3429,4,960325277,Creature Comforts (1990),Animation|Comedy,M,1,10,03756
5717,1343,2,958747708,Cape Fear (1991),Thriller,M,25,0,03766
5832,527,5,957886751,Schindler's List (1993),Drama|War,F,25,0,78240
5964,1343,4,958998808,Cape Fear (1991),Thriller,M,18,5,97202
5321,1611,3,960865414,My Own Private Idaho (1991),Drama,M,25,4,02457
5387,1333,4,961190317,"Birds, The (1963)",Horror,F,25,1,45056
5458,1715,1,1014961596,Office Killer (1997),Thriller,F,18,2,98102
5501,2091,1,959797393,Return from Witch Mountain (1978),Children's|Sci-Fi,M,25,2,33334
5599,3618,2,959213457,Small Time Crooks (2000),Comedy,M,35,7,90020
5922,1704,3,957818733,Good Will Hunting (1997),Drama,M,56,3,94561
5569,1667,2,959823536,Mad City (1997),Action|Drama,F,18,1,07666
5664,2986,2,958847261,Robocop 2 (1990),Action|Crime|Sci-Fi,M,18,4,48363
5769,3646,3,961190568,Big Momma's House (2000),Comedy,M,45,14,05602
5837,1667,4,957844782,Mad City (1997),Action|Drama,M,25,7,60607
5302,261,5,960953653,Little Women (1994),Drama,F,1,10,02332
6010,946,4,957461309,To Be or Not to Be (1942),Comedy|Drama|War,M,35,0,79606
6023,1918,4,956751809,Lethal Weapon 4 (1998),Action|Comedy|Crime|Drama,M,25,0,43213
5667,364,5,958757827,"Lion King, The (1994)",Animation|Children's|Musical,M,35,7,10009
5706,364,2,958529080,"Lion King, The (1994)",Animation|Children's|Musical,M,18,17,08550
5949,2568,1,957903048,"Mod Squad, The (1999)",Action|Crime,M,18,17,47901
5317,3044,5,972360854,Dead Again (1991),Mystery|Romance|Thriller,F,25,0,02138
5329,3480,4,960841112,Lucas (1986),Drama,F,25,5,91773
5471,3185,3,959894883,Snow Falling on Cedars (1999),Drama,M,18,7,10016
5623,356,5,959094229,Forrest Gump (1994),Comedy|Romance|War,M,25,11,84109
5730,356,3,958441783,Forrest Gump (1994),Comedy|Romance|War,M,18,0,94111
5788,1389,1,958108319,Jaws 3-D (1983),Action|Horror,M,25,0,92646
5795,356,4,958147699,Forrest Gump (1994),Comedy|Romance|War,M,25,1,92688
5888,289,3,957479556,Only You (1994),Comedy|Romance,M,25,20,64114
6038,356,4,956707005,Forrest Gump (1994),Comedy|Romance|War,F,56,1,14706
5595,2672,2,959311217,"Thirteenth Floor, The (1999)",Drama|Sci-Fi|Thriller,M,25,20,90027
5627,2672,1,959040618,"Thirteenth Floor, The (1999)",Drama|Sci-Fi|Thriller,M,25,0,07040
5745,25,4,958361026,Leaving Las Vegas (1995),Drama|Romance,F,18,4,90024
5913,1923,3,957357792,There's Something About Mary (1998),Comedy,F,18,0,47901
6014,1147,4,956779955,When We Were Kings (1996),Documentary,M,45,1,80634
5312,2321,3,960924043,Pleasantville (1998),Comedy,M,25,1,10463
5318,3438,3,960886898,Teenage Mutant Ninja Turtles (1990),Action|Children's|Fantasy,M,18,17,98122
5434,2321,3,960043513,Pleasantville (1998),Comedy,F,25,7,60618
5517,2648,4,959701014,Frankenstein (1931),Horror,M,56,0,80210
5520,2858,4,959736957,American Beauty (1999),Comedy|Drama,M,45,1,18901
5627,2539,3,959048367,Analyze This (1999),Comedy,M,25,0,07040
5678,3510,3,958625730,Frequency (2000),Drama|Thriller,M,35,17,98103
5682,3510,5,1026789202,Frequency (2000),Drama|Thriller,M,18,0,23455-4959
5725,3510,4,958496335,Frequency (2000),Drama|Thriller,M,18,2,10018
5734,2858,5,960827892,American Beauty (1999),Comedy|Drama,F,25,14,10022
5867,2858,5,957594284,American Beauty (1999),Comedy|Drama,F,45,3,91306
5938,2321,4,981067170,Pleasantville (1998),Comedy,M,25,1,35401
5950,3508,4,957181505,"Outlaw Josey Wales, The (1976)",Western,M,25,4,19713
5961,1556,2,957024052,Speed 2: Cruise Control (1997),Action|Romance|Thriller,F,45,0,78757
5986,3461,5,956887944,Lord of the Flies (1963),Adventure|Drama|Thriller,F,56,1,01060
6000,2858,3,956878814,American Beauty (1999),Comedy|Drama,M,45,17,30075
5448,1213,1,959964679,GoodFellas (1990),Crime|Drama,M,45,19,60626
5625,1213,5,959088461,GoodFellas (1990),Crime|Drama,M,25,1,01760
5831,1213,5,957887906,GoodFellas (1990),Crime|Drama,M,25,1,92120
5845,1213,4,957797117,GoodFellas (1990),Crime|Drama,F,25,3,79411
5855,1213,3,957733719,GoodFellas (1990),Crime|Drama,M,50,7,19462
5367,1103,4,960506117,Rebel Without a Cause (1955),Drama,M,18,4,55344
5786,1078,4,958267615,Bananas (1971),Comedy|War,M,25,6,53211
5329,3755,3,981350899,"Perfect Storm, The (2000)",Action|Adventure|Thriller,F,25,5,91773
5615,921,5,959306797,My Favorite Year (1982),Comedy,M,35,7,07028
5837,3259,4,958144535,Far and Away (1992),Drama|Romance,M,25,7,60607
5888,3035,4,957480066,Mister Roberts (1955),Comedy|Drama|War,M,25,20,64114
6036,1897,3,956753417,High Art (1998),Drama|Romance,F,25,15,32603
6037,921,3,956719240,My Favorite Year (1982),Comedy,F,45,1,76006
5322,3751,4,961874369,Chicken Run (2000),Animation|Children's|Comedy,M,35,17,97330
5596,2529,3,959220017,Planet of the Apes (1968),Action|Sci-Fi,M,35,12,22201
5617,2529,4,959127923,Planet of the Apes (1968),Action|Sci-Fi,M,25,14,48336
5654,62,3,1045847323,Mr. Holland's Opus (1995),Drama,M,25,4,95616
5689,62,3,960783426,Mr. Holland's Opus (1995),Drama,M,25,0,84119
5787,3751,4,1033847631,Chicken Run (2000),Animation|Children's|Comedy,M,25,20,90802
5848,2075,4,957783106,Mephisto (1981),Drama|War,M,50,20,20009
5874,3204,3,957564391,"Boys from Brazil, The (1978)",Thriller,M,25,4,01002
5376,480,4,960409629,Jurassic Park (1993),Action|Adventure|Sci-Fi,M,25,17,94538
5441,480,3,959988309,Jurassic Park (1993),Action|Adventure|Sci-Fi,M,50,7,95762
5490,480,4,959816086,Jurassic Park (1993),Action|Adventure|Sci-Fi,M,45,17,80907
5536,3591,2,959816237,Mr. Mom (1983),Comedy|Drama,M,25,16,67204
5546,3576,3,959480753,"Hidden, The (1987)",Action|Horror|Sci-Fi,M,18,14,26301
5722,480,2,977245902,Jurassic Park (1993),Action|Adventure|Sci-Fi,M,25,20,48103
5892,480,4,1010005812,Jurassic Park (1993),Action|Adventure|Sci-Fi,M,45,2,10920
5798,95,2,959194295,Broken Arrow (1996),Action|Thriller,M,35,0,80027
5853,2145,4,957747855,Pretty in Pink (1986),Comedy|Drama|Romance,M,50,19,13903
6023,1687,4,956751943,"Jackal, The (1997)",Action|Thriller,M,25,0,43213
5689,2541,4,959181790,Cruel Intentions (1999),Drama,M,25,0,84119
5708,741,5,958523268,Ghost in the Shell (Kokaku kidotai) (1995),Animation|Sci-Fi,M,35,1,90034
5723,2139,5,1018052588,"Secret of NIMH, The (1982)",Animation|Children's,M,18,12,55057
5723,29,4,999113320,"City of Lost Children, The (1995)",Adventure|Sci-Fi,M,18,12,55057
5649,2125,4,958865906,Ever After: A Cinderella Story (1998),Drama|Romance,F,18,4,90025
5312,1393,4,962986164,Jerry Maguire (1996),Drama|Romance,M,25,1,10463
5426,1801,5,960101718,"Man in the Iron Mask, The (1998)",Action|Drama|Romance,M,25,14,95821
5618,1393,3,964154993,Jerry Maguire (1996),Drama|Romance,F,18,4,92612
5878,1177,5,957550455,Enchanted April (1991),Drama,F,25,0,60640
5881,1393,3,957550488,Jerry Maguire (1996),Drama|Romance,M,35,17,30303
5969,21,4,956961122,Get Shorty (1995),Action|Comedy|Drama,M,45,13,77706
6017,2708,2,956763318,"Autumn Tale, An (Conte d'automne) (1998)",Romance,F,35,7,21117
5465,1911,2,959898296,Doctor Dolittle (1998),Comedy,F,25,0,10019
5501,2116,3,959797079,"Lord of the Rings, The (1978)",Adventure|Animation|Children's|Sci-Fi,M,25,2,33334
5569,550,3,959649452,Threesome (1994),Comedy|Romance,F,18,1,07666
5576,2116,4,959709487,"Lord of the Rings, The (1978)",Adventure|Animation|Children's|Sci-Fi,M,25,4,55369
5738,1079,3,958415747,"Fish Called Wanda, A (1988)",Comedy,M,25,12,55406
5797,2116,4,958059106,"Lord of the Rings, The (1978)",Adventure|Animation|Children's|Sci-Fi,M,25,7,78757
5806,3246,5,957986270,Malcolm X (1992),Drama,F,50,1,08826
5905,1327,2,957376687,"Amityville Horror, The (1979)",Horror,F,35,20,78006
5948,1079,3,957272160,"Fish Called Wanda, A (1988)",Comedy,M,56,13,12124
5364,3063,3,960583711,Poison Ivy (1992),Thriller,F,25,3,55408
5519,3385,2,959656199,Volunteers (1985),Comedy,M,35,15,33167
5599,2943,4,959213981,Indochine (1992),Drama|Romance,M,35,7,90020
5627,798,3,959042442,Daylight (1996),Action|Adventure|Thriller,M,25,0,07040
5627,866,3,959042803,Bound (1996),Crime|Drama|Romance|Thriller,M,25,0,07040
5787,2300,5,1001121818,"Producers, The (1968)",Comedy|Musical,M,25,20,90802
5916,1337,2,957359706,"Body Snatcher, The (1945)",Horror,M,50,20,48230
5286,933,4,961090172,To Catch a Thief (1955),Comedy|Romance|Thriller,M,45,16,97068
5557,2100,3,959441300,Splash (1984),Comedy|Fantasy|Romance,M,35,14,33701
5573,933,5,959301302,To Catch a Thief (1955),Comedy|Romance|Thriller,F,35,1,14619
5689,678,3,967838333,Some Folks Call It a Sling Blade (1993),Drama|Thriller,M,25,0,84119
5359,1188,4,1029123687,Strictly Ballroom (1992),Comedy|Romance,M,18,16,27705
5409,3466,4,960244936,Heart and Souls (1993),Comedy|Fantasy,M,45,1,60091
5653,345,4,958939330,"Adventures of Priscilla, Queen of the Desert, The (1994)",Comedy|Drama,M,50,1,74105
5848,595,3,957782125,Beauty and the Beast (1991),Animation|Children's|Musical,M,50,20,20009
5892,1188,3,957466232,Strictly Ballroom (1992),Comedy|Romance,M,45,2,10920
5905,345,5,957375976,"Adventures of Priscilla, Queen of the Desert, The (1994)",Comedy|Drama,F,35,20,78006
6025,1188,4,956731215,Strictly Ballroom (1992),Comedy|Romance,F,25,1,32607
5333,1593,4,960825509,Picture Perfect (1997),Comedy|Romance,F,25,7,02332
5345,1593,1,960673733,Picture Perfect (1997),Comedy|Romance,F,25,17,80003
5431,3255,5,960070822,"League of Their Own, A (1992)",Comedy|Drama,M,56,1,19026
5582,3307,5,959281450,City Lights (1931),Comedy|Drama|Romance,M,45,1,50011
5627,3255,3,959047753,"League of Their Own, A (1992)",Comedy|Drama,M,25,0,07040
5787,3307,5,1022891075,City Lights (1931),Comedy|Drama|Romance,M,25,20,90802
5996,1173,2,956874232,"Cook the Thief His Wife & Her Lover, The (1989)",Drama,F,25,0,87114
5509,3521,4,959721018,Mystery Train (1989),Comedy|Crime|Drama,M,25,0,11215
5605,1562,1,959549941,Batman & Robin (1997),Action|Adventure|Crime,F,18,2,95008
5755,1150,4,958266398,"Return of Martin Guerre, The (Retour de Martin Guerre, Le) (1982)",Drama,F,35,2,78744
5333,1014,3,960827984,Pollyanna (1960),Children's|Comedy|Drama,F,25,7,02332
5472,3684,1,959898643,"Fabulous Baker Boys, The (1989)",Drama|Romance,M,35,1,27909
5538,1937,4,959559792,Going My Way (1944),Comedy,M,45,12,55102
5831,3684,4,1024072772,"Fabulous Baker Boys, The (1989)",Drama|Romance,M,25,1,92120
5361,1282,2,960525557,Fantasia (1940),Animation|Children's|Musical,F,50,16,92026
5397,2088,2,963525200,Popeye (1980),Adventure|Comedy|Musical,M,18,0,60451
5792,1027,3,1001010168,Robin Hood: Prince of Thieves (1991),Drama,M,25,17,43201
6035,1027,4,956712526,Robin Hood: Prince of Thieves (1991),Drama,F,25,1,78734
5319,835,4,960873631,Foxfire (1996),Drama,M,18,17,94941
5448,3396,4,960052651,"Muppet Movie, The (1979)",Children's|Comedy,M,45,19,60626
5492,1515,3,996710815,Volcano (1997),Drama|Thriller,M,18,4,55104
5512,3082,4,959714286,"World Is Not Enough, The (1999)",Action|Thriller,F,25,17,01701
5675,457,5,958682633,"Fugitive, The (1993)",Action|Thriller,M,35,14,30030
5684,2421,2,958608698,"Karate Kid, Part II, The (1986)",Action|Adventure|Drama,M,18,16,94110
5684,1906,3,958611558,Mr. Jealousy (1997),Comedy|Romance,M,18,16,94110
5747,1895,3,958359363,Can't Hardly Wait (1998),Comedy|Drama|Romance,M,25,0,03755
5889,3396,5,961533708,"Muppet Movie, The (1979)",Children's|Comedy,M,50,20,06033
5917,457,4,957315584,"Fugitive, The (1993)",Action|Thriller,F,50,1,94550
6016,1237,4,956957549,"Seventh Seal, The (Sjunde inseglet, Det) (1957)",Drama,M,45,1,37209
5394,2160,3,1009819484,Rosemary's Baby (1968),Horror|Thriller,M,18,0,60618
5827,151,4,957896026,Rob Roy (1995),Drama|Romance|War,M,25,2,55118
5504,1909,3,959734029,"X-Files: Fight the Future, The (1998)",Mystery|Sci-Fi|Thriller,M,45,7,85287-2702
5511,3494,4,959800754,True Grit (1969),Adventure|Western,M,45,1,92407
5795,3494,5,958076838,True Grit (1969),Adventure|Western,M,25,1,92688
5816,1909,4,957915204,"X-Files: Fight the Future, The (1998)",Mystery|Sci-Fi|Thriller,M,25,0,70119
5838,953,4,957839591,It's a Wonderful Life (1946),Drama,F,45,7,02038
5331,2372,1,961004332,Fletch Lives (1989),Comedy,M,35,14,06880
5340,3614,4,960700693,Honeymoon in Vegas (1992),Comedy|Romance,F,50,3,95032
5580,3594,4,1017427535,Center Stage (2000),Drama,M,45,7,01581
5643,376,3,959648205,"River Wild, The (1994)",Action|Thriller,F,35,1,84108
5747,515,4,958360487,"Remains of the Day, The (1993)",Drama,M,25,0,03755
5824,680,3,957897937,Alphaville (1965),Sci-Fi,M,18,12,18052
5880,3614,3,957545005,Honeymoon in Vegas (1992),Comedy|Romance,M,25,1,08904
5954,2710,3,957705514,"Blair Witch Project, The (1999)",Horror,M,45,11,70802
5333,3247,4,970456813,Sister Act (1992),Comedy|Crime,F,25,7,02332
5413,1617,5,960238136,L.A. Confidential (1997),Crime|Film-Noir|Mystery|Thriller,M,35,1,59801
5555,3247,3,959648329,Sister Act (1992),Comedy|Crime,M,1,10,37830
5661,1617,3,958778796,L.A. Confidential (1997),Crime|Film-Noir|Mystery|Thriller,F,25,15,03255
5851,940,4,957757293,"Adventures of Robin Hood, The (1938)",Action|Adventure,F,18,20,55410
5852,1617,3,957754683,L.A. Confidential (1997),Crime|Film-Noir|Mystery|Thriller,F,25,1,94044
5916,940,4,957359840,"Adventures of Robin Hood, The (1938)",Action|Adventure,M,50,20,48230
6040,1617,4,956704673,L.A. Confidential (1997),Crime|Film-Noir|Mystery|Thriller,M,25,6,11106
5319,3019,4,960871951,Drugstore Cowboy (1989),Crime|Drama,M,18,17,94941
5394,2427,5,981230594,"Thin Red Line, The (1998)",Action|Drama|War,M,18,0,60618
5881,2506,5,957541379,"Other Sister, The (1999)",Comedy|Drama|Romance,M,35,17,30303
6036,1623,2,956710274,Wishmaster (1997),Horror,F,25,15,32603
5539,1281,4,968169956,"Great Dictator, The (1940)",Comedy,F,25,20,91403
5585,1953,5,959277287,"French Connection, The (1971)",Action|Crime|Drama|Thriller,M,25,4,10016
5720,2373,1,958577300,Red Sonja (1985),Action|Adventure,M,25,0,60610
5755,1196,3,958265538,Star Wars: Episode V - The Empire Strikes Back (1980),Action|Adventure|Drama|Sci-Fi|War,F,35,2,78744
5908,1196,5,957374228,Star Wars: Episode V - The Empire Strikes Back (1980),Action|Adventure|Drama|Sci-Fi|War,M,25,4,19711
5948,1953,5,957192182,"French Connection, The (1971)",Action|Crime|Drama|Thriller,M,56,13,12124
5291,2908,3,981591668,Boys Don't Cry (1999),Drama,M,45,1,44406
5387,783,3,960400857,"Hunchback of Notre Dame, The (1996)",Animation|Children's|Musical,F,25,1,45056
5812,2908,2,957938380,Boys Don't Cry (1999),Drama,F,25,7,92120
5824,2527,4,957898009,Westworld (1973),Action|Sci-Fi|Thriller|Western,M,18,12,18052
5996,2527,4,956940125,Westworld (1973),Action|Sci-Fi|Thriller|Western,F,25,0,87114
5342,105,4,960684178,"Bridges of Madison County, The (1995)",Drama|Romance,F,35,7,22039
5526,913,4,963099418,"Maltese Falcon, The (1941)",Film-Noir|Mystery,F,35,2,27514
5689,3203,4,960781815,Dead Calm (1989),Thriller,M,25,0,84119
5833,3203,4,957880641,Dead Calm (1989),Thriller,F,35,0,78253
5663,2916,4,958769052,Total Recall (1990),Action|Adventure|Sci-Fi|Thriller,F,35,20,75093
5861,2916,3,960791370,Total Recall (1990),Action|Adventure|Sci-Fi|Thriller,F,50,1,98499
5880,2916,4,958404603,Total Recall (1990),Action|Adventure|Sci-Fi|Thriller,M,25,1,08904
5880,188,4,958012113,"Prophecy, The (1995)",Horror,M,25,1,08904
5881,2916,5,957551642,Total Recall (1990),Action|Adventure|Sci-Fi|Thriller,M,35,17,30303
6001,1573,3,956811141,Face/Off (1997),Action|Sci-Fi|Thriller,F,25,7,94117
5387,11,3,961190058,"American President, The (1995)",Comedy|Drama|Romance,F,25,1,45056
5557,2058,2,959441805,"Negotiator, The (1998)",Action|Thriller,M,35,14,33701
5306,150,5,961015861,Apollo 13 (1995),Drama,F,25,17,92121
5314,1129,2,960919026,Escape from New York (1981),Action|Adventure|Sci-Fi|Thriller,F,25,0,94107
5355,150,4,960693912,Apollo 13 (1995),Drama,M,56,0,78232
5423,110,4,960147861,Braveheart (1995),Action|Drama|War,F,50,5,60714
5536,3418,5,959713748,Thelma & Louise (1991),Action|Drama,M,25,16,67204
5617,3418,2,959127872,Thelma & Louise (1991),Action|Drama,M,25,14,48336
5667,3418,4,958755090,Thelma & Louise (1991),Action|Drama,M,35,7,10009
5682,150,5,1026882918,Apollo 13 (1995),Drama,M,18,0,23455-4959
6036,110,5,956714644,Braveheart (1995),Action|Drama|War,F,25,15,32603
5406,260,4,960306314,Star Wars: Episode IV - A New Hope (1977),Action|Adventure|Fantasy|Sci-Fi,F,35,0,49504
5605,2459,5,987376364,"Texas Chainsaw Massacre, The (1974)",Horror,F,18,2,95008
5675,2917,5,958690775,Body Heat (1981),Crime|Thriller,M,35,14,30030
5755,1730,3,958279878,Kundun (1997),Drama,F,35,2,78744
5814,2459,3,957915407,"Texas Chainsaw Massacre, The (1974)",Horror,M,25,0,91403
5880,2001,2,957920513,Lethal Weapon 2 (1989),Action|Comedy|Crime|Drama,M,25,1,08904
5306,3409,3,961013085,Final Destination (2000),Drama|Thriller,F,25,17,92121
5312,3409,2,999027237,Final Destination (2000),Drama|Thriller,M,25,1,10463
5592,1224,5,959268664,Henry V (1989),Drama|War,M,25,1,53706
5689,1797,3,959701764,Everest (1998),Documentary,M,25,0,84119
5757,1080,3,958259753,Monty Python's Life of Brian (1979),Comedy,M,1,10,05667
5767,1972,2,959056411,"Nightmare on Elm Street 5: The Dream Child, A (1989)",Horror,M,25,2,75287
5893,1080,5,957463710,Monty Python's Life of Brian (1979),Comedy,M,25,7,02139
5901,1224,1,957396642,Henry V (1989),Drama|War,F,35,7,92075
6036,1797,4,956712724,Everest (1998),Documentary,F,25,15,32603
5555,2084,4,959827238,Newsies (1992),Children's|Musical,M,1,10,37830
5598,1680,4,959214717,Sliding Doors (1998),Drama|Romance,M,18,4,27607
5682,317,1,1026796847,"Santa Clause, The (1994)",Children's|Comedy|Fantasy,M,18,0,23455-4959
5723,198,3,999112645,Strange Days (1995),Action|Crime|Sci-Fi,M,18,12,55057
5794,2478,1,958072221,Three Amigos! (1986),Comedy|Western,M,35,17,53703
5812,2478,3,963642833,Three Amigos! (1986),Comedy|Western,F,25,7,92120
5349,1285,3,960664895,Heathers (1989),Comedy,F,50,2,97424
5428,344,4,960085058,Ace Ventura: Pet Detective (1994),Comedy,F,25,6,28412
5830,1285,4,957891899,Heathers (1989),Comedy,F,18,4,78209
5890,1285,4,957471485,Heathers (1989),Comedy,M,35,20,77008
5938,344,3,1002298967,Ace Ventura: Pet Detective (1994),Comedy,M,25,1,35401
5312,3770,4,962155334,Dreamscape (1984),Adventure|Crime|Sci-Fi|Thriller,M,25,1,10463
5333,3100,4,960827506,"River Runs Through It, A (1992)",Drama,F,25,7,02332
5403,965,3,960311561,"39 Steps, The (1935)",Thriller,M,1,10,59801
5526,1678,4,963100144,"Joy Luck Club, The (1993)",Drama,F,35,2,27514
5604,454,4,959460345,"Firm, The (1993)",Drama|Thriller,M,35,15,63117
5749,3100,3,962843299,"River Runs Through It, A (1992)",Drama,M,25,2,94117
6001,123,4,956807032,Chungking Express (1994),Drama|Mystery|Romance,F,25,7,94117
6009,832,3,956787803,Ransom (1996),Drama|Thriller,F,25,12,60540
5306,270,4,961013994,Love Affair (1994),Drama|Romance,F,25,17,92121
5736,2416,2,958419753,Back to School (1986),Comedy,M,25,1,08904
5916,3535,2,957459741,American Psycho (2000),Comedy|Horror|Thriller,M,50,20,48230
5329,2890,4,960838518,Three Kings (1999),Drama|War,F,25,5,91773
5385,2762,5,960329496,"Sixth Sense, The (1999)",Thriller,M,25,12,85226
5392,2762,5,960323716,"Sixth Sense, The (1999)",Thriller,M,50,1,98112
5394,3948,3,980666536,Meet the Parents (2000),Comedy,M,18,0,60618
5468,2890,5,967829451,Three Kings (1999),Drama|War,M,25,12,94618
5514,2762,5,959707974,"Sixth Sense, The (1999)",Thriller,F,1,10,76501
5621,3948,2,1009184371,Meet the Parents (2000),Comedy,M,25,7,02135
5689,2762,5,961608845,"Sixth Sense, The (1999)",Thriller,M,25,0,84119
5739,2762,5,959021981,"Sixth Sense, The (1999)",Thriller,M,25,7,90212
5820,2762,4,957905220,"Sixth Sense, The (1999)",Thriller,M,45,0,43615
5861,902,4,957672646,Breakfast at Tiffany's (1961),Drama|Romance,F,50,1,98499
5900,2890,4,957426083,Three Kings (1999),Drama|War,M,25,7,60628
5972,3948,2,986916093,Meet the Parents (2000),Comedy,F,25,20,55428
5995,2762,4,956855795,"Sixth Sense, The (1999)",Thriller,F,35,1,14618
5323,909,5,960848119,"Apartment, The (1960)",Comedy|Drama,M,25,20,94122
5387,2124,4,960329128,"Addams Family, The (1991)",Comedy,F,25,1,45056
5399,3113,4,960292973,End of Days (1999),Action|Thriller,M,25,1,12553
5420,1566,3,960157825,Hercules (1997),Adventure|Animation|Children's|Comedy|Musical,F,1,19,14850
5493,3448,3,1004129769,"Good Morning, Vietnam (1987)",Comedy|Drama|War,M,35,12,96797
5510,1954,4,959718156,Rocky (1976),Action|Drama,M,18,4,191004
5511,2334,3,959717184,"Siege, The (1998)",Action|Thriller,M,45,1,92407
5858,909,4,957716111,"Apartment, The (1960)",Comedy|Drama,M,25,4,01002
5954,2334,5,957650605,"Siege, The (1998)",Action|Thriller,M,45,11,70802
6004,2005,3,956796065,"Goonies, The (1985)",Adventure|Children's|Fantasy,F,25,15,28401
6010,3448,4,957461629,"Good Morning, Vietnam (1987)",Comedy|Drama|War,M,35,0,79606
6011,337,3,956787844,What's Eating Gilbert Grape (1993),Drama,M,35,15,80538
6012,3113,1,956780818,End of Days (1999),Action|Thriller,M,35,15,02871
5568,2,5,959310761,Jumanji (1995),Adventure|Children's|Fantasy,M,18,4,49841
5679,2944,5,958617765,"Dirty Dozen, The (1967)",Action|War,M,35,2,33020
5738,1262,3,958418550,"Great Escape, The (1963)",Adventure|War,M,25,12,55406
5917,3366,4,957315514,Where Eagles Dare (1969),Action|Adventure|War,F,50,1,94550
5537,2624,5,959566662,After Life (1998),Drama,F,56,1,10543
5682,3130,3,1026804121,Bonfire of the Vanities (1990),Comedy,M,18,0,23455-4959
5763,2115,4,958834718,Indiana Jones and the Temple of Doom (1984),Action|Adventure,F,25,1,08904
5289,1964,5,961081320,Klute (1971),Drama|Mystery,M,45,2,94102
5426,2144,3,960099631,Sixteen Candles (1984),Comedy,M,25,14,95821
5643,2144,3,958894050,Sixteen Candles (1984),Comedy,F,35,1,84108
5766,357,4,958177933,Four Weddings and a Funeral (1994),Comedy|Romance,M,56,14,96744
5812,2144,5,957940823,Sixteen Candles (1984),Comedy,F,25,7,92120
5906,357,4,957390094,Four Weddings and a Funeral (1994),Comedy|Romance,F,18,4,19803
5333,1390,3,970457450,My Fellow Americans (1996),Comedy,F,25,7,02332
5450,2642,2,971898610,Superman III (1983),Action|Adventure|Sci-Fi,M,18,12,02143
5488,1373,1,959818707,Star Trek V: The Final Frontier (1989),Action|Adventure|Sci-Fi,M,25,15,91125
5518,1373,4,959659626,Star Trek V: The Final Frontier (1989),Action|Adventure|Sci-Fi,M,50,17,78666
5530,1885,3,959993362,"Opposite of Sex, The (1998)",Comedy|Drama,F,18,4,63141
5890,2348,4,957469163,Sid and Nancy (1986),Drama,M,35,20,77008
5972,1885,4,963614573,"Opposite of Sex, The (1998)",Comedy|Drama,F,25,20,55428
6035,1503,1,956713420,8 Heads in a Duffel Bag (1997),Comedy,F,25,1,78734
5371,2137,3,978983814,Charlotte's Web (1973),Animation|Children's,M,25,11,55408
5403,3174,4,962853422,Man on the Moon (1999),Comedy|Drama,M,1,10,59801
5425,1193,5,960109839,One Flew Over the Cuckoo's Nest (1975),Drama,M,18,4,53211
5582,1193,5,959283621,One Flew Over the Cuckoo's Nest (1975),Drama,M,45,1,50011
5597,1986,3,959215024,Halloween 5: The Revenge of Michael Myers (1989),Horror,F,18,4,95008
5287,2406,3,961088592,Romancing the Stone (1984),Action|Adventure|Comedy|Romance,M,25,8,85203
5390,2406,4,960327215,Romancing the Stone (1984),Action|Adventure|Comedy|Romance,M,1,0,78130
5475,2792,4,960833198,Airplane II: The Sequel (1982),Comedy,M,25,4,94110
5705,3225,1,958545504,Down to You (2000),Comedy|Romance,F,18,4,90024
5779,2406,3,958160743,Romancing the Stone (1984),Action|Adventure|Comedy|Romance,M,25,5,10011
5823,2406,3,957900974,Romancing the Stone (1984),Action|Adventure|Comedy|Romance,M,25,12,02144
5324,1805,3,960859074,Wild Things (1998),Crime|Drama|Mystery|Thriller,M,25,7,02150
5536,1702,1,959990982,Flubber (1997),Children's|Comedy|Fantasy,M,25,16,67204
5706,2011,4,958530595,Back to the Future Part II (1989),Comedy|Sci-Fi,M,18,17,08550
5722,3515,3,958501984,Me Myself I (2000),Comedy,M,25,20,48103
5886,2243,2,957488128,Broadcast News (1987),Comedy|Drama|Romance,M,25,20,02139
5345,1371,2,960671672,Star Trek: The Motion Picture (1979),Action|Adventure|Sci-Fi,F,25,17,80003
5475,3033,4,994749776,Spaceballs (1987),Comedy|Sci-Fi,M,25,4,94110
5728,901,3,958470695,Funny Face (1957),Comedy|Musical,F,35,20,09824
5763,3033,1,960677821,Spaceballs (1987),Comedy|Sci-Fi,F,25,1,08904
5990,1202,3,956868826,Withnail and I (1987),Comedy,F,25,20,90046
5637,3176,5,959558742,"Talented Mr. Ripley, The (1999)",Drama|Mystery|Thriller,M,1,10,11102
5788,3491,1,958110325,My Chauffeur (1986),Comedy,M,25,0,92646
5306,1376,4,961014398,Star Trek IV: The Voyage Home (1986),Action|Adventure|Sci-Fi,F,25,17,92121
5679,1101,5,958618726,Top Gun (1986),Action|Romance,M,35,2,33020
5712,1101,4,958512726,Top Gun (1986),Action|Romance,M,35,1,90024
5717,1376,2,958509508,Star Trek IV: The Voyage Home (1986),Action|Adventure|Sci-Fi,M,25,0,03766
5761,186,4,982012915,Nine Months (1995),Comedy,M,25,20,90048
5795,2949,4,958143844,Dr. No (1962),Action,M,25,1,92688
5910,1101,2,957371989,Top Gun (1986),Action|Romance,F,45,20,10033
5996,1376,4,957298193,Star Trek IV: The Voyage Home (1986),Action|Adventure|Sci-Fi,F,25,0,87114
5286,2248,4,961091606,Say Anything... (1989),Comedy|Drama|Romance,M,45,16,97068
5419,1940,2,960173620,Gentleman's Agreement (1947),Drama,F,18,12,05055
5754,2997,4,958271331,Being John Malkovich (1999),Comedy,F,18,1,60640
5888,3159,4,957534930,Fantasia 2000 (1999),Animation|Children's|Musical,M,25,20,64114
5289,2017,3,961080740,Babes in Toyland (1961),Children's|Fantasy|Musical,M,45,2,94102
5306,2448,1,961014673,Virus (1999),Horror|Sci-Fi,F,25,17,92121
5450,1535,4,959953214,Love! Valour! Compassion! (1997),Drama|Romance,M,18,12,02143
5289,3363,4,961083293,American Graffiti (1973),Comedy|Drama,M,45,2,94102
5539,1674,4,968385443,Witness (1985),Drama|Romance|Thriller,F,25,20,91403
5545,1584,5,960694926,Contact (1997),Drama|Sci-Fi,F,35,16,98072
5556,1584,2,959442550,Contact (1997),Drama|Sci-Fi,M,45,6,92103
5333,3555,4,971652838,U-571 (2000),Action|Thriller,F,25,7,02332
5636,2381,1,959052974,Police Academy 4: Citizens on Patrol (1987),Comedy,M,25,7,98102
5738,1429,2,958416969,Jackie Chan's First Strike (1996),Action,M,25,12,55406
5922,1948,4,957470130,Tom Jones (1963),Comedy,M,56,3,94561
5294,1676,1,961040371,Starship Troopers (1997),Action|Adventure|Sci-Fi|War,M,25,2,60626
5375,551,4,960414714,"Nightmare Before Christmas, The (1993)",Children's|Comedy|Musical,M,25,0,02131
5509,3221,3,959722273,"Draughtsman's Contract, The (1982)",Drama,M,25,0,11215
5717,1411,4,958755842,Hamlet (1996),Drama,M,25,0,03766
5831,551,3,957897336,"Nightmare Before Christmas, The (1993)",Children's|Comedy|Musical,M,25,1,92120
5854,1676,5,957744651,Starship Troopers (1997),Action|Adventure|Sci-Fi|War,M,45,7,33135
5964,1676,3,956996314,Starship Troopers (1997),Action|Adventure|Sci-Fi|War,M,18,5,97202
5650,1278,3,1027917775,Young Frankenstein (1974),Comedy|Horror,F,35,12,91104
5717,1278,3,958743414,Young Frankenstein (1974),Comedy|Horror,M,25,0,03766
5847,1013,5,957795431,"Parent Trap, The (1961)",Children's|Drama,F,18,4,02464
5954,1962,5,957703443,Driving Miss Daisy (1989),Drama,M,45,11,70802
6002,144,4,999473641,"Brothers McMullen, The (1995)",Comedy,M,50,0,43231
5541,949,3,959523605,East of Eden (1955),Drama,M,56,7,93924
5613,745,5,959135099,"Close Shave, A (1995)",Animation|Comedy|Thriller,F,35,0,98622
5943,745,5,957201174,"Close Shave, A (1995)",Animation|Comedy|Thriller,F,45,1,19806
5458,3148,3,1014696959,"Cider House Rules, The (1999)",Drama,F,18,2,98102
5492,18,3,996709230,Four Rooms (1995),Thriller,M,18,4,55104
5569,1246,5,959309768,Dead Poets Society (1989),Drama,F,18,1,07666
5654,3148,4,1045161266,"Cider House Rules, The (1999)",Drama,M,25,4,95616
5836,3148,4,957844408,"Cider House Rules, The (1999)",Drama,M,25,0,91604
5855,475,4,957733805,In the Name of the Father (1993),Drama,M,50,7,19462
5359,1258,4,960603406,"Shining, The (1980)",Horror,M,18,16,27705
5501,1713,1,959799446,Mouse Hunt (1997),Children's|Comedy,M,25,2,33334
6018,1097,5,956764339,E.T. the Extra-Terrestrial (1982),Children's|Drama|Fantasy|Sci-Fi,M,35,1,48906
6040,1258,4,997453909,"Shining, The (1980)",Horror,M,25,6,11106
5394,1416,3,981231072,Evita (1996),Drama|Musical,M,18,0,60618
5544,2700,3,959498939,"South Park: Bigger, Longer and Uncut (1999)",Animation|Comedy,M,25,15,08876
5794,2700,4,958070625,"South Park: Bigger, Longer and Uncut (1999)",Animation|Comedy,M,35,17,53703
5809,2700,5,957983287,"South Park: Bigger, Longer and Uncut (1999)",Animation|Comedy,M,25,7,37206
5963,2700,5,957018262,"South Park: Bigger, Longer and Uncut (1999)",Animation|Comedy,M,25,15,02140
5759,2417,4,959819321,Heartburn (1986),Comedy|Drama,F,25,1,08904
5571,1009,4,959304387,Escape to Witch Mountain (1975),Adventure|Children's|Fantasy,F,25,9,07307
5614,1387,4,959188650,Jaws (1975),Action|Horror,M,25,0,12833
5324,36,4,960857146,Dead Man Walking (1995),Drama,M,25,7,02150
5367,3444,2,960500390,Bloodsport (1988),Action,M,18,4,55344
5493,36,4,959814129,Dead Man Walking (1995),Drama,M,35,12,96797
5603,1217,1,959210896,Ran (1985),Drama|War,M,50,7,02461
5643,2057,2,958892708,"Incredible Journey, The (1963)",Adventure|Children's,F,35,1,84108
5664,2746,4,958846922,Little Shop of Horrors (1986),Comedy|Horror|Musical,M,18,4,48363
5831,36,4,957888042,Dead Man Walking (1995),Drama,M,25,1,92120
5333,3668,4,960825261,Romeo and Juliet (1968),Drama|Romance,F,25,7,02332
5340,1413,4,960701455,"Whole Wide World, The (1996)",Drama,F,50,3,95032
5649,2706,5,958867765,American Pie (1999),Comedy,F,18,4,90025
5805,3053,1,957989915,"Messenger: The Story of Joan of Arc, The (1999)",Drama|War,F,25,0,90802
5813,2706,4,957916769,American Pie (1999),Comedy,M,25,7,94117
